sentence,packed_sentence,entities
請問新加坡飛台灣,請問(VE)　新加坡(Nc)　飛(VA)　台灣(Nc),"[{'word': '新加坡', 'ner': 'GPE'}, {'word': '台灣', 'ner': 'GPE'}]"
星宇星加坡長榮會怎麼選呢,星宇(Nb)　星加坡(Nc)　長榮(Nb)　會(D)　怎麼(D)　選(VC)　呢(T),"[{'word': '星宇', 'ner': 'ORG'}, {'word': '星加坡', 'ner': 'GPE'}]"
看票價星宇是便宜蠻多的不明白怎麼差那麼多,看(VC)　票價(Na)　星宇(Nb)　是(SHI)　便宜(VH)　蠻(Dfa)　多(VH)　的(DE)　不(D)　明白(VK)　怎麼(D)　差(VH)　那麼多(Neqa),[]
但是如果選星宇累計的里程和星加坡長榮應該是分開的,但是(Cbb)　如果(Cbb)　選(VC)　星宇(Na)　累計(VJ)　的(DE)　里程(Na)　和(Caa)　星加坡(Nc)　長榮(Nb)　應該(D)　是(SHI)　分開(VHC)　的(DE),"[{'word': '星宇', 'ner': 'ORG'}, {'word': '星加坡', 'ner': 'GPE'}]"
論位置的話,論(P)　位置(Na)　的話(Cba),[]
這三家哪個會比較大呢,這(Nep)　三(Neu)　家(Nf)　哪(Nep)　個(Nf)　會(D)　比較(Dfa)　大(VH)　呢(T),"[{'word': '三', 'ner': 'CARDINAL'}]"
還是都用班機時刻選,還是(D)　都(D)　用(P)　班機(Na)　時刻(Na)　選(VC),[]
請問大家會怎麼選,請問(VE)　大家(Nh)　會(D)　怎麼(D)　選(VC),[]
感謝,感謝(VK),[]
這有什麼好糾結的,這(Nep)　有(V_2)　什麼(Nep)　好(Dfa)　糾結(VH)　的(T),[]
你沒高卡沒哩程需求就是選便宜的啊,你(Nh)　沒(VJ)　高卡(Na)　沒(VJ)　哩程(Na)　需求(Na)　就(D)　是(SHI)　選(VC)　便宜(VH)　的(DE)　啊(T),[]
星宇你應該是看到只能托運件的我最近也有注意到,星宇(Nb)　你(Nh)　應該(D)　是(SHI)　看到(VE)　只(Da)　能(D)　托運(VC)　件(Nf)　的(DE)　我(Nh)　最近(Nd)　也(D)　有(D)　注意到(VK),"[{'word': '星宇', 'ner': 'ORG'}]"
金城武都選長榮你參考,金城武(Nc)　都(D)　選(VC)　長榮(Nb)　你(Nh)　參考(VC),"[{'word': '金城', 'ner': 'GPE'}, {'word': '武都', 'ner': 'GPE'}, {'word': '榮', 'ner': 'PERSON'}]"
非哩程卡客就挑便宜的啊為什麼便宜可能剛好低價票還有或設定促銷票給你看到,非(A)　哩程(Na)　卡客(Na)　就(D)　挑(VC)　便宜(VH)　的(DE)　啊(T)　為什麼(D)　便宜(VH)　可能(D)　剛好(Da)　低價票(Na)　還(Caa)　有(V_2)　或(Caa)　設定(VC)　促銷票(Na)　給(P)　你(Nh)　看到(VE),[]
做頂的,做(VC)　頂(Na)　的(DE),[]
台灣新加坡航線,台灣(Nc)　新加坡(Nc)　航線(Na),"[{'word': '台灣', 'ner': 'GPE'}, {'word': '新加坡', 'ner': 'GPE'}]"
不管什麼航空基本票價都是件行李,不管(Cbb)　什麼(Nep)　航空(Na)　基本(A)　票價(Na)　都(D)　是(SHI)　件(Nf)　行李(Na),[]
經濟,經濟(Na),[]
商務,商務(Na),[]
通常我看到都星宇都貴很多欸每次都覺得他們真敢,通常(D)　我(Nh)　看到(VE)　都星宇(D)　都(D)　貴(VH)　很多(VH)　欸(I)　每(Nes)　次(Nf)　都(D)　覺得(VK)　他們(Nh)　真(D)　敢(VL),[]
你去全家消費可以累積嗎,你(Nh)　去(D)　全(Neqa)　家(Nc)　消費(VA)　可以(D)　累積(VC)　嗎(T),[]
來這裡問就是搭最貴的,來(VA)　這裡(Ncd)　問(VE)　就(Cbb)　是(SHI)　搭(VC)　最(Dfa)　貴(VH)　的(DE),[]
新航,新航(Nc),"[{'word': '新航', 'ner': 'ORG'}]"
不然香港換國泰,不然(Cbb)　香港(Nc)　換(VC)　國泰(Nb),"[{'word': '香港', 'ner': 'GPE'}]"
國內三家都是垃圾,國內(Nc)　三(Neu)　家(Nc)　都(D)　是(SHI)　垃圾(Na),"[{'word': '三', 'ner': 'CARDINAL'}]"
酷航都完勝三家國籍,酷航(Nb)　都(D)　完勝(VH)　三(Neu)　家(Nf)　國籍(Na),"[{'word': '酷航', 'ner': 'ORG'}, {'word': '三', 'ner': 'CARDINAL'}]"
真心不騙,真心(VH)　不(D)　騙(VC),[]
看你在不在意新加坡是那個航站,看(VE)　你(Nh)　在(VK)　不(D)　在意(VK)　新加坡(Nc)　是(SHI)　那(Nep)　個(Nf)　航站(Na),"[{'word': '新加坡', 'ner': 'GPE'}]"
星宇這部分吃到虧,星宇(Nb)　這(Nep)　部分(Neqa)　吃到(VC)　虧(Na),"[{'word': '星宇', 'ner': 'ORG'}]"
新航全部都很頂而且還兩件行李,新航(Nc)　全部(Neqa)　都(D)　很(Dfa)　頂(VH)　而且(Cbb)　還(D)　兩(Neu)　件(Nf)　行李(Na),"[{'word': '新航', 'ner': 'ORG'}, {'word': '兩', 'ner': 'CARDINAL'}]"
新航不是記重嗎,新航(Nc)　不(D)　是(SHI)　記重(VB)　嗎(T),"[{'word': '新航', 'ner': 'ORG'}]"
新航或是國泰轉機,新航(Nc)　或是(Caa)　國泰(Nb)　轉機(Na),"[{'word': '新航', 'ner': 'ORG'}, {'word': '國泰', 'ner': 'ORG'}]"
星宇吧最便宜有什麼好猶豫的,星宇(Na)　吧(T)　最(Dfa)　便宜(VH)　有(V_2)　什麼(Nep)　好(Dfa)　猶豫(VK)　的(DE),"[{'word': '星宇', 'ner': 'ORG'}]"
星宇跟應該很好選,星宇(Nb)　跟(Caa)　應該(D)　很(Dfa)　好(VH)　選(VC),"[{'word': '星宇', 'ner': 'ORG'}]"
新航不錯,新航(Nc)　不錯(VH),"[{'word': '新航', 'ner': 'ORG'}]"
星宇啊飛機坐起來都馬樣但放著新飛機不去坐去坐堆舊的幹嘛,星宇(Nb)　啊(T)　飛機(Na)　坐起來(D)　都(D)　馬樣(Na)　但(Cbb)　放(VC)　著(Di)　新(VH)　飛機(Na)　不(D)　去(D)　坐(VA)　去(D)　坐(VA)　堆(Nf)　舊(VH)　的(DE)　幹嘛(D),"[{'word': '星宇', 'ner': 'ORG'}]"
有興趣的話可以考慮新航,有(V_2)　興趣(Na)　的話(Cba)　可以(D)　考慮(VE)　新航(Nc),"[{'word': '新航', 'ner': 'ORG'}]"
星宇,星宇(Na),[]
新航很過譽,新航(Nc)　很(Dfa)　過譽(VH),"[{'word': '新航', 'ner': 'ORG'}]"
可以起唱島嶼天光,可以(D)　起唱(VC)　島嶼(Na)　天光(Na),[]
大蛤特蛤酷航勝國航賣鬧啊新航是真的不錯免費超香,大(VH)　蛤(Na)　特(D)　蛤(Na)　酷(VH)　航(Na)　勝(VH)　國航(Nb)　賣(VD)　鬧(VC)　啊(T)　新航(Nc)　是(SHI)　真的(D)　不錯(VH)　免費(VH)　超(Dfa)　香(VH),[]
你到底是要問哪三家,你(Nh)　到底(D)　是(SHI)　要(D)　問(VE)　哪(Nep)　三(Neu)　家(Nf),"[{'word': '三', 'ner': 'CARDINAL'}]"
沒會籍哪家便宜就選那家,沒(VJ)　會籍(Na)　哪(Nep)　家(Nc)　便宜(VH)　就(D)　選(VC)　那(Nep)　家(Nf),[]
選便宜的,選(VC)　便宜(VH)　的(DE),[]
反正飛不是就是,反正(D)　飛(VA)　不(D)　是(SHI)　就(D)　是(SHI),[]
新航是椅子有夠窄,新航(Nc)　是(SHI)　椅子(Na)　有夠(Dfa)　窄(VH),"[{'word': '新航', 'ner': 'ORG'}]"
難坐又熱硬要選會選的,難(VH)　坐(VA)　又(Caa)　熱(VHC)　硬(D)　要(D)　選(VC)　會(D)　選(VC)　的(DE),[]
喔對新航定是,喔(I)　對(P)　新航(Nc)　定(D)　是(SHI),[]
選便宜的啊這麼簡單,選(VC)　便宜(VH)　的(DE)　啊(T)　這麼(D)　簡單(VH),[]
驚濟艙哪有差,驚濟艙(Na)　哪(Ncd)　有(V_2)　差(VH),[]
選便宜的,選(VC)　便宜(VH)　的(DE),[]
經濟艙有差啊,經濟艙(Na)　有(V_2)　差(VH)　啊(T),[]
華航星宇差得可多了,華航(Nc)　星宇(Nc)　差(VH)　得(DE)　可(D)　多(VH)　了(T),"[{'word': '華航', 'ner': 'ORG'}]"
要飛蠻久的,要(D)　飛(VA)　蠻(Dfa)　久(VH)　的(DE),[]
和的艙壓,和(VH)　的(DE)　艙壓(Na),[]
比舒服多了,比(P)　舒服(VH)　多(Neqa)　了(Di),[]
新航我覺得很難坐,新航(Nc)　我(Nh)　覺得(VK)　很(Dfa)　難(VH)　坐(VA),"[{'word': '新航', 'ner': 'ORG'}]"
可以考慮酷航星宇便宜是因為從路沒辦法滿到現在,可以(D)　考慮(VE)　酷航(VH)　星宇(Na)　便宜(VH)　是(SHI)　因為(Cbb)　從(P)　路(Na)　沒辦法(VI)　滿(VH)　到(P)　現在(Nd),[]
當然是星宇新航跟華航是什麼咖,當然(D)　是(SHI)　星宇(Nb)　新航(Nc)　跟(P)　華航(Nc)　是(SHI)　什麼(Nep)　咖(Na),"[{'word': '星宇新航', 'ner': 'ORG'}, {'word': '華航', 'ner': 'ORG'}]"
怎麼跟星宇比,怎麼(D)　跟(P)　星宇(Na)　比(VC),[]
新航台北都用但個人偏好新航不管什麼艙等都是,新航(Nc)　台北(Nc)　都(D)　用(VC)　但(Cbb)　個人(Nh)　偏好(VJ)　新航(Nc)　不管(Cbb)　什麼(Nep)　艙等(Na)　都(D)　是(SHI),"[{'word': '新航', 'ner': 'ORG'}, {'word': '台北', 'ner': 'GPE'}, {'word': '新航', 'ner': 'ORG'}]"
還堆人在吹,還(D)　堆(Nf)　人(Na)　在(D)　吹(VC),[]
有夠爛,有夠(Dfa)　爛(VH),[]
我推華航沒有華航的話我會選長榮新航太貴了,我(Nh)　推(VC)　華航(Nc)　沒有(VJ)　華航(Nc)　的話(Cba)　我(Nh)　會(D)　選(VC)　長榮(Nb)　新航(Nc)　太(Dfa)　貴(VH)　了(T),"[{'word': '華航', 'ner': 'ORG'}, {'word': '華航', 'ner': 'ORG'}, {'word': '長榮新航', 'ner': 'ORG'}]"
當然星宇飛機新就是爽華航半夜那班坐到太滑很難睡國泰座位超小,當然(D)　星宇(Nb)　飛機(Na)　新(VH)　就是(D)　爽(VH)　華航(Nc)　半夜(Nd)　那(Nep)　班(Nf)　坐到(VCL)　太(Dfa)　滑(VH)　很(Dfa)　難(VH)　睡(VA)　國泰(Nb)　座位(Na)　超(Dfa)　小(VH),"[{'word': '星宇', 'ner': 'ORG'}, {'word': '華航', 'ner': 'ORG'}, {'word': '半夜', 'ner': 'TIME'}, {'word': '國泰', 'ner': 'ORG'}]"
整體星宇新航長榮,整體(Na)　星宇(Nb)　新航(Nc)　長榮(Nb),"[{'word': '星宇', 'ner': 'ORG'}]"
華航沒搭過,華航(Nc)　沒(D)　搭(VC)　過(Di),"[{'word': '華航', 'ner': 'ORG'}]"
又不是卡客或商務當然選星宇,又(D)　不(D)　是(SHI)　卡客(Na)　或(Caa)　商務(Na)　當然(D)　選(VC)　星宇(Na),[]
依你敘述甚至還比較便宜,依(P)　你(Nh)　敘述(VE)　甚至(D)　還(D)　比較(Dfa)　便宜(VH),[]
新加坡航線長榮飛機應該是最舊款,新加坡(Nc)　航線(Na)　長榮(Nb)　飛機(Na)　應該(D)　是(SHI)　最(Dfa)　舊款(VH),"[{'word': '新加坡', 'ner': 'GPE'}, {'word': '長榮', 'ner': 'ORG'}]"
最近星宇航空接連爆出負面新聞,最近(Nd)　星宇(Nb)　航空(Na)　接連(D)　爆出(VJ)　負面(Na)　新聞(Na),"[{'word': '星宇航空', 'ner': 'ORG'}]"
包括年終只發個月,包括(VK)　年終(Nd)　只(Da)　發(VD)　個(Nf)　月(Na),"[{'word': '個月', 'ner': 'DATE'}]"
足足比長榮少了個月,足足(Da)　比(P)　長榮(Nb)　少(VH)　了(Di)　個(Nf)　月(Na),"[{'word': '長榮', 'ner': 'PERSON'}, {'word': '個月', 'ner': 'DATE'}]"
還有疑似因為陳漢典和,還(D)　有(V_2)　疑似(VG)　因為(Cbb)　陳漢典(Nb)　和(Caa),"[{'word': '陳漢典', 'ner': 'PERSON'}]"
商務艙乘客不能上頭等艙廁所,商務艙(Na)　乘客(Na)　不能(D)　上(VCL)　頭等艙(Na)　廁所(Nc),[]
最近股價還路跌,最近(Nd)　股價(Na)　還(D)　路(VA)　跌(VA),[]
名聲和剛創立時跌落不少,名聲(Na)　和(Caa)　剛(D)　創立(VC)　時(Ng)　跌落(VA)　不少(VH),[]
大概十年前,大概(D)　十(Neu)　年(Nf)　前(Ng),"[{'word': '十年前', 'ner': 'DATE'}]"
長榮航空找了金城武幫公司拍形象廣告,長榮(Nb)　航空(Na)　找(VC)　了(Di)　金城武(Nb)　幫(Nf)　公司(Nc)　拍(VC)　形象(Na)　廣告(Na),"[{'word': '長榮航空', 'ner': 'FAC'}, {'word': '金城武幫公司', 'ner': 'ORG'}]"
結果大爆紅,結果(Dk)　大爆紅(VH),[]
連在池上喝茶的棵,連(Cbb)　在(P)　池上(Na)　喝(VC)　茶(Na)　的(DE)　棵(Nf),[]
樹都能成為景點,樹(Na)　都(D)　能(D)　成為(VG)　景點(Na),[]
連最近空姐身亡案都能船過水無痕,連(Cbb)　最近(Nd)　空姐(Na)　身亡(VH)　案(Na)　都(D)　能(D)　船(Na)　過(VB)　水(Na)　無痕(VH),[]
國外航空公司如阿聯酋曾找過羅和球王比利,國外(Nc)　航空(Na)　公司(Nc)　如(P)　阿聯酋(Nc)　曾(D)　找(VC)　過(Di)　羅(Nb)　和(Caa)　球王(Na)　比利(Nb),"[{'word': '阿聯酋', 'ner': 'GPE'}, {'word': '比利', 'ner': 'PERSON'}]"
卡達也找喬科維奇拍過廣告,卡達(Nc)　也(D)　找(VC)　喬科維奇(Nb)　拍(VC)　過(Di)　廣告(Na),"[{'word': '卡達', 'ner': 'GPE'}, {'word': '喬科維奇', 'ner': 'PERSON'}]"
如果星宇也能找金城武拍廣告,如果(Cbb)　星宇(Nb)　也(D)　能(D)　找(VC)　金城武(Nb)　拍(VC)　廣告(Na),"[{'word': '星宇', 'ner': 'ORG'}, {'word': '金城武', 'ner': 'PERSON'}]"
是否能扭轉形象,是否(D)　能(D)　扭轉(VC)　形象(Na),[]
也演出王子復仇記,也(D)　演出(VC)　王子(Na)　復仇(VB)　記(Na),[]
建立下個黃金十,建立(VC)　下(Nes)　個(Nf)　黃金(Na)　十(Neu),[]
發廢文很有趣,發(VC)　廢文(Na)　很(Dfa)　有趣(VH),[]
你有問過在座各金城武的意見嗎,你(Nh)　有(V_2)　問(VE)　過(Di)　在座(VA)　各(Nes)　金城武(Nb)　的(DE)　意見(Na)　嗎(T),[]
所以你是嫌蔡依林不夠格,所以(Cbb)　你(Nh)　是(SHI)　嫌(VK)　蔡依林(Nb)　不(D)　夠格(VH),"[{'word': '蔡依林', 'ner': 'PERSON'}]"
洗白,洗白(VC),[]
是要洗三小,是(SHI)　要(D)　洗(VC)　三(Neu)　小(VH),"[{'word': '三', 'ner': 'CARDINAL'}]"
只能給,只(Da)　能(D)　給(VD),[]
請豬哥亮代言定可以,請(VF)　豬哥亮(Nb)　代言(VA)　定(VC)　可以(D),"[{'word': '豬哥亮', 'ner': 'PERSON'}]"
終於週末啦,終於(D)　週末(Nd)　啦(T),"[{'word': '週末', 'ner': 'DATE'}]"
星宇年終多少關旅客什麼事,星宇(Na)　年終(Nd)　多少(Neqa)　關(VJ)　旅客(Na)　什麼(Nep)　事(Na),[]
軟硬體服務到位才是重點,軟硬體(Na)　服務(VC)　到位(VA)　才(Da)　是(SHI)　重點(Na),[]
腿了,腿(Na)　了(T),[]
已經找蔡依林了哦,已經(D)　找(VC)　蔡依林(Nb)　了(T)　哦(T),"[{'word': '蔡依林', 'ner': 'PERSON'}]"
吃的命操大老闆的心,吃(VC)　的(DE)　命(Na)　操(VC)　大(VH)　老闆(Na)　的(DE)　心(Na),[]
什麼時後黑過,什麼(Nep)　時後(Na)　黑(VH)　過(Di),[]
回去數字版吧,回去(VA)　數字版(Na)　吧(T),[]
找豬哥亮我就推,找(VC)　豬哥亮(Nb)　我(Nh)　就(D)　推(VC),[]
都找了蔡依林了再找金城武今年是連個月都不想發,都(D)　找(VC)　了(Di)　蔡依林(Nb)　了(T)　再(D)　找(VC)　金城武(Nb)　今年(Nd)　是(SHI)　連(Cbb)　個(Nf)　月(Na)　都(D)　不(D)　想(VE)　發(VH),"[{'word': '蔡依林', 'ner': 'PERSON'}, {'word': '金城武', 'ner': 'PERSON'}, {'word': '今年', 'ner': 'DATE'}]"
松指部航廈包機的那家比較需要,松指部(Nc)　航廈(Na)　包機(Na)　的(DE)　那(Nep)　家(Nf)　比較(Dfa)　需要(VK),[]
洗什麼,洗(VC)　什麼(Nep),[]
辛苦你寫了大篇廢文,辛苦(VHC)　你(Nh)　寫(VC)　了(Di)　大(VH)　篇(Nf)　廢文(Na),[]
名人代言,名人(Na)　代言(VA),[]
只服志玲姐姐,只(Da)　服(VJ)　志玲(Nb)　姐姐(Na),"[{'word': '志玲', 'ner': 'PERSON'}]"
猶記那個公司主管只敢搭綠地球出差的時候,猶(D)　記(VK)　那(Nep)　個(Nf)　公司(Nc)　主管(Na)　只(Da)　敢(VL)　搭(VC)　綠地球(Na)　出差(VA)　的(DE)　時候(Na),[]
桌上本小花志玲姐姐桌曆,桌上本(Na)　小(Na)　花志玲(Nb)　姐姐(Na)　桌曆(Na),"[{'word': '花志玲', 'ner': 'PERSON'}]"
可以讓他們羨慕整年,可以(D)　讓(VL)　他們(Nh)　羨慕(VJ)　整(Neqa)　年(Nf),[]
廢文,廢文(Na),[]
找誰都沒用諧星讓形象大傷不如給員工福利,找(VC)　誰(Nh)　都(D)　沒用(VH)　諧星(Na)　讓(VL)　形象(Na)　大傷(VH)　不如(VJ)　給(VD)　員工(Na)　福利(Na),[]
謝謝,謝謝(VJ),[]
我目前沒有意願,我(Nh)　目前(Nd)　沒有(VJ)　意願(Na),[]
樓上野生金城武,樓上(Nc)　野生(A)　金城武(Nb),"[{'word': '金城武', 'ner': 'PERSON'}]"
陳漢典那個不就是頭等艙規範嗎還在炒啊,陳漢典(Nb)　那(Nep)　個(Nf)　不(D)　就(D)　是(SHI)　頭等艙(Na)　規範(Na)　嗎(T)　還(D)　在(P)　炒(VC)　啊(T),"[{'word': '陳漢典', 'ner': 'PERSON'}]"
你自己覺得黑,你(Nh)　自己(Nh)　覺得(VK)　黑(VH),[]
引述之銘言,引述(VC)　之(DE)　銘言(Na),[]
標題情報星宇航空增租減租,標題(Na)　情報(Na)　星宇(Nb)　航空(Na)　增租(VD)　減租(VD),"[{'word': '星宇航空', 'ner': 'ORG'}]"
時間,時間(Na),[]
星宇航空增租減租,星宇(Nb)　航空(Na)　增租(VD)　減租(VB),"[{'word': '星宇航空', 'ner': 'ORG'}]"
過夜沒人貼就貼下,過夜(VA)　沒(VJ)　人(Na)　貼(VC)　就(D)　貼下(VC),[]
公開資訊觀測站,公開(VHC)　資訊(Na)　觀測站(Nc),[]
原合約租賃架型客機,原(A)　合約(Na)　租賃(VC)　架型(Na)　客機(Na),[]
本次併調整為架,本(Nes)　次(Nf)　併(VC)　調整為(VG)　架(VC),[]
增租,增(VJ)　租(VD),[]
先前下單記者會中,先前(Nd)　下單(VA)　記者會(Na)　中(Ng),[]
董就說他想增租架窄體客機,董(Nb)　就(D)　說(VE)　他(Nh)　想(VE)　增租(VJ)　架(Nf)　窄體(VH)　客機(Na),"[{'word': '董', 'ner': 'PERSON'}]"
交機速度可能比預期中慢,交(VD)　機(Na)　速度(Na)　可能(D)　比(P)　預期(Na)　中(Ng)　慢(VH),[]
因此與租機公司喬出新租賃合約,因此(Cbb)　與(P)　租(VD)　機(Na)　公司(Nc)　喬出(VC)　新(VH)　租賃(VC)　合約(Na),[]
增方案,增(VJ)　方案(Na),[]
星宇航空於年與簽了架租機合約,星宇(Nb)　航空(Na)　於(P)　年(Na)　與(P)　簽(VC)　了(Di)　架(Nf)　租(VD)　機(Na)　合約(Na),"[{'word': '星宇航空', 'ner': 'ORG'}]"
依據公告訊息,依據(P)　公告(Na)　訊息(Na),[]
快要返台的,快要(D)　返台(VA)　的(DE),"[{'word': '台', 'ner': 'GPE'}]"
將會是租機的最後架,將(D)　會(D)　是(SHI)　租(Nv)　機(Na)　的(DE)　最後(Nd)　架(VC),[]
剩下架就不交了,剩下(VJ)　架(Na)　就(D)　不(D)　交(VD)　了(Di),[]
欲增租的架,欲(VK)　增租(VJ)　的(DE)　架(VC),[]
雖還沒公告交易相對人,雖(Cbb)　還(D)　沒(D)　公告(VE)　交易(Na)　相對人(Na),[]
但有相當的機率顯示,但(Cbb)　有(V_2)　相當(VH)　的(DE)　機率(Na)　顯示(VK),[]
有可能雙方合意取消後續的架交機,有(V_2)　可能(Na)　雙方(Nh)　合意(VH)　取消(VC)　後續(A)　的(DE)　架(VC)　交機(VD),[]
改以架替代,改以(P)　架(VC)　替代(VJ),[]
星宇航空也與空巴簽訂購買架合約星宇航空倒是沒有揭露,星宇(Nb)　航空(Na)　也(D)　與(P)　空巴(Nc)　簽訂(VC)　購買架(VC)　合約(Na)　星宇(Nb)　航空(Na)　倒是(D)　沒有(D)　揭露(VC),"[{'word': '星宇航空', 'ner': 'ORG'}, {'word': '空巴', 'ner': 'ORG'}, {'word': '星宇航空', 'ner': 'ORG'}]"
這是否取代與的租機合約,這(Nep)　是否(D)　取代(VC)　與(P)　的(DE)　租機(VD)　合約(Na),[]
或是另個全新的購機合約,或是(Caa)　另(Nes)　個(Nf)　全新(VH)　的(DE)　購機(VA)　合約(Na),[]
事後看來,事(Na)　後(Ng)　看來(D),[]
可能早在左右大概就知道與的架有產生變故,可能(D)　早(D)　在(P)　左右(Ncd)　大概(D)　就(D)　知道(VK)　與(P)　的(DE)　架(Na)　有(V_2)　產生(VHC)　變故(Na),[]
此外,此外(Cbb),[]
也是的租機供應商之星宇也有可能得益,也(D)　是(SHI)　的(DE)　租機(Nv)　供應商(Na)　之(DE)　星宇(Nb)　也(D)　有(V_2)　可能(D)　得益(VJ),[]
於的延遲交付,於(P)　的(DE)　延遲(VHC)　交付(VD),[]
進而搶到空出來的些租機公司,進而(Cbb)　搶到(VC)　空出來(VC)　的(DE)　些(Nf)　租(VD)　機(Na)　公司(Nc),[]
星宇航空承租架型客機之相關訊息,星宇(Nb)　航空(Na)　承租(VD)　架型(VC)　客機(Na)　之(DE)　相關(VH)　訊息(Na),"[{'word': '星宇航空', 'ner': 'ORG'}]"
事實發生日,事實(Na)　發生(VJ)　日(Na),[]
交易單位數量架,交易(Na)　單位(Na)　數量架(Na),[]
交易總金額每架約美金,交易(Na)　總金額(Na)　每(Nes)　架(Nf)　約(Da)　美金(Na),[]
萬元,萬(Neu)　元(Nf),"[{'word': '萬元', 'ner': 'MONEY'}]"
並將依實際年度調幅變動,並(Cbb)　將(D)　依(P)　實際(VH)　年度(Na)　調幅(Na)　變動(VHC),[]
交易對象,交易(Na)　對象(Na),[]
公開資訊觀測站,公開(VHC)　資訊(Na)　觀測站(Nc),[]
看來是長租年,看來(D)　是(SHI)　長(VH)　租年(Nd),[]
交機日期沒提到,交機(VD)　日期(Na)　沒(D)　提到(VE),[]
但既然是來自租機公司,但(Cbb)　既然(Cbb)　是(SHI)　來自(VJ)　租(Nv)　機(Na)　公司(Nc),[]
應該是年,應該(D)　是(SHI)　年(Na),[]
不太會拖到之後,不(D)　太(Dfa)　會(D)　拖到(VC)　之後(Ng),[]
精神號,精神號(Nb),[]
個貴在內裝,個(Nf)　貴(VH)　在(P)　內裝(Na),[]
個號稱人多熱鬧,個(Nf)　號稱(VG)　人(Na)　多(Dfa)　熱鬧(VH),[]
兩者更有千秋,兩(Nh)　者(Na)　更(Dfa)　有(V_2)　千秋(Nd),"[{'word': '兩', 'ner': 'CARDINAL'}, {'word': '千秋', 'ner': 'PERSON'}]"
很難選擇哩,很(Dfa)　難(VH)　選擇(VC)　哩(T),[]
星宇航空月營收億,星宇(Nb)　航空(Na)　月(Na)　營收(Na)　億(Neu),"[{'word': '星宇航', 'ner': 'ORG'}]"
史上最高,史(Na)　上(Ng)　最(Dfa)　高(VH),[]
長榮航空月營收億史上最高,長榮(Nb)　航空(Na)　月(Na)　營收(Na)　億(Neu)　史(Na)　上(Ng)　最(Dfa)　高(VH),"[{'word': '長榮航空', 'ner': 'ORG'}]"
至於華航那架,至於(P)　華航(Nc)　那(Nep)　架(Nf),"[{'word': '華航', 'ner': 'ORG'}]"
飛來飛去到處停放月交機機率看來,飛來飛去(VA)　到處(D)　停放(VC)　月交機(Na)　機率(Na)　看來(D),[]
肯定是自有機精神號吧第三架都在組裝了,肯定(VK)　是(SHI)　自有機(P)　精神號(Nb)　吧(T)　第三(Neu)　架(Nf)　都(D)　在(P)　組裝(VC)　了(Di),"[{'word': '第三', 'ner': 'ORDINAL'}]"
第二架剛噴塗完,第二(Neu)　架(Nf)　剛(D)　噴塗完(VC),"[{'word': '第二', 'ner': 'ORDINAL'}]"
繼續等,繼續(VF)　等(VC),[]
最玄的是第二架又去了認證還沒完,最(Dfa)　玄(VH)　的(DE)　是(SHI)　第二(Neu)　架(Nf)　又(D)　去(VCL)　了(Di)　認證(VA)　還(D)　沒完(VH),"[{'word': '第二', 'ner': 'ORDINAL'}]"
然後都要回來了那兩架還在卡,然後(D)　都(D)　要回來(D)　了(Di)　那(Nep)　兩(Neu)　架(Nf)　還(D)　在(P)　卡(Na),"[{'word': '兩', 'ner': 'CARDINAL'}]"
還是因為座椅的問題沒辦法交付,還是(Caa)　因為(Cbb)　座椅(Na)　的(DE)　問題(Na)　沒辦法(VI)　交付(VD),[]
若沒意外,若(Cbb)　沒(VJ)　意外(Na),[]
華航今年應該可以交付到架,華航(Nc)　今年(Nd)　應該(D)　可以(D)　交付到(VD)　架(VC),"[{'word': '華航', 'ner': 'ORG'}, {'word': '今年', 'ner': 'DATE'}]"
第二架在波特蘭噴漆謎啊都不回來,第二(Neu)　架(Nf)　在(P)　波特蘭(Nc)　噴漆(VC)　謎(Na)　啊(T)　都(D)　不(D)　回來(VA),"[{'word': '第二', 'ner': 'ORDINAL'}, {'word': '波特蘭', 'ner': 'GPE'}]"
台中要再加碼嗎,台中(Nc)　要(D)　再(D)　加碼(VA)　嗎(T),"[{'word': '台中', 'ner': 'GPE'}]"
好像架了,好像(D)　架(VC)　了(Di),[]
台中幾乎可以卻定月中會去第五架了,台中(Nc)　幾乎(Da)　可以(D)　卻(D)　定(VC)　月中(Nd)　會(D)　去(VCL)　第五(Neu)　架(Nf)　了(T),"[{'word': '台中', 'ner': 'GPE'}, {'word': '月中', 'ner': 'DATE'}, {'word': '第五', 'ner': 'ORDINAL'}]"
蛤又是喔短點的雙走道不好麻,蛤(Na)　又(D)　是(SHI)　喔(T)　短(VH)　點(Dfb)　的(DE)　雙走道(A)　不(D)　好(Dfa)　麻(VH),[]
好吧繼續等吧反正總有天會回來的吧,好(VH)　吧(T)　繼續(VF)　等(VC)　吧(T)　反正(D)　總有天(D)　會(D)　回來(VA)　的(T)　吧(T),[]
台中要感謝華信的新機宣言啊發佈之後馬上大動作加碼,台中(Nc)　要(D)　感謝(VK)　華信(Nb)　的(DE)　新機(Na)　宣言(Na)　啊(T)　發佈(VE)　之後(Ng)　馬上(D)　大(VH)　動作(Na)　加碼(VA),"[{'word': '台中', 'ner': 'GPE'}, {'word': '華信', 'ner': 'ORG'}]"
星宇商務長月初拜會旅遊業者時有提到台中目標放架,星宇(Nb)　商務長(Na)　月初(Nd)　拜會(VC)　旅遊(VA)　業者(Na)　時(Ng)　有(V_2)　提到(VE)　台中(Nc)　目標(Na)　放架(VC),"[{'word': '星宇', 'ner': 'ORG'}, {'word': '月初', 'ner': 'DATE'}, {'word': '台中', 'ner': 'GPE'}]"
未來會不會再加碼就看中部鄉親的支持力道了,未來(Nd)　會不會(D)　再(D)　加碼(VA)　就(D)　看(VC)　中部(Ncd)　鄉親(Na)　的(DE)　支持(VC)　力道(Na)　了(T),[]
那第二架什麼時候來啊,那(Dk)　第二(Neu)　架(Nf)　什麼(Nep)　時候(Na)　來(VA)　啊(T),"[{'word': '第二', 'ner': 'ORDINAL'}]"
不是說要開美東開到哪裡去了呢,不(D)　是(SHI)　說(VE)　要(D)　開(VC)　美東(Nc)　開到(VCL)　哪裡(Ncd)　去(VCL)　了(Di)　呢(T),"[{'word': '美東', 'ner': 'GPE'}]"
之前預測月才能用開,之前(Nd)　預測(VE)　月(Na)　才(Da)　能(D)　用(P)　開(VC),[]
最快月才有進度吧,最(Dfa)　快(VH)　月(Na)　才(Da)　有(V_2)　進度(Na)　吧(T),[]
三月有新業務加入沒那麼糟了,三月(Nd)　有(V_2)　新(VH)　業務(Na)　加入(VC)　沒(D)　那麼(D)　糟(VH)　了(T),"[{'word': '三月', 'ner': 'DATE'}]"
的新業務是什麼,的(DE)　新(VH)　業務(Na)　是(SHI)　什麼(Nep),[]
松指直飛羽田,松指(Na)　直飛(VCL)　羽田(Nb),"[{'word': '松', 'ner': 'PERSON'}]"
日本飛起來,日本(Nc)　飛起來(VA),"[{'word': '日本', 'ner': 'GPE'}]"
堆柵欄仔,堆(VC)　柵欄仔(Na),[]
整天松指松指松山機場不就軍民共用機場沒知識不會,整(Neqa)　天(Nf)　松(Na)　指(VG)　松(Na)　指(VG)　松山機場(Nc)　不(D)　就(P)　軍民(Na)　共用(VC)　機場(Nc)　沒(VJ)　知識(Na)　不會(D),"[{'word': '松山機場', 'ner': 'FAC'}]"
立委想要帶風向堆網路空軍幫忙喊真的噁心,立委(Na)　想要(VE)　帶(VC)　風向(Na)　堆(Nf)　網路(Na)　空軍(Nc)　幫忙(VC)　喊(VE)　真的(D)　噁心(VH),[]
我也想要松指飛羽田包機啦坐等鄉民開團,我(Nh)　也(D)　想要(VE)　松指飛(Nb)　羽田(Nb)　包機(Na)　啦(T)　坐(VA)　等(Cab)　鄉民(Na)　開團(VA),[]
如果可以飛鄉民包機你以為很難嗎,如果(Cbb)　可以(D)　飛(VA)　鄉民(Na)　包機(Na)　你(Nh)　以為(VE)　很(Dfa)　難(VH)　嗎(T),[]
政府不是定調私人行程松指包機,政府(Na)　不(D)　是(SHI)　定調(VC)　私人(Nh)　行程(Na)　松(Nb)　指(VG)　包機(Na),[]
幹嘛崩潰喊柵欄,幹嘛(D)　崩潰(VH)　喊(VE)　柵欄(Na),[]
那邊不對你們內部喬好到切合法謝謝指教不就好,那邊(Ncd)　不(D)　對(P)　你們(Nh)　內部(Ncd)　喬(VC)　好(VH)　到(P)　切合法(VJ)　謝謝(VJ)　指教(VA)　不(D)　就(D)　好(VH),[]
拿軍民混用的詞來模糊軍用基地與民用航廈的不同,拿(VC)　軍民(Na)　混用(VH)　的(DE)　詞(Na)　來(D)　模糊(VH)　軍用(A)　基地(Nc)　與(Caa)　民用(A)　航廈(Na)　的(DE)　不同(VH),[]
既然軍民合用,既然(Cbb)　軍民(Na)　合用(VC),[]
那你試試看在松指辦托運出境登機打臉大家啊,那(Dk)　你(Nh)　試試(VE)　看(Di)　在(P)　松指(Nb)　辦(VC)　托運(VC)　出境(VA)　登機(VA)　打臉(VA)　大家(Nh)　啊(T),"[{'word': '松', 'ner': 'GPE'}]"
這推文是回錯篇了嗎不知道還以為要開松山羽田了,這(Nep)　推文(Na)　是(SHI)　回錯(Na)　篇(Na)　了(T)　嗎(T)　不(D)　知道(VK)　還(D)　以為(VE)　要(D)　開(VC)　松山(Nc)　羽田(Nb)　了(T),"[{'word': '松山羽田', 'ner': 'FAC'}]"
哈怎麼歪樓了,哈(D)　怎麼(D)　歪樓(Nc)　了(T),[]
希望新業務是桃園小港接駁機適合精神號,希望(VK)　新(VH)　業務(Na)　是(SHI)　桃園(Nc)　小港(Nc)　接駁機(Na)　適合(VH)　精神號(Nb),"[{'word': '桃園小港', 'ner': 'GPE'}]"
新業務是租來的要上線了嗎,新(VH)　業務(Na)　是(SHI)　租來(VC)　的(DE)　要(D)　上線(VA)　了(T)　嗎(T),[]
逢低再加碼嗎,逢(P)　低(VH)　再(D)　加碼(VA)　嗎(T),[]
喔對欸租來的高雄的沒了該換手了吧反正松山又放不下笑死,喔(I)　對(VH)　欸(I)　租來(VC)　的(DE)　高雄(Nc)　的(DE)　沒(VJ)　了(Di)　該(D)　換手(VA)　了(Di)　吧(T)　反正(D)　松山(Nc)　又(D)　放不下(VJ)　笑死(VHC),"[{'word': '高雄', 'ner': 'GPE'}, {'word': '松山', 'ner': 'GPE'}]"
直上面上面,直(D)　上面(Ncd)　上面(Ncd),[]
不如說你們的上面應該看到台灣球打太好很焦慮吧又沒東西酸了好慘啊,不如(Cbb)　說(VE)　你們(Nh)　的(DE)　上面(Ncd)　應該(D)　看到(VE)　台灣(Nc)　球(Na)　打(VC)　太(Dfa)　好(VH)　很(Dfa)　焦慮(VH)　吧(T)　又(D)　沒(VJ)　東西(Na)　酸(VH)　了(Di)　好(Dfa)　慘(VH)　啊(T),"[{'word': '台灣', 'ner': 'GPE'}]"
第二架應該四月多會到,第二(Neu)　架(Nf)　應該(D)　四月(Nd)　多(Neqb)　會(D)　到(P),"[{'word': '第二', 'ner': 'ORDINAL'}, {'word': '四月', 'ner': 'DATE'}]"
五月早上兩班東京都改成飛了,五月(Nd)　早上(Nd)　兩(Neu)　班(Nf)　東京都(Nc)　改成(VG)　飛(VA)　了(Di),"[{'word': '五月早上', 'ner': 'TIME'}, {'word': '兩', 'ner': 'CARDINAL'}, {'word': '東京', 'ner': 'GPE'}]"
第二架已經試飛三次了搞不好下禮拜就回家了月初應該號機會回來,第二(Neu)　架(Nf)　已經(D)　試飛(VA)　三(Neu)　次(Nf)　了(T)　搞不好(D)　下(Nes)　禮拜(Na)　就(D)　回家(VA)　了(Di)　月初(Nd)　應該(D)　號(Nf)　機會(Na)　回來(VA),"[{'word': '第二', 'ner': 'ORDINAL'}, {'word': '三', 'ner': 'CARDINAL'}, {'word': '下禮拜', 'ner': 'DATE'}, {'word': '月初', 'ner': 'DATE'}]"
華航的不知道到時候會不會乾脆就三四架起編隊回來,華航(Nc)　的(DE)　不(D)　知道(VK)　到時候(D)　會不會(D)　乾脆(VH)　就(D)　三四(Neu)　架(VC)　起(Di)　編隊(VB)　回來(VA),"[{'word': '華航', 'ner': 'ORG'}, {'word': '三四', 'ner': 'CARDINAL'}]"
然後在跑道上空衝場解散繞五邊落地做夢,然後(D)　在(P)　跑道(Na)　上空(Nc)　衝場(VA)　解散(VHC)　繞(VA)　五(Neu)　邊(Ncd)　落地(VA)　做夢(VA),"[{'word': '五', 'ner': 'CARDINAL'}]"
結果只試飛兩次就回家了這速度有夠快,結果(Dk)　只(Da)　試飛(VA)　兩(Neu)　次(Nf)　就(D)　回家(VA)　了(Di)　這(Nep)　速度(Na)　有(Dfa)　夠(Dfa)　快(VH),"[{'word': '兩', 'ner': 'CARDINAL'}]"
呵呵現在變成要從松指部航廈,呵呵(D)　現在(Nd)　變成(VG)　要(D)　從(P)　松指部(Nc)　航廈(Na),[]
要不要順便在松指部跑道起飛,要不要(D)　順便(D)　在(P)　松指部(Nc)　跑道(Na)　起飛(VA),[]
松指就說謊說的很好笑啊,松指(Nb)　就(D)　說謊(VA)　說(VE)　的(DE)　很(Dfa)　好笑(VH)　啊(T),"[{'word': '松指', 'ner': 'PERSON'}]"
的椅子又沒有認證問題,的(DE)　椅子(Na)　又(D)　沒有(VJ)　認證(VA)　問題(Na),[]
裝好試試就能回來賺了呀,裝好(VC)　試試(VF)　就(D)　能(D)　回來(VA)　賺(VC)　了(Di)　呀(T),[]
跟精神號比還各有千秋,跟(P)　精神號(Nb)　比(VC)　還(D)　各(D)　有(V_2)　千秋(Nd),"[{'word': '千秋', 'ner': 'DATE'}]"
應該是為台中飛日本航班多準備,應該(D)　是(SHI)　為(P)　台中(Nc)　飛(VA)　日本(Nc)　航班(Na)　多(D)　準備(VC),"[{'word': '台中', 'ner': 'GPE'}, {'word': '日本', 'ner': 'GPE'}]"
這個問題我的家人也有,這(Nep)　個(Nf)　問題(Na)　我(Nh)　的(DE)　家人(Na)　也(D)　有(V_2),[]
方法有兩個,方法(Na)　有(V_2)　兩(Neu)　個(Nf),"[{'word': '兩', 'ner': 'CARDINAL'}]"
換輪椅,換(VC)　輪椅(Na),[]
引述爆肝中之銘言,引述(VC)　爆(VH)　肝(Na)　中(Ng)　之(DE)　銘言(Na),[]
預計暑假前往沖繩,預計(VE)　暑假(Nd)　前往(VCL)　沖繩(Nc),"[{'word': '暑假', 'ner': 'DATE'}, {'word': '沖繩', 'ner': 'GPE'}]"
但家裡有身障人士,但(Cbb)　家(Nc)　裡(Ncd)　有(V_2)　身障(VH)　人士(Na),[]
法行走,法行(Na)　走(VA),[]
必須要坐自己的無法折疊的特製推,必須(D)　要(D)　坐(VA)　自己(Nh)　的(DE)　無法(D)　折疊(VC)　的(DE)　特製(VC)　推(VC),[]
今天去,今天(Nd)　去(VCL),"[{'word': '今天', 'ner': 'DATE'}]"
問星宇航空,問(VE)　星宇(Nb)　航空(Na),[]
說要注意航班調度,說(VE)　要(D)　注意(VK)　航班(Na)　調度(VC),[]
有可能會,有(V_2)　可能(Na)　會(D),[]
臨時改變機型,臨時(Nd)　改變(VC)　機型(Na),[]
從改成,從(P)　改成(VG),[]
這樣就無,這樣(VH)　就(D)　無(VJ),[]
法托運那台推車,法托運(Na)　那(Nep)　台(Nf)　推車(Na),[]
因為超過規定了,因為(Cbb)　超過(VJ)　規定(Na)　了(T),[]
這樣也,這樣(VH)　也(D),[]
無法訂機票,無法(D)　訂(VC)　機票(Na),[]
謝謝各位,謝謝(VJ)　各位(Nh),[]
這輪椅也太讚了吧,這(Nep)　輪椅(Na)　也(D)　太(Dfa)　讚(VH)　了(T)　吧(T),[]
現在日幣匯率沒便宜點嗎,現在(Nd)　日幣(Na)　匯率(Na)　沒(D)　便宜(VH)　點(Dfb)　嗎(T),[]
最近剛好也看到這台有在考慮,最近(Nd)　剛好(Da)　也(D)　看到(VE)　這(Nep)　台(Nf)　有(D)　在(D)　考慮(VE),[]
台灣咩,台灣(Nc)　咩(T),"[{'word': '台灣', 'ner': 'GPE'}]"
不想多花錢,不(D)　想(VE)　多(D)　花錢(VA),[]
卻想多服務,卻(D)　想(VE)　多(D)　服務(VC),[]
預計暑假前往沖繩,預計(VE)　暑假(Nd)　前往(VCL)　沖繩(Nc),"[{'word': '暑假', 'ner': 'DATE'}, {'word': '沖繩', 'ner': 'GPE'}]"
但家裡有身障人士,但(Cbb)　家(Nc)　裡(Ncd)　有(V_2)　身障(VH)　人士(Na),[]
法行走,法行(Na)　走(VA),[]
必須要坐自己的無法折疊的特製推,必須(D)　要(D)　坐(VA)　自己(Nh)　的(DE)　無法(D)　折疊(VC)　的(DE)　特製(VC)　推(VC),[]
今天去,今天(Nd)　去(VCL),"[{'word': '今天', 'ner': 'DATE'}]"
問星宇航空,問(VE)　星宇(Nb)　航空(Na),[]
說要注意航班調度,說(VE)　要(D)　注意(VK)　航班(Na)　調度(VC),[]
有可能會,有(V_2)　可能(Na)　會(D),[]
臨時改變機型,臨時(Nd)　改變(VC)　機型(Na),[]
從改成,從(P)　改成(VG),[]
這樣就無,這樣(VH)　就(D)　無(VJ),[]
法托運那台推車,法托運(Na)　那(Nep)　台(Nf)　推車(Na),[]
因為超過規定了,因為(Cbb)　超過(VJ)　規定(Na)　了(T),[]
這樣也,這樣(VH)　也(D),[]
無法訂機票,無法(D)　訂(VC)　機票(Na),[]
謝謝各位,謝謝(VJ)　各位(Nh),[]
所以要問什麼,所以(Cbb)　要(D)　問(VE)　什麼(Nep),[]
搭郵輪去就好,搭(VC)　郵輪(Na)　去(VCL)　就(D)　好(VH),[]
最會的是華航,最(Dfa)　會(D)　的(DE)　是(SHI)　華航(Nc),"[{'word': '華航', 'ner': 'ORG'}]"
然後看起來長榮都用飛真的要出門只能賭星宇了吧,然後(D)　看起來(D)　長榮(Nb)　都(D)　用(P)　飛(VA)　真的(D)　要(D)　出門(VA)　只(Da)　能(D)　賭(VE)　星宇(Na)　了(T)　吧(T),"[{'word': '長榮', 'ner': 'ORG'}]"
那待在家或是改東京大阪就好了會不會換機型,那(Dk)　待在(VCL)　家(Nc)　或是(Caa)　改(VC)　東京(Nc)　大阪(Nc)　就(D)　好(T)　了(Di)　會不會(D)　換(VC)　機型(Na),"[{'word': '東京大阪', 'ner': 'GPE'}]"
這只能擲杯,這(Nep)　只(Da)　能(D)　擲(VC)　杯(Na),[]
所以你要問什麼,所以(Cbb)　你(Nh)　要(D)　問(VE)　什麼(Nep),[]
供三小,供(VF)　三(Neu)　小(Na),"[{'word': '三', 'ner': 'CARDINAL'}]"
租台輪椅在國外將就用就好,租(VD)　台(Nf)　輪椅(Na)　在(P)　國外(Nc)　將就(VH)　用(VC)　就(D)　好(VH),[]
或許換別的點或是大郵輪都是不錯的方案,或許(D)　換(VC)　別的(Neqa)　點(Na)　或是(Caa)　大(VH)　郵輪(Na)　都(D)　是(SHI)　不錯(VH)　的(DE)　方案(Na),[]
每個人都會想去旅遊,每(Nes)　個(Nf)　人(Na)　都(D)　會(D)　想(VE)　去(D)　旅遊(VA),[]
祝你能夠順利,祝(VE)　你(Nh)　能夠(D)　順利(VH),[]
所以,所以(Cbb),[]
飛東京定,飛(VA)　東京(Nc)　定(VC),"[{'word': '東京', 'ner': 'GPE'}]"
飛羽田轉沖繩,飛羽田(Nc)　轉(VC)　沖繩(Nc),"[{'word': '羽田', 'ner': 'GPE'}, {'word': '沖繩', 'ner': 'GPE'}]"
兩大日本都是用廣體飛,兩(Neu)　大(VH)　日本(Nc)　都(D)　是(SHI)　用(P)　廣體(Na)　飛(VA),"[{'word': '兩', 'ner': 'CARDINAL'}, {'word': '日本', 'ner': 'GPE'}]"
只能博杯高機率都有換的機率存在所以你應該是改去東京大阪不是賭沖繩至少保證有廣體機執飛的航班可以換,只(Da)　能(Na)　博杯(Na)　高機率(Na)　都(D)　有(V_2)　換(VC)　的(DE)　機率(Na)　存在(VA)　所以(Cbb)　你(Nh)　應該(D)　是(SHI)　改(VC)　去(VCL)　東京(Nc)　大阪(Nc)　不(D)　是(SHI)　賭(VE)　沖繩(Nc)　至少(Da)　保證(VE)　有(V_2)　廣體機(Na)　執飛(VC)　的(DE)　航班(Na)　可以(D)　換(VC),"[{'word': '大阪', 'ner': 'GPE'}, {'word': '沖繩', 'ner': 'GPE'}]"
確實種困擾改搭郵輪,確實(D)　種(Nf)　困擾(Na)　改搭(VC)　郵輪(Na),[]
還沒訂票的話不然改成定飛廣體的航點不就好了長榮的福岡早上大阪東京定飛廣體,還(D)　沒(D)　訂(VC)　票(Na)　的話(Cba)　不然(Cbb)　改成(VG)　定飛(VC)　廣體(VH)　的(DE)　航點(Na)　不(D)　就(D)　好(VH)　了(T)　長榮(Nb)　的(DE)　福岡(Nc)　早上(Nd)　大阪(Nc)　東京(Nc)　定飛(Nb)　廣體(Na),"[{'word': '長榮', 'ner': 'ORG'}, {'word': '福岡', 'ner': 'GPE'}, {'word': '早上', 'ner': 'TIME'}, {'word': '大阪', 'ner': 'GPE'}, {'word': '東京', 'ner': 'GPE'}]"
其實星宇日本線差不多都廣體了查了下剩下宮古島函館神戶神戶似乎不能起降廣體,其實(D)　星宇(Na)　日本線(Na)　差不多(D)　都(D)　廣體(VH)　了(Di)　查(VE)　了(Di)　下(Ng)　剩下(VJ)　宮古島(Nc)　函館(Nc)　神戶(Nc)　神戶(Nc)　似乎(D)　不能(D)　起降(VA)　廣體(VH),"[{'word': '日本', 'ner': 'GPE'}, {'word': '宮古島', 'ner': 'LOC'}]"
坐船阿幹嘛定要坐飛機,坐(VA)　船(Na)　阿幹嘛(T)　定(D)　要(D)　坐(VA)　飛機(Na),[]
去沖繩玩個最大的原因就是近,去(D)　沖繩(Nc)　玩(VC)　個(Nf)　最(Dfa)　大(VH)　的(DE)　原因(Na)　就(D)　是(SHI)　近(Nes),"[{'word': '沖繩', 'ner': 'GPE'}]"
如果要搭船去的話這個優勢就不見了,如果(Cbb)　要(D)　搭船(VA)　去(T)　的話(Cba)　這(Nep)　個(Nf)　優勢(Na)　就(D)　不見了(VH),[]
沒辦法登機,沒辦法(VI)　登機(VA),[]
再近也沒用,再(D)　近(VH)　也(D)　沒用(VH),[]
有什麼特殊狀況只能坐這台輪椅嗎,有(V_2)　什麼(Nep)　特殊(VH)　狀況(Na)　只(Da)　能(D)　坐(VA)　這(Nep)　台(Nf)　輪椅(Na)　嗎(T),[]
不過過程中也是得坐飛機椅跟機場輪椅,不過(Cbb)　過程(Na)　中(Ng)　也(D)　是(SHI)　得(D)　坐(VA)　飛機椅(Na)　跟(Caa)　機場(Nc)　輪椅(Na),[]
應該可以搭般輪椅才對,應該(D)　可以(D)　搭(VC)　般(Ng)　輪椅(Na)　才(Da)　對(VH),[]
搭郵輪,搭(VC)　郵輪(Na),[]
或是不要去沖繩沖繩就是近,或是(Caa)　不要(D)　去(VCL)　沖繩(Nc)　沖繩(Nc)　就(D)　是(SHI)　近(Da),"[{'word': '沖繩', 'ner': 'GPE'}, {'word': '沖繩', 'ner': 'GPE'}]"
搭船才不會久到靠杯啊,搭船(VA)　才(Da)　不會(D)　久(VH)　到(P)　靠(VJ)　杯(Na)　啊(T),[]
怎麼會優勢不見了,怎麼(D)　會(D)　優勢(Na)　不見了(VH),[]
身障真的郵輪比較好,身障(VH)　真的(D)　郵輪(Na)　比較(Dfa)　好(VH),[]
你知道搭郵輪到沖繩要小時嗎,你(Nh)　知道(VK)　搭(VC)　郵輪(Na)　到(VCL)　沖繩(Nc)　要(D)　小時(VH)　嗎(T),"[{'word': '沖繩', 'ner': 'GPE'}]"
這時間足夠你搭飛機到歐美了,這(Nep)　時間(Na)　足夠(VH)　你(Nh)　搭(VC)　飛機(Na)　到(VCL)　歐美(Nc)　了(T),"[{'word': '歐', 'ner': 'LOC'}, {'word': '美', 'ner': 'LOC'}]"
這世界上的觀光海島那麼多,這(Nep)　世界(Nc)　上(Ncd)　的(DE)　觀光(Nv)　海島(Na)　那麼多(Neqa),[]
沖繩最大的優勢是搭飛機個多小時就到,沖繩(Nc)　最(Dfa)　大(VH)　的(DE)　優勢(Na)　是(SHI)　搭(VC)　飛機(Na)　個(Nf)　多(Neqb)　小時(Na)　就(D)　到(VCL),"[{'word': '沖繩', 'ner': 'GPE'}, {'word': '個多小時', 'ner': 'TIME'}]"
如果沒了這個優勢,如果(Cbb)　沒(VJ)　了(Di)　這(Nep)　個(Nf)　優勢(Na),[]
我個人覺得不到非去不可,我(Nh)　個人(Nh)　覺得(VK)　不(D)　到(VCL)　非(D)　去(D)　不可(D),[]
但身障人士應該會更注重方便而不是航行速度吧主要是郵輪大多停靠最多天會在搭配石垣或宮古島想在沖繩多玩幾天的真的只能選飛機,但(Cbb)　身障(Na)　人士(Na)　應該(D)　會(D)　更(D)　注重(VJ)　方便(VH)　而(Cbb)　不(D)　是(SHI)　航行(Nv)　速度(Na)　吧(T)　主要(D)　是(SHI)　郵輪(Na)　大多(Neqa)　停靠(VC)　最多(Da)　天(Nf)　會(D)　在(P)　搭配(VC)　石垣(Na)　或(Caa)　宮古島(Nc)　想(VE)　在(P)　沖繩(Nc)　多(D)　玩(VC)　幾(Neu)　天(Nf)　的(DE)　真的(D)　只(Da)　能(D)　選(VC)　飛機(Na),"[{'word': '宮古島', 'ner': 'LOC'}, {'word': '沖繩', 'ner': 'GPE'}, {'word': '幾天', 'ner': 'DATE'}]"
神戶不能將廣體,神戶(Nc)　不能(D)　將(P)　廣體(VH),[]
他媽動點腦好嗎,他(I)　媽(Na)　動(VAC)　點(Nf)　腦(Na)　好(VH)　嗎(T),[]
神戶擋廣體可能是日本政府給的,神戶(Nc)　擋(VC)　廣體(VH)　可能(D)　是(SHI)　日本(Nc)　政府(Na)　給(VD)　的(DE),"[{'word': '日本', 'ner': 'NORP'}]"
神戶機場有起降廣體機紀錄嗎,神戶(Nc)　機場(Nc)　有(V_2)　起降(Nv)　廣體機(Na)　紀錄(Na)　嗎(T),"[{'word': '神戶機場', 'ner': 'FAC'}]"
願聞其詳目前看起來極限是中型客機,願聞(VK)　其詳(Nep)　目前(Nd)　看起來(D)　極限(Na)　是(SHI)　中型(Na)　客機(Na),[]
神戶有的紀錄,神戶(Nc)　有(V_2)　的(DE)　紀錄(Na),[]
應該是不行吧神戶啟用第台飛機就是往東京的,應該(D)　是(SHI)　不行(VH)　吧(T)　神戶(Nc)　啟用(VC)　第(Neu)　台(Nf)　飛機(Na)　就(D)　是(SHI)　往(P)　東京(Nc)　的(DE),"[{'word': '第台', 'ner': 'ORDINAL'}, {'word': '東京', 'ner': 'GPE'}]"
可能也不行,可能(D)　也(D)　不行(VH),[]
日航有把壓到遠低最大起飛重量飛國內線,日航(Nb)　有(V_2)　把(Nf)　壓到(VC)　遠(Dfa)　低(VH)　最(Dfa)　大(VH)　起飛(Nv)　重量(Na)　飛(VA)　國內線(Na),"[{'word': '日航', 'ner': 'ORG'}]"
就只差有沒有飛過神戶而已,就(D)　只(Da)　差(VH)　有沒有(D)　飛過(VCL)　神戶(Nc)　而已(T),"[{'word': '神戶', 'ner': 'GPE'}]"
能降沒道理不行都飛過了,能(D)　降(VC)　沒道理(VH)　不行(VH)　都(D)　飛過(VCL)　了(Di),[]
飛美國定,飛(VA)　美國(Nc)　定(VC),"[{'word': '美國', 'ner': 'GPE'}]"
可以不行,可以(D)　不行(VH),[]
航空版神人,航空版(Na)　神人(Na),[]
人家會幫你想辦法吧,人家(Nh)　會(D)　幫(P)　你(Nh)　想(VE)　辦法(Na)　吧(T),[]
重返馬德里不思議,重返(VCL)　馬德里(Nc)　不思議(VH),"[{'word': '馬德里', 'ner': 'GPE'}]"
匈牙利的小鎮啦,匈牙利(Nc)　的(DE)　小鎮(Nc)　啦(T),"[{'word': '匈牙利', 'ner': 'GPE'}]"
感謝星宇員工贊助播出,感謝(VK)　星宇(Nb)　員工(Na)　贊助(VD)　播出(VC),"[{'word': '星宇', 'ner': 'ORG'}]"
馬德里不思議在匈牙利拍的,馬德里(Nc)　不思議(VH)　在(P)　匈牙利(Nc)　拍(VC)　的(DE),"[{'word': '馬德里', 'ner': 'PERSON'}, {'word': '匈牙利', 'ner': 'GPE'}]"
下次應該開西班牙了,下(Nes)　次(Nf)　應該(D)　開(VC)　西班牙(Nc)　了(T),"[{'word': '西班牙', 'ner': 'GPE'}]"
開西班牙的話巴塞隆納會不會比馬德里先開,開(VC)　西班牙(Nc)　的話(Cba)　巴塞隆納(Nc)　會不會(D)　比(P)　馬德里(Nc)　先(D)　開(VC),"[{'word': '西班牙', 'ner': 'GPE'}, {'word': '巴塞隆納', 'ner': 'GPE'}, {'word': '馬德里', 'ner': 'GPE'}]"
星宇的離職率不曉得怎麼樣,星宇(Nb)　的(DE)　離職率(Na)　不(D)　曉得(VK)　怎麼樣(VH),"[{'word': '星宇', 'ner': 'ORG'}]"
這麼執著行銷,這麼(Dfa)　執著(VH)　行銷(Na),[]
好急,好(Dfa)　急(VH),[]
好奇星宇行銷是誰掌控的,好奇(VH)　星宇(Nc)　行銷(Na)　是(SHI)　誰(Nh)　掌控(VC)　的(T),[]
真有夠鬼才,真(D)　有夠(V_2)　鬼才(Na),[]
合理,合理(VH),[]
發年終客人又不會變多,發(VD)　年終(Nd)　客人(Na)　又(D)　不會(D)　變多(VG),[]
找代言才是,找(VC)　代言(VA)　才(Da)　是(SHI),[]
這個帥,這(Nep)　個(Nf)　帥(Na),[]
肯花給推,肯(VL)　花(VD)　給(P)　推(VD),[]
這麼花重本,這麼(D)　花(VC)　重本(VH),[]
明年幾個月,明年(Nd)　幾(Neu)　個(Nf)　月(Na),"[{'word': '明年幾個月', 'ner': 'DATE'}]"
請很貴嗎,請(VF)　很(Dfa)　貴(VH)　嗎(T),[]
然後只剩下個月,然後(D)　只(Da)　剩下(VJ)　個(Nf)　月(Na),"[{'word': '下個月', 'ner': 'DATE'}]"
今天新聞說董領到,今天(Nd)　新聞(Na)　說(VE)　董(Nb)　領到(VC),"[{'word': '今天', 'ner': 'DATE'}]"
太帥,太(Dfa)　帥(VH),[]
為什麼不是馬德里而選布拉格,為什麼(D)　不(D)　是(SHI)　馬德里(Nc)　而(Cbb)　選(VC)　布拉格(Nc),"[{'word': '馬德里', 'ner': 'GPE'}, {'word': '布拉格', 'ner': 'PERSON'}]"
因為有直飛布拉格沒有直飛馬德里嗎,因為(Cbb)　有(V_2)　直飛(VCL)　布拉格(Nc)　沒有(D)　直飛(VCL)　馬德里(Nc)　嗎(T),"[{'word': '布拉格', 'ner': 'PERSON'}, {'word': '馬德里', 'ner': 'GPE'}]"
我聽說布拉格廣場沒有噴水池,我(Nh)　聽說(VE)　布拉格(Nc)　廣場(Nc)　沒有(VJ)　噴水池(Na),"[{'word': '布拉格廣場', 'ner': 'FAC'}]"
抱歉是許願池,抱歉(VK)　是(SHI)　許願池(Nc),[]
好急星宇酸不得,好(Dfa)　急(VH)　星宇(Na)　酸(VH)　不得(D),[]
我比較好奇找的效果大嗎,我(Nh)　比較(Dfa)　好奇(VH)　找(VC)　的(DE)　效果(Na)　大(VH)　嗎(T),[]
她可能在華語市場很有名,她(Nh)　可能(D)　在(P)　華語(Na)　市場(Nc)　很(Dfa)　有名(VH),"[{'word': '華語', 'ner': 'LANGUAGE'}]"
但大部分的人買票是看價格而買吧,但(Cbb)　大部分(Neqa)　的(DE)　人(Na)　買票(VC)　是(SHI)　看(VC)　價格(Na)　而(Cbb)　買(VC)　吧(T),[]
新加坡馬來西亞香港中國的旅客會因為來搭星宇去布拉格嗎,新加坡(Nc)　馬來西亞(Nc)　香港(Nc)　中國(Nc)　的(DE)　旅客(Na)　會(D)　因為(Cbb)　來(D)　搭(VC)　星宇(Nb)　去(VCL)　布拉格(Nc)　嗎(T),"[{'word': '新加坡', 'ner': 'GPE'}, {'word': '馬來西亞', 'ner': 'GPE'}, {'word': '香港', 'ner': 'GPE'}, {'word': '中國', 'ner': 'GPE'}, {'word': '星宇', 'ner': 'ORG'}, {'word': '布拉格', 'ner': 'GPE'}]"
星宇真的很棒連代言人都選得很好星宇員工應該很樂意,星宇(Nb)　真的(D)　很(Dfa)　棒(VH)　連(Cbb)　代言人(Na)　都(D)　選(VC)　得(DE)　很(Dfa)　好(VH)　星宇(Na)　員工(Na)　應該(D)　很(Dfa)　樂意(VL),"[{'word': '星宇', 'ner': 'ORG'}]"
我快笑死以上三樓全部星黑,我(Nh)　快(D)　笑死(VHC)　以上(Ncd)　三樓(Nc)　全部(Neqa)　星黑(Na),"[{'word': '三', 'ner': 'CARDINAL'}]"
協尋這幾個議題怎麼都沒有出來,協尋(VC)　這(Nep)　幾(Neu)　個(Nf)　議題(Na)　怎麼(D)　都(D)　沒有(D)　出來(VA),[]
忙初選,忙(VH)　初選(Na),[]
數錢數到手軟了,數(VC)　錢(Na)　數(VC)　到(P)　手軟(Na)　了(T),[]
年終不給,年終(Nd)　不(D)　給(VD),[]
然後拿來請,然後(D)　拿來(VC)　請(VF),[]
幫員工,幫(P)　員工(Na),[]
來看看華航是否也趁機行銷西班牙廣場,來(D)　看看(VE)　華航(Nc)　是否(D)　也(D)　趁機(D)　行銷(VCL)　西班牙(Nc)　廣場(Nc),"[{'word': '華航', 'ner': 'ORG'}, {'word': '西班牙', 'ner': 'GPE'}]"
這首歌的時代是廿多年前台灣對歐洲很陌生的時代現在大家都知道布拉格老城廣場不會有許願池那種東西,這(Nep)　首(Nf)　歌(Na)　的(DE)　時代(Na)　是(SHI)　廿多(Neu)　年(Nf)　前(Ng)　台灣(Nc)　對(P)　歐洲(Nc)　很(Dfa)　陌生(VI)　的(DE)　時代(Na)　現在(Nd)　大家(Nh)　都(D)　知道(VK)　布拉格(Nc)　老城(VH)　廣場(Nc)　不會(D)　有(V_2)　許願池(Nc)　那(Nep)　種(Nf)　東西(Na),"[{'word': '廿多年前', 'ner': 'DATE'}, {'word': '台灣', 'ner': 'GPE'}, {'word': '歐洲', 'ner': 'LOC'}, {'word': '布拉格老城廣場', 'ner': 'FAC'}]"
當初長榮請金城武效果很好,當初(Nd)　長榮(Nb)　請(VF)　金城武(Nb)　效果(Na)　很(Dfa)　好(VH),"[{'word': '金城', 'ner': 'GPE'}]"
所以找對代言人是很有幫助的,所以(Cbb)　找(VC)　對(P)　代言人(Na)　是(SHI)　很(Dfa)　有(V_2)　幫助(VC)　的(T),[]
老闆年終花下去,老闆(Na)　年終(Nd)　花下去(VC),[]
不爽可以不要做哦,不(D)　爽(VH)　可以(D)　不要(D)　做(VC)　哦(T),[]
布拉格廣場真的沒有噴水池,布拉格(Nc)　廣場(Nc)　真的(D)　沒有(VJ)　噴水池(Na),"[{'word': '布拉格廣場', 'ner': 'FAC'}]"
拜託要酸講點論述無腦酸誰不會可以去看我的文章不要鬼遮眼,拜託(VC)　要(D)　酸(VH)　講(VE)　點(Nf)　論述(Na)　無(VJ)　腦酸(Na)　誰(Nh)　不會(D)　可以(D)　去(D)　看(VC)　我(Nh)　的(DE)　文章(Na)　不要(D)　鬼(Na)　遮眼(VA),[]
找代言人要的就是討論度啊的討論度絕對沒問題的,找(VC)　代言人(Na)　要(D)　的(DE)　就(Cbb)　是(SHI)　討論度(Na)　啊(T)　的(DE)　討論度(Na)　絕對(D)　沒(VJ)　問題(Na)　的(DE),[]
花大錢給明星,花(VC)　大錢(Na)　給(VD)　明星(Na),[]
員工個月年終獎金,員工(Na)　個(Nf)　月(Na)　年終(Nd)　獎金(Na),[]
說到金城武金城武樹這個景點到現在都還堆人推,說到(VE)　金城武(Nc)　金城武樹(Nc)　這(Nep)　個(Nf)　景點(Na)　到(P)　現在(Nd)　都(D)　還(D)　堆(Nf)　人(Na)　推(VC),"[{'word': '金城', 'ner': 'GPE'}, {'word': '武金城', 'ner': 'GPE'}, {'word': '武樹', 'ner': 'GPE'}]"
為什麼連這個都要酸星宇,為什麼(D)　連(Cbb)　這(Nep)　個(Nf)　都(D)　要(D)　酸(VH)　星宇(Na),"[{'word': '星宇', 'ner': 'PERSON'}]"
老闆肯花大錢找明星不好嗎,老闆(Na)　肯(VL)　花(VC)　大錢(Na)　找(VC)　明星(Na)　不(D)　好(VH)　嗎(T),[]
星黑逢星逢必酸連線黑得您心,星(Na)　黑(VH)　逢(P)　星(Na)　逢(P)　必(D)　酸(VH)　連線(VB)　黑(VH)　得(DE)　您(Nh)　心(Na),[]
推很有創意啊帶大家去布拉格看廣場真的沒有許願池,推(VC)　很(Dfa)　有(V_2)　創意(Na)　啊(T)　帶(VC)　大家(Nh)　去(VCL)　布拉格(Nc)　看(VC)　廣場(Nc)　真的(D)　沒有(VJ)　許願池(Nc),[]
感謝星宇員工幫忙付出代言費,感謝(VK)　星宇(Nb)　員工(Na)　幫忙(VC)　付出(VC)　代言費(Na),"[{'word': '星宇', 'ner': 'PERSON'}]"
樓上又隻哈,樓上(Nc)　又(D)　隻(Nf)　哈(Nb),[]
回頭看長榮航空金城武廣告董事長張國煒仍然印象深刻,回頭(D)　看(VC)　長榮(Nb)　航空(Na)　金城武(Nb)　廣告(Na)　董事長(Na)　張國煒(Nb)　仍然(D)　印象深刻(Na),"[{'word': '長榮航空', 'ner': 'ORG'}, {'word': '張國煒', 'ner': 'PERSON'}]"
老闆再吵就把公司收起來,老闆(Na)　再(D)　吵(VC)　就(D)　把(P)　公司(Nc)　收(VC)　起來(Di),[]
歌聲樂聲盡在揚聲歌聲樂聲盡在揚聲,歌聲(Na)　樂聲(Na)　盡(D)　在(P)　揚聲(A)　歌聲(Na)　樂聲(Na)　盡(D)　在(P)　揚聲(A),[]
當年長榮加入星空聯盟找金城武,當年(Nd)　長榮(Nb)　加入(VC)　星空(Na)　聯盟(Na)　找(VC)　金城武(Nb),"[{'word': '長榮', 'ner': 'PERSON'}, {'word': '星空聯盟', 'ner': 'ORG'}, {'word': '金城武', 'ner': 'PERSON'}]"
老闆愛怎麼花就怎麼花員工別管這麼多,老闆(Na)　愛(VL)　怎麼(D)　花(VC)　就(D)　怎麼(D)　花(VC)　員工(Na)　別(D)　管(VE)　這麼多(Neqa),[]
看啊你們的年終給蔡依林了,看(VC)　啊(T)　你們(Nh)　的(DE)　年終(Nd)　給(VD)　蔡依林(Nb)　了(T),"[{'word': '蔡依林', 'ner': 'PERSON'}]"
開伊斯坦堡的話記得找周傳雄,開(VC)　伊斯坦堡(Nc)　的話(Cba)　記得(VK)　找(VC)　周傳雄(Nb),"[{'word': '伊斯坦堡', 'ner': 'GPE'}, {'word': '周傳雄', 'ner': 'PERSON'}]"
習慣應該是找周杰倫,習慣(Na)　應該(D)　是(SHI)　找(VC)　周杰倫(Nb),"[{'word': '周杰倫', 'ner': 'PERSON'}]"
周傳雄應該打不到他們要的點,周傳雄(Nb)　應該(D)　打(VC)　不(D)　到(VC)　他們(Nh)　要(VC)　的(DE)　點(Na),"[{'word': '周傳雄', 'ner': 'PERSON'}]"
伊斯坦堡找周杰倫吧,伊斯坦堡(Nc)　找(VC)　周杰倫(Nb)　吧(T),"[{'word': '伊斯坦堡', 'ner': 'GPE'}, {'word': '周杰倫', 'ner': 'PERSON'}]"
米蘭也應該找周杰倫的,米蘭(Nc)　也(D)　應該(D)　找(VC)　周杰倫(Nb)　的(DE),"[{'word': '米蘭', 'ner': 'ORG'}, {'word': '周杰倫', 'ner': 'PERSON'}]"
紐約找陶晶瑩,紐約(Nc)　找(VC)　陶晶瑩(Nb),"[{'word': '紐約', 'ner': 'GPE'}, {'word': '陶晶瑩', 'ner': 'PERSON'}]"
紐約找啊員工改義工,紐約(Nc)　找(VC)　啊(T)　員工(Na)　改(VC)　義工(Na),"[{'word': '紐約', 'ner': 'GPE'}]"
突然很想不要飛想走路去紐約,突然(D)　很(Dfa)　想(VE)　不要(D)　飛(VA)　想(VE)　走路(VA)　去(VCL)　紐約(Nc),"[{'word': '紐約', 'ner': 'GPE'}]"
這樣機票賣不出去啦,這樣(VH)　機票(Na)　賣(VC)　不(D)　出去(VC)　啦(T),[]
大多人買機票都看價格吧,大多(Neqa)　人(Na)　買(VC)　機票(Na)　都(D)　看(VC)　價格(Na)　吧(T),[]
炒話題居多,炒(VC)　話題(Na)　居多(VI),[]
好奇花大把鈔票行銷投報率如何,好奇(VH)　花(VC)　大(VH)　把(Nf)　鈔票(Na)　行銷(Na)　投報率(Na)　如何(D),[]
紐約也繼續請唱愛上了條街啊倫敦可以唱日不落反正可以代言兩三年啦,紐約(Nc)　也(D)　繼續(VF)　請唱(VF)　愛上(VJ)　了(Di)　條(Nf)　街(Na)　啊(T)　倫敦(Nc)　可以(D)　唱(VC)　日(Na)　不落(D)　反正(D)　可以(D)　代言(VA)　兩三(Neu)　年(Nf)　啦(T),"[{'word': '紐約', 'ner': 'GPE'}, {'word': '倫敦', 'ner': 'GPE'}, {'word': '兩三年', 'ner': 'DATE'}]"
開航赫爾辛基可以找張韶涵去重拍歐若拉,開航(VA)　赫爾辛基(Nc)　可以(D)　找(VC)　張韶涵(Nb)　去(D)　重拍(VC)　歐若拉(Nb),"[{'word': '赫爾辛基', 'ner': 'GPE'}, {'word': '張韶涵', 'ner': 'PERSON'}, {'word': '歐若拉', 'ner': 'PERSON'}]"
當時開航找郭泓志開航就聯名史努比若以後能開航看能不能找王建民,當時(Nd)　開航(VA)　找(VC)　郭泓志(Nb)　開航(VA)　就(D)　聯名(D)　史努比(Nb)　若(Cbb)　以後(Nd)　能(D)　開航(VA)　看(VE)　能不能(D)　找(VC)　王建民(Nb),"[{'word': '郭泓志', 'ner': 'PERSON'}, {'word': '王建民', 'ner': 'PERSON'}]"
可以代言到進寰宇家都有歌,可以(D)　代言(VA)　到(P)　進(VCL)　寰宇(Na)　家(Nc)　都(D)　有(V_2)　歌(Na),[]
史努比的發源地就在線就沒有史努比周邊,史努比(Nb)　的(DE)　發源地(Nc)　就(D)　在(P)　線(Na)　就(D)　沒有(VJ)　史努比(Nb)　周邊(Nc),"[{'word': '史努比', 'ner': 'GPE'}, {'word': '史努比', 'ner': 'GPE'}]"
而改為道奇隊周邊線以前還要快艇隊聯名周邊,而(Cbb)　改為(VG)　道奇隊(Nb)　周邊線(Nc)　以前(Ng)　還(Dfa)　要(VC)　快艇隊(Nb)　聯名(D)　周邊(Nc),"[{'word': '道奇隊', 'ner': 'ORG'}]"
但只為期年更正,但(Cbb)　只(Da)　為(P)　期(VK)　年(Nf)　更正(VC),[]
找郭泓志代言的是安大略線,找(VC)　郭泓志(Nb)　代言(VA)　的(DE)　是(SHI)　安大略線(Na),"[{'word': '郭泓志', 'ner': 'PERSON'}]"
年終,年終(Nd),[]
年終沒有不見只是變成,年終(Nd)　沒有(D)　不見(D)　只是(D)　變成(VG),[]
有蔡依林我定支持星宇,有(V_2)　蔡依林(Nb)　我(Nh)　定(D)　支持(VC)　星宇(Nb),"[{'word': '蔡依林', 'ner': 'PERSON'}, {'word': '星宇', 'ner': 'PERSON'}]"
會問蔡依林貴不貴的在想什麼,會(D)　問(VE)　蔡依林(Nb)　貴(VH)　不(D)　貴(VH)　的(DE)　在(P)　想(VE)　什麼(Nep),"[{'word': '蔡依林', 'ner': 'PERSON'}]"
來看受眾群是否買單,來(D)　看(VC)　受眾群(Na)　是否(D)　買單(VA),[]
找的是完全沒有兩岸線現在蔡重心很大部分在對岸粉絲看得到吃不到,找(VC)　的(DE)　是(SHI)　完全(D)　沒有(VJ)　兩岸線(Na)　現在(Nd)　蔡重心(Nb)　很(Dfa)　大部分(Neqa)　在(P)　對岸(Nc)　粉絲(Na)　看(VE)　得(DE)　到(VE)　吃(VC)　不(D)　到(VC),"[{'word': '蔡重心', 'ner': 'PERSON'}]"
好期待星宇行銷太猛了,好(Dfa)　期待(VK)　星宇(Na)　行銷(Na)　太(Dfa)　猛(VH)　了(T),"[{'word': '星宇', 'ner': 'ORG'}]"
星宇員工表示,星宇(Nb)　員工(Na)　表示(VE),"[{'word': '星宇員工', 'ner': 'ORG'}]"
要看發哥遺產何時到位吧,要(D)　看(VE)　發哥(Nb)　遺產(Na)　何時(Nd)　到位(VA)　吧(T),[]
董日前打遺囑執行人的官司,董(Nb)　日前(Nd)　打(VC)　遺囑(Na)　執行人(Na)　的(DE)　官司(Na),[]
我就站在黃昏的廣場,我(Nh)　就(D)　站(VA)　在(P)　黃昏(Nd)　的(DE)　廣場(Nc),"[{'word': '黃昏', 'ner': 'TIME'}]"
沃草有人在黑我大,沃草(Nb)　有(V_2)　人(Na)　在(P)　黑我(Na)　大(VH),[]
為什麼星宇不開兩岸線呀,為什麼(D)　星宇(Na)　不(D)　開(VC)　兩岸線(Na)　呀(T),"[{'word': '兩岸線', 'ner': 'FAC'}]"
因為客源萎縮,因為(Cbb)　客源(Na)　萎縮(VH),[]
還是不想跟國泰搶客,還是(D)　不(D)　想(VE)　跟(P)　國泰(Nb)　搶(VD)　客(Na),"[{'word': '國泰', 'ner': 'ORG'}]"
中國二級城市要申請都有啦,中國(Nc)　二級(Na)　城市(Nc)　要(D)　申請(VF)　都(D)　有(V_2)　啦(T),"[{'word': '中國', 'ner': 'GPE'}, {'word': '二', 'ner': 'CARDINAL'}]"
但日本這麼賺幹嘛要去,但(Cbb)　日本(Nc)　這麼(D)　賺(VC)　幹嘛(D)　要(D)　去(D),"[{'word': '日本', 'ner': 'GPE'}]"
沒看越南幾個點都是當備案的,沒(D)　看(VC)　越南(Nc)　幾(Neu)　個(Nf)　點(Na)　都(D)　是(SHI)　當(VG)　備案(VB)　的(DE),"[{'word': '越南', 'ner': 'GPE'}]"
日本能開這邊就取消,日本(Nc)　能(D)　開(VC)　這邊(Ncd)　就(D)　取消(VC),"[{'word': '日本', 'ner': 'GPE'}]"
會因為而搭星宇的是有幾,會(D)　因為(Cbb)　而(Cbb)　搭(VC)　星宇(Na)　的(DE)　是(SHI)　有(V_2)　幾(Neu),[]
鋼鐵人的慘況歷歷在目,鋼鐵人(Na)　的(DE)　慘況(Na)　歷歷在目(VH),[]
海外股息入袋他想找韓團頂流代言都行,海外(Nc)　股息(Na)　入(VCL)　袋(Na)　他(Nh)　想(VE)　找(VC)　韓團(Na)　頂流(Nb)　代言(VA)　都(D)　行(VH),[]
希望政府鼓勵台灣航空將中港澳線運能轉移到美日等友好國換句話說,希望(VK)　政府(Na)　鼓勵(VF)　台灣(Nc)　航空(Na)　將(P)　中(Nc)　港澳線(Nc)　運能(Na)　轉移到(VC)　美(Nc)　日(Nc)　等(Cab)　友好國(VH)　換句話說(VC),"[{'word': '台灣', 'ner': 'GPE'}, {'word': '中', 'ner': 'GPE'}, {'word': '港', 'ner': 'GPE'}, {'word': '澳', 'ner': 'GPE'}, {'word': '美', 'ner': 'GPE'}, {'word': '日', 'ner': 'GPE'}]"
你去香港只要想到國泰就好其他還有快運大灣區,你(Nh)　去(VCL)　香港(Nc)　只要(Cbb)　想到(VE)　國泰(Nb)　就(D)　好(VH)　其他(Neqa)　還(D)　有(V_2)　快(D)　運(VC)　大灣區(Nc),"[{'word': '香港', 'ner': 'GPE'}, {'word': '國泰', 'ner': 'ORG'}, {'word': '快運大灣區', 'ner': 'LOC'}]"
來了,來(VA)　了(Di),[]
就是舊歌重唱,就是(D)　舊(VH)　歌(Na)　重唱(VC),[]
香港就是拿來塞飛機空檔的是要轉什麼,香港(Nc)　就是(Cbb)　拿來(VC)　塞(VC)　飛機(Na)　空檔(Na)　的(DE)　是(SHI)　要(D)　轉(VAC)　什麼(Nep),"[{'word': '香港', 'ner': 'GPE'}]"
我只能說這首歌被改得很微妙,我(Nh)　只(Da)　能(D)　說(VE)　這(Nep)　首(Nf)　歌(Na)　被(P)　改(VC)　得(DE)　很(Dfa)　微妙(VH),[]
粉絲喜歡就好,粉絲(Na)　喜歡(VK)　就(D)　好(VH),[]
結果我快轉,結果(Dk)　我(Nh)　快(D)　轉(VAC),[]
是星宇贊助重拍吧,是(SHI)　星宇(Nb)　贊助(VD)　重拍(VC)　吧(T),"[{'word': '星宇', 'ner': 'ORG'}]"
前後出現而已,前後(D)　出現(VH)　而已(T),[]
星宇這個行銷做的很好能擔任代言人也是她的榮幸這點閱率起碼破千萬次了下次去布拉格定就是要搭星宇了,星宇(Nb)　這(Nep)　個(Nf)　行銷(Na)　做(VC)　的(DE)　很(Dfa)　好(VH)　能(D)　擔任(VG)　代言人(Na)　也(D)　是(SHI)　她(Nh)　的(DE)　榮幸(Na)　這(Nep)　點閱率(Na)　起碼(Da)　破(VC)　千萬(Neu)　次(Nf)　了(T)　下(Nes)　次(Nf)　去(VCL)　布拉格定(Nc)　就是(D)　要(D)　搭(VC)　星宇(Nb)　了(T),"[{'word': '星宇', 'ner': 'ORG'}, {'word': '千萬', 'ner': 'CARDINAL'}, {'word': '布拉格', 'ner': 'PERSON'}, {'word': '星宇', 'ner': 'ORG'}]"
失望不好聽,失望(VH)　不(D)　好聽(VH),[]
私心認為隔壁的比較漂亮去完接著去,私心(Na)　認為(VE)　隔壁(Nc)　的(DE)　比較(Dfa)　漂亮(VH)　去(D)　完(VH)　接著(D)　去(VCL),[]
這波操作很猛但適可而止啦我不想以後換不到票,這(Nep)　波(Nf)　操作(Nv)　很(Dfa)　猛(VH)　但(Cbb)　適可而止(VH)　啦(T)　我(Nh)　不(D)　想(VE)　以後(Nd)　換(VC)　不(D)　到(VC)　票(Na),[]
新的曲風沒辦法聽完周董果然還是猛,新(VH)　的(DE)　曲風(Na)　沒辦法(VI)　聽完(VC)　周董(Nb)　果然(D)　還是(D)　猛(D),"[{'word': '周董', 'ner': 'PERSON'}]"
真的很強看了很想搭星宇去布拉格,真的(D)　很(Dfa)　強(VH)　看(VC)　了(Di)　很(Dfa)　想(VE)　搭(VC)　星宇(Na)　去(VCL)　布拉格(Nc),"[{'word': '星宇', 'ner': 'PERSON'}, {'word': '布拉格', 'ner': 'PERSON'}]"
月開航每周班,月(Na)　開航(VA)　每(Nes)　周(Nf)　班(Na),[]
月就要衝到每周班,月(Na)　就(D)　要(D)　衝到(VCL)　每(Nes)　周(Nf)　班(Na),[]
看來決心與華航硬碰硬,看來(D)　決心(VF)　與(P)　華航(Nc)　硬碰硬(VA),"[{'word': '華航', 'ner': 'ORG'}]"
星宇就是算準華航未來最多二十年都會缺長程機材,星宇(Nb)　就是(D)　算準(VE)　華航(Nc)　未來(Nd)　最多(Da)　二十(Neu)　年(Nf)　都(D)　會(D)　缺(VJ)　長程(A)　機材(Na),"[{'word': '星宇', 'ner': 'ORG'}, {'word': '華航', 'ner': 'ORG'}, {'word': '二十年', 'ner': 'DATE'}]"
有些航線勢必得拉掉,有(V_2)　些(Nf)　航線(Na)　勢必(D)　得(D)　拉掉(VC),[]
員工心情如何,員工(Na)　心情(Na)　如何(D),[]
拿來發給員工不是更好,拿來(VC)　發給(VD)　員工(Na)　不(D)　是(SHI)　更(D)　好(VH),[]
蔡依林代言費萬分給名員工人才請蔡依林加大營收動能以後分更多好嗎,蔡依林(Nb)　代言費(Na)　萬(Dfb)　分(Nf)　給(VD)　名(Nf)　員工(Na)　人才(Na)　請(VF)　蔡依林(Nb)　加大(VC)　營收(Na)　動能(Na)　以後(Ng)　分(VD)　更多(Neqa)　好(VH)　嗎(T),"[{'word': '蔡依林', 'ner': 'PERSON'}, {'word': '蔡依林', 'ner': 'PERSON'}]"
前陣子小紅書拍流行去布拉格廣場拍同款,前(Nes)　陣子(Nd)　小(VH)　紅書(Na)　拍(VC)　流行(VH)　去(VCL)　布拉格(Nc)　廣場(Nc)　拍(VC)　同(Nes)　款(Nf),"[{'word': '布拉格廣場', 'ner': 'FAC'}]"
航空版真的很多見識短淺的他航員工,航空版(Na)　真的(D)　很多(Neqa)　見識(Na)　短淺(VH)　的(DE)　他航(Nh)　員工(Na),[]
把行銷預算跟年終扯在起,把(P)　行銷(Na)　預算(Na)　跟(P)　年終(Nd)　扯(VC)　在起(VH),[]
難怪輩子只能當基層,難怪(D)　輩子(Na)　只(Da)　能(D)　當(VG)　基層(A),[]
也沒辦法到其他產業發展,也(D)　沒辦法(VI)　到(P)　其他(Neqa)　產業(Na)　發展(VC),[]
小那個叫遺產,小(VH)　那(Nep)　個(Nf)　叫(VG)　遺產(Na),[]
公司員工是能分喔,公司(Nc)　員工(Na)　是(SHI)　能(D)　分(VC)　喔(T),[]
阿發又不是你爹,阿發(Nb)　又(D)　不(D)　是(SHI)　你(Nh)　爹(Na),[]
其實到位的話他長程運能是增加的,其實(D)　到位(VA)　的話(Cba)　他(Nh)　長程(A)　運能(Na)　是(SHI)　增加(VHC)　的(Cba),[]
現存的不能直飛歐美勉強代打紐澳,現存(VC)　的(DE)　不能(D)　直飛(VCL)　歐美(Nc)　勉強(VF)　代打(VB)　紐(Nc)　澳(Nc),"[{'word': '歐', 'ner': 'LOC'}, {'word': '美', 'ner': 'GPE'}, {'word': '紐澳', 'ner': 'GPE'}]"
後面同時採購不知道是雙重保險還是真的想增加運力,後面(Ncd)　同時(Nd)　採購(VC)　不(D)　知道(VK)　是(SHI)　雙重(A)　保險(Na)　還是(D)　真的(D)　想(VE)　增加(VHC)　運力(Na),[]
會覺得他未來年都缺長程機大概是沒關心的購機計劃,會(D)　覺得(VK)　他(Nh)　未來(Nd)　年(Nf)　都(D)　缺(VJ)　長程機(A)　大概(D)　是(SHI)　沒(D)　關心(VK)　的(DE)　購機(Nv)　計劃(Na),"[{'word': '未來年', 'ner': 'DATE'}]"
目前就看台灣多喜歡去日本玩,目前(Nd)　就(D)　看(VE)　台灣(Nc)　多(D)　喜歡(VK)　去(VCL)　日本(Nc)　玩(VC),"[{'word': '台灣', 'ner': 'GPE'}, {'word': '日本', 'ner': 'GPE'}]"
台日線還能撐多久,台日線(Na)　還(D)　能(D)　撐(VC)　多久(Nd),"[{'word': '台', 'ner': 'GPE'}, {'word': '日', 'ner': 'GPE'}]"
不然就要回去靠貨運了,不然(Cbb)　就(D)　要(D)　回去(VA)　靠(VJ)　貨運(Na)　了(T),[]
畢竟御三家都再增加班次,畢竟(D)　御(Na)　三(Neu)　家(Nc)　都(D)　再(D)　增加(VHC)　班次(Na),"[{'word': '三', 'ner': 'CARDINAL'}]"
有競爭的航線已經再削價競爭,有(V_2)　競爭(Na)　的(DE)　航線(Na)　已經(D)　再(D)　削價(VA)　競爭(VA),[]
同區更多航點班次會稀釋票價,同(Nes)　區(Nc)　更多(Neqa)　航點(Na)　班次(Na)　會(D)　稀釋(VC)　票價(Na),[]
所有人都知道在酸什麼還要特別說,所有人(Na)　都(D)　知道(VK)　在(P)　酸(VH)　什麼(Nep)　還要(Dfa)　特別(VH)　說(VE),[]
理解障礙,理解(VK)　障礙(Na),[]
還是只有你星宇粉可以酸人很急,還是(D)　只有(Cbb)　你(Nh)　星宇粉(Na)　可以(D)　酸(VH)　人(Na)　很(Dfa)　急(VH),[]
公關嗎,公關(Na)　嗎(T),[]
笑死,笑死(VHC),[]
我是老了嗎,我(Nh)　是(SHI)　老(VH)　了(T)　嗎(T),[]
可以理解會有重製,可以(D)　理解(VK)　會(D)　有(V_2)　重製(VC),[]
但還是比較喜歡舊版的節奏,但(Cbb)　還是(D)　比較(Dfa)　喜歡(VK)　舊版(Na)　的(DE)　節奏(Na),[]
你是不是年終個月都不到所以特別敏感看到星宇就要刷員工年終幫聽完新版默默再打開舊版聽次,你(Nh)　是(SHI)　不(D)　是(SHI)　年終(Nd)　個(Nf)　月(Na)　都(D)　不(D)　到(VCL)　所以(Cbb)　特別(VH)　敏感(VH)　看到(VE)　星宇(Nb)　就(D)　要(D)　刷(VC)　員工(Na)　年終(Nd)　幫(P)　聽完(VC)　新版(Na)　默默(D)　再(D)　打開(VC)　舊版(Na)　聽(VE)　次(Nf),"[{'word': '年終個月', 'ner': 'DATE'}, {'word': '星宇', 'ner': 'ORG'}]"
喜歡舊版很正常,喜歡(VK)　舊版(Na)　很(Dfa)　正常(VH),[]
若要做回以前那樣好聽的陣容和質感,若要(Cbb)　做(VC)　回(VCL)　以前(Nd)　那樣(Dfa)　好聽(VH)　的(DE)　陣容(Na)　和(Caa)　質感(Na),[]
恐怕接下來幾年都發不出年終,恐怕(D)　接下來(D)　幾(Neu)　年(Nf)　都(D)　發(VC)　不(D)　出(VC)　年終(Nd),"[{'word': '幾年', 'ner': 'DATE'}]"
你可以回去領你爸媽退休金補你的不足個月,你(Nh)　可以(D)　回去(VA)　領(VC)　你(Nh)　爸(Na)　媽(Na)　退休金(Na)　補(VC)　你(Nh)　的(DE)　不足(VH)　個(Nf)　月(Na),[]
很有創意的行銷方式啊連這個都要酸,很(Dfa)　有(V_2)　創意(Na)　的(DE)　行銷(Na)　方式(Na)　啊(T)　連(Cbb)　這(Nep)　個(Nf)　都(D)　要(D)　酸(VH),[]
應該是羨慕星宇員工和樂融融的大家庭又有這麼帥的董,應該(D)　是(SHI)　羨慕(VJ)　星宇(Nb)　員工(Na)　和樂融融(VH)　的(DE)　大(VH)　家庭(Na)　又(D)　有(V_2)　這麼(Dfa)　帥(VH)　的(DE)　董(Nb),"[{'word': '星宇', 'ner': 'ORG'}]"
米蘭可以找周董,米蘭(Nc)　可以(D)　找(VC)　周董(Nb),"[{'word': '米蘭', 'ner': 'ORG'}]"
如果開航雅典,如果(Cbb)　開航(VA)　雅典(Nc),"[{'word': '雅典', 'ner': 'GPE'}]"
可以找蔡依林唱許願池的希臘少女倫敦可以找周杰倫唱大笨鐘,可以(D)　找(VC)　蔡依林(Nb)　唱(VC)　許願池(Nc)　的(DE)　希臘(Nc)　少女(Na)　倫敦(Nc)　可以(D)　找(VC)　周杰倫(Nb)　唱(VC)　大笨鐘(Na),"[{'word': '蔡依林', 'ner': 'PERSON'}, {'word': '許願池', 'ner': 'PERSON'}, {'word': '希臘', 'ner': 'NORP'}, {'word': '倫敦', 'ner': 'GPE'}, {'word': '周杰倫', 'ner': 'PERSON'}]"
蔡依林的代言費拿出來應該也發不了多少年終啦,蔡依林(Nb)　的(DE)　代言費(Na)　拿出來(VB)　應該(D)　也(D)　發不了(VD)　多少(Neqa)　年終(Nd)　啦(T),"[{'word': '蔡依林', 'ner': 'PERSON'}]"
這新的要不少錢,這(Nep)　新(VH)　的(DE)　要(D)　不少(Neqa)　錢(Na),[]
年輕人還知道是誰嗎,年輕人(Na)　還(D)　知道(VK)　是(SHI)　誰(Nh)　嗎(T),[]
點閱率,點閱率(Na),[]
華航是買了堆新飛機沒錯,華航(Nc)　是(SHI)　買(VC)　了(Di)　堆(Nf)　新(VH)　飛機(Na)　沒(D)　錯(Na),"[{'word': '華航', 'ner': 'ORG'}]"
但交貨只怕比還更拖這就是為何華航接下來除非採取應變處置,但(Cbb)　交貨(VA)　只(Da)　怕(VK)　比(P)　還(D)　更(Dfa)　拖(VC)　這(Nep)　就(D)　是(SHI)　為何(D)　華航(Nc)　接下來(D)　除非(Cbb)　採取(VC)　應變(VA)　處置(VC),"[{'word': '華航', 'ner': 'ORG'}]"
不然飛機荒躲不掉,不然(Cbb)　飛機荒(Na)　躲(VC)　不(D)　掉(VC),[]
能決定要不去歐洲玩的人知道是誰就夠了,能(D)　決定(VE)　要不(D)　去(VCL)　歐洲(Nc)　玩(VC)　的(DE)　人(Na)　知道(VK)　是(SHI)　誰(Nh)　就(D)　夠(VH)　了(T),"[{'word': '歐洲', 'ner': 'LOC'}]"
比舊版好聽,比(P)　舊版(Na)　好聽(VH),[]
拜託這這條老炸蝦不如發年終多點,拜託(VC)　這(Nep)　這(Nep)　條(Nf)　老(VH)　炸蝦(Na)　不如(VJ)　發(VD)　年終(Nd)　多點(Neqa),[]
年輕人怎麼可能不知道蔡依林,年輕人(Na)　怎麼(D)　可能(D)　不(D)　知道(VK)　蔡依林(Nb),"[{'word': '蔡依林', 'ner': 'PERSON'}]"
拜託好不好,拜託(VC)　好(VH)　不(D)　好(VH),[]
如果你的年輕的定義是歲以下的那當我沒說,如果(Cbb)　你(Nh)　的(DE)　年輕(VH)　的(DE)　定義(Na)　是(SHI)　歲(Nf)　以下(Ng)　的(DE)　那(Nep)　當(P)　我(Nh)　沒(D)　說(VE),[]
延續我前面的理論,延續(VJ)　我(Nh)　前面(Ncd)　的(DE)　理論(Na),[]
歲以下般也不能決定要不要去歐洲玩,歲(Nf)　以下(Ng)　般(Ng)　也(D)　不能(D)　決定(VE)　要不要(D)　去(VCL)　歐洲(Nc)　玩(VC),"[{'word': '歐洲', 'ner': 'LOC'}]"
現在星宇還沒開航直飛,現在(Nd)　星宇(Nb)　還(D)　沒(D)　開航(VA)　直飛(VCL),"[{'word': '星宇', 'ner': 'ORG'}]"
好奇是拿星宇的贊助來搭華航直飛到布拉格拍嗎,好奇(VH)　是(SHI)　拿(VC)　星宇(Nb)　的(DE)　贊助(Nv)　來(D)　搭(VC)　華航(Nc)　直飛(VCL)　到(P)　布拉格(Nc)　拍(VC)　嗎(T),"[{'word': '星宇', 'ner': 'ORG'}, {'word': '華航', 'ner': 'ORG'}, {'word': '布拉格', 'ner': 'GPE'}]"
跟當年樣蠢,跟(P)　當年(Nd)　樣(Ng)　蠢(VH),[]
飛機來航班開星宇發大財,飛機(Na)　來(VA)　航班(Na)　開(VC)　星宇(Na)　發(VC)　大(VH)　財(Na),[]
剛才收到通告,剛才(Nd)　收到(VC)　通告(Na),[]
星宇台中成田航線提早至起日日飛,星宇(Nb)　台中(Nc)　成田(Nc)　航線(Na)　提早(VL)　至(P)　起(Ng)　日日(D)　飛(VA),"[{'word': '星宇', 'ner': 'ORG'}, {'word': '台中', 'ner': 'GPE'}, {'word': '成田', 'ner': 'GPE'}, {'word': '日', 'ner': 'GPE'}, {'word': '日', 'ner': 'GPE'}]"
另外,另外(Cbb),[]
台中熊本航線起增至每週六班,台中(Nc)　熊本(Nc)　航線(Na)　起(Ng)　增至(VJ)　每(Nes)　週(Nf)　六(Neu)　班(Nf),"[{'word': '台中', 'ner': 'GPE'}, {'word': '熊本', 'ner': 'GPE'}]"
也就是說,也就是說(Dk),[]
開始星宇在台中每天都至少有八個班次,開始(VL)　星宇(Nb)　在(P)　台中(Nc)　每(Nes)　天(Nf)　都(D)　至少(Da)　有(V_2)　八(Neu)　個(Nf)　班次(Na),"[{'word': '星宇', 'ner': 'ORG'}, {'word': '台中', 'ner': 'GPE'}, {'word': '八', 'ner': 'CARDINAL'}]"
開始則是每天最多有九個班次,開始(VH)　則(D)　是(SHI)　每(Nes)　天(Nf)　最多(Da)　有(V_2)　九(Neu)　個(Nf)　班次(Na),"[{'word': '九', 'ner': 'CARDINAL'}]"
實在是賺翻啦,實在(D)　是(SHI)　賺翻(VH)　啦(T),[]
統整星宇在台中班次數量如下以今年暑假期間班次為主,統整(VC)　星宇(Nb)　在(P)　台中(Nc)　班次(Na)　數量(Na)　如下(VK)　以(P)　今年(Nd)　暑假(Nd)　期間(Na)　班次(Na)　為主(VI),"[{'word': '星宇', 'ner': 'ORG'}, {'word': '台中', 'ner': 'GPE'}, {'word': '今年', 'ner': 'DATE'}]"
沖繩每週班,沖繩(Nc)　每(Nes)　週班(Nf),"[{'word': '沖繩', 'ner': 'GPE'}]"
澳門每週班,澳門(Nc)　每(Nes)　週(Nf)　班(Na),"[{'word': '澳門', 'ner': 'GPE'}]"
神戶每週班,神戶(Nc)　每(Nes)　週班(Nf),"[{'word': '神戶', 'ner': 'PERSON'}]"
成田每週班,成田(Nc)　每(Nes)　週(Nf)　班(Na),"[{'word': '成田', 'ner': 'GPE'}]"
熊本每週班,熊本(Nc)　每(Nes)　週班(Nf),"[{'word': '熊本', 'ner': 'PERSON'}]"
高松每週班,高松(Nb)　每(Nes)　週班(Nf),"[{'word': '高松', 'ner': 'PERSON'}]"
宮古每週班,宮古(Na)　每(Nes)　週班(Nf),"[{'word': '宮古', 'ner': 'ORG'}]"
釜山每週班起開航,釜山(Nc)　每(Nes)　週班(Nf)　起(Ng)　開航(VA),"[{'word': '釜山', 'ner': 'GPE'}]"
富國每週班,富國(Nb)　每(Nes)　週班(Nf),"[{'word': '富國', 'ner': 'GPE'}]"
峴港每週班起停航,峴港(Nc)　每(Nes)　週班(Nf)　起(Ng)　停航(VH),"[{'word': '峴港', 'ner': 'GPE'}]"
來源網址,來源(Na)　網址(Na),[]
台中發大財,台中(Nc)　發(VC)　大(VH)　財(Na),"[{'word': '台中', 'ner': 'GPE'}]"
時間帶都不錯,時間帶(Na)　都(D)　不錯(VH),[]
希望星宇開台中清邁曼谷謝謝,希望(VK)　星宇(Nb)　開(VC)　台中(Nc)　清邁(Nc)　曼谷(Nc)　謝謝(VJ),"[{'word': '台中', 'ner': 'GPE'}, {'word': '清邁', 'ner': 'GPE'}, {'word': '曼谷', 'ner': 'GPE'}]"
可惜台中無法停寬體機,可惜(VH)　台中(Nc)　無法(D)　停(VHC)　寬體(Na)　機(Na),"[{'word': '台中', 'ner': 'GPE'}]"
成田用寬體機飛效益比較高,成田用(A)　寬體機(Na)　飛(VA)　效益(Na)　比較(Dfa)　高(VH),"[{'word': '成田', 'ner': 'GPE'}]"
台中全靠團客撐,台中(Nc)　全(Neqa)　靠(P)　團客(Na)　撐(VC),"[{'word': '台中', 'ner': 'GPE'}]"
就不用吹什麼可惜不能用廣體機了,就(D)　不用(D)　吹(VC)　什麼(Nep)　可惜(VH)　不能(D)　用(VC)　廣體機(Na)　了(T),[]
也不靠團客真的有散客別忘了之前只用在飛就算可以換也不可能,也(D)　不(D)　靠(P)　團客(Na)　真的(D)　有(V_2)　散客(Na)　別(D)　忘(VK)　了(Di)　之前(Ng)　只(Da)　用(VC)　在(P)　飛(VA)　就算(Cbb)　可以(D)　換(VC)　也(D)　不可能(D),[]
中彰投很多人啊南苗栗北雲林,中彰投(Nc)　很多(Neqa)　人(Na)　啊(T)　南(Ncd)　苗栗(Nc)　北(Ncd)　雲林(Nc),"[{'word': '中彰投', 'ner': 'GPE'}, {'word': '南苗栗', 'ner': 'GPE'}, {'word': '雲林', 'ner': 'GPE'}]"
長知識原來台中機場沒有人自由行都去桃機了,長(VH)　知識(Na)　原來(D)　台中(Nc)　機場(Nc)　沒有(VJ)　人(Na)　自由行(VA)　都(D)　去(VCL)　桃機(Nc)　了(T),"[{'word': '台中機場', 'ner': 'FAC'}, {'word': '桃機', 'ner': 'GPE'}]"
過年超喜歡從台中飛耶,過年(VA)　超(Dfa)　喜歡(VK)　從(P)　台中(Nc)　飛(VA)　耶(T),"[{'word': '台中', 'ner': 'GPE'}]"
不過還是看票價,不過(Cbb)　還是(D)　看(VC)　票價(Na),[]
開個盤子價然後現在賣不動的那個,開(VC)　個(Nf)　盤子(Na)　價(Na)　然後(D)　現在(Nd)　賣不動(VC)　的(DE)　那(Nep)　個(Nf),[]
靠團客撐就是沒有散客喔,靠(VJ)　團客(Na)　撐(VC)　就(D)　是(SHI)　沒有(VJ)　散客(Na)　喔(T),[]
厲害喔這邏輯,厲害(VH)　喔(T)　這(Nep)　邏輯(Na),[]
賣不動還增班,賣不動(VC)　還(D)　增班(VJ),[]
反正有旅行社啊,反正(D)　有(V_2)　旅行社(Nc)　啊(T),[]
台飛機三個團就吃掉半位置,台(Nc)　飛機(Na)　三(Neu)　個(Nf)　團(Na)　就(D)　吃掉(VC)　半(Neqa)　位置(Na),"[{'word': '三', 'ner': 'CARDINAL'}, {'word': '半', 'ner': 'CARDINAL'}]"
其實停外坪,其實(D)　停(VHC)　外(Nc)　坪(Nf),[]
巴士運送過去也不行,巴士(Na)　運送(VC)　過去(VA)　也(D)　不行(VH),[]
拜託開曼谷,拜託(VC)　開(VC)　曼谷(Nc),"[{'word': '曼谷', 'ner': 'GPE'}]"
五樓數據哪裡來的可以證明都團客,五樓(Nc)　數據(Na)　哪裡(Ncd)　來(VA)　的(DE)　可以(D)　證明(VE)　都團客(Na),"[{'word': '五', 'ner': 'CARDINAL'}]"
不就是太搶手位置不夠才增班的嗎,不(D)　就(Cbb)　是(SHI)　太(Dfa)　搶手(VH)　位置(Na)　不(D)　夠(VH)　才(Da)　增班(VJ)　的(T)　嗎(T),[]
現在天飛兩班了位置比架還多了,現在(Nd)　天(Nb)　飛(VA)　兩(Neu)　班(Nf)　了(Di)　位置(Na)　比(P)　架(Nf)　還(D)　多(VH)　了(Di),"[{'word': '兩', 'ner': 'CARDINAL'}]"
不就證明客源夠可以用廣體飛只是台中目前無法停泊類客機,不(D)　就(D)　證明(VE)　客源(Na)　夠(VH)　可以(D)　用(P)　廣體飛(VH)　只是(D)　台中(Nc)　目前(Nd)　無法(D)　停泊(VA)　類(Nf)　客機(Na),"[{'word': '台中', 'ner': 'GPE'}]"
好喔位置不夠,好(VH)　喔(T)　位置(Na)　不(D)　夠(VH),[]
開賣時台中成田,開賣(VA)　時(Ng)　台中(Nc)　成田(Nc),"[{'word': '台中', 'ner': 'GPE'}]"
不夠到現在是去年搭的時候是三團團客,不(D)　夠(VH)　到(P)　現在(Nd)　是(SHI)　去年(Nd)　搭(VC)　的(DE)　時候(Na)　是(SHI)　三(Neu)　團(Nf)　團客(Na),"[{'word': '去年', 'ner': 'DATE'}, {'word': '三', 'ner': 'CARDINAL'}]"
你覺得這樣多不多確實散客算多的啦,你(Nh)　覺得(VK)　這樣(VH)　多(VH)　不(D)　多(VH)　確實(VH)　散客(Na)　算(VG)　多(VH)　的(T)　啦(T),[]
但直接趴在地上,但(Cbb)　直接(VH)　趴(VA)　在(P)　地(Na)　上(Ncd),[]
我去年七月搭神戶只有後面團團客,我(Nh)　去年(Nd)　七月(Nd)　搭(VC)　神戶(Nc)　只(Da)　有(V_2)　後面團(Ncd)　團客(Na),"[{'word': '去年七月', 'ner': 'DATE'}]"
全機滿載,全(Neqa)　機(Na)　滿載(VC),[]
票價低不太表賣的不好,票價(Na)　低(VH)　不(D)　太(Dfa)　表(VE)　賣(VD)　的(DE)　不(D)　好(VH),[]
我票價買萬四千多,我(Nh)　票價(Na)　買(VC)　萬四千多(Neu),"[{'word': '四千多', 'ner': 'CARDINAL'}]"
買完過幾天看還變萬三千多,買完(VC)　過(Di)　幾(Neu)　天(Nf)　看(VC)　還(D)　變(VG)　萬(Neu)　三千多(Neu),"[{'word': '過幾天', 'ner': 'DATE'}, {'word': '三千多', 'ner': 'CARDINAL'}]"
所以票價低代表賣不好,所以(Cbb)　票價(Na)　低(VH)　代表(Na)　賣(VD)　不(D)　好(VH),[]
這邏輯,這(Nep)　邏輯(Na),[]
神邏輯原來推限時促銷機票賣不動全都靠團客那桃園高雄的各家傳統航空與廉航推新年促銷是不是也都代表全都靠團客在苦撐乾脆大家都收起來好了,神(Na)　邏輯(Na)　原來(D)　推(VC)　限時(D)　促銷(VC)　機票(Na)　賣不動(VC)　全(Neqa)　都(D)　靠(VJ)　團客(Na)　那(Dk)　桃園(Nc)　高雄(Nc)　的(DE)　各(Nes)　家(Nf)　傳統(VH)　航空(Na)　與(Caa)　廉航(Nc)　推(VC)　新年(Nd)　促銷(VC)　是(SHI)　不(D)　是(SHI)　也(D)　都(D)　代表(VK)　全(Neqa)　都(D)　靠(P)　團客(Na)　在(P)　苦撐(VC)　乾脆(VH)　大家(Nh)　都(D)　收(VC)　起來(Di)　好了(T),"[{'word': '桃園高雄', 'ner': 'GPE'}, {'word': '新年', 'ner': 'DATE'}]"
都團客的數據哪來的先說清楚,都團客(D)　的(DE)　數據(Na)　哪來(D)　的(DE)　先(D)　說清楚(VC),[]
還是只靠你的眼睛看,還是(D)　只(Da)　靠(P)　你(Nh)　的(DE)　眼睛(Na)　看(VC),[]
講得是沖繩和東京現在拖出來救援,講(VE)　得(DE)　是(SHI)　沖繩(Nc)　和(Caa)　東京(Nc)　現在(Nd)　拖出來(VC)　救援(VC),"[{'word': '沖繩', 'ner': 'GPE'}, {'word': '東京', 'ner': 'GPE'}]"
好有趣,好(Dfa)　有趣(VH),[]
邏輯最神不就是你,邏輯(Na)　最(Dfa)　神(VH)　不(D)　就(Cbb)　是(SHI)　你(Nh),[]
你限時促銷多久了啊,你(Nh)　限時(D)　促銷(VC)　多久(Dfa)　了(T)　啊(T),[]
每次清票還在那邊吹星宇對台中有心,每(Nes)　次(Nf)　清(VA)　票(Na)　還(D)　在(P)　那邊(Ncd)　吹(VC)　星宇(Na)　對(P)　台中(Nc)　有心(VL),"[{'word': '星宇', 'ner': 'PERSON'}, {'word': '台中', 'ner': 'GPE'}]"
怎麼不看他賣的比出發貴上多少,怎麼(D)　不(D)　看(VC)　他(Nh)　賣(VD)　的(DE)　比(P)　出發(VA)　貴上(VH)　多少(Neqa),[]
好啊要提就說呀,好(VH)　啊(T)　要(D)　提(VE)　就(D)　說(VE)　呀(T),[]
剛開始時還大鎖夥伴票,剛(D)　開始(VH)　時(Ng)　還(D)　大鎖(VC)　夥伴(Na)　票(Na),[]
現在也陸續放出來,現在(Nd)　也(D)　陸續(D)　放出來(VB),[]
加上長期促銷,加上(Cbb)　長期(Na)　促銷(VC),[]
明顯在調整零售策略還是你要學把那個理解為對台中很有心,明顯(VH)　在(P)　調整(VC)　零售(Nv)　策略(Na)　還是(D)　你(Nh)　要(D)　學(VC)　把(P)　那(Nep)　個(Nf)　理解為(VG)　對(P)　台中(Nc)　很(Dfa)　有心(VL),"[{'word': '台中', 'ner': 'GPE'}]"
七月本來就大旺季,七月(Nd)　本來(D)　就(D)　大(VH)　旺季(Nd),"[{'word': '七月', 'ner': 'DATE'}]"
問題暑期前價格就上不去啊還是你家生意只做暑假,問題(Na)　暑期(Nd)　前(Ng)　價格(Na)　就(D)　上(VCL)　不(D)　去(VCL)　啊(T)　還是(Caa)　你(Nh)　家(Nc)　生意(Na)　只(Da)　做(VC)　暑假(Nd),"[{'word': '暑期前', 'ner': 'DATE'}]"
你是投機虎航嗎,你(Nh)　是(SHI)　投機(VH)　虎航(Nb)　嗎(T),[]
讚喔終於不用跑到遠遠的桃園,讚(VH)　喔(T)　終於(D)　不用(D)　跑到(VCL)　遠遠的(VH)　桃園(Nc),"[{'word': '桃園', 'ner': 'GPE'}]"
星宇提供最新硬體與最好的精品服務機票貴點也很合理台中現在還有其他航空公司像星宇這麼有心的嗎,星宇(Nb)　提供(VD)　最(Dfa)　新(VH)　硬體(Na)　與(Caa)　最(Dfa)　好(VH)　的(DE)　精品(Na)　服務(VC)　機票(Na)　貴(VH)　點(Dfb)　也(D)　很(Dfa)　合理(VH)　台中(Nc)　現在(Nd)　還(D)　有(V_2)　其他(Neqa)　航空(Na)　公司(Nc)　像(VG)　星宇(Nb)　這麼(Dfa)　有心(VL)　的(T)　嗎(T),"[{'word': '星宇', 'ner': 'ORG'}, {'word': '台中', 'ner': 'GPE'}, {'word': '星宇', 'ner': 'ORG'}]"
貴點省去桃園的車資台中同事狂喜,貴(VH)　點(Dfb)　省去(VJ)　桃園(Nc)　的(DE)　車資(Na)　台中(Nc)　同事(Na)　狂喜(VH),"[{'word': '桃園', 'ner': 'GPE'}, {'word': '台中', 'ner': 'GPE'}]"
精品服務,精品(Na)　服務(VC),[]
不要笑死最新硬體也是剛好新加入而已還是星宇計畫年後飛機老了要降價,不要(D)　笑死(VHC)　最(Dfa)　新(VH)　硬體(Na)　也(D)　是(SHI)　剛好(Da)　新(D)　加入(VC)　而已(T)　還是(D)　星宇(Na)　計畫(Na)　年(Nd)　後(Ng)　飛機(Na)　老(VH)　了(Di)　要(D)　降價(VH),"[{'word': '星宇', 'ner': 'ORG'}, {'word': '年後', 'ner': 'DATE'}]"
對了,對了(VH),[]
提醒下,提醒(VE)　下(Ng),[]
星宇這次促銷雖然公告適用日期到,星宇(Nb)　這(Nep)　次(Nf)　促銷(Nv)　雖然(Cbb)　公告(VE)　適用(VJ)　日期(Na)　到(P),"[{'word': '星宇', 'ner': 'ORG'}]"
但是很有心的把台中成田暑假票價都降囉,但是(Cbb)　很(Dfa)　有心(VL)　的(DE)　把(P)　台中(Nc)　成田(Nc)　暑假(Nd)　票價(Na)　都(D)　降(VC)　囉(T),"[{'word': '台中', 'ner': 'GPE'}, {'word': '成田', 'ner': 'GPE'}]"
台中超讚生活品質越來越好,台中(Nc)　超讚(Dfa)　生活(Na)　品質(Na)　越來越(Dfa)　好(VH),"[{'word': '台中', 'ner': 'GPE'}]"
你說貴,你(Nh)　說(VE)　貴(Nes),[]
現在又說價格上不去,現在(Nd)　又(D)　說(VE)　價格(Na)　上(Ng)　不(D)　去(D),[]
你知道你自己在說什麼嗎,你(Nh)　知道(VK)　你(Nh)　自己(Nh)　在(P)　說(VE)　什麼(Nep)　嗎(T),[]
為了酸而酸,為了(P)　酸(VH)　而(Caa)　酸(VH),[]
那你知道你在說什麼嗎,那(Dk)　你(Nh)　知道(VK)　你(Nh)　在(P)　說(VE)　什麼(Nep)　嗎(T),[]
為了護航台中而護航,為了(P)　護航(VB)　台中(Nc)　而(Cbb)　護航(VB),[]
台中成田如果真如你所說供不應求,台中(Nc)　成田(Nb)　如果(Cbb)　真(Na)　如(P)　你(Nh)　所(D)　說(VE)　供不應求(VH),"[{'word': '台中', 'ner': 'GPE'}, {'word': '成田', 'ner': 'GPE'}]"
有何降價的道理,有(V_2)　何(Nes)　降價(VH)　的(DE)　道理(Na),[]
你以為真的佛心公司,你(Nh)　以為(VE)　真的(D)　佛心(Na)　公司(Nc),[]
不求賺錢,不(D)　求(VC)　賺錢(VA),[]
供給方希望價高,供給方(Na)　希望(VK)　價(Na)　高(VH),[]
消費者希望價低,消費者(Na)　希望(VK)　價(Na)　低(VH),[]
不同立場不同思維天經地義,不同(VH)　立場(Na)　不同(VH)　思維(Na)　天經地義(VH),[]
你既然主張台中散客多,你(Nh)　既然(Cbb)　主張(VE)　台中(Nc)　散客(Na)　多(VH),"[{'word': '台中', 'ner': 'GPE'}]"
那你怎麼解釋台中票價不升反降,那(Dk)　你(Nh)　怎麼(D)　解釋(VE)　台中(Nc)　票價(Na)　不(D)　升(VA)　反(D)　降(VC),"[{'word': '台中', 'ner': 'GPE'}]"
就是真實大眾不買單這個價格嘛從二月初促銷到現在都月底了,就(D)　是(SHI)　真實(VH)　大眾(Nh)　不(D)　買單(VA)　這(Nep)　個(Nf)　價格(Na)　嘛(T)　從(P)　二月(Nd)　初(Ng)　促銷(VC)　到(P)　現在(Nd)　都(D)　月底(Nd)　了(T),"[{'word': '二月初', 'ner': 'DATE'}, {'word': '月底', 'ner': 'DATE'}]"
價格還是卡在那邊,價格(Na)　還是(D)　卡在(VK)　那邊(Ncd),[]
是星宇真的那麼有心嗎,是(SHI)　星宇(Na)　真的(D)　那麼(D)　有心(VL)　嗎(T),[]
還是你就是要護航台中好棒,還是(Caa)　你(Nh)　就(D)　是(SHI)　要(D)　護航(VB)　台中(Nc)　好棒(Na),"[{'word': '台中', 'ner': 'GPE'}]"
我嫌貴,我(Nh)　嫌(VK)　貴(VH),[]
你不嫌貴可以去買啊,你(Nh)　不(D)　嫌(VK)　貴(VH)　可以(D)　去(D)　買(VC)　啊(T),[]
大家都去買,大家(Nh)　都(D)　去(D)　買(VC),[]
星宇發大財,星宇(Nb)　發(VC)　大(VH)　財(Na),"[{'word': '星宇', 'ner': 'ORG'}]"
可惜好像大家不買單,可惜(VH)　好像(D)　大家(Nh)　不(D)　買單(VA),[]
說好的黃金航線呢,說(VE)　好(VH)　的(DE)　黃金(Na)　航線(Na)　呢(T),[]
機票定幅度降價反而代表在搶攻自由行旅客好嘛說實在有真的多低嘛大概也就對標長榮開春促銷而已本來就主打讓台灣花樣錢可以從台中飛,機票(Na)　定(VC)　幅度(Na)　降價(VH)　反而(Cbb)　代表(VK)　在(P)　搶攻(VCL)　自由行(VA)　旅客(Na)　好(VH)　嘛(T)　說(VE)　實在(D)　有(V_2)　真的(D)　多(Dfa)　低(VH)　嘛(T)　大概(D)　也(D)　就(D)　對標(P)　長榮(Nb)　開春(Nd)　促銷(VC)　而已(T)　本來(D)　就(D)　主打(VC)　讓(VL)　台灣(Nc)　花樣(Na)　錢(Na)　可以(D)　從(P)　台中(Nc)　飛(VA),"[{'word': '榮開春', 'ner': 'PERSON'}, {'word': '台灣', 'ner': 'GPE'}, {'word': '台中', 'ner': 'GPE'}]"
至於暑假這不算促銷吧只是放超值票出來而已但要當促銷也可以畢竟暑假間春季旅展促銷都不定有,至於(P)　暑假(Nd)　這(Nep)　不(D)　算(VG)　促銷(VC)　吧(T)　只是(D)　放(VC)　超值票(Na)　出來(VA)　而已(T)　但(Cbb)　要(D)　當(VG)　促銷(VC)　也(D)　可以(D)　畢竟(D)　暑假(Nd)　間(Ng)　春季(Nd)　旅展(Na)　促銷(VC)　都(D)　不定(D)　有(V_2),[]
你整天社團吹星宇對台中有心,你(Nh)　整(Neqa)　天(Nf)　社團(Na)　吹(VC)　星宇(Na)　對(P)　台中(Nc)　有心(VL),"[{'word': '台中', 'ner': 'GPE'}]"
怎麼你又說很低嗎既然就只是符號市場供需,怎麼(D)　你(Nh)　又(D)　說(VE)　很(Dfa)　低(VH)　嗎(T)　既然(Cbb)　就(D)　只(Da)　是(SHI)　符號(Na)　市場(Nc)　供需(Na),[]
有心在哪裡,有心(VL)　在(P)　哪裡(Ncd),[]
各取所需罷了搶攻自由行旅客,各(D)　取(VC)　所(D)　需(VK)　罷了(T)　搶攻(VCL)　自由行(VA)　旅客(Na),[]
賣了整個月票價卡在那邊,賣(VD)　了(Di)　整(Neqa)　個(Nf)　月(Na)　票價(Na)　卡在(Na)　那邊(Ncd),[]
請問是還是來飛,請問(VE)　是(SHI)　還是(D)　來(D)　飛(VA),[]
座位多到號稱黃金航線的旅客填不滿,座位(Na)　多(D)　到(P)　號稱(VG)　黃金(Na)　航線(Na)　的(DE)　旅客(Na)　填(VC)　不滿(VK),[]
就正常釋放而已對台灣很有吸引力但真的沒殺到流血他如果像高雄聯合之前殺到以下就對全台灣都有吸引力了,就(D)　正常(VH)　釋放(VC)　而已(Cbb)　對(P)　台灣(Nc)　很(Dfa)　有(V_2)　吸引力(Na)　但(Cbb)　真的(D)　沒(D)　殺到(VCL)　流血(VA)　他(Nh)　如果(Cbb)　像(P)　高雄(Nc)　聯合(VC)　之前(Ng)　殺到(VCL)　以下(Ncd)　就(D)　對(P)　全(Neqa)　台灣(Nc)　都(D)　有(V_2)　吸引力(Na)　了(T),"[{'word': '台灣', 'ner': 'GPE'}, {'word': '高雄', 'ner': 'GPE'}, {'word': '台灣', 'ner': 'GPE'}]"
你之前說台中是金雞母,你(Nh)　之前(Ng)　說(VE)　台中(Nc)　是(SHI)　金(Na)　雞母(Na),"[{'word': '台中', 'ner': 'GPE'}]"
怎麼連灌飽自己都做不到,怎麼(D)　連(D)　灌飽(VC)　自己(Nh)　都(D)　做不(VC)　到(VC),[]
如果真的那麼有吸引力,如果(Cbb)　真的(D)　那麼(D)　有(V_2)　吸引力(Na),[]
請問價格為什麼上不去,請問(VE)　價格(Na)　為什麼(D)　上(VCL)　不(D)　去(VA),[]
好啦你開心就好反正星宇有賺到錢台灣又感謝星宇照顧台中兩邊都開心這樣就夠了至於酸民反正做再多也是繼續酸,好(VH)　啦(T)　你(Nh)　開心(VH)　就(D)　好(VH)　反正(D)　星宇(Nb)　有(V_2)　賺到(VC)　錢(Na)　台灣(Nc)　又(D)　感謝(VK)　星宇(Nb)　照顧(VC)　台中(Nc)　兩(Neu)　邊(Ncd)　都(D)　開心(VH)　這樣(VH)　就(D)　夠(VH)　了(T)　至於(P)　酸民(Na)　反正(D)　做(VC)　再(D)　多(VH)　也(D)　是(SHI)　繼續(VF)　酸(VH),"[{'word': '星宇', 'ner': 'ORG'}, {'word': '台灣', 'ner': 'GPE'}, {'word': '星宇', 'ner': 'ORG'}, {'word': '台中', 'ner': 'GPE'}, {'word': '兩', 'ner': 'CARDINAL'}]"
有趣,有趣(VH),[]
我是重複你說的話啊,我(Nh)　是(SHI)　重複(VC)　你(Nh)　說(VE)　的(DE)　話(Na)　啊(T),[]
金雞母航線結果就這樣這邊哪裡酸星宇了,金雞母(Na)　航線(Na)　結果(Na)　就(D)　這樣(VH)　這邊(Ncd)　哪裡(Ncd)　酸(VH)　星宇(Na)　了(T),[]
星宇很務實的好嗎,星宇(Nb)　很(Dfa)　務實(VH)　的(DE)　好(VH)　嗎(T),"[{'word': '星宇', 'ner': 'ORG'}]"
不務實的是那些把台中吹成超級熱門航點的,不(D)　務實(VH)　的(DE)　是(SHI)　那些(Neqa)　把(P)　台中(Nc)　吹成(VG)　超級(A)　熱門(VH)　航點(Na)　的(DE),"[{'word': '台中', 'ner': 'GPE'}]"
你開心就好不是金雞母不賺錢的航線會開航半個月班次馬上增加快倍,你(Nh)　開心(VH)　就(D)　好(VH)　不(D)　是(SHI)　金(Na)　雞母(Na)　不(D)　賺錢(VA)　的(DE)　航線(Na)　會(D)　開航(VA)　半(Neqa)　個(Nf)　月(Na)　班次(Na)　馬上(D)　增加(VHC)　快(VH)　倍(Na),"[{'word': '半個月', 'ner': 'DATE'}]"
星宇又不是笨蛋講完了,星宇(Nb)　又(D)　不(D)　是(SHI)　笨蛋(Na)　講完(VC)　了(Di),"[{'word': '星宇', 'ner': 'PERSON'}]"
加油,加油(VB),[]
厲害,厲害(VH),[]
大賺錢的航線促銷個月了票價還卡在那邊,大(VH)　賺錢(VA)　的(DE)　航線(Na)　促銷(VC)　個(Nf)　月(Na)　了(Di)　票價(Na)　還(D)　卡在(VK)　那邊(Ncd),[]
只好拿原本就規劃好的每日班來說嘴,只好(D)　拿(VC)　原本(D)　就(D)　規劃好(VC)　的(DE)　每日班(Na)　來(D)　說嘴(VA),[]
不愧黃金台灣星宇又不是笨蛋,不愧(D)　黃金(Na)　台灣(Nc)　星宇(Na)　又(D)　不(D)　是(SHI)　笨蛋(Na),"[{'word': '台灣', 'ner': 'NORP'}]"
銷量很好還賣那麼低你以為沒事先規劃好,銷量(Na)　很(Dfa)　好(VH)　還(D)　賣(VD)　那麼(D)　低(VH)　你(Nh)　以為(VE)　沒(D)　事先(D)　規劃好(VC),[]
那馬上說加班就加班的嗎,那(Dk)　馬上(D)　說(VE)　加班(VA)　就(D)　加班(VA)　的(T)　嗎(T),[]
當成田航空站你家台中的廚房啊,當(P)　成田(Nc)　航空站(Nc)　你(Nh)　家(Nf)　台中(Nc)　的(DE)　廚房(Nc)　啊(T),"[{'word': '成田航空站', 'ner': 'FAC'}, {'word': '台中', 'ner': 'GPE'}]"
笑死平常愛亂講話到別人都不想理他結果這次踢到鐵板,笑死(VHC)　平常(Nd)　愛(VL)　亂(D)　講話(VA)　到(P)　別人(Nh)　都(D)　不(D)　想(VE)　理(VJ)　他(Nh)　結果(Dk)　這(Nep)　次(Nf)　踢到(VC)　鐵板(Na),[]
以前台中飛成田華信的載客率好像都八成左右而已,以前(Nd)　台中(Nc)　飛(Nc)　成田(Nc)　華信(Nb)　的(DE)　載客率(Na)　好像(D)　都(D)　八成(Neqa)　左右(Ng)　而已(T),"[{'word': '台中', 'ner': 'GPE'}, {'word': '成田華信', 'ner': 'ORG'}, {'word': '八成', 'ner': 'CARDINAL'}]"
眼紅仔喔,眼紅仔(Na)　喔(T),[]
笑死,笑死(VHC),[]
星宇是突然宣布台中飛成田於開航,星宇(Nb)　是(SHI)　突然(D)　宣布(VE)　台中(Nc)　飛(VA)　成田(Nc)　於(P)　開航(VA),"[{'word': '星宇', 'ner': 'ORG'}, {'word': '台中', 'ner': 'GPE'}, {'word': '成田', 'ner': 'GPE'}]"
但月想飛成田的旅客,但(Cbb)　月(Na)　想(VE)　飛(VA)　成田(Nc)　的(DE)　旅客(Na),"[{'word': '成田', 'ner': 'GPE'}]"
多半早已購買其他航空公司的機票,多半(Neqa)　早已(D)　購買(VC)　其他(Neqa)　航空(Na)　公司(Nc)　的(DE)　機票(Na),[]
因此初期票況較為保守,因此(Cbb)　初期(Nd)　票況(Na)　較為(Dfa)　保守(VH),[]
才會降價促銷,才(Da)　會(D)　降價(VH)　促銷(VC),[]
至於台中成田市場需求是否穩定,至於(P)　台中(Nc)　成田(Nc)　市場(Nc)　需求(Na)　是否(D)　穩定(VHC),"[{'word': '台中', 'ner': 'GPE'}, {'word': '成田', 'ner': 'GPE'}]"
可觀察月以後的票價走勢與載客表現,可(D)　觀察(VE)　月(Na)　以後(Ng)　的(DE)　票價(Na)　走勢(Na)　與(Caa)　載客(Nv)　表現(Na),"[{'word': '月', 'ner': 'DATE'}]"
才能準確判斷,才(Da)　能(D)　準確(VH)　判斷(VE),[]
笑死,笑死(VHC),[]
除了嗆眼紅還有什麼招,除了(P)　嗆(VH)　眼紅(VH)　還(Caa)　有(V_2)　什麼(Nep)　招(Nf),[]
台中過往時代暑假載客率成淡季成,台中(Nc)　過往(Na)　時代(Na)　暑假(Nd)　載客率(Na)　成(VG)　淡季(Nd)　成(VG),"[{'word': '台中', 'ner': 'GPE'}]"
就算日本再夯,就算(Cbb)　日本(Nc)　再(D)　夯(VH),"[{'word': '日本', 'ner': 'GPE'}]"
確定廣體機能載的夠,確定(VK)　廣體機(Na)　能(D)　載(VC)　的(DE)　夠(VH),[]
是跟台中有什麼大仇啊,是(SHI)　跟(P)　台中(Nc)　有(V_2)　什麼(Nep)　大(VH)　仇(Na)　啊(T),"[{'word': '台中', 'ner': 'GPE'}]"
南部人,南部人(Na),[]
以後台中直飛成田就只有星宇有飛,以後(Nd)　台中(Nc)　直飛(VCL)　成田(Nc)　就(D)　只有(D)　星宇(Nb)　有(V_2)　飛(VA),"[{'word': '台中', 'ner': 'GPE'}, {'word': '成田', 'ner': 'GPE'}]"
而且時間帶還不錯,而且(Cbb)　時間帶(Na)　還(D)　不錯(VH),[]
穩妥妥賺錢航線,穩妥妥(VH)　賺錢(Nv)　航線(Na),[]
穩賺啊,穩(VH)　賺(VC)　啊(T),[]
但穩賺和金雞母換廣體機是兩回事第年確實會因為可能已經購買台北出發,但(Cbb)　穩(VH)　賺(VC)　和(Caa)　金(Na)　雞母(Na)　換(VC)　廣體機(Na)　是(SHI)　兩回事(Na)　第(Neu)　年(Nf)　確實(D)　會(D)　因為(Cbb)　可能(D)　已經(D)　購買(VC)　台北(Nc)　出發(VA),"[{'word': '兩', 'ner': 'CARDINAL'}, {'word': '第年', 'ner': 'DATE'}, {'word': '台北', 'ner': 'GPE'}]"
但暑假的票價也較開賣時低,但(Cbb)　暑假(Nd)　的(DE)　票價(Na)　也(D)　較(P)　開賣(VA)　時(Ng)　低(VH),[]
明顯市場受眾不接受盤子價,明顯(VH)　市場(Nc)　受眾(Na)　不(D)　接受(VC)　盤子價(Na),[]
不賺的航線會飛嗎,不(D)　賺(VC)　的(DE)　航線(Na)　會(D)　飛(VA)　嗎(T),[]
想太多啦,想(VE)　太多(VH)　啦(T),[]
接不接受盤子價等月出四月份載客率出來不就知道了,接不接受(VC)　盤子(Na)　價(Na)　等(P)　月(Na)　出(VC)　四月份(Nd)　載客率(Na)　出來(VA)　不(D)　就(D)　知道(VK)　了(T),"[{'word': '四月份', 'ner': 'DATE'}]"
當初開萬確實有點貴,當初(Nd)　開(VC)　萬(Neu)　確實(D)　有點(Dfa)　貴(VH),[]
現在只是回歸正常市場價格你卻說賣不好,現在(Nd)　只是(D)　回歸(VCL)　正常(VH)　市場(Nc)　價格(Na)　你(Nh)　卻(D)　說(VE)　賣(VD)　不(D)　好(VH),[]
所以桃園和高雄低於萬的都是賣不好,所以(Cbb)　桃園(Nc)　和(Caa)　高雄(Nc)　低於(VJ)　萬(Neu)　的(DE)　都(D)　是(SHI)　賣(VD)　不(D)　好(VH),"[{'word': '桃園', 'ner': 'GPE'}, {'word': '高雄', 'ner': 'GPE'}]"
謝謝你讓大家知道讀書真的很重要小孩的教育不能等,謝謝(VJ)　你(Nh)　讓(VL)　大家(Nh)　知道(VK)　讀書(VA)　真的(D)　很(Dfa)　重要(VH)　小孩(Na)　的(DE)　教育(Na)　不能(D)　等(VC),[]
好好笑喔你是學歷多高多厲害啦,好(VH)　好笑(VH)　喔(T)　你(Nh)　是(SHI)　學歷(Na)　多(Dfa)　高(VH)　多(Dfa)　厲害(VH)　啦(T),[]
賣不好就是賣不好啊,賣(VD)　不(D)　好(VH)　就(Cbb)　是(SHI)　賣(VD)　不(D)　好(VH)　啊(T),[]
不然賣的好價格為什麼不上揚,不然(Cbb)　賣(VD)　的(DE)　好(VH)　價格(Na)　為什麼(D)　不(D)　上揚(VH),[]
反正團客打底又不急,反正(D)　團客(Na)　打底(VA)　又(D)　不(D)　急(VH),[]
你們不是吹散客很多,你們(Nh)　不(D)　是(SHI)　吹散客(VC)　很多(Neqa),[]
多到價格都上不去,多(D)　到(P)　價格(Na)　都(D)　上(VA)　不(D)　去(VA),[]
讀書很重要,讀書(VA)　很(Dfa)　重要(VH),[]
記得好好示範給家裡孩子看,記得(VK)　好好(VH)　示範(VE)　給(P)　家(Nc)　裡(Ncd)　孩子(Na)　看(VC),[]
知恥近乎勇要美化載客率方式多的是啦,知恥近乎(VH)　勇(VH)　要(D)　美化(VC)　載客率(Na)　方式(Na)　多(VH)　的(DE)　是(SHI)　啦(T),[]
夥伴票趕快丟丟就好,夥伴票(Na)　趕快(D)　丟丟(VC)　就(D)　好(VH),[]
華航還不是灑堆團票出去拯救載客率,華航(Nc)　還不是(D)　灑(VC)　堆(Nf)　團票(Na)　出去(VA)　拯救(VC)　載客率(Na),"[{'word': '華航', 'ner': 'ORG'}]"
少賺點而已,少(VH)　賺(VC)　點(Nf)　而已(T),[]
航空業本來就和旅行社密切合作,航空業(Na)　本來(D)　就(D)　和(P)　旅行社(Nc)　密切(VH)　合作(VH),[]
怎麼好像是罪,怎麼(D)　好像(D)　是(SHI)　罪(Na),[]
可悲高雄仔嘻嘻,可悲(VH)　高雄仔(Na)　嘻嘻(D),"[{'word': '高雄', 'ner': 'NORP'}]"
開價真的太高了,開價(VJ)　真的(D)　太(Dfa)　高(VH)　了(T),[]
松山飛羽田黃金航線淡季大概左右而已,松山(Nc)　飛(VA)　羽田(Nb)　黃金(Na)　航線(Na)　淡季(Nd)　大概(D)　左右(Ng)　而已(T),"[{'word': '松山', 'ner': 'GPE'}, {'word': '羽田', 'ner': 'GPE'}]"
呵呵只能戰區域嗎,呵呵(D)　只(Da)　能(D)　戰(VC)　區域(Nc)　嗎(T),[]
我可不是高雄人喔黃金到用個都能在群裡面活下來,我(Nh)　可(D)　不(D)　是(SHI)　高雄人(Na)　喔(T)　黃金(Nb)　到(P)　用(VC)　個(Nf)　都(D)　能(D)　在(P)　群(Nf)　裡面(Ncd)　活下來(VH),"[{'word': '高雄人', 'ner': 'NORP'}]"
本來沒注意發現台中東京的團目前很像還蠻少最近大爆發的反而是澳門轉中國的團難怪起增班,本來(D)　沒(D)　注意(VK)　發現(VE)　台中(Nc)　東京(Nc)　的(DE)　團(Na)　目前(Nd)　很(Dfa)　像(VG)　還(D)　蠻(Dfa)　少(VH)　最近(Nd)　大(VH)　爆發(VJ)　的(T)　反而(Cbb)　是(SHI)　澳門(Nc)　轉(VC)　中國(Nc)　的(DE)　團(Na)　難怪(D)　起(Di)　增班(Nc),"[{'word': '台中東京', 'ner': 'GPE'}, {'word': '澳門', 'ner': 'GPE'}, {'word': '中國', 'ner': 'GPE'}]"
日本部分旅行團最夯的依舊是神戶行程組合搭配最多元,日本(Nc)　部分(Neqa)　旅行團(Na)　最(Dfa)　夯(VH)　的(DE)　依舊(D)　是(SHI)　神戶(Nc)　行程(Na)　組合(Nv)　搭配(VC)　最(Dfa)　多元(VH),"[{'word': '日本', 'ner': 'GPE'}, {'word': '神戶', 'ner': 'NORP'}]"
台中發大財,台中(Nc)　發(VC)　大(VH)　財(Na),"[{'word': '台中', 'ner': 'GPE'}]"
機場接送預備,機場(Nc)　接送(VC)　預備(VF),[]
所以你團客的數據哪裡來的,所以(Cbb)　你(Nh)　團客(Na)　的(DE)　數據(Na)　哪裡(Ncd)　來(VA)　的(DE),[]
直在東扯西扯迴避問題,直(D)　在(P)　東扯西扯(VA)　迴避(VC)　問題(Na),[]
是你要證明台中散客多到可換廣體機,是(SHI)　你(Nh)　要(D)　證明(VE)　台中(Nc)　散客(Na)　多(D)　到(VCL)　可(D)　換(VC)　廣體機(Na),"[{'word': '台中', 'ner': 'GPE'}]"
我需要證明啥,我(Nh)　需要(VK)　證明(VE)　啥(Nep),[]
你第句就說供不應求所以增班,你(Nh)　第(Neu)　句(Nf)　就(D)　說(VE)　供不應求(VH)　所以(Cbb)　增班(VJ),[]
那請問怎麼證明供不應求,那(Dk)　請問(VE)　怎麼(D)　證明(VE)　供不應求(VH),[]
票價完全看不出來呀,票價(Na)　完全(D)　看(VE)　不(D)　出來(VE)　呀(T),[]
還是你認為星宇無視供需法則,還是(Caa)　你(Nh)　認為(VE)　星宇(Na)　無視(VJ)　供需(Na)　法則(Na),[]
供不應求,供不應求(VH),[]
選擇降價,選擇(VC)　降價(VH),[]
董很務實的既無法證明供不應求,董(Nb)　很(Dfa)　務實(VH)　的(DE)　既(Cbb)　無法(D)　證明(VE)　供不應求(VH),[]
如何證明散客能撐起廣體機,如何(D)　證明(VE)　散客(Na)　能(D)　撐起(VC)　廣體機(Na),[]
促銷票價上不去賣不好都團客漲知識了,促銷(Nv)　票價(Na)　上(Ng)　不(D)　去(D)　賣(VD)　不(D)　好(VH)　都(D)　團客(Na)　漲(VH)　知識(Na)　了(T),[]
頭等艙哥來了,頭等艙哥(Na)　來(VA)　了(Di),[]
你供不應求需要促銷嗎,你(Nh)　供不應求(VH)　需要(VK)　促銷(VC)　嗎(T),[]
啾咪靠旅行社很丟臉嗎,啾咪(I)　靠(P)　旅行社(Nc)　很(Dfa)　丟臉(VH)　嗎(T),[]
除羽田外,除(P)　羽田(Nb)　外(Ng),[]
哪條航線沒團體客的靠你們這些鍵盤支持的還不如靠旅行社幫忙啦,哪(Nep)　條(Nf)　航線(Na)　沒(VJ)　團體客(Na)　的(DE)　靠(VJ)　你們(Nh)　這些(Neqa)　鍵盤(Na)　支持(VC)　的(DE)　還不如(Cbb)　靠(P)　旅行社(Nc)　幫忙(VC)　啦(T),[]
團客多是你說的我要證明什麼,團客(Na)　多(D)　是(SHI)　你(Nh)　說(VE)　的(DE)　我(Nh)　要(D)　證明(VE)　什麼(Nep),[]
讀書真的不能等,讀書(VA)　真的(D)　不能(D)　等(VC),[]
承認錯誤沒有很難,承認(VE)　錯誤(Na)　沒有(D)　很(Dfa)　難(VH),[]
沖繩也示範給你看天兩班了,沖繩(Nb)　也(D)　示範(VE)　給(P)　你(Nh)　看(VC)　天(Nc)　兩(Neu)　班(Nf)　了(T),"[{'word': '沖繩', 'ner': 'GPE'}, {'word': '兩', 'ner': 'CARDINAL'}]"
你還在撞牆,你(Nh)　還(D)　在(P)　撞(VC)　牆(Na),[]
讀書不能等是你吧,讀書(VA)　不能(D)　等(VC)　是(SHI)　你(Nh)　吧(T),[]
你學歷到底多高啊整天叫人讀書還是你是某單位高管喜歡整天教育別人,你(Nh)　學歷(Na)　到底(D)　多(Dfa)　高(VH)　啊(T)　整(Neqa)　天(Nf)　叫(VF)　人(Na)　讀書(VA)　還是(Caa)　你(Nh)　是(SHI)　某(Nes)　單位(Na)　高管(Na)　喜歡(VK)　整(Neqa)　天(Nf)　教育(VC)　別人(Nh),[]
不過我看應該都不是啦,不過(Cbb)　我(Nh)　看(VE)　應該(D)　都(D)　不(D)　是(SHI)　啦(T),[]
不然沒辦法閒的跟我樣,不然(Cbb)　沒辦法(VI)　閒(VH)　的(DE)　跟(P)　我(Nh)　樣(Ng),[]
我回成田廣體機不見得好,我(Nh)　回(VCL)　成田(Nc)　廣體機(Na)　不見得(D)　好(VH),"[{'word': '成田', 'ner': 'GPE'}]"
你直跳針沖繩兩班要幹嘛,你(Nh)　直(D)　跳針(VA)　沖繩(VA)　兩(Neu)　班(Nf)　要(D)　幹嘛(D),"[{'word': '沖繩', 'ner': 'GPE'}, {'word': '兩', 'ner': 'CARDINAL'}]"
成田有每日兩班嗎,成田(Nc)　有(V_2)　每(D)　日(Nf)　兩(Neu)　班(Nf)　嗎(T),"[{'word': '成田', 'ner': 'GPE'}, {'word': '兩', 'ner': 'CARDINAL'}]"
多看看上下文吧,多(D)　看看(VC)　上下文(Na)　吧(T),[]
遠端機坪巴士運過去,遠端(Nc)　機坪(Nc)　巴士(Na)　運(VB)　過去(VA),[]
被飛機擋路半小時起跳,被(P)　飛機(Na)　擋路(VA)　半(Neqa)　小時(Na)　起跳(VA),"[{'word': '半小時', 'ner': 'TIME'}]"
飛機到跑道也是半小時遠端機坪的飛機搭過次包你幹意滿分,飛機(Na)　到(P)　跑道(Na)　也(D)　是(SHI)　半(Neqa)　小時(Na)　遠端(Nc)　機坪(Nc)　的(DE)　飛機(Na)　搭(VC)　過(Di)　次(Nf)　包(VC)　你(Nh)　幹意(Na)　滿分(Na),"[{'word': '半小時', 'ner': 'TIME'}]"
想買年底台中東京的票,想(VE)　買(VC)　年底(Nd)　台中(Nc)　東京(Nc)　的(DE)　票(Na),"[{'word': '年底', 'ner': 'DATE'}, {'word': '台中東京', 'ner': 'GPE'}]"
趕快開賣啊啊啊啊,趕快(D)　開賣(VD)　啊(T)　啊(I)　啊(I)　啊(I),[]
搭過羽田金浦的遠端機坪,搭(VC)　過(Di)　羽田(Nb)　金浦(Nb)　的(DE)　遠端(Nc)　機坪(Nc),"[{'word': '羽田金浦', 'ner': 'GPE'}]"
下飛機後馬上就有接駁巴士,下(VA)　飛機(Na)　後(Ng)　馬上(D)　就(D)　有(V_2)　接駁(VC)　巴士(Na),[]
約分鐘即可抵達航站樓,約(Da)　分鐘(Nf)　即可(D)　抵達(VCL)　航站樓(Nc),"[{'word': '約分鐘', 'ner': 'TIME'}]"
可能因為機場規模較大,可能(D)　因為(Cbb)　機場(Nc)　規模(Na)　較(Dfa)　大(VH),[]
巴士調度與數量也相對充足,巴士(Na)　調度(VC)　與(Caa)　數量(Na)　也(D)　相對(VH)　充足(VH),[]
期待飛吉隆坡,期待(VK)　飛(VA)　吉隆坡(Nc),"[{'word': '吉隆坡', 'ner': 'GPE'}]"
大家歇息下我剛剛看四五月華航長榮也大概都是左右的票價甚至有些時段組合可以低於我是不是可以說華航長榮也是賣不好要靠團客還是是因爲其他兩家打價格戰還是其實五月就是淡季本來就不容易滿售呢,大家(Nh)　歇息(VA)　下(Ng)　我(Nh)　剛剛(D)　看(VE)　四五月(Nd)　華航(Nc)　長榮(Nb)　也(D)　大概(D)　都(D)　是(SHI)　左右(Ncd)　的(DE)　票價(Na)　甚至(D)　有(V_2)　些(Nf)　時段(Na)　組合(Na)　可以(D)　低於(VJ)　我(Nh)　是(SHI)　不(D)　是(SHI)　可以(D)　說(VE)　華航(Nc)　長榮(Nb)　也(D)　是(SHI)　賣(VD)　不(D)　好(VH)　要(D)　靠(P)　團客(Na)　還是(Caa)　是(SHI)　因爲(Cbb)　其他(Neqa)　兩(Neu)　家(Nf)　打(VC)　價格戰(Na)　還是(D)　其實(D)　五月(Nd)　就(D)　是(SHI)　淡季(Nd)　本來(D)　就(D)　不(D)　容易(VH)　滿售(VC)　呢(T),"[{'word': '四五月', 'ner': 'DATE'}, {'word': '華航', 'ner': 'ORG'}, {'word': '華航', 'ner': 'ORG'}, {'word': '兩', 'ner': 'CARDINAL'}, {'word': '五月', 'ner': 'DATE'}]"
為什麼台中增班有人要氣成這樣啊,為什麼(D)　台中(Nc)　增班(VJ)　有(V_2)　人(Na)　要(D)　氣成(VG)　這樣(VH)　啊(T),"[{'word': '台中', 'ner': 'GPE'}]"
現在有春節促銷耶,現在(Nd)　有(V_2)　春節(Nd)　促銷(VC)　耶(T),"[{'word': '春節', 'ner': 'DATE'}]"
反正虧錢是星宇的事啊,反正(D)　虧錢(VH)　是(SHI)　星宇(Na)　的(DE)　事(Na)　啊(T),"[{'word': '星宇', 'ner': 'ORG'}]"
多開幾班得利的是旅客,多(D)　開(VC)　幾(Neu)　班(Nf)　得利(VA)　的(DE)　是(SHI)　旅客(Na),[]
老朋友怎麼沒有出來啊,老朋友(Na)　怎麼(D)　沒有(D)　出來(VA)　啊(T),[]
奇怪,奇怪(VK),[]
誰增班在氣啊,誰(Nh)　增班(VJ)　在(P)　氣(VK)　啊(T),[]
不是說台中養不了廣體,不(D)　是(SHI)　說(VE)　台中(Nc)　養不了(VJ)　廣體(VH),"[{'word': '台中', 'ner': 'GPE'}]"
就群人瘋狂質疑,就(P)　群(Nf)　人(Na)　瘋狂(VH)　質疑(VE),[]
他促銷好事啊,他(Nh)　促銷(VC)　好事(Na)　啊(T),[]
是有人堅持台中超黃金航點,是(SHI)　有(V_2)　人(Na)　堅持(VK)　台中(Nc)　超(VJ)　黃金(Na)　航點(Na),"[{'word': '台中', 'ner': 'GPE'}]"
長榮華航都對不起台中,長榮(Nb)　華航(Nc)　都(D)　對不起(VJ)　台中(Nc),"[{'word': '長榮華航', 'ner': 'ORG'}, {'word': '台中', 'ner': 'GPE'}]"
怎麼票價上不來,怎麼(D)　票價(Na)　上(VA)　不(D)　來(VA),[]
身為台灣,身為(VG)　台灣(Nc),"[{'word': '台灣', 'ner': 'GPE'}]"
我倒是希望團客能別撐就別撐,我(Nh)　倒是(D)　希望(VK)　團客(Na)　能(D)　別(D)　撐(VC)　就(D)　別(D)　撐(VC),[]
這樣才有便宜機票可以買嗚嗚嗚,這樣(VH)　才(Da)　有(V_2)　便宜(VH)　機票(Na)　可以(D)　買(VC)　嗚嗚嗚(I),[]
現在光團客就坐滿了,現在(Nd)　光團客(Da)　就(D)　坐滿(VC)　了(Di),[]
票價都好貴,票價(Na)　都(D)　好(Dfa)　貴(VH),[]
桃園成田從去年開始低價都在上下,桃園(Nc)　成田(Nc)　從(P)　去年(Nd)　開始(Ng)　低價(Na)　都(D)　在(P)　上下(Ncd),"[{'word': '桃園', 'ner': 'GPE'}, {'word': '成田', 'ner': 'GPE'}, {'word': '去年', 'ner': 'DATE'}]"
國泰甚至,國泰(Nb)　甚至(D),[]
不太懂你提的用意,不(D)　太(Dfa)　懂(VK)　你(Nh)　提(VE)　的(DE)　用意(Na),[]
是告訴大家賣很好,是(SHI)　告訴(VE)　大家(Nh)　賣(VD)　很(Dfa)　好(VH),[]
華航長榮,華航(Nc)　長榮(Nb),"[{'word': '華航', 'ner': 'ORG'}, {'word': '長榮', 'ner': 'ORG'}]"
還是星宇,還是(Caa)　星宇(Na),[]
為什麼我翻都是上下還有誤解了什麼嗎,為什麼(D)　我(Nh)　翻(VA)　都(D)　是(SHI)　上下(Ncd)　還(D)　有(V_2)　誤解(VK)　了(Di)　什麼(Nep)　嗎(T),[]
我說有特定組合低於,我(Nh)　說(VE)　有(V_2)　特定(A)　組合(Na)　低於(VJ),[]
這跟有互相抵觸嗎,這(Nep)　跟(P)　有(V_2)　互相(D)　抵觸(VC)　嗎(T),[]
根據酷魚大的數據,根據(P)　酷(VH)　魚(Na)　大(VH)　的(DE)　數據(Na),[]
成田載客率大概都有成,成田(Nc)　載客率(Na)　大概(D)　都(D)　有成(VH),"[{'word': '成田', 'ner': 'GPE'}]"
我是想說這樣可以代表賣不好,我(Nh)　是(SHI)　想(VE)　說(VE)　這樣(VH)　可以(D)　代表(VK)　賣(VD)　不(D)　好(VH),[]
還是團客多,還是(D)　團客(Na)　多(VH),[]
是啊,是(SHI)　啊(T),[]
你找不到,你(Nh)　找(VC)　不(D)　到(VC),[]
代表賣很好呀,代表(VK)　賣(VD)　很(Dfa)　好(VH)　呀(T),[]
現主時今天看到長榮進行中的開工促銷月底前桃園成田就是最低粉專把這價格歸類在推薦,現主時(Nd)　今天(Nd)　看到(VE)　長榮(Nb)　進行(VC)　中(Ng)　的(DE)　開工(VH)　促銷(VC)　月底(Nd)　前(Ng)　桃園(Nc)　成田(Nc)　就(Cbb)　是(SHI)　最(Dfa)　低(VH)　粉專(Nc)　把(P)　這(Nep)　價格(Na)　歸類(VJ)　在(P)　推薦(VC),"[{'word': '今天', 'ner': 'DATE'}, {'word': '長榮', 'ner': 'ORG'}, {'word': '月底前', 'ner': 'DATE'}, {'word': '桃園', 'ner': 'GPE'}, {'word': '成田', 'ner': 'GPE'}]"
幾乎不賣團客的我看載客率也不差但我也買過的來回機票,幾乎(Da)　不(D)　賣(VD)　團客(Na)　的(DE)　我(Nh)　看(VE)　載客率(Na)　也(D)　不(D)　差(VH)　但(Cbb)　我(Nh)　也(D)　買(VC)　過(Di)　的(DE)　來回(Nv)　機票(Na),[]
還是我可以因為機票價格不到武斷的說都是靠團客機票賣不好啦好像也不是這樣吧,還是(D)　我(Nh)　可以(D)　因為(Cbb)　機票(Na)　價格(Na)　不(D)　到(P)　武斷(VH)　的(DE)　說(VE)　都(D)　是(SHI)　靠(P)　團客(Na)　機票(Na)　賣(VD)　不(D)　好(VH)　啦(T)　好像(D)　也(D)　不(D)　是(SHI)　這樣(VH)　吧(T),[]
去年月就開始促銷到今年月的票價,去年(Nd)　月(Na)　就(D)　開始(VL)　促銷(VC)　到(P)　今年(Nd)　月(Na)　的(DE)　票價(Na),"[{'word': '去年月', 'ner': 'DATE'}, {'word': '今年月', 'ner': 'DATE'}]"
如果現在還和去年樣的價格,如果(Cbb)　現在(Nd)　還(D)　和(P)　去年(Nd)　樣(Na)　的(DE)　價格(Na),"[{'word': '去年', 'ner': 'DATE'}]"
那才是真的賣不好了,那(Nep)　才(Da)　是(SHI)　真的(D)　賣(VD)　不(D)　好(T)　了(T),[]
叫賣很好嗎,叫賣(VC)　很(Dfa)　好(VH)　嗎(T),[]
現主時看華航長榮訂位都成喔不要再打臉了好嗎,現主(Nd)　時(Ng)　看(VC)　華航(Nc)　長榮(Nb)　訂位(VA)　都(D)　成(VH)　喔(T)　不要(D)　再(D)　打臉(VB)　了(Di)　好(VH)　嗎(T),"[{'word': '華航', 'ner': 'ORG'}]"
這麼厲害,這麼(D)　厲害(VH),[]
那你能告訴我目前台中成田多少嗎,那(Dk)　你(Nh)　能(D)　告訴(VE)　我(Nh)　目前(Nd)　台中(Nc)　成田(Nc)　多少(Neqa)　嗎(T),"[{'word': '台中', 'ner': 'GPE'}]"
既然看得到統計數據,既然(Cbb)　看(VE)　得(DE)　到(VE)　統計(Na)　數據(Na),[]
那就麻煩了,那(Dk)　就(D)　麻煩(VHC)　了(T),[]
非常感謝您的分享,非常(Dfa)　感謝(VK)　您(Nh)　的(DE)　分享(Nv),[]
論團客與票價的關係,論(P)　團客(Na)　與(Caa)　票價(Na)　的(DE)　關係(Na),[]
報告大人我剛剛用的組合星宇台中華航所以我得到的結論是華航賣不好要多賣團客嗎,報告(VE)　大人(Na)　我(Nh)　剛剛(D)　用(VC)　的(DE)　組合(Na)　星宇(Nc)　台中(Nc)　華航(Nc)　所以(Cbb)　我(Nh)　得到(VJ)　的(DE)　結論(Na)　是(SHI)　華航(Nc)　賣(VD)　不(D)　好(VH)　要(D)　多(D)　賣(VD)　團客(Na)　嗎(T),"[{'word': '星宇台中華航', 'ner': 'ORG'}, {'word': '華航', 'ner': 'ORG'}]"
這麼想看我的數據是華航主管嗎,這麼(D)　想(VE)　看(VC)　我(Nh)　的(DE)　數據(Na)　是(SHI)　華航(Nc)　主管(Na)　嗎(T),"[{'word': '華航', 'ner': 'ORG'}]"
發個內部公告就指稱我有內應洩密,發(VD)　個(Di)　內部(Ncd)　公告(Na)　就(D)　指稱(VE)　我(Nh)　有(V_2)　內應(Na)　洩密(VA),[]
我好像沒找過華航員工幫忙要機密欸以上節目華航主管,我(Nh)　好像(D)　沒(D)　找(VC)　過(Di)　華航(Nc)　員工(Na)　幫忙(VC)　要(VC)　機密(Na)　欸(I)　以上(Ncd)　節目(Na)　華航(Nc)　主管(Na),"[{'word': '華航', 'ner': 'ORG'}, {'word': '華航', 'ner': 'ORG'}]"
你好敏感欸,你(Nh)　好(Dfa)　敏感(VH)　欸(I),[]
問個數據就說人主管,問(VE)　個(Nf)　數據(Na)　就(D)　說(VE)　人(Na)　主管(Na),[]
是有多神秘,是(SHI)　有(V_2)　多(Dfa)　神秘(VH),[]
我沒說您喔謝謝我下面有括號麻煩看清楚不要自己亂對號入座,我(Nh)　沒(D)　說(VE)　您(Nh)　喔(T)　謝謝(VJ)　我(Nh)　下面(Ncd)　有(V_2)　括號(Na)　麻煩(Na)　看清楚(VC)　不要(D)　自己(Nh)　亂(VH)　對號(VA)　入座(VA),[]
台中飛東京比較貴不是很正常嗎,台中(Nc)　飛(VA)　東京(Nc)　比較(Dfa)　貴(VH)　不(D)　是(SHI)　很(Dfa)　正常(VH)　嗎(T),"[{'word': '台中', 'ner': 'GPE'}, {'word': '東京', 'ner': 'GPE'}]"
台中不就是賣你個方便,台中(Nc)　不(D)　就(Cbb)　是(SHI)　賣(VD)　你(Nh)　個(DE)　方便(VH),"[{'word': '台中', 'ner': 'GPE'}]"
台中如果賣到跟台北樣價格,台中(Nc)　如果(Cbb)　賣(VD)　到(P)　跟(P)　台北(Nc)　樣(Na)　價格(Na),"[{'word': '台中', 'ner': 'GPE'}, {'word': '台北', 'ner': 'GPE'}]"
這才好笑吧,這(Nep)　才(Da)　好笑(VH)　吧(T),[]
你說要打人臉,你(Nh)　說(VE)　要(D)　打(VC)　人臉(Na),[]
怎麼直顧左右而言他,怎麼(D)　直(D)　顧左右而言他(VA),[]
提了然後又叫人別對號入座,提(VE)　了(Di)　然後(D)　又(D)　叫(VF)　人(Na)　別(D)　對號(VA)　入座(VA),[]
是有沒有要討論台中票價比台北票價高能代表甚麼,是(SHI)　有沒有(D)　要(D)　討論(VE)　台中(Nc)　票價(Na)　比(P)　台北(Nc)　票價(Na)　高(VH)　能(D)　代表(VK)　甚麼(Nep),"[{'word': '台中', 'ner': 'GPE'}, {'word': '台北', 'ner': 'GPE'}]"
你要說我團票論述不足呀,你(Nh)　要(D)　說(VE)　我(Nh)　團票(Na)　論述(Na)　不足(VH)　呀(T),[]
所以你認同台中養得起廣體機嗎,所以(Cbb)　你(Nh)　認同(VJ)　台中(Nc)　養得起(VC)　廣體機(Na)　嗎(T),"[{'word': '台中', 'ner': 'GPE'}]"
還是你只是想說你專業,還是(Caa)　你(Nh)　只是(D)　想(VE)　說(VE)　你(Nh)　專業(VH),[]
有數據,有(V_2)　數據(Na),[]
然後沒有要討論,然後(D)　沒有(D)　要(D)　討論(VE),[]
閣下開戰方是您我拿數據論述的過程好像沒有跟您討論廣體積吧,閣下(Nh)　開戰(VB)　方(D)　是(SHI)　您我(Nh)　拿(VC)　數據(Na)　論述(Na)　的(DE)　過程(Na)　好像(D)　沒有(D)　跟(P)　您(Nh)　討論(VE)　廣體積(VH)　吧(T),[]
再來開頭是您說星宇開盤子價賣不好靠團課還降價到小民只是拿桃園他航票價數據給您看表示季節性的問題別人打價格戰好像這些消費市場行為也是正常之舉然後您現在又說代表什麼,再來(D)　開頭(VA)　是(SHI)　您(Nh)　說(VE)　星宇(Nb)　開盤子(VA)　價(Na)　賣(VD)　不(D)　好(VH)　靠(P)　團課(Na)　還(D)　降價(VH)　到(P)　小民(Na)　只是(D)　拿(VC)　桃園(Nc)　他航(Nh)　票價(Na)　數據(Na)　給(VD)　您(Nh)　看(VE)　表示(VE)　季節性(Na)　的(DE)　問題(Na)　別人(Nh)　打(VC)　價格戰(Na)　好像(D)　這些(Neqa)　消費(Na)　市場(Nc)　行為(Na)　也(D)　是(SHI)　正常(VH)　之(DE)　舉(Na)　然後(D)　您(Nh)　現在(Nd)　又(D)　說(VE)　代表(VK)　什麼(Nep),"[{'word': '星宇', 'ner': 'ORG'}, {'word': '桃園他航', 'ner': 'ORG'}]"
從頭到尾質疑別人的不是您嗎,從頭到尾(D)　質疑(VE)　別人(Nh)　的(DE)　不(D)　是(SHI)　您(Nh)　嗎(T),[]
還有我佩服您的空閒想必是時間很多可以戰個下午都有餘裕這種成功的人士我想出行應該不用看價格想買什麼就有閒情逸致您說是吧草民自嘆不如告退,還(D)　有(V_2)　我(Nh)　佩服(VJ)　您(Nh)　的(DE)　空閒(Nv)　想必(D)　是(SHI)　時間(Na)　很多(Neqa)　可以(D)　戰(VC)　個(Di)　下午(Nd)　都(D)　有(V_2)　餘裕(Na)　這(Nep)　種(Nf)　成功(VH)　的(DE)　人士(Na)　我(Nh)　想(VE)　出行(VA)　應該(D)　不用(D)　看(VC)　價格(Na)　想(VE)　買(VC)　什麼(Nep)　就(D)　有(V_2)　閒情逸致(Na)　您(Nh)　說(VE)　是(SHI)　吧(T)　草民(Na)　自嘆不如(VH)　告退(VA),"[{'word': '下午', 'ner': 'TIME'}]"
所以星宇不就賣跟長榮桃園成田樣價格了嗎跟桃園樣價錢加上又方便不用搭高鐵或趟塊機場接送還是新的不是或時間帶也好對台灣當然有定程度吸引力,所以(Cbb)　星宇(Nb)　不(D)　就(D)　賣(VD)　跟(P)　長榮(Nb)　桃園(Nc)　成田(Nc)　樣(Na)　價格(Na)　了(T)　嗎(T)　跟(P)　桃園(Nc)　樣(Na)　價錢(Na)　加上(Cbb)　又(D)　方便(VH)　不用(D)　搭(VC)　高鐵(Na)　或(Caa)　趟(Na)　塊(Nf)　機場(Nc)　接送(VC)　還是(D)　新(VH)　的(DE)　不是(D)　或(Caa)　時間帶(Na)　也好(T)　對(P)　台灣(Nc)　當然(D)　有(V_2)　定(VH)　程度(Na)　吸引力(Na),"[{'word': '星宇', 'ner': 'ORG'}, {'word': '桃園', 'ner': 'GPE'}, {'word': '台灣', 'ner': 'GPE'}]"
啥啊,啥(Nep)　啊(I),[]
都不討論下就跑了,都(D)　不(D)　討論(VE)　下(Ng)　就(D)　跑(VA)　了(Di),[]
指點二嘛有專業的人應該多分享些多長見識才是討論板嘛至於,指點(VE)　二(Neu)　嘛(T)　有(V_2)　專業(VH)　的(DE)　人(Na)　應該(D)　多(D)　分享(VJ)　些(Nf)　多(Dfa)　長(VH)　見識(Na)　才(Da)　是(SHI)　討論板(Na)　嘛(T)　至於(P),[]
你也知道這個價格很有競爭力,你(Nh)　也(D)　知道(VK)　這(Nep)　個(Nf)　價格(Na)　很(Dfa)　有(V_2)　競爭力(Na),[]
那你有想過為什麼賣個月他還在這價格嗎,那(Dk)　你(Nh)　有(V_2)　想(VE)　過(Di)　為什麼(D)　賣(VD)　個(Nf)　月(Na)　他(Nh)　還(D)　在(P)　這(Nep)　價格(Na)　嗎(T),[]
座位有多到這個程度嗎,座位(Na)　有(V_2)　多(D)　到(P)　這(Nep)　個(Nf)　程度(Na)　嗎(T),[]
當然提到的,當然(D)　提到(VE)　的(DE),[]
因為開賣晚,因為(Cbb)　開賣(VD)　晚(VH),[]
有些早已選擇其他方案,有些(Neqa)　早已(D)　選擇(VC)　其他(Neqa)　方案(Na),[]
也是因素之,也(D)　是(SHI)　因素(Na)　之(DE),[]
但如果台中像你說的那麼賺,但(Cbb)　如果(Cbb)　台中(Nc)　像(P)　你(Nh)　說(VE)　的(DE)　那麼(D)　賺(VC),"[{'word': '台中', 'ner': 'GPE'}]"
照理說應需求遠大於供給,照理(D)　說(VE)　應(D)　需求(Na)　遠(Dfa)　大(VJ)　於(P)　供給(VD),[]
可是看來不是,可是(Cbb)　看來(D)　不(D)　是(SHI),[]
台北飛成田票價通常是傳統航司最便宜的,台北(Nc)　飛(VA)　成田(Nc)　票價(Na)　通常(D)　是(SHI)　傳統(VH)　航司(Na)　最(Dfa)　便宜(VH)　的(DE),"[{'word': '台北', 'ner': 'GPE'}, {'word': '成田', 'ner': 'GPE'}]"
它用飛,它(Nh)　用(P)　飛(VA),[]
載客數座,載客(VA)　數(Neu)　座(Nf),[]
真是蠻屌的,真是(D)　蠻(Dfa)　屌(FW)　的(DE),[]
大家火氣不要那麼大,大家(Nh)　火氣(Na)　不要(D)　那麼(D)　大(VH),[]
火很大的幾位是星宇員工喔,火(Na)　很(Dfa)　大(VH)　的(DE)　幾(Neu)　位(Nf)　是(SHI)　星宇(Nc)　員工(Na)　喔(T),[]
這種文也能討論到爆,這(Nep)　種(Nf)　文(Na)　也(D)　能(D)　討論到(VE)　爆(VH),[]
星宇是流量王啊華航長榮飛機故障沒人在乎星宇有故障馬上會有人出來裝中立帶風向,星宇(Nb)　是(SHI)　流量王(Na)　啊(T)　華航(Nc)　長榮(Nb)　飛機(Na)　故障(VH)　沒(VJ)　人(Na)　在乎(VK)　星宇(Na)　有(V_2)　故障(VH)　馬上(D)　會(D)　有(V_2)　人(Na)　出來(VA)　裝(VC)　中立(VH)　帶(VC)　風向(Na),"[{'word': '星宇', 'ner': 'ORG'}, {'word': '華航', 'ner': 'ORG'}, {'word': '長榮', 'ner': 'ORG'}, {'word': '星宇', 'ner': 'ORG'}]"
還行啦這個版上酸很大的坨華航長榮航勤員工多的是連線裡面就有兩個是員工哩,還(D)　行(VH)　啦(T)　這(Nep)　個(Nf)　版(Na)　上(Ng)　酸(VH)　很(Dfa)　大(VH)　的(DE)　坨(Nf)　華航(Nc)　長榮(Nb)　航勤(Na)　員工(Na)　多(VH)　的(DE)　是(SHI)　連線(VB)　裡面(Ncd)　就(D)　有(V_2)　兩(Neu)　個(Nf)　是(SHI)　員工(Na)　哩(T),"[{'word': '華航', 'ner': 'ORG'}, {'word': '兩', 'ner': 'CARDINAL'}]"
的是不是不樣,的(DE)　是(SHI)　不(D)　是(SHI)　不樣(D),[]
星宇飛機故障被噴爆,星宇(Nb)　飛機(Na)　故障(VH)　被(P)　噴爆(VC),"[{'word': '星宇', 'ner': 'ORG'}]"
華航長榮飛機故障靜悄悄,華航(Nc)　長榮(Nb)　飛機(Na)　故障(VH)　靜悄悄(VH),"[{'word': '華航', 'ner': 'ORG'}, {'word': '長榮', 'ner': 'ORG'}]"
台中只有星宇飛幹嘛促銷,台中(Nc)　只有(Cbb)　星宇飛(Nb)　幹嘛(D)　促銷(VC),"[{'word': '台中', 'ner': 'GPE'}, {'word': '星宇飛', 'ner': 'PERSON'}]"
看這麼偏激其果然精采注意請避免使用供不應求這類字眼有人無法接受會跳針票價,看(VC)　這麼(D)　偏激(VH)　其(Nep)　果然(D)　精采(VH)　注意(VK)　請(VF)　避免(VE)　使用(VC)　供不應求(VH)　這(Nep)　類(Nf)　字眼(Na)　有(V_2)　人(Na)　無法(D)　接受(VC)　會(D)　跳針(VA)　票價(Na),[]
真厲害,真(D)　厲害(VH),[]
台中真的被星宇做起來,台中(Nc)　真的(D)　被(P)　星宇(Na)　做起來(VA),"[{'word': '台中', 'ner': 'GPE'}]"
之前從米國回台身為台灣選擇從仁川轉機到台中機場整個塞爆如果台中及桃機價差在來回高鐵票以內我會選台中飛,之前(Nd)　從(P)　米國(Nc)　回(VCL)　台(Nc)　身為(VG)　台灣(Nc)　選擇(VC)　從(P)　仁川(Nc)　轉機(Na)　到(VCL)　台中(Nc)　機場(Nc)　整(Neqa)　個(Nf)　塞爆(VC)　如果(Cbb)　台中(Nc)　及(Caa)　桃機(Na)　價差(Na)　在(P)　來回(VCL)　高鐵票(Na)　以內(Ng)　我(Nh)　會(D)　選(VC)　台中(Nc)　飛(VA),"[{'word': '米國', 'ner': 'GPE'}, {'word': '台', 'ner': 'GPE'}, {'word': '台灣', 'ner': 'GPE'}, {'word': '仁川', 'ner': 'GPE'}, {'word': '台中機場', 'ner': 'FAC'}, {'word': '台中', 'ner': 'GPE'}, {'word': '桃機', 'ner': 'GPE'}, {'word': '台中', 'ner': 'GPE'}]"
如果星宇做起來我也選台中飛,如果(Cbb)　星宇(Nb)　做起來(D)　我(Nh)　也(D)　選(VC)　台中(Nc)　飛(VA),"[{'word': '星宇', 'ner': 'ORG'}, {'word': '台中', 'ner': 'GPE'}]"
以前是沒有穩定的航班,以前(Nd)　是(SHI)　沒有(VJ)　穩定(VHC)　的(DE)　航班(Na),[]
保險起見選桃園,保險(Na)　起見(Cba)　選(VC)　桃園(Nc),"[{'word': '桃園', 'ner': 'GPE'}]"
把臺中做起來真的很猛厲害,把(P)　臺中(Nc)　做起來(D)　真的(D)　很(Dfa)　猛(VH)　厲害(VH),"[{'word': '臺中', 'ner': 'GPE'}]"
有商機才會直開新航線到底是在吵什麼,有(V_2)　商機(Na)　才(Da)　會(D)　直(D)　開(VC)　新(VH)　航線(Na)　到底(D)　是(SHI)　在(P)　吵(VC)　什麼(Nep),[]
畢竟飛機不能全放,畢竟(D)　飛機(Na)　不能(D)　全(Neqa)　放(VC),[]
要趁沒回來把台日線卡好,要(D)　趁(P)　沒(D)　回來(VA)　把(P)　台日線(Na)　卡好(VC),"[{'word': '台', 'ner': 'GPE'}, {'word': '日', 'ner': 'GPE'}]"
笑死只靠團客撐能飛到增班哪家旅行社這麼神,笑死(VHC)　只(Da)　靠(VJ)　團客(Na)　撐(VC)　能(D)　飛到(VCL)　增班(Nc)　哪(Nep)　家(Nf)　旅行社(Nc)　這麼(Dfa)　神(VH),[]
再多個曼谷,再(D)　多(Neqa)　個(Nf)　曼谷(Nc),"[{'word': '曼谷', 'ner': 'GPE'}]"
對中南部來說台中機票貴點也是划算,對(P)　中南部(Ncd)　來(D)　說(VE)　台中(Nc)　機票(Na)　貴(VH)　點(Dfb)　也(D)　是(SHI)　划算(VH),"[{'word': '台中', 'ner': 'GPE'}]"
中部而已吧,中部(Ncd)　而已(T)　吧(T),[]
南部去台中機場太麻煩了,南部(Ncd)　去(VCL)　台中(Nc)　機場(Nc)　太(Dfa)　麻煩(VHC)　了(T),"[{'word': '台中機場', 'ner': 'FAC'}]"
倒不如直接高鐵去桃園,倒不如(D)　直接(VH)　高鐵(Na)　去(VCL)　桃園(Nc),"[{'word': '桃園', 'ner': 'GPE'}]"
直接在高雄搭就好了上桃園幹嘛,直接(VH)　在(P)　高雄(Nc)　搭(VC)　就(D)　好(VH)　了(T)　上(VCL)　桃園(Nc)　幹嘛(D),"[{'word': '高雄', 'ner': 'GPE'}, {'word': '桃園', 'ner': 'GPE'}]"
航空公司又不是傻子有錢賺能當重點機場當然增班呀管你是團客是散客上座率有能賺錢才是重要的台中要飛廣體也不是不行,航空(Na)　公司(Nc)　又(D)　不(D)　是(SHI)　傻子(Na)　有(V_2)　錢(Na)　賺(VC)　能(D)　當(VG)　重點(Na)　機場(Nc)　當然(D)　增班(VJ)　呀(T)　管(VE)　你(Nh)　是(SHI)　團客(Na)　是(SHI)　散客(Na)　上座率(Na)　有(V_2)　能(D)　賺錢(VA)　才(Da)　是(SHI)　重要(VH)　的(DE)　台中(Nc)　要(D)　飛(VA)　廣體(VH)　也(D)　不(D)　是(SHI)　不行(VH),"[{'word': '台中', 'ner': 'GPE'}]"
弄個遠端機坪,弄(VC)　個(Nf)　遠端(Nc)　機坪(Nc),[]
在弄幾台接駁車就能飛了,在(P)　弄(VC)　幾(Neu)　台(Nf)　接駁車(Na)　就(D)　能(D)　飛(VA)　了(Di),[]
為什麼每次星宇新聞都有槓精,為什麼(D)　每(Nes)　次(Nf)　星宇(Nb)　新聞(Na)　都(D)　有(V_2)　槓精(Na),"[{'word': '星宇新聞', 'ner': 'WORK_OF_ART'}]"
住彰化到台中飛真的舒服太多了,住(VCL)　彰化(Nc)　到(VCL)　台中(Nc)　飛(VA)　真的(D)　舒服(VH)　太多(VH)　了(T),"[{'word': '彰化', 'ner': 'GPE'}, {'word': '台中', 'ner': 'GPE'}]"
這次從台中出發真的讚散客很多欸,這(Nep)　次(Nf)　從(P)　台中(Nc)　出發(VA)　真的(D)　讚(VC)　散客(Na)　很多(VH)　欸(I),"[{'word': '台中', 'ner': 'GPE'}]"
從台中飛兩次了,從(P)　台中(Nc)　飛(VA)　兩(Neu)　次(Nf)　了(T),"[{'word': '台中', 'ner': 'GPE'}, {'word': '兩', 'ner': 'CARDINAL'}]"
能夠不慌不忙早上出門搭機對旅遊品質很有幫助,能夠(D)　不慌不忙(VH)　早上(Nd)　出門(VA)　搭機(VA)　對(P)　旅遊(Nv)　品質(Na)　很(Dfa)　有(V_2)　幫助(Na),"[{'word': '早上', 'ner': 'TIME'}]"
厲害,厲害(VH),[]
該不會連機場都會超車高雄了,該(D)　不會(D)　連(Cbb)　機場(Nc)　都(D)　會(D)　超車(VA)　高雄(Nc)　了(T),"[{'word': '高雄', 'ner': 'GPE'}]"
我住潭子,我(Nh)　住(VCL)　潭子(Nc),"[{'word': '潭子', 'ner': 'PERSON'}]"
沒開車的話不覺得台中有多方便,沒(D)　開車(VA)　的話(DE)　不(D)　覺得(VK)　台中(Nc)　有(V_2)　多(Dfa)　方便(VH),"[{'word': '台中', 'ner': 'GPE'}]"
潭子目前還算是邊緣地帶,潭子(Nc)　目前(Nd)　還(D)　算是(VG)　邊緣(Nc)　地帶(Nc),"[{'word': '潭子', 'ner': 'GPE'}]"
交通便利性當然無法跟市區比,交通(Na)　便利性(Na)　當然(D)　無法(D)　跟(P)　市區(Nc)　比(VC),[]
台中都快湊齊韓國航空公司了,台中(Nc)　都(D)　快(D)　湊齊(VC)　韓國(Nc)　航空(Na)　公司(Nc)　了(T),"[{'word': '台中', 'ner': 'GPE'}, {'word': '韓國航空公司', 'ner': 'ORG'}]"
高雄不開車也只能騎機車啊,高雄(Nc)　不(D)　開車(VA)　也(D)　只(Da)　能(D)　騎(VC)　機車(Na)　啊(T),"[{'word': '高雄', 'ner': 'GPE'}]"
哪裡方便,哪裡(Ncd)　方便(VH),[]
搭計程車或叫機場接送當然越近的越方便越經濟啊,搭(VC)　計程車(Na)　或(Caa)　叫(VF)　機場(Nc)　接送(VC)　當然(D)　越(D)　近(VH)　的(DE)　越(D)　方便(VH)　越(D)　經濟(VH)　啊(T),[]
不過怎麼每次都堆台中要廣體要超車高雄的言論,不過(Cbb)　怎麼(D)　每(Nes)　次(Nf)　都(D)　堆(VC)　台中(Nc)　要(D)　廣體(VH)　要(D)　超車(VA)　高雄(Nc)　的(DE)　言論(Na),"[{'word': '台中', 'ner': 'GPE'}, {'word': '高雄', 'ner': 'GPE'}]"
要是高雄機場底下的文,要是(Cbb)　高雄(Nc)　機場(Nc)　底下(Ncd)　的(DE)　文(Na),"[{'word': '高雄機場', 'ner': 'FAC'}]"
早就說高雄養不起廣體機了然後叫我們要尊重航司決策,早(D)　就(D)　說(VE)　高雄(Nc)　養不起(VJ)　廣體機(Na)　了(T)　然後(D)　叫(VF)　我們(Nh)　要(D)　尊重(VJ)　航司(Na)　決策(Na),"[{'word': '高雄', 'ner': 'GPE'}]"
就個自嗨的在說而已哪來的堆人,就(D)　個(Nf)　自嗨(VE)　的(DE)　在(P)　說(VE)　而已(T)　哪來(D)　的(DE)　堆(Nf)　人(Na),[]
我是接近北屯的潭子,我(Nh)　是(SHI)　接近(VC)　北屯(Nb)　的(DE)　潭子(Nc),"[{'word': '北屯', 'ner': 'GPE'}]"
附近有火車站跟捷運,附近(Nc)　有(V_2)　火車站(Nc)　跟(Caa)　捷運(Na),[]
還是寧願去桃園,還是(D)　寧願(VK)　去(VCL)　桃園(Nc),"[{'word': '桃園', 'ner': 'GPE'}]"
選擇多又便宜,選擇(Na)　多(VH)　又(Caa)　便宜(VH),[]
般人講真的是自嗨但航空公司董事長講就不樣了這次主要是董建議要拓寬滑行道讓廣體機可以起降言下之意就是未來生意好的航線星宇未來也不排除拿廣體但前提是滑行道要拓寬不然就算航空公司有意願也沒用,般人(Na)　講(VE)　真的(D)　是(SHI)　自嗨(D)　但(Cbb)　航空(Na)　公司(Nc)　董事長(Na)　講(VE)　就(D)　不樣(VH)　了(T)　這(Nep)　次(Nf)　主要(D)　是(SHI)　董(Nb)　建議(VE)　要(D)　拓寬(VC)　滑行道(Na)　讓(VL)　廣體機(Na)　可以(D)　起降(VA)　言下之意(Na)　就(Cbb)　是(SHI)　未來(Nd)　生意(Na)　好(VH)　的(DE)　航線(Na)　星宇(Nb)　未來(Nd)　也(D)　不(D)　排除(VC)　拿(VC)　廣體(Na)　但(Cbb)　前提(Na)　是(SHI)　滑行道(Na)　要(D)　拓寬(VC)　不然(Cbb)　就算(Cbb)　航空(Na)　公司(Nc)　有(V_2)　意願(Na)　也(D)　沒用(VH),"[{'word': '星宇', 'ner': 'ORG'}]"
每次都有啊,每(Nes)　次(Nf)　都(D)　有(V_2)　啊(I),[]
說什麼遠端機坪可以用,說(VE)　什麼(Nep)　遠端(Nc)　機坪(Nc)　可以(D)　用(VC),[]
現在就應該搞起來,現在(Nd)　就(D)　應該(D)　搞(VA)　起來(Di),[]
然後中國很多航司都這麼搞之類的,然後(D)　中國(Nc)　很多(Neqa)　航司(Na)　都(D)　這麼(D)　搞(VC)　之類(Cab)　的(DE),"[{'word': '中國', 'ner': 'GPE'}]"
也不想想大家偏好廣體機就是因為他沒那麼擁擠,也(D)　不(D)　想想(VE)　大家(Nh)　偏好(VJ)　廣體機(Na)　就是(D)　因為(Cbb)　他(Nh)　沒(D)　那麼(D)　擁擠(VH),[]
想舒服不要像廉航樣,想(VE)　舒服(VH)　不要(D)　像(P)　廉航(Na)　樣(Ng),[]
結果挑個遠端機坪人員運送效率那麼低的接駁車,結果(Dk)　挑(VC)　個(Nf)　遠端(Nc)　機坪(Nc)　人員(Na)　運送(Nv)　效率(Na)　那麼(D)　低(VH)　的(DE)　接駁車(Nv),[]
有點顧此失彼而且廣體機得有複數條能串飛的高流量路線,有點(Dfa)　顧此失彼(VH)　而且(Cbb)　廣體機(Na)　得(D)　有(V_2)　複數(Na)　條(Nf)　能(D)　串飛(VC)　的(DE)　高流量(Na)　路線(Na),[]
還得考慮航程,還(D)　得(D)　考慮(VE)　航程(Na),[]
還有他航競爭狀況,還(D)　有(V_2)　他航(Na)　競爭(Na)　狀況(Na),[]
在星宇還沒穩定多條航線每日兩班的情況下,在(P)　星宇(Nb)　還(D)　沒(D)　穩定(VHC)　多(Neqa)　條(Nf)　航線(Na)　每(Nes)　日(Nf)　兩(Neu)　班(Nf)　的(DE)　情況(Na)　下(Ng),"[{'word': '星宇', 'ner': 'ORG'}, {'word': '兩', 'ner': 'CARDINAL'}]"
開廣體機然後減班,開(VC)　廣體機(Na)　然後(D)　減班(VJ),[]
這樣消費者更缺乏旅程安排的彈性吧,這樣(VH)　消費者(Na)　更(Dfa)　缺乏(VJ)　旅程(Na)　安排(VE)　的(DE)　彈性(Na)　吧(T),[]
而且廣體開下去,而且(Cbb)　廣體(Na)　開(VC)　下去(Di),[]
貴賓室直接爆炸台中貴賓室只能坐人,貴賓室(Nc)　直接(VH)　爆炸(VH)　台中(Nc)　貴賓室(Nc)　只(Da)　能(D)　坐(VA)　人(Na),"[{'word': '貴賓室', 'ner': 'FAC'}, {'word': '台中貴賓室', 'ner': 'FAC'}]"
而且會很擠,而且(Cbb)　會(D)　很(Dfa)　擠(VH),[]
等硬體能支援飛貴賓室早就擴建好了,等(Cab)　硬體(Na)　能(D)　支援(VC)　飛(VA)　貴賓室(Nc)　早(D)　就(D)　擴建好(VC)　了(Di),[]
期待今年高雄的航點看會不會加入高雄成田大亂鬥,期待(VK)　今年(Nd)　高雄(Nc)　的(DE)　航點(Na)　看(VC)　會不會(D)　加入(VC)　高雄(Nc)　成田(Nc)　大亂鬥(VH),"[{'word': '今年', 'ner': 'DATE'}, {'word': '高雄', 'ner': 'GPE'}, {'word': '高雄', 'ner': 'GPE'}]"
台中航肯定會給大點的貴賓室空間給星宇目前位是年前還只打算擺架時的規劃但現在月已經要投入第五架明顯跟當初計畫不同了所以董才喊要加快擴建,台中航(Nb)　肯定(VK)　會(D)　給(VD)　大(VH)　點(Na)　的(DE)　貴賓室(Nc)　空間(Na)　給(VD)　星宇(Nb)　目前(Nd)　位(Nf)　是(SHI)　年前(Nd)　還(D)　只(Da)　打算(VF)　擺(VA)　架(Na)　時(Ng)　的(DE)　規劃(Na)　但(Cbb)　現在(Nd)　月(Na)　已經(D)　要(D)　投入(VC)　第五(Neu)　架(Nf)　明顯(VH)　跟(P)　當初(Nd)　計畫(Na)　不同(VH)　了(T)　所以(Cbb)　董才(Nb)　喊(VE)　要(D)　加快(VHC)　擴建(VC),"[{'word': '台中航', 'ner': 'ORG'}, {'word': '星宇', 'ner': 'ORG'}, {'word': '年前', 'ner': 'DATE'}, {'word': '第五', 'ner': 'ORDINAL'}]"
不知道年底會賺多少,不(D)　知道(VK)　年底(Nd)　會(D)　賺(VC)　多少(Neqa),"[{'word': '年底', 'ner': 'DATE'}]"
股價開起來,股價(Na)　開(D)　起來(Di),[]
台中缺札幌跟仙台台中缺泰國新加坡,台中(Nc)　缺(VJ)　札幌(Nc)　跟(Caa)　仙台(Nc)　台中(Nc)　缺(VJ)　泰國(Nc)　新加坡(Nc),"[{'word': '台中', 'ner': 'GPE'}, {'word': '札幌', 'ner': 'GPE'}, {'word': '仙台', 'ner': 'GPE'}, {'word': '台中', 'ner': 'GPE'}, {'word': '泰國', 'ner': 'GPE'}, {'word': '新加坡', 'ner': 'GPE'}]"
中部主要是年輕人口很多,中部(Ncd)　主要(D)　是(SHI)　年輕(VH)　人口(Na)　很多(VH),[]
的和的其實跟窄體機樣擁擠了,的(DE)　和(VH)　的(DE)　其實(D)　跟(P)　窄體機(Na)　樣(Ng)　擁擠(VH)　了(Di),[]
台中星宇飛東京載客率定很高票價下來點就很好賣,台中(Nc)　星宇(Nb)　飛(VA)　東京(Nc)　載客率(Na)　定(VC)　很(Dfa)　高(VH)　票價(Na)　下來點(VA)　就(D)　很(Dfa)　好(VH)　賣(VD),"[{'word': '台中', 'ner': 'GPE'}, {'word': '星宇', 'ner': 'ORG'}, {'word': '東京', 'ner': 'GPE'}]"
開車近我絕對支持台中除非單人貴超過以上不然幾乎都會考慮台中,開車(VA)　近(Da)　我(Nh)　絕對(D)　支持(VC)　台中(Nc)　除非(Cbb)　單人(Na)　貴(VH)　超過(VJ)　以上(Ncd)　不然(Cbb)　幾乎(Da)　都(D)　會(D)　考慮(VE)　台中(Nc),"[{'word': '台中', 'ner': 'GPE'}, {'word': '台中', 'ner': 'GPE'}]"
又增班了,又(D)　增班(VJ)　了(T),[]
新聞來源日期,新聞(Na)　來源(Na)　日期(Na),[]
民視,民視(Nc),"[{'word': '民視', 'ner': 'ORG'}]"
新聞標題,新聞(Na)　標題(Na),[]
旅客注意,旅客(Na)　注意(VK),[]
星宇客機桃園起飛後掉頭折返接續航班下午出發,星宇(Nb)　客機(Na)　桃園(Nc)　起飛(VA)　後(Ng)　掉頭(VA)　折返(VCL)　接續(VJ)　航班(Na)　下午(Nd)　出發(VA),"[{'word': '星宇', 'ner': 'ORG'}, {'word': '桃園', 'ner': 'GPE'}, {'word': '下午', 'ner': 'TIME'}]"
內文,內文(Na),[]
班機,班機(Na),[]
原訂上午點分從桃園機場起飛,原訂(VE)　上午(Nd)　點分(Neqa)　從(P)　桃園(Nc)　機場(Nc)　起飛(VA),"[{'word': '上午點分', 'ner': 'TIME'}, {'word': '桃園機場', 'ner': 'FAC'}]"
前往東京成田機,前往(VCL)　東京(Nc)　成田(Nc)　機(Nc),"[{'word': '東京', 'ner': 'GPE'}, {'word': '成田機', 'ner': 'FAC'}]"
沒想到出發約小時就傳出問題,沒想到(D)　出發(VA)　約(Da)　小時(Na)　就(D)　傳出(VC)　問題(Na),[]
折返桃園機場降落,折返(VCL)　桃園(Nc)　機場(Nc)　降落(VA),"[{'word': '桃園機場', 'ner': 'FAC'}]"
接續航班將於下午再度飛往成田,接續(Nv)　航班(Na)　將(D)　於(P)　下午(Nd)　再度(D)　飛往(VCL)　成田(Nc),"[{'word': '下午', 'ner': 'TIME'}, {'word': '成田', 'ner': 'GPE'}]"
空港,空港(Nc),[]
據航跡圖顯示,據(P)　航跡圖(Na)　顯示(VK),[]
這架機型為空中巴士的飛機,這(Nep)　架(Nf)　機型(Na)　為(VG)　空中(Nc)　巴士(Na)　的(DE)　飛機(Na),"[{'word': '空中巴士', 'ner': 'PRODUCT'}]"
飛抵東北海域後,飛抵(VCL)　東北(Nc)　海域(Na)　後(Ng),"[{'word': '東北海域', 'ner': 'LOC'}]"
突然盤旋數圈飛行,突然(D)　盤旋(VA)　數(Neu)　圈(Nf)　飛行(VA),[]
放油,放(VC)　油(Na),[]
之後又在北部外海盤旋,之後(Nd)　又(D)　在(P)　北部(Ncd)　外海(Nc)　盤旋(VA),[]
最終於點分平安降落回桃機跑道,最終(D)　於(P)　點分(Neqa)　平安(VH)　降落(VA)　回(VCL)　桃機(Nc)　跑道(Na),"[{'word': '桃機', 'ner': 'GPE'}]"
星宇航空回應,星宇(Nb)　航空(Na)　回應(VC),"[{'word': '星宇航空', 'ner': 'ORG'}]"
起飛後約小時,起飛(VA)　後(Ng)　約(Da)　小時(Na),"[{'word': '約小時', 'ner': 'TIME'}]"
因機務因素安全考量,因(Cbb)　機務(Na)　因素(Na)　安全(VH)　考量(VE),[]
決定返航桃園機場進行,決定(VE)　返航(VA)　桃園(Nc)　機場(Nc)　進行(VC),"[{'word': '桃園機場', 'ner': 'FAC'}]"
檢修,檢修(VC),[]
並另外調派架航機執行任務,並(Cbb)　另外(Da)　調派(VF)　架(Nf)　航機(Na)　執行(VC)　任務(Na),[]
預計於起飛,預計(VE)　於(P)　起飛(VA),[]
原接續返程航班東京台北預計延後小時起飛,原(D)　接續(VJ)　返程(Na)　航班(Na)　東京(Nc)　台北(Nc)　預計(VE)　延後(VC)　小時(Na)　起飛(VA),"[{'word': '東京台北', 'ner': 'GPE'}, {'word': '小時', 'ner': 'TIME'}]"
於等待接替航班期間,於(P)　等待(VK)　接替(VC)　航班(Na)　期間(Na),[]
提供旅客元,提供(VD)　旅客(Na)　元(Nd),[]
餐券於機場用餐,餐券(Na)　於(P)　機場(Nc)　用餐(VA),[]
造成旅客不便,造成(VG)　旅客(Na)　不便(VH),[]
星宇航空致上歉意,星宇(Nb)　航空(Na)　致(VD)　上(Di)　歉意(Na),"[{'word': '星宇航空', 'ner': 'ORG'}]"
原文連結,原文(Na)　連結(VC),[]
三小時真大方,三(Neu)　小時(Na)　真(D)　大方(VH),"[{'word': '三小時', 'ner': 'TIME'}]"
元在機場能吃啥子,元(Nf)　在(P)　機場(Nc)　能(D)　吃(VC)　啥子(Nh),[]
星宇最近事情真多,星宇(Nb)　最近(Nd)　事情(Na)　真(D)　多(VH),"[{'word': '星宇', 'ner': 'ORG'}]"
回台灣應該更多不知道補償多少,回(VCL)　台灣(Nc)　應該(D)　更多(Neqa)　不(D)　知道(VK)　補償(VD)　多少(Neqa),"[{'word': '台灣', 'ner': 'GPE'}]"
吃泡麵啊,吃(VC)　泡麵(Na)　啊(T),[]
好在進來之後,好在(D)　進來(VA)　之後(Ng),[]
白天空台所以故障還能靠去救然後第二台也首飛了,白天(Nd)　空台(Nc)　所以(Cbb)　故障(VH)　還(D)　能(D)　靠(VJ)　去(D)　救(VC)　然後(D)　第二(Neu)　台(Nf)　也(D)　首(D)　飛(VA)　了(Di),"[{'word': '白天', 'ner': 'TIME'}, {'word': '第二', 'ner': 'ORDINAL'}]"
過陣子應該能看到長程線消息,過陣子(VCL)　應該(D)　能(D)　看到(VE)　長程線(Na)　消息(Na),[]
元吃牛肉麵應該不成問題吧,元(Nf)　吃(VC)　牛肉麵(Na)　應該(D)　不(VH)　成(VG)　問題(Na)　吧(T),"[{'word': '牛肉麵', 'ner': 'PRODUCT'}]"
成田根本不夠吧,成田(Nb)　根本(D)　不(D)　夠(VH)　吧(T),[]
不夠就不夠,不(D)　夠(VH)　就(D)　不(D)　夠(VH),[]
吧什麼吧,吧(T)　什麼(Nep)　吧(T),[]
貼的負面新聞,貼(VC)　的(DE)　負面(Na)　新聞(Na),[]
某幾個人會非常生氣桃機管制區內沒有什麼餐廳可以吃吧,某(Nes)　幾(Neu)　個(Nf)　人(Na)　會(D)　非常(Dfa)　生氣(VH)　桃機(Nb)　管制區(Nc)　內(Ncd)　沒有(VJ)　什麼(Nep)　餐廳(Nc)　可以(D)　吃(VC)　吧(T),"[{'word': '桃機', 'ner': 'GPE'}]"
小時,小時(Nd),"[{'word': '小時', 'ner': 'TIME'}]"
所以掉頭的原因,所以(Cbb)　掉頭(VA)　的(DE)　原因(Na),[]
桃機管制區還蠻多東西能吃的吧,桃機(Nb)　管制區(Nc)　還(D)　蠻(Dfa)　多(VH)　東西(Na)　能(D)　吃(VC)　的(T)　吧(T),"[{'word': '桃機', 'ner': 'GPE'}]"
桃機管制區很多啊小王煮瓜那區就不少,桃機(Na)　管制區(Nc)　很多(VH)　啊(T)　小王(Nb)　煮(VC)　瓜(Na)　那(Nep)　區(Nc)　就(D)　不少(VH),"[{'word': '桃機', 'ner': 'GPE'}]"
華航晚點也不見有人提,華航(Nc)　晚(VH)　點(Dfb)　也(D)　不(D)　見(VE)　有(V_2)　人(Na)　提(VE),"[{'word': '華航', 'ner': 'ORG'}]"
或許日本線比較搏眼球,或許(D)　日本線(Na)　比較(Dfa)　搏(VC)　眼球(Na),"[{'word': '日本', 'ner': 'GPE'}]"
因為那天維也納大雪關場轉去布拉格了,因為(Cbb)　那(Nep)　天(Nf)　維也納(Nc)　大雪(Nd)　關場(VC)　轉去(VC)　布拉格(Nc)　了(T),"[{'word': '那天', 'ner': 'DATE'}, {'word': '維也納', 'ner': 'GPE'}, {'word': '布拉格', 'ner': 'GPE'}]"
那天都有被關場影響,那(Nep)　天(Nf)　都(D)　有(V_2)　被(P)　關場(VC)　影響(VC),"[{'word': '那天', 'ner': 'DATE'}]"
個去個去,個(Nf)　去(VCL)　個(Nf)　去(VCL),[]
因為大雪關場轉降,因為(Cbb)　大雪(Nd)　關場(VC)　轉降(VC),[]
延誤很正常吧,延誤(VHC)　很(Dfa)　正常(VH)　吧(T),[]
對啊,對(VH)　啊(T),[]
長榮也轉降去慕尼黑,長榮(Nb)　也(D)　轉降(VC)　去(VCL)　慕尼黑(Nc),"[{'word': '長榮', 'ner': 'PERSON'}, {'word': '慕尼黑', 'ner': 'GPE'}]"
短程線還可換機救援已經不錯長程線外站延誤就是慢慢等或預期會等太久就取消航班簽轉,短程線(Na)　還(D)　可(D)　換(VC)　機(Na)　救援(VC)　已經(D)　不錯(VH)　長程線(A)　外(Ncd)　站(Nc)　延誤(VHC)　就是(Cbb)　慢慢(VH)　等或(Cab)　預期(Na)　會(D)　等(VC)　太(Dfa)　久(VH)　就(D)　取消(VC)　航班(Na)　簽轉(VD),[]
在成田候機室看到星宇空服坐排,在(P)　成田(Nc)　候機室(Nc)　看到(VE)　星宇(Na)　空服(Na)　坐(VA)　排(Na),"[{'word': '成田候機室', 'ner': 'FAC'}]"
也在等,也(D)　在(D)　等(VC),[]
上已經有的旅客不開心了,上(Ng)　已經(D)　有的(Neqa)　旅客(Na)　不(D)　開心(VH)　了(T),[]
說怎麼沒有提早通知飛上天才知道問題是要怎麼提早通知啦,說(VE)　怎麼(D)　沒有(D)　提早(VL)　通知(VC)　飛上(VCL)　天(Nc)　才(D)　知道(VK)　問題(Na)　是(SHI)　要(D)　怎麼(D)　提早(VL)　通知(VC)　啦(T),"[{'word': '上天', 'ner': 'DATE'}]"
星宇最近問題真的不少哩,星宇(Nb)　最近(Nd)　問題(Na)　真的(D)　不少(VH)　哩(T),"[{'word': '星宇', 'ner': 'ORG'}]"
今日比較重要的大事應該是美國暫停用,今日(Nd)　比較(Dfa)　重要(VH)　的(DE)　大事(Na)　應該(D)　是(SHI)　美國(Nc)　暫停(VHC)　用(VC),"[{'word': '今日', 'ner': 'DATE'}, {'word': '美國', 'ner': 'GPE'}]"
把直播拉回早上應該是右邊輪艙門沒有鎖定吧落地的時候打開了要滑出跑道時又收上去了,把(P)　直播(VC)　拉回(VC)　早上(Nd)　應該(D)　是(SHI)　右邊(Ncd)　輪艙(Na)　門(Na)　沒有(D)　鎖定(VC)　吧(T)　落地(VA)　的(DE)　時候(Na)　打開(VC)　了(Di)　要(D)　滑出(VCL)　跑道(Na)　時(Ng)　又(D)　收上去(VA)　了(Di),"[{'word': '早上', 'ner': 'TIME'}]"
前幾天神戶台中,前(Nes)　幾(Neu)　天(Nf)　神戶(Nc)　台中(Nc),"[{'word': '前幾天', 'ner': 'DATE'}]"
全程萬英呎飛回來也沒事,全(Neqa)　程(Na)　萬(Neu)　英呎(Nf)　飛回來(VA)　也(D)　沒(VJ)　事(Na),"[{'word': '萬英呎', 'ner': 'QUANTITY'}]"
大驚小怪,大驚小怪(VH),[]
今日若論國籍航空大事,今日(Nd)　若(Cbb)　論(VC)　國籍(Na)　航空(Na)　大事(VH),"[{'word': '今日', 'ner': 'DATE'}]"
那就是紐約長程線都取消了,那(Nep)　就(D)　是(SHI)　紐約(Nc)　長程線(Na)　都(D)　取消(VC)　了(Di),"[{'word': '紐約', 'ner': 'GPE'}]"
依據,依據(P),[]
這情況要賠給客人歐元,這(Nep)　情況(Na)　要(D)　賠給(VD)　客人(Na)　歐元(Na),[]
不過國籍這幾家都差不多,不過(Cbb)　國籍(Na)　這(Nep)　幾(Neu)　家(Nf)　都(D)　差不多(D),[]
就是給新台幣,就是(Cbb)　給(VD)　新台幣(Na),"[{'word': '新台幣', 'ner': 'GPE'}]"
這班回到要晚上了,這(Nep)　班(Nf)　回到(VCL)　要(D)　晚上(Nd)　了(T),"[{'word': '晚上', 'ner': 'TIME'}]"
真是小時,真是(D)　小時(Nd),"[{'word': '小時', 'ner': 'TIME'}]"
相信董,相信(VK)　董(Nb),[]
年底就懂,年底(Nd)　就(D)　懂(VK),"[{'word': '年底', 'ner': 'DATE'}]"
哈哈哈,哈(D)　哈(D)　哈(D),[]
已經開始就延遲小時起飛,已經(D)　開始(VL)　就(D)　延遲(VHC)　小時(Na)　起飛(VA),[]
到達日本行程都延誤,到達(VCL)　日本(Nc)　行程(Na)　都(D)　延誤(VHC),"[{'word': '日本', 'ner': 'GPE'}]"
台灣出發浪費小時的元嗎,台灣(Nc)　出發(VA)　浪費(VC)　小時(Na)　的(DE)　元(Nf)　嗎(T),"[{'word': '台灣', 'ner': 'GPE'}]"
是的話我這輩子不會再搭星宇摳小老闆,是(SHI)　的話(Cba)　我(Nh)　這(Nep)　輩子(Na)　不會(D)　再(D)　搭(VC)　星宇摳(Nb)　小(VH)　老闆(Na),[]
還好我選其他國航有頭等的,還好(D)　我(Nh)　選(VC)　其他(Neqa)　國航(Nc)　有(V_2)　頭等(A)　的(DE),[]
台灣除了星宇之外哪裡還有公司有頭等艙,台灣(Nc)　除了(P)　星宇(Nb)　之外(Ng)　哪裡(Ncd)　還(D)　有(V_2)　公司(Nc)　有(V_2)　頭等艙(Na),"[{'word': '台灣', 'ner': 'GPE'}, {'word': '星宇', 'ner': 'ORG'}]"
他只是要酸推文內容不必認真,他(Nh)　只是(D)　要(D)　酸(VH)　推文(Na)　內容(Na)　不必(D)　認真(VH),[]
三百可以吃碗拉麵了啦,三百(Neu)　可以(D)　吃(VC)　碗(Nf)　拉麵(Na)　了(T)　啦(T),"[{'word': '三百', 'ner': 'CARDINAL'}]"
精品航空又贏,精品(Na)　航空(Na)　又(D)　贏(VD),"[{'word': '精品航空', 'ner': 'ORG'}]"
可以多坐好幾個小時沒收費就偷笑了,可以(D)　多(D)　坐(VA)　好幾(Neu)　個(Nf)　小時(Na)　沒(D)　收費(VD)　就(D)　偷笑(VA)　了(Di),"[{'word': '幾個小時', 'ner': 'TIME'}]"
上次爆胎有上新聞啊,上(Nes)　次(Nf)　爆胎(VA)　有(V_2)　上新聞(VCL)　啊(T),[]
天氣跟機務維修又不樣,天氣(Na)　跟(Caa)　機務(Na)　維修(VC)　又(D)　不樣(VH),[]
紐約預計今天晚上下雪,紐約(Nc)　預計(VE)　今天(Nd)　晚上(Nd)　下雪(VA),"[{'word': '紐約', 'ner': 'GPE'}, {'word': '今天晚上', 'ner': 'TIME'}]"
氣象講得好像世界末日樣,氣象(Na)　講(VE)　得(DE)　好(Dfa)　像(VG)　世界(Nc)　末日(Na)　樣(Ng),[]
天氣跟機務問題是可以混在起的嗎,天氣(Na)　跟(P)　機務(Na)　問題(Na)　是(SHI)　可以(D)　混(VC)　在起(VH)　的(T)　嗎(T),[]
雖然很少,雖然(Cbb)　很少(D),[]
但是發太多怕會影響員工的年終,但是(Cbb)　發(VD)　太多(Neqa)　怕(VK)　會(D)　影響(VC)　員工(Na)　的(DE)　年終(Nd),[]
不錯了前幾天國內線取消什麼都沒有排隊兩小時艙換經濟只賠,不錯(VH)　了(Di)　前(Nes)　幾(Neu)　天(Nf)　國內線(Na)　取消(VC)　什麼(Nep)　都(D)　沒有(D)　排隊(VA)　兩(Neu)　小時(Na)　艙換(Na)　經濟(Na)　只(Da)　賠(VD),"[{'word': '前幾天', 'ner': 'DATE'}, {'word': '兩小時', 'ner': 'TIME'}]"
看脆的貼文,看(VC)　脆(VH)　的(DE)　貼文(Na),[]
比較有問題的是日本那邊寫因桃園機場地面作業因素吧,比較(Dfa)　有(V_2)　問題(Na)　的(DE)　是(SHI)　日本(Nc)　那邊(Ncd)　寫(VC)　因(Cbb)　桃園(Nc)　機場(Nc)　地面(Nc)　作業(Na)　因素(Na)　吧(T),"[{'word': '日本', 'ner': 'GPE'}, {'word': '桃園機場', 'ner': 'FAC'}]"
旅客是不是會怪桃機,旅客(Na)　是(SHI)　不(D)　是(SHI)　會(D)　怪(VK)　桃機(Nc),[]
原因往外推啊,原因(Na)　往(P)　外(Ncd)　推(VC)　啊(T),[]
反正你無法即時求證,反正(D)　你(Nh)　無法(D)　即時(D)　求證(VB),[]
精品航空真小氣,精品(Na)　航空(Na)　真(D)　小氣(VH),[]
怪滿常發生的,怪(VH)　滿(Dfa)　常(D)　發生(VJ)　的(DE),[]
不是每個人都會上打臉地勤,不(D)　是(SHI)　每(Nes)　個(Nf)　人(Na)　都(D)　會(D)　上打臉(VH)　地(Na)　勤(VH),[]
地面作業是各家航空都會用的解釋,地面(Nc)　作業(Na)　是(SHI)　各(Nes)　家(Nf)　航空(Na)　都(D)　會(D)　用(VC)　的(DE)　解釋(Na),[]
因為有時候就連自家地勤都不知道怎麼了,因為(Cbb)　有時候(D)　就(D)　連(Cbb)　自家(Nc)　地勤(Na)　都(D)　不(D)　知道(VK)　怎麼(VH)　了(T),[]
要怎麼說明,要(D)　怎麼(D)　說明(VE),[]
可以多享受個小時的新飛機好服務根本賺爛,可以(D)　多(D)　享受(VJ)　個(Nf)　小時(Na)　的(DE)　新(VH)　飛機(Na)　好(VH)　服務(VC)　根本(D)　賺(VC)　爛(Nv),"[{'word': '個小時', 'ner': 'TIME'}]"
反串功課要做足點才新機,反串(VC)　功課(Na)　要(D)　做足(VC)　點(Dfb)　才(Da)　新機(Na),[]
星宇的飛機才出廠幾年相較於長榮或華航那種老飛機還算是超新的好不好覺得不夠新是想黑對吧,星宇(Nb)　的(DE)　飛機(Na)　才(Da)　出廠(VA)　幾(Neu)　年(Nf)　相較於(VB)　長榮(Nb)　或(Caa)　華航(Nc)　那(Nep)　種(Nf)　老(VH)　飛機(Na)　還(D)　算是(VG)　超(Dfa)　新(VH)　的(DE)　好(VH)　不(D)　好(VH)　覺得(VK)　不(D)　夠(Dfa)　新(VH)　是(SHI)　想(VE)　黑(VH)　對(VH)　吧(T),"[{'word': '星宇', 'ner': 'ORG'}, {'word': '幾年', 'ner': 'DATE'}, {'word': '長榮', 'ner': 'ORG'}, {'word': '華航', 'ner': 'ORG'}]"
旅客要注意什麼,旅客(Na)　要(D)　注意(VK)　什麼(Nep),[]
星星家的討論度好高啊,星星家(Na)　的(DE)　討論度(Na)　好(Dfa)　高(VH)　啊(T),[]
要攤提成本時才是新機,要(D)　攤提(VC)　成本(Na)　時(Ng)　才(Da)　是(SHI)　新機(Na),[]
故障的時候就變舊機了,故障(VH)　的(DE)　時候(Na)　就(D)　變(VG)　舊(VH)　機(Na)　了(T),[]
反串要註明就是要硬凹,反串(VC)　要(D)　註明(VE)　就(D)　是(SHI)　要(D)　硬(VH)　凹(VH),[]
這樣不便險有賠嗎,這樣(VH)　不便(D)　險(D)　有(V_2)　賠(VD)　嗎(T),[]
怎麼沒人貼非星宇的新聞,怎麼(D)　沒(VJ)　人(Na)　貼(VC)　非(A)　星宇(Na)　的(DE)　新聞(Na),[]
今天聯合高雄出包出發也出包,今天(Nd)　聯合(VC)　高雄(Nc)　出包(VD)　出發(VA)　也(D)　出包(VD),"[{'word': '今天', 'ner': 'DATE'}, {'word': '高雄', 'ner': 'GPE'}]"
阿提哈德彩繪首次來台回程直接掛點有苦主旅客說是電腦系統問題零件要等下班飛機從阿布達比帶來,阿提哈德(Nb)　彩繪(Na)　首(D)　次(Nf)　來(VA)　台(Nc)　回程(Na)　直接(VH)　掛(Na)　點(Na)　有(V_2)　苦主(Na)　旅客(Na)　說(VE)　是(SHI)　電腦(Na)　系統(Na)　問題(Na)　零件(Na)　要(D)　等(VC)　下(VA)　班(Nf)　飛機(Na)　從(P)　阿布達比(Nc)　帶來(VC),"[{'word': '阿提哈德彩繪', 'ner': 'ORG'}, {'word': '台', 'ner': 'GPE'}, {'word': '阿布達比', 'ner': 'GPE'}]"
個月,個(Nf)　月(Na),"[{'word': '個月', 'ner': 'DATE'}]"
注意,注意(VK),[]
要注意啥,要(D)　注意(VK)　啥(Nep),[]
圖文的引擎聲,圖(Na)　文(Na)　的(DE)　引擎聲(Na),[]
哼唱著首關於澳門的戀曲,哼唱(VC)　著(Di)　首(Nf)　關於(P)　澳門(Nc)　的(DE)　戀曲(Na),"[{'word': '澳門', 'ner': 'GPE'}]"
不必在乎地圖上的距離,不必(D)　在乎(VK)　地圖(Na)　上(Ncd)　的(DE)　距離(Na),[]
只因那碗金瓜米粉的香氣,只(Da)　因(Cbb)　那(Nep)　碗(Nf)　金瓜(Na)　米粉(Na)　的(DE)　香氣(Na),[]
已縮短了思念的半徑,已(D)　縮短(VC)　了(Di)　思念(VJ)　的(DE)　半徑(Na),[]
在三萬英尺的高空,在(P)　三萬(Neu)　英尺(Nf)　的(DE)　高空(Nc),"[{'word': '三萬英尺', 'ner': 'QUANTITY'}]"
窗外的藍是妳眼底的溫柔,窗(Na)　外(Ncd)　的(DE)　藍(VH)　是(SHI)　妳(Nh)　眼(Na)　底(Ng)　的(DE)　溫柔(VH),[]
星宇的機翼劃破了平庸的日常,星宇(Na)　的(DE)　機翼(Na)　劃破(VC)　了(Di)　平庸(VH)　的(DE)　日常(Nd),[]
我們交換眼神,我們(Nh)　交換(VC)　眼神(Na),[]
在抵達之前,在(P)　抵達(VCL)　之前(Ng),[]
先在味蕾上,先(D)　在(P)　味蕾(Na)　上(Ng),[]
預習了場名為幸福的降落,預習(VC)　了(Di)　場(Nf)　名為(VG)　幸福(VH)　的(DE)　降落(Nv),[]
這不是飛行,這(Nep)　不(D)　是(SHI)　飛行(VA),[]
這是封寫給天空與妳的情書,這(Nep)　是(SHI)　封(Nf)　寫給(VD)　天空(Nc)　與(Caa)　妳(Nh)　的(DE)　情書(Na),[]
由桃園起筆,由(P)　桃園(Nc)　起筆(VA),"[{'word': '桃園', 'ner': 'GPE'}]"
在澳門塔的燈火裡,在(P)　澳門塔(Nc)　的(DE)　燈火(Na)　裡(Ncd),"[{'word': '澳門塔', 'ner': 'FAC'}]"
未完待續,未(D)　完(VH)　待續(VH),[]
說走就走,說(VE)　走(VA)　就(D)　走(VA),[]
大概是現代社畜生活中最奢侈的種浪漫吧,大概(D)　是(SHI)　現代(Nd)　社畜(Na)　生活(Na)　中(Ng)　最(Dfa)　奢侈(VH)　的(DE)　種(VC)　浪漫(VH)　吧(T),[]
前兩天才突然覺得啊,前(Nes)　兩(Neu)　天(Nf)　才(Da)　突然(D)　覺得(VK)　啊(T),"[{'word': '前兩天', 'ner': 'DATE'}]"
好想吃,好(Dfa)　想(VE)　吃(VC),[]
葡式蛋塔,葡式(A)　蛋塔(Na),"[{'word': '葡式', 'ner': 'GPE'}]"
於是手指滑滑,於是(Cbb)　手指(Na)　滑滑(VH),[]
機票和飯店就這樣在陣慌亂又興奮的節奏中搞定了,機票(Na)　和(Caa)　飯店(Nc)　就(D)　這樣(VH)　在(P)　陣(Nf)　慌亂(VH)　又(Caa)　興奮(VH)　的(DE)　節奏(Na)　中(Ng)　搞定(VC)　了(Di),[]
次的三天兩夜澳門快閃之旅,次(Nes)　的(DE)　三(Neu)　天(Nf)　兩(Neu)　夜(Nd)　澳門(Nc)　快(D)　閃(VC)　之(DE)　旅(Na),"[{'word': '三天兩夜', 'ner': 'TIME'}, {'word': '澳門', 'ner': 'GPE'}]"
沒有寫滿滿的行程表,沒有(D)　寫(VC)　滿滿(VH)　的(DE)　行程表(Na),[]
主打個隨性漫遊,主打(VC)　個(Nf)　隨性(VH)　漫遊(VA),[]
但在交通,但(Cbb)　在(P)　交通(Na),[]
工具的選擇上,工具(Na)　的(DE)　選擇(VC)　上(Ncd),[]
可完全沒有隨便,可(D)　完全(D)　沒有(VJ)　隨便(VH),[]
直接鎖定話題度最高的董張國煒親自打造的精品,直接(VH)　鎖定(VC)　話題度(Na)　最(Dfa)　高(VH)　的(DE)　董(Nb)　張國煒(Nb)　親自(D)　打造(VC)　的(DE)　精品(Na),"[{'word': '董張國煒', 'ner': 'PERSON'}]"
航空星宇航空,航空(Na)　星宇(Na)　航空(Na),[]
雖然網路上很多人討論早班機,雖然(Cbb)　網路(Na)　上(Ncd)　很多(Neqa)　人(Na)　討論(VE)　早班機(Na),[]
但對於不想太早起想悠哉前往機場的我來說,但(Cbb)　對於(P)　不(D)　想(VE)　太早(D)　起(VC)　想(VE)　悠哉(VH)　前往(VCL)　機場(Nc)　的(DE)　我(Nh)　來(D)　說(VE),[]
的時間點剛剛好,的(DE)　時間點(Na)　剛剛(D)　好(VH),[]
星宇航空目前的版圖越來越大,星宇(Nb)　航空(Na)　目前(Nd)　的(DE)　版圖(Na)　越來越(Dfa)　大(VH),"[{'word': '星宇航空', 'ner': 'ORG'}]"
長程線飛美國已經進駐第二航廈,長程線(Na)　飛(VA)　美國(Nc)　已經(D)　進駐(VCL)　第二(Neu)　航廈(Na),"[{'word': '美國', 'ner': 'GPE'}, {'word': '第二', 'ner': 'ORDINAL'}]"
但飛往澳門這類的亞洲,但(Cbb)　飛往(VCL)　澳門(Nc)　這(Nep)　類(Nf)　的(DE)　亞洲(Nc),"[{'word': '澳門', 'ner': 'GPE'}, {'word': '亞洲', 'ner': 'LOC'}]"
區域航線,區域(Na)　航線(Na),[]
大本營還是在第航廈,大本營(Na)　還是(D)　在(P)　第(Neu)　航廈(Na),"[{'word': '第航廈', 'ner': 'FAC'}]"
熟門熟路地找到了星宇的報到櫃檯,熟門熟路(VH)　地(DE)　找到(VC)　了(Di)　星宇(Nb)　的(DE)　報到(VA)　櫃檯(Na),[]
通常是在,通常(D)　是(SHI)　在(P),[]
號櫃檯,號(Nc)　櫃檯(Nc),[]
不過我也要提醒大家,不過(Cbb)　我(Nh)　也(D)　要(D)　提醒(VE)　大家(Nh),[]
機場運作瞬息萬變,機場(Nc)　運作(VA)　瞬息萬變(VH),[]
出發前還是要看下現場的電,出發(VA)　前(Ng)　還是(D)　要(D)　看下(VC)　現場(Nc)　的(DE)　電(Na),[]
子佈告欄最準確喔,子佈告欄(Na)　最(Dfa)　準確(VH)　喔(T),[]
這趟的空服員,這(Nep)　趟(Nf)　的(DE)　空服員(Na),[]
給我的感覺是專業且俐落,給(VD)　我(Nh)　的(DE)　感覺(Na)　是(SHI)　專業(VH)　且(Caa)　俐落(VH),[]
他們的制服設計本身就很時髦,他們(Nh)　的(DE)　制服(Na)　設計(Na)　本身(Nh)　就(D)　很(Dfa)　時髦(VH),[]
服務態度卻非常親切接地氣,服務(Nv)　態度(Na)　卻(D)　非常(Dfa)　親切(VH)　接地氣(VH),[]
或許是因為航程短,或許(D)　是(SHI)　因為(Cbb)　航程(Na)　短(VH),[]
他們必須在極短的時間內完成所有服務,他們(Nh)　必須(D)　在(P)　極(Dfa)　短(VH)　的(DE)　時間(Na)　內(Ng)　完成(VC)　所有(Neqa)　服務(VC),[]
流程,流程(Na),[]
動作雖然快,動作(Na)　雖然(Cbb)　快(VH),[]
但完全不會讓人感到慌亂或急躁,但(Cbb)　完全(D)　不會(D)　讓(VL)　人(Na)　感到(VK)　慌亂(VH)　或(Caa)　急躁(VH),[]
隨著機長廣播,隨著(P)　機長(Na)　廣播(VE),[]
飛機緩緩降落在澳門國際機場,飛機(Na)　緩緩(VH)　降落(VA)　在(P)　澳門(Nc)　國際(Nc)　機場(Nc),"[{'word': '澳門國際機場', 'ner': 'FAC'}]"
這趟飛行雖然短暫,這(Nep)　趟(Nf)　飛行(Nv)　雖然(Cbb)　短暫(VH),[]
卻讓我意猶未盡,卻(D)　讓(VL)　我(Nh)　意猶未盡(VH),[]
回顧這趟搭乘星宇航空的心得,回顧(VE)　這(Nep)　趟(Nf)　搭乘(VC)　星宇(Na)　航空(Na)　的(DE)　心得(Na),[]
我認為它,我(Nh)　認為(VE)　它(Nh),[]
完美地詮釋了什麼叫做精品航空,完美(VH)　地(DE)　詮釋(VC)　了(Di)　什麼(Nep)　叫做(VG)　精品(Na)　航空(Na),[]
航空公司星宇航空,航空(Na)　公司(Nc)　星宇(Nb)　航空(Na),"[{'word': '星宇航空', 'ner': 'ORG'}]"
航線桃園飛往澳門,航線(Na)　桃園(Nc)　飛往(VCL)　澳門(Nc),"[{'word': '桃園', 'ner': 'GPE'}, {'word': '澳門', 'ner': 'GPE'}]"
航班號,航班號(Na),[]
本次機型,本(Nes)　次(Nf)　機型(Na),[]
沒有這個廣播吧,沒有(VJ)　這(Nep)　個(Nf)　廣播(Na)　吧(T),[]
為什麼要穿插長榮的餐點照片,為什麼(D)　要(D)　穿插(VC)　長榮(Nb)　的(DE)　餐點(Na)　照片(Na),[]
有名的文,有名(VH)　的(DE)　文(Na),[]
大概在年的區間也只有廣播,大概(D)　在(P)　年(Na)　的(DE)　區間(Na)　也(D)　只(D)　有(V_2)　廣播(Na),"[{'word': '年', 'ner': 'DATE'}]"
這是米粉,這(Nep)　是(SHI)　米粉(Na),[]
怎麼看像,怎麼(D)　看(VE)　像(VG),[]
然後比較是吧,然後(D)　比較(Dfa)　是(SHI)　吧(T),[]
純噓文痕跡很明顯,純(VH)　噓文(Na)　痕跡(Na)　很(Dfa)　明顯(VH),[]
這篇你要記得群組回報,這(Nep)　篇(Nf)　你(Nh)　要(D)　記得(VK)　群組(Na)　回報(Nv),[]
真的超好笑到底有沒有人校稿啦,真的(D)　超(Dfa)　好笑(VH)　到底(D)　有(V_2)　沒(D)　有(V_2)　人(Na)　校(VC)　稿(Na)　啦(T),[]
新聞來源日期,新聞(Na)　來源(Na)　日期(Na),[]
聯合報記者甘芝萁台北即時報導,聯合報(Nb)　記者(Na)　甘芝萁(Nb)　台北(Nc)　即時(D)　報導(VE),"[{'word': '聯合報', 'ner': 'ORG'}, {'word': '甘芝萁', 'ner': 'PERSON'}, {'word': '台北', 'ner': 'GPE'}]"
新聞標題,新聞(Na)　標題(Na),[]
星宇通報飛澳門落地資訊航機未發現異常已返航,星宇(Nb)　通報(VE)　飛(VA)　澳門(Nc)　落地(VA)　資訊(Na)　航機(Na)　未(D)　發現(VE)　異常(VH)　已(D)　返航(VA),"[{'word': '星宇通報', 'ner': 'ORG'}, {'word': '澳門', 'ner': 'GPE'}]"
內文,內文(Na),[]
星宇通報飛澳門落地資訊航機未發現異常已返航,星宇(Nb)　通報(VE)　飛(VA)　澳門(Nc)　落地(VA)　資訊(Na)　航機(Na)　未(D)　發現(VE)　異常(VH)　已(D)　返航(VA),"[{'word': '星宇通報', 'ner': 'ORG'}, {'word': '澳門', 'ner': 'GPE'}]"
聯合報記者甘芝萁台北即時報導,聯合報(Nb)　記者(Na)　甘芝萁(Nb)　台北(Nc)　即時(D)　報導(VE),"[{'word': '聯合報', 'ner': 'ORG'}, {'word': '甘芝萁', 'ner': 'PERSON'}, {'word': '台北', 'ner': 'GPE'}]"
星宇航空台北飛往澳門航班昨晚於澳門落地時,星宇(Nb)　航空(Na)　台北(Nc)　飛往(VCL)　澳門(Nc)　航班(Na)　昨晚(Nd)　於(P)　澳門(Nc)　落地(VA)　時(Ng),"[{'word': '星宇航空', 'ner': 'LAW'}, {'word': '台北', 'ner': 'GPE'}, {'word': '澳門', 'ner': 'GPE'}, {'word': '昨晚', 'ner': 'TIME'}, {'word': '澳門', 'ner': 'GPE'}]"
疑似值超限,疑似(VG)　值(Na)　超限(VJ),[]
星宇通報民航局後,星宇(Nb)　通報(VE)　民航局(Nc)　後(Ng),"[{'word': '星宇', 'ner': 'ORG'}]"
航局立即依程序掌握相關資訊,航局(Nc)　立即(D)　依(P)　程序(Na)　掌握(VC)　相關(VH)　資訊(Na),"[{'word': '航局', 'ner': 'ORG'}]"
並就落地值進行初步調查,並(Cbb)　就(P)　落地值(Na)　進行(VC)　初步(D)　調查(VE),[]
該航機已依標準作業程序完成必要檢查,該(Nes)　航機(Na)　已(D)　依(P)　標準(Na)　作業(Na)　程序(Na)　完成(VC)　必要(VH)　檢查(VE),[]
未發現異常,未(D)　發現(VE)　異常(VH),[]
並經空中巴士原廠就相關值及機長,並(Cbb)　經(P)　空中(Nc)　巴士(Na)　原廠(Nc)　就(P)　相關值(Na)　及(Caa)　機長(Na),[]
估仍在正常範圍,估(VC)　仍(D)　在(P)　正常(VH)　範圍(Na),[]
依據程序評估無需進步檢查,依據(P)　程序(Na)　評估(VE)　無需(D)　進步(VH)　檢查(VE),[]
已於日凌晨安全落地桃園,已(D)　於(P)　日(Nd)　凌晨(Nd)　安全(VH)　落地(VA)　桃園(Nc),"[{'word': '日凌晨', 'ner': 'TIME'}, {'word': '桃園', 'ner': 'GPE'}]"
民航局將持續蒐集相關資料進行後續調查,民航局(Nc)　將(D)　持續(VL)　蒐集(VC)　相關(VH)　資料(Na)　進行(VC)　後續(A)　調查(Nv),"[{'word': '民航局', 'ner': 'ORG'}]"
並督導航空公司落實飛安管理,並(Cbb)　督導(VC)　航空(Na)　公司(Nc)　落實(VHC)　飛安(Na)　管理(VC),[]
以確保飛航安全,以(Cbb)　確保(VE)　飛航(Nv)　安全(Nv),[]
原文連結,原文(Na)　連結(VC),[]
這篇新聞的原標題是,這(Nep)　篇(Nf)　新聞(Na)　的(DE)　原(A)　標題(Na)　是(SHI),[]
星宇飛澳門航班疑重落地民航局展開調查,星宇(Nb)　飛(VA)　澳門(Nc)　航班(Na)　疑(VK)　重(VH)　落地(VA)　民航局(Nc)　展開(VC)　調查(Nv),"[{'word': '星宇', 'ner': 'ORG'}, {'word': '澳門', 'ner': 'GPE'}, {'word': '民航局', 'ner': 'ORG'}]"
然後明明是台中飛澳門,然後(D)　明明(D)　是(SHI)　台中(Nc)　飛(VA)　澳門(Nc),"[{'word': '台中', 'ner': 'GPE'}, {'word': '澳門', 'ner': 'GPE'}]"
新聞變成了台北飛澳門,新聞(Na)　變成(VG)　了(Di)　台北(Nc)　飛(VA)　澳門(Nc),"[{'word': '台北', 'ner': 'GPE'}, {'word': '澳門', 'ner': 'GPE'}]"
還好飛機沒事就好,還好(D)　飛機(Na)　沒(VJ)　事(Na)　就(D)　好(VH),[]
只是大年初了幾個小時,只是(Cbb)　大年初(Nd)　了(Di)　幾(Neu)　個(Nf)　小時(Na),"[{'word': '大年初了幾個小時', 'ner': 'TIME'}]"
傳真紙吐出來了,傳真紙(Na)　吐出來(VB)　了(Di),[]
這個機型是不是真的很容易超限,這(Nep)　個(Nf)　機型(Na)　是(SHI)　不(D)　是(SHI)　真的(D)　很(Dfa)　容易(VH)　超限(VJ),[]
屁股直拉長的機型,屁股(Na)　直(D)　拉長(VC)　的(DE)　機型(Na),[]
擦地機率也拉高,擦(VA)　地(Na)　機率(Na)　也(D)　拉高(VC),[]
訓練要更嚴格看來也會是擦屁股高危機型手冊寫好,訓練(Na)　要(D)　更(Dfa)　嚴格(VH)　看來(D)　也(D)　會(D)　是(SHI)　擦(VC)　屁股(Na)　高(VH)　危機型(Na)　手冊(Na)　寫好(VC),[]
訓練做好,訓練(VC)　做好(VC),[]
該開除就開除,該(D)　開除(VC)　就(D)　開除(VC),[]
缺人砍班總比出事好,缺(VJ)　人(Na)　砍(VC)　班(Na)　總(D)　比(P)　出事(VH)　好(VH),[]
空中巴士的飛行電腦会自動評估機師的降落技術電腦認為技術太爛就會直叫,空中(Nc)　巴士(Na)　的(DE)　飛行(Nv)　電腦(Na)　会(D)　自動(VH)　評估(VE)　機師(Na)　的(DE)　降落(VA)　技術(Na)　電腦(Na)　認為(VE)　技術(Na)　太(Dfa)　爛(VH)　就(D)　會(D)　直(D)　叫(VE),[]
華航也有,華航(Nc)　也(D)　有(V_2),"[{'word': '華航', 'ner': 'ORG'}]"
對比之下星宇真的蠻常發生重落地,對比(Na)　之下(Ng)　星宇(Nb)　真的(D)　蠻(Dfa)　常(D)　發生(VJ)　重(VH)　落地(VA),[]
沒有新聞不代表我只能這麼說而且的本尊氣到處文若有似無指責別人重落地隱匿事實上根本沒有重落地,沒有(VJ)　新聞(Na)　不(D)　代表(VK)　我(Nh)　只(Da)　能(D)　這麼(D)　說(VE)　而且(Cbb)　的(DE)　本尊(Na)　氣(Na)　到處(D)　文(Na)　若(Cbb)　有(V_2)　似(D)　無(VJ)　指責(VC)　別人(Nh)　重(VH)　落地(VA)　隱匿(VC)　事實(Na)　上(Ng)　根本(D)　沒有(VJ)　重落地(VH),[]
星宇現在連沒有重落地都要上新聞就對了反正新聞只要加個疑似就好真慘,星宇(Nb)　現在(Nd)　連(Cbb)　沒有(VJ)　重(VH)　落地(VA)　都(D)　要(D)　上(VCL)　新聞(Na)　就(D)　對(VH)　了(T)　反正(D)　新聞(Na)　只要(Cbb)　加(VC)　個(Di)　疑似(VG)　就(D)　好(Dfa)　真(D)　慘(VH),"[{'word': '星宇', 'ner': 'ORG'}]"
我猜接下來樣套路,我(Nh)　猜(VE)　接下來(D)　樣(Na)　套路(VA),[]
壓新聞然後洗個幾天董好棒棒,壓(VC)　新聞(Na)　然後(D)　洗(VC)　個(Di)　幾(Neu)　天(Nf)　董(Nb)　好(VH)　棒棒(Neqa),"[{'word': '幾天', 'ner': 'DATE'}]"
就以為大家是白癡,就(D)　以為(VE)　大家(Nh)　是(SHI)　白癡(Na),[]
星宇飛安問題就好像可以被忘記樣,星宇(Na)　飛安(Na)　問題(Na)　就(D)　好像(D)　可以(D)　被(P)　忘記(VK)　樣(Na),[]
氣噗噗,氣(VK)　噗噗(D),[]
那就把訓練做好,那(Nep)　就(D)　把(P)　訓練(Na)　做好(VC),[]
達到高標才准許上線廖建宗帶給台灣民航的教訓還不夠嗎,達到(VJ)　高標(Na)　才(Da)　准許(VE)　上線(VA)　廖建宗(Nb)　帶給(VD)　台灣(Nc)　民航(Na)　的(DE)　教訓(Na)　還(D)　不(D)　夠(VH)　嗎(T),"[{'word': '廖建宗', 'ner': 'PERSON'}, {'word': '台灣', 'ner': 'GPE'}]"
堆也用飛都沒事,堆(VC)　也(D)　用(P)　飛(VA)　都(D)　沒(VJ)　事(Na),[]
星宇就三不五時來下,星宇(Na)　就(D)　三不五時(D)　來(VA)　下(VC),"[{'word': '星宇', 'ner': 'ORG'}]"
沒重落地也要報局換飛機,沒(D)　重(VH)　落地(VA)　也(D)　要(D)　報(VC)　局(Nc)　換(VC)　飛機(Na),[]
果然是最高飛安標準,果然(D)　是(SHI)　最(Dfa)　高(VH)　飛安(Na)　標準(Na),[]
看新聞敘述,看(VC)　新聞(Na)　敘述(VE),[]
是星宇通報的啊,是(SHI)　星宇(Na)　通報(VE)　的(T)　啊(T),"[{'word': '星宇通報', 'ner': 'ORG'}]"
那是要壓什麼新聞,那(Nep)　是(SHI)　要(D)　壓(VC)　什麼(Nep)　新聞(Na),[]
臭酸仔看到星宇就像看到仇人樣,臭酸仔(Na)　看到(VE)　星宇(Nb)　就(D)　像(P)　看到(VE)　仇人(Na)　樣(Na),"[{'word': '星宇', 'ner': 'PERSON'}]"
有夠噁心,有夠(Dfa)　噁心(VH),[]
樓樓上的不要跟些智商堪憂的計較了,樓(Na)　樓(Nc)　上(Ncd)　的(DE)　不要(D)　跟(P)　些(Nf)　智商(Na)　堪憂(VH)　的(DE)　計較(VK)　了(Di),[]
納悶為什麼說到星宇似乎就容易被針對,納悶(VK)　為什麼(D)　說到(VE)　星宇(Na)　似乎(D)　就(D)　容易(VH)　被(P)　針對(P),[]
是因為開航時張國瑋臭屁說他們是精品航空,是(SHI)　因為(Cbb)　開航(VA)　時(Ng)　張國瑋(Nb)　臭屁(VH)　說(VE)　他們(Nh)　是(SHI)　精品(Na)　航空(Na),"[{'word': '張國瑋', 'ner': 'PERSON'}]"
還是離職員工,還是(D)　離職(VH)　員工(Na),[]
還是長榮企業相關員工,還是(D)　長榮(Nb)　企業(Na)　相關(VH)　員工(Na),"[{'word': '長榮企業', 'ner': 'ORG'}]"
真心覺得張國瑋很不容易,真心(VH)　覺得(VK)　張國瑋(Nb)　很(Dfa)　不(D)　容易(VH),"[{'word': '張國瑋', 'ner': 'PERSON'}]"
也真的熱愛航空業,也(D)　真的(D)　熱愛(VL)　航空業(Na),[]
不然領那些錢都可以吃輩子了,不然(Cbb)　領(VC)　那些(Neqa)　錢(Na)　都(D)　可以(D)　吃(VC)　輩子(Na)　了(T),[]
總是希望星宇能越來越好,總是(D)　希望(VK)　星宇(Na)　能(D)　越來越(Dfa)　好(VH),[]
黑人家也不是血口噴人,黑人家(Na)　也(D)　不(D)　是(SHI)　血口(Na)　噴(VC)　人(Na),[]
有換飛機嗎,有(V_2)　換(VC)　飛機(Na)　嗎(T),[]
有壓新聞,有(V_2)　壓(VC)　新聞(Na),[]
不是王浩宇隨便講講你就隨便相信欸,不(D)　是(SHI)　王浩宇(Nb)　隨便(VH)　講講(VE)　你(Nh)　就(D)　隨便(VH)　相信(VK)　欸(I),"[{'word': '王浩宇', 'ner': 'PERSON'}]"
星宇通報沒有重落地啊不是有疑慮的照正常程序走事後證實沒有怎麼了嗎,星宇(Nb)　通報(VE)　沒有(VJ)　重(VH)　落地(VA)　啊(T)　不(D)　是(SHI)　有(V_2)　疑慮(Na)　的(DE)　照(P)　正常(VH)　程序(Na)　走(VA)　事(Na)　後(Ng)　證實(VE)　沒有(D)　怎麼(VH)　了(T)　嗎(T),[]
有沒有想過民航局是星黑急著爆料給王浩宇結果鬧笑話,有沒有(D)　想(VE)　過(Di)　民航局(Nc)　是(SHI)　星黑(Nb)　急(VH)　著(Di)　爆料(VE)　給(P)　王浩宇(Nb)　結果(Na)　鬧笑話(VA),"[{'word': '民航局', 'ner': 'ORG'}, {'word': '星黑', 'ner': 'PERSON'}, {'word': '王浩宇', 'ner': 'PERSON'}]"
這次市民當選人急著爆料然後報的東西太詳細反而讓他的消息來源縮小到很特定的範圍了真不愧是優秀操盤手,這(Nep)　次(Nf)　市民(Na)　當選人(Na)　急(VH)　著(Di)　爆料(VE)　然後(D)　報(VC)　的(DE)　東西(Na)　太(Dfa)　詳細(VH)　反而(Cbb)　讓(VL)　他(Nh)　的(DE)　消息(Na)　來源(Na)　縮小到(VH)　很(Dfa)　特定(A)　的(DE)　範圍(Na)　了(T)　真(D)　不愧(D)　是(SHI)　優秀(VH)　操盤手(Na),[]
這家怎麼常常有新聞阿,這(Nep)　家(Nc)　怎麼(D)　常常(D)　有(V_2)　新聞(Na)　阿(Nb),[]
王浩宇不是不受歡迎人物嗎還合法嗎是不是應該要被註銷啊,王浩宇(Nb)　不(D)　是(SHI)　不(D)　受(P)　歡迎(VJ)　人物(Na)　嗎(T)　還(D)　合法(VH)　嗎(T)　是(SHI)　不(D)　是(SHI)　應該(D)　要(D)　被(P)　註銷(VC)　啊(T),"[{'word': '王浩宇', 'ner': 'PERSON'}]"
回答某樓,回答(VE)　某(Nes)　樓(Nc),[]
星星跟梅花的監測方式不同,星星(Na)　跟(Caa)　梅花(Na)　的(DE)　監測(Nv)　方式(Na)　不同(VH),[]
星星版的有時會有異常訊號產生,星星版(Na)　的(DE)　有時(D)　會(D)　有(V_2)　異常(VH)　訊號(Na)　產生(VHC),[]
目前這個就是,目前(Nd)　這(Nep)　個(Nf)　就(D)　是(SHI),[]
所以就是等原廠確定後復飛,所以(Cbb)　就是(Cbb)　等(P)　原廠(Nc)　確定(VK)　後(Ng)　復飛(VA),[]
哥怎麼感覺很久沒出來了,哥(Na)　怎麼(D)　感覺(VK)　很(Dfa)　久(VH)　沒(D)　出來(VA)　了(Di),[]
那幹嘛通報,那(Dk)　幹嘛(D)　通報(VE),[]
要噓要質疑拿出證據來啦保證拿不出來,要(D)　噓(I)　要(D)　質疑(VE)　拿出(VC)　證據(Na)　來(T)　啦(T)　保證(VE)　拿(VB)　不(D)　出來(VB),[]
好像因為計算方式用新系統比較不容易矇混過去,好像(D)　因為(Cbb)　計算(Nv)　方式(Na)　用(P)　新(VH)　系統(Na)　比較(Dfa)　不(D)　容易(VH)　矇混(VA)　過去(VA),[]
因為的都是搭載新系統,因為(Cbb)　的(DE)　都(D)　是(SHI)　搭載(VC)　新(VH)　系統(Na),[]
跟之前的機型有不同的值計算方式,跟(P)　之前(Nd)　的(DE)　機型(Na)　有(V_2)　不同(VH)　的(DE)　值(Na)　計算(VC)　方式(Na),[]
大佬有說因為用新系統很容易出現重落地,大佬(Na)　有(D)　說(VE)　因為(Cbb)　用(P)　新(VH)　系統(Na)　很(Dfa)　容易(VH)　出現(VH)　重(VH)　落地(VA),[]
標準也不知道要讓法國解讀才能放行,標準(Na)　也(D)　不(D)　知道(VK)　要(D)　讓(VL)　法國(Nc)　解讀(VC)　才(Da)　能(D)　放行(VA),"[{'word': '法國', 'ner': 'GPE'}]"
其他家都是舊系統,其他(Neqa)　家(Nf)　都(D)　是(SHI)　舊(VH)　系統(Na),[]
是那個被罷免的,是(SHI)　那(Nep)　個(Nf)　被(P)　罷免(VC)　的(DE),[]
不管是新系統舊系統,不管(Cbb)　是(SHI)　新(VH)　系統(Na)　舊(VH)　系統(Na),[]
這不都是訓練有沒有做好的問題嗎,這(Nep)　不(D)　都(D)　是(SHI)　訓練(Na)　有沒有(D)　做好(VC)　的(DE)　問題(Na)　嗎(T),[]
同樣的訓練同樣的技術同樣的操作同樣的乘客體感在或舊的飛機會被判定正常空巴的新系統公式則會被判重落地,同樣(VH)　的(DE)　訓練(Na)　同樣(VH)　的(DE)　技術(Na)　同樣(VH)　的(DE)　操作(Nv)　同樣(VH)　的(DE)　乘客(Na)　體感(VK)　在(P)　或(Caa)　舊(VH)　的(DE)　飛機(Na)　會(D)　被(P)　判定(VE)　正常(VH)　空巴(Na)　的(DE)　新(VH)　系統(Na)　公式(Na)　則(D)　會(D)　被(P)　判(VF)　重(VH)　落地(VA),[]
航空公司可以拒絕升級但星宇這種全機隊新的就沒得選只能搭載新的系統,航空(Na)　公司(Nc)　可以(D)　拒絕(VF)　升級(VH)　但(Cbb)　星宇(Nb)　這(Nep)　種(Nf)　全(Neqa)　機隊(Na)　新(VH)　的(DE)　就(D)　沒(D)　得(D)　選(VC)　只(Da)　能(D)　搭載(VC)　新(VH)　的(DE)　系統(Na),"[{'word': '星宇', 'ner': 'ORG'}]"
厲害了訓練你也懂有沒有想過人家訓練時期是長榮華航訓練出來的呢,厲害(VH)　了(Di)　訓練(Na)　你(Nh)　也(D)　懂(VK)　有沒有(D)　想(VE)　過(Di)　人家(Nh)　訓練(Na)　時期(Na)　是(SHI)　長榮(Nb)　華航(Nc)　訓練出來(VB)　的(DE)　呢(T),"[{'word': '長榮華航', 'ner': 'ORG'}]"
所以我要依據這樣說華航長榮訓練不適當嗎,所以(Cbb)　我(Nh)　要(D)　依據(P)　這樣(VH)　說(VE)　華航(Nc)　長榮(Nb)　訓練(Na)　不(D)　適當(VH)　嗎(T),"[{'word': '華航', 'ner': 'ORG'}]"
不是這樣吧,不(D)　是(SHI)　這樣(VH)　吧(T),[]
有哪家航空接收別家來的飛行員不訓練就上線,有(V_2)　哪(Nep)　家(Nf)　航空(Na)　接收(VC)　別(Nes)　家(Nc)　來(VA)　的(DE)　飛行員(Na)　不(D)　訓練(VC)　就(D)　上線(VA),[]
自訓的飛行員招進來你不進模擬機訓練就上線,自訓(VC)　的(DE)　飛行員(Na)　招進來(VB)　你(Nh)　不(D)　進(VCL)　模擬機(Na)　訓練(Na)　就(D)　上線(VA),[]
你不訓練怎麼知道飛行員對自家手冊清不清楚,你(Nh)　不(D)　訓練(VC)　怎麼(D)　知道(VK)　飛行員(Na)　對(P)　自家(Nc)　手冊(Na)　清(VH)　不(D)　清楚(VH),[]
難道星粉不知道飛行員可以自訓不定是培訓,難道(D)　星粉(Na)　不(D)　知道(VK)　飛行員(Na)　可以(D)　自訓(VC)　不定(VH)　是(SHI)　培訓(VC),[]
閣下的定義是新訓飛行員並不是那種不要把訓練這個名詞無限上綱就像你說個人底子打得好誰誰誰教的好是樣的道理這是基本常識不用天到晚講話還要先貼星粉的標籤這行為跟伏地魔沒什麼兩樣對自家手冊清不清楚那叫考核個飛行員的技術好壞與否跟他熟讀手冊是兩回事而且技術好壞是客觀的就像好球員不定是好教練書呆子不定會做事都是樣的道理我也可以說難道星黑不知道飛行員搞不好是長榮華航培養出來的嗎,閣下(Nh)　的(DE)　定義(Na)　是(SHI)　新訓(VH)　飛行員(Na)　並(D)　不(D)　是(SHI)　那(Nep)　種(Nf)　不要(D)　把(P)　訓練(Na)　這(Nep)　個(Nf)　名詞(Na)　無限(VH)　上綱(VH)　就(D)　像(P)　你(Nh)　說(VE)　個人(Nh)　底子(Na)　打(VC)　得(DE)　好(VH)　誰(Nh)　誰(Nh)　誰(Nh)　教(VC)　的(DE)　好(VH)　是(SHI)　樣(Na)　的(DE)　道理(Na)　這(Nep)　是(SHI)　基本(A)　常識(Na)　不用天到晚(D)　講話(VA)　還要(D)　先(D)　貼(VC)　星粉(Na)　的(DE)　標籤(Na)　這(Nep)　行為(Na)　跟(P)　伏地魔(Na)　沒(VJ)　什麼(Nep)　兩(VH)　樣(Nf)　對(P)　自家(Nc)　手冊(Na)　清(VH)　不(D)　清楚(VH)　那(Nep)　叫(VG)　考核(VC)　個(Nf)　飛行員(Na)　的(DE)　技術(Na)　好壞(Na)　與否(T)　跟(P)　他(Nh)　熟讀(VC)　手冊(Na)　是(SHI)　兩回事(Neu)　而且(Cbb)　技術(Na)　好壞(Na)　是(SHI)　客觀(VH)　的(DE)　就(D)　像(VG)　好(VH)　球員(Na)　不定(VH)　是(SHI)　好(VH)　教練(Na)　書呆子(Na)　不定(D)　會(D)　做(VC)　事(Na)　都(D)　是(SHI)　樣(Na)　的(DE)　道理(Na)　我(Nh)　也(D)　可以(D)　說(VE)　難道(D)　星黑(Na)　不(D)　知道(VK)　飛行員(Na)　搞不好(D)　是(SHI)　長榮(Nb)　華航(Nc)　培養出來(VB)　的(DE)　嗎(T),"[{'word': '伏地魔', 'ner': 'PERSON'}, {'word': '兩', 'ner': 'CARDINAL'}, {'word': '兩', 'ner': 'CARDINAL'}, {'word': '長榮華航', 'ner': 'ORG'}]"
這句話華航很愛講說我們培養的嘿嘿大可不必,這(Nep)　句(Nf)　話(Na)　華航(Nc)　很(Dfa)　愛(VL)　講(VE)　說(VE)　我們(Nh)　培養(VC)　的(T)　嘿嘿(I)　大可不必(D),"[{'word': '華航', 'ner': 'ORG'}]"
的不是也是新版的嗎,的(DE)　不(D)　是(SHI)　也(D)　是(SHI)　新版(Na)　的(DE)　嗎(T),[]
笑死這就是大佬說的新系統計算公式比較敏感樣等級的飛行員技術新系統就是比較容易判斷重落地,笑死(VHC)　這(Nep)　就(D)　是(SHI)　大佬(Na)　說(VE)　的(DE)　新(VH)　系統(Na)　計算(VC)　公式(Na)　比較(Dfa)　敏感(VH)　樣(Nf)　等級(Na)　的(DE)　飛行員(Na)　技術(Na)　新(VH)　系統(Na)　就(D)　是(SHI)　比較(Dfa)　容易(VH)　判斷(VE)　重(VH)　落地(VA),[]
另外這個新系統公式也沒人知道怎麼算像星宇這次被懷疑有重落地就必須把所有數據取出來送空巴原廠空巴分析完才會告訴你是否算重落地這次這個時間差也導致堆黑粉見獵心喜搶先想要爆料結果官方報告出來被打臉根本沒事直接翻車,另外(Cbb)　這(Nep)　個(Nf)　新(VH)　系統(Na)　公式(Na)　也(D)　沒(VJ)　人(Na)　知道(VK)　怎麼(D)　算(VE)　像(VG)　星宇(Nb)　這(Nep)　次(Nf)　被(P)　懷疑(VK)　有(V_2)　重落地(VH)　就(D)　必須(D)　把(P)　所有(Neqa)　數據(Na)　取出來(VB)　送(VD)　空巴(Na)　原廠(Nc)　空巴(Nb)　分析完(VC)　才(Da)　會(D)　告訴(VE)　你(Nh)　是否(D)　算(VG)　重落地(VH)　這(Nep)　次(Nf)　這(Nep)　個(Nf)　時間差(Na)　也(D)　導致(VL)　堆(VC)　黑粉(Na)　見獵心喜(VH)　搶先(VA)　想要(VE)　爆料(VE)　結果(Dk)　官方(Na)　報告(Na)　出來(VA)　被(P)　打臉(VC)　根本(D)　沒(VJ)　事(Na)　直接(VH)　翻車(VH),"[{'word': '星宇', 'ner': 'ORG'}]"
見獵心喜的那位也是有人爆料給他至於是誰爆料的範圍已經縮到很小了,見獵心喜(VH)　的(DE)　那(Nep)　位(Nf)　也(D)　是(SHI)　有(V_2)　人(Na)　爆料(VE)　給(P)　他(Nh)　至於(P)　是(SHI)　誰(Nh)　爆料(VE)　的(DE)　範圍(Na)　已經(D)　縮到(VCL)　很(Dfa)　小(VH)　了(T),[]
現在已經不是看的那下的值了,現在(Nd)　已經(D)　不(D)　是(SHI)　看(VC)　的(DE)　那(Nep)　下(Nf)　的(DE)　值(VH)　了(T),[]
而是看在時間段內橫軸及縱軸受到的加速度,而是(Cbb)　看(VC)　在(P)　時間段(Na)　內(Ncd)　橫軸(Na)　及(Caa)　縱軸(Na)　受到(VJ)　的(DE)　加速度(Na),[]
那個加速度值是看飛機的重量外型姿態滾轉再由空巴的函數跑出來,那(Nep)　個(Nf)　加速度值(Na)　是(SHI)　看(VC)　飛機(Na)　的(DE)　重量(Na)　外型(Na)　姿態(Na)　滾轉(VA)　再(D)　由(P)　空巴(Nb)　的(DE)　函數(Na)　跑出來(VA),[]
跑的過程我們不得而知,跑(VA)　的(DE)　過程(Na)　我們(Nh)　不得而知(VI),[]
只能接受他出來的數值,只(Da)　能(D)　接受(VC)　他(Nh)　出來(VA)　的(DE)　數值(Na),[]
個人傾向在這種情況下不太能說重落地,個人(Nh)　傾向(VK)　在(P)　這(Nep)　種(Nf)　情況(Na)　下(Ng)　不(D)　太(Dfa)　能(D)　說(VE)　重(VH)　落地(VA),[]
只能講飛機某個面向受的加速度需要原廠的解讀,只(Da)　能(D)　講(VE)　飛機(Na)　某(Nes)　個(Nf)　面向(Na)　受(VJ)　的(DE)　加速度(Na)　需要(VK)　原廠(Nc)　的(DE)　解讀(VC),[]
民航局到底要不要查下內鬼啊,民航局(Nc)　到底(D)　要不要(D)　查(VE)　下(Na)　內鬼(Na)　啊(T),"[{'word': '民航局', 'ner': 'ORG'}]"
相信董,相信(VK)　董(Nb),[]
年底就懂,年底(Nd)　就(D)　懂(VK),"[{'word': '年底', 'ner': 'DATE'}]"
哈哈哈,哈(D)　哈(D)　哈(D),[]
好嬌貴,好(Dfa)　嬌貴(VH),[]
圖文閱讀版,圖文(Na)　閱讀(VC)　版(Na),[]
航空公司星宇航空搭乘日期,航空(Na)　公司(Nc)　星宇(Nb)　航空(Na)　搭乘(VC)　日期(Na),"[{'word': '星宇航空', 'ner': 'ORG'}]"
航班編號使用機型,航班(Na)　編號(Na)　使用(VC)　機型(Na),[]
出發機場仙台到達機場台北桃園,出發(VA)　機場(Nc)　仙台(Nc)　到達(VCL)　機場(Nc)　台北(Nc)　桃園(Nc),"[{'word': '仙台', 'ner': 'GPE'}, {'word': '台北桃園', 'ner': 'GPE'}]"
表定出發時間實際出發時間,表定(VE)　出發(Nv)　時間(Na)　實際(VH)　出發(Nv)　時間(Na),[]
表定到達時間實際到達時間,表定(VE)　到達(VCL)　時間(Na)　實際(VH)　到達(VCL)　時間(Na),[]
以往來東北地區都是開從東京往返的行程,以往來(Nd)　東北(Nc)　地區(Nc)　都(D)　是(SHI)　開(VC)　從(P)　東京(Nc)　往返(VCL)　的(DE)　行程(Na),"[{'word': '東北', 'ner': 'LOC'}, {'word': '東京', 'ner': 'GPE'}]"
這次終於可以解鎖仙台機場的初體驗了,這(Nep)　次(Nf)　終於(D)　可以(D)　解鎖(VB)　仙台(Nc)　機場(Nc)　的(DE)　初(D)　體驗(VC)　了(Di),"[{'word': '仙台機場', 'ner': 'FAC'}]"
作為東北地區的主要對外門戶機場,作為(VG)　東北(Nc)　地區(Nc)　的(DE)　主要(A)　對(P)　外(Ncd)　門戶(Na)　機場(Nc),"[{'word': '東北', 'ner': 'LOC'}]"
國際線櫃檯的規模不小,國際線(Na)　櫃檯(Nc)　的(DE)　規模(Na)　不(D)　小(VH),[]
但托運行李作業還是要先在櫃台完成報到秤重後再自行拿去過光機,但(Cbb)　托運(VC)　行李(Na)　作業(Na)　還是(D)　要(D)　先(D)　在(P)　櫃台(Na)　完成(VC)　報到(VA)　秤重(VA)　後(Ng)　再(D)　自行(D)　拿去(VC)　過光機(Na),[]
商務艙的旅客會拿到張優先安檢的小卡,商務艙(Na)　的(DE)　旅客(Na)　會(D)　拿到(VC)　張(Nf)　優先(D)　安檢(Na)　的(DE)　小卡(Na),[]
貴賓室的部分因為仙台這就是茶水間而已,貴賓室(Nc)　的(DE)　部分(Neqa)　因為(Cbb)　仙台(Nc)　這(Nep)　就(D)　是(SHI)　茶水間(Nc)　而已(T),"[{'word': '貴賓室', 'ner': 'FAC'}, {'word': '仙台', 'ner': 'GPE'}]"
當然是選擇抵用券日幣額度,當然(D)　是(SHI)　選擇(VC)　抵用券(Na)　日幣(Na)　額度(Na),[]
去旁邊買買萩之月剛好,去(VCL)　旁邊(Ncd)　買買(VC)　萩(Na)　之(DE)　月(Na)　剛好(VH),"[{'word': '萩之月', 'ner': 'DATE'}]"
同時段也沒其他飛機出發,同(Nes)　時段(Na)　也(D)　沒(VJ)　其他(Neqa)　飛機(Na)　出發(VA),[]
如果較晚出境的話安檢其實也不需要排隊,如果(Cbb)　較(Dfa)　晚(D)　出境(VA)　的話(Cba)　安檢(Na)　其實(D)　也(D)　不(D)　需要(VK)　排隊(VA),[]
仙台機場出境之後只有家咖啡廳跟間免稅店而已,仙台(Nc)　機場(Nc)　出境(VA)　之後(Ng)　只(Da)　有(V_2)　家(Nf)　咖啡廳(Nc)　跟(Caa)　間(Nf)　免稅店(Nc)　而已(T),"[{'word': '仙台機場', 'ner': 'FAC'}]"
所以這次是在航廈內逛到登機前分鐘才悠悠哉哉地出境,所以(Cbb)　這(Nep)　次(Nf)　是(SHI)　在(P)　航廈(Na)　內(Ncd)　逛(VC)　到(P)　登機(VA)　前(Nes)　分鐘(Nf)　才(Da)　悠悠哉哉(VH)　地(DE)　出境(VA),[]
除了星宇之外現在長榮也是用廣體客機飛仙台,除了(P)　星宇(Nb)　之外(Ng)　現在(Nd)　長榮(Nb)　也(D)　是(SHI)　用(P)　廣體(Na)　客機(Na)　飛(VA)　仙台(Nc),"[{'word': '星宇', 'ner': 'ORG'}, {'word': '長榮', 'ner': 'ORG'}, {'word': '仙台', 'ner': 'FAC'}]"
但畢竟兩者的機型是世代上的差異了還是會讓人想選星宇,但(Cbb)　畢竟(D)　兩(Nh)　者(Na)　的(DE)　機型(Na)　是(SHI)　世代(Na)　上(Ncd)　的(DE)　差異(Na)　了(T)　還是(D)　會(D)　讓(VL)　人(Na)　想(VE)　選(VC)　星宇(Na),"[{'word': '兩', 'ner': 'CARDINAL'}]"
不過這兩家都用上廣體了虎航台北航線還是維持週兩班,不過(Cbb)　這(Nep)　兩(Neu)　家(Nc)　都(D)　用上(VC)　廣體(VH)　了(T)　虎航(Nb)　台北(Nc)　航線(Na)　還是(D)　維持(VJ)　週(Nf)　兩(Neu)　班(Nf),"[{'word': '兩', 'ner': 'CARDINAL'}, {'word': '虎航', 'ner': 'ORG'}, {'word': '台北', 'ner': 'GPE'}]"
看來華航集團是真的沒打算多撈點東北的市場,看來(D)　華航(Nc)　集團(Na)　是(SHI)　真的(D)　沒(D)　打算(VF)　多(D)　撈(VC)　點(Nf)　東北(Nc)　的(DE)　市場(Nc),"[{'word': '華航集團', 'ner': 'ORG'}, {'word': '東北', 'ner': 'LOC'}]"
冬季的仙台真的是很熱門,冬季(Nd)　的(DE)　仙台(Nc)　真的(D)　是(SHI)　很(Dfa)　熱門(VH),"[{'word': '仙台', 'ner': 'GPE'}]"
商務艙這次回來只有個座位而已,商務艙(Na)　這(Nep)　次(Nf)　回來(VA)　只(Da)　有(V_2)　個(Nf)　座位(Na)　而已(T),[]
這次太晚買票選位子時靠窗只剩下最後排的了,這(Nep)　次(Nf)　太晚(VH)　買票(VC)　選(VC)　位子(Na)　時(Ng)　靠(VJ)　窗(Na)　只(Da)　剩下(VJ)　最後(Ncd)　排(VC)　的(DE)　了(T),[]
不過靠廁所近也蠻方便的,不過(Cbb)　靠(P)　廁所(Nc)　近(VH)　也(D)　蠻(Dfa)　方便(VH)　的(T),[]
不過這次搭乘的感受真的有點小落漆,不過(Cbb)　這(Nep)　次(Nf)　搭乘(VC)　的(DE)　感受(Na)　真的(D)　有點(Dfa)　小(VH)　落漆(VH),[]
原本還以為菜單是電子化節省掉了,原本(D)　還(D)　以為(VE)　菜單(Na)　是(SHI)　電子化(VHC)　節省掉(VJ)　了(T),[]
但空服點完餐後仍然表示有實體菜單酒單可以參考,但(Cbb)　空服(Na)　點完(VC)　餐(Na)　後(Ng)　仍然(D)　表示(VE)　有(V_2)　實體(Na)　菜單(Na)　酒單(Na)　可以(D)　參考(VC),[]
詢問後才知道是這座位漏放了,詢問(VE)　後(Ng)　才(Da)　知道(VK)　是(SHI)　這(Nep)　座位(Na)　漏放(VC)　了(Di),[]
然後還碰到個人娛樂系統看飛航資訊或是看菜單都還可以滑的動,然後(D)　還(D)　碰到(VC)　個人(Nh)　娛樂(Na)　系統(Na)　看(VC)　飛航(VA)　資訊(Na)　或是(Caa)　看(VC)　菜單(Na)　都(D)　還可以(D)　滑(VH)　的(DE)　動(VAC),[]
但電影音樂類系統異常根本無法使用的狀況,但(Cbb)　電影(Na)　音樂(Na)　類(Na)　系統(Na)　異常(VH)　根本(D)　無法(D)　使用(VC)　的(DE)　狀況(Na),[]
即使重開也不能用有點傻眼,即使(Cbb)　重開(VC)　也(D)　不能(D)　用(VC)　有點(Dfa)　傻眼(VH),[]
雖然說座艙長有表示可以換位子但只有走道位,雖然(Cbb)　說(VE)　座艙長(Na)　有(V_2)　表示(VE)　可以(D)　換(VC)　位子(Na)　但(Cbb)　只有(D)　走道位(VA),[]
想了下還是拒絕了,想(VE)　了(Di)　下(Ng)　還是(D)　拒絕(VF)　了(Di),[]
就是想窗邊才選了最後排,就是(D)　想(VE)　窗(Na)　邊(Ncd)　才(Da)　選(VC)　了(Di)　最後(Dfa)　排(VC),[]
不過後來還是有提供美金抵用券作為補償也算處置得宜,不過(Cbb)　後來(Nd)　還是(D)　有(V_2)　提供(VD)　美金(Na)　抵用券(Na)　作為(VG)　補償(VD)　也(D)　算(VG)　處置(VC)　得宜(VH),[]
跟為了拍車而快閃天的仙台說拜拜,跟(P)　為了(P)　拍(VC)　車(Na)　而(Cbb)　快(D)　閃(VA)　天(Nc)　的(DE)　仙台(Nc)　說(VE)　拜拜(VA),"[{'word': '仙台', 'ner': 'GPE'}]"
可惜在買的太開心導致最後沒時間跑觀景台,可惜(VH)　在(P)　買(VC)　的(DE)　太(Dfa)　開心(VH)　導致(VL)　最後(Nd)　沒(VJ)　時間(Na)　跑(VA)　觀景台(Na),[]
冬天真的天下就黑了,冬天(Nd)　真的(D)　天下(Nc)　就(D)　黑(VH)　了(Di),"[{'word': '冬天', 'ner': 'DATE'}]"
後推時還有美好的晚霞可以看,後(Ncd)　推(VC)　時(Ng)　還(D)　有(V_2)　美好(VH)　的(DE)　晚霞(Na)　可以(D)　看(VC),"[{'word': '晚霞', 'ner': 'TIME'}]"
光是滑行到跑道外面就全暗了,光(Da)　是(SHI)　滑行到(VA)　跑道(Na)　外面(Ncd)　就(D)　全(Neqa)　暗(VH)　了(Di),[]
但同時也能遠眺夜晚的仙台市區夜間燈光,但(Cbb)　同時(Nd)　也(D)　能(D)　遠眺(VC)　夜晚(Nd)　的(DE)　仙台(Nc)　市區(Nc)　夜間(Nd)　燈光(Na),"[{'word': '夜晚', 'ner': 'TIME'}, {'word': '仙台', 'ner': 'GPE'}, {'word': '夜間', 'ner': 'TIME'}]"
仙台機場起飛後飛機航向往西飛行,仙台(Nc)　機場(Nc)　起飛(VA)　後(Ng)　飛機(Na)　航向(Na)　往(P)　西(Ncd)　飛行(VA),"[{'word': '仙台機場', 'ner': 'FAC'}]"
也能遠眺米澤跟山形,也(D)　能(D)　遠眺(VC)　米澤(Nc)　跟(Caa)　山形(Na),"[{'word': '米澤', 'ner': 'LOC'}]"
對星宇調酒還是最愛橙香迷霧龍眼酒的香味真的是越喝越順,對(P)　星宇(Nb)　調酒(Na)　還是(D)　最愛(Dfa)　橙香(Na)　迷霧(Na)　龍眼酒(Na)　的(DE)　香味(Na)　真的(D)　是(SHI)　越(D)　喝(VC)　越(D)　順(VH),"[{'word': '星宇', 'ner': 'PERSON'}]"
在通過能登半島後不久便開始了供餐服務,在(P)　通過(VC)　能登半島(D)　後(Ng)　不久(Nd)　便(D)　開始(VL)　了(Di)　供餐(VA)　服務(VC),"[{'word': '半島', 'ner': 'LOC'}]"
餐點上選了日本餐點,餐點(Na)　上(Ng)　選(VC)　了(Di)　日本(Nc)　餐點(Na),"[{'word': '日本', 'ner': 'GPE'}]"
主菜是照燒比目魚與出汁玉子燒,主菜(Na)　是(SHI)　照燒(P)　比目魚(Na)　與(Caa)　出汁(VC)　玉子燒(Na),[]
搭配三種日本前菜及日本清湯,搭配(VC)　三(Neu)　種(Nf)　日本(Nc)　前菜(Na)　及(Caa)　日本(Nc)　清湯(Na),"[{'word': '三', 'ner': 'CARDINAL'}, {'word': '日本', 'ner': 'GPE'}, {'word': '日本', 'ner': 'GPE'}]"
甜點是水果搭配昭和布丁,甜點(Na)　是(SHI)　水果(Na)　搭配(VC)　昭和(Nd)　布丁(Na),[]
傳統的日本布丁配上酸甜的金桔很是對味,傳統(VH)　的(DE)　日本(Nc)　布丁(Na)　配上(VC)　酸甜(VH)　的(DE)　金桔(Na)　很(Dfa)　是(SHI)　對味(Na),"[{'word': '日本', 'ner': 'NORP'}]"
這天航路跟以往的經驗比較不樣,這(Nep)　天(Nf)　航路(Na)　跟(P)　以往(Nd)　的(DE)　經驗(Na)　比較(Dfa)　不樣(VH),"[{'word': '這天', 'ner': 'DATE'}]"
是沿著日本海側路向西到了朝鮮半島南側後才轉南行,是(SHI)　沿(P)　著(Di)　日本海(Nc)　側(Nc)　路(Na)　向(P)　西(Ncd)　到(VCL)　了(Di)　朝鮮半島(Nc)　南側(Ncd)　後(Ng)　才(Da)　轉(VC)　南行(Ncd),"[{'word': '日本海', 'ner': 'LOC'}, {'word': '朝鮮半島', 'ner': 'LOC'}]"
意外的解鎖了從空中俯視了釜山跟濟州島夜景的體驗,意外(VK)　的(DE)　解鎖(VB)　了(Di)　從(P)　空中(Nc)　俯視(VC)　了(Di)　釜山(Nc)　跟(Caa)　濟州島(Nc)　夜景(Na)　的(DE)　體驗(Nv),"[{'word': '釜山', 'ner': 'GPE'}, {'word': '濟州島', 'ner': 'LOC'}]"
比預定早了分鐘左右回到桃園機場,比(P)　預定(VE)　早(VH)　了(Di)　分鐘(Nf)　左右(Ng)　回到(VCL)　桃園(Nc)　機場(Nc),"[{'word': '分鐘', 'ner': 'TIME'}, {'word': '桃園機場', 'ner': 'FAC'}]"
到達停機坪時隔壁停著大韓的,到達(VCL)　停機坪(Nc)　時(Ng)　隔壁(Nc)　停(VHC)　著(Di)　大韓(Nc)　的(DE),"[{'word': '大韓', 'ner': 'GPE'}]"
還是第次看到實機呢,還是(D)　第(Neu)　次(Nf)　看到(VE)　實機(VH)　呢(T),"[{'word': '第', 'ner': 'ORDINAL'}]"
真希望大韓可以跟韓亞起開票,真(D)　希望(VK)　大韓(Nc)　可以(D)　跟(P)　韓亞(Nb)　起(Ng)　開票(VA),"[{'word': '大韓', 'ner': 'GPE'}, {'word': '韓亞', 'ner': 'PERSON'}]"
真想買個的首爾來回機票看看,真(D)　想(VE)　買(VC)　個(Nf)　的(DE)　首爾(Nc)　來回(Nv)　機票(Na)　看看(VC),"[{'word': '首爾', 'ner': 'GPE'}]"
相較於二航廈,相較(VB)　於(P)　二(Neu)　航廈(Na),"[{'word': '二航廈', 'ner': 'FAC'}]"
這時間的航廈反而人潮不太多,這(Nep)　時間(Na)　的(DE)　航廈(Na)　反而(Cbb)　人潮(Na)　不(D)　太多(VH),[]
出行李的速度業也是頗快的,出(VC)　行李(Na)　的(DE)　速度業(Na)　也(D)　是(SHI)　頗(Dfa)　快(VH)　的(DE),[]
推推羨慕,推推(VC)　羨慕(VJ),[]
不錯呢,不錯(VH)　呢(T),[]
下次嘗試,下(Nes)　次(Nf)　嘗試(VF),[]
推分享,推(VC)　分享(VJ),[]
的觀景台設計得挺好的值得去,的(DE)　觀景台(Na)　設計(VC)　得(DE)　挺(Dfa)　好(VH)　的(DE)　值得(VH)　去(VCL),[]
美抵用券個人覺得了,美(Na)　抵用券(Na)　個人(Nh)　覺得(VK)　了(Di),"[{'word': '美', 'ner': 'GPE'}]"
來源,來源(Na),[]
星宇航空截至星期二日開始列載釜山航點的飛航時刻,星宇(Nb)　航空(Na)　截至(P)　星期二日(Nd)　開始(VL)　列載(VC)　釜山(Nc)　航點(Na)　的(DE)　飛航(VA)　時刻(Na),"[{'word': '星宇航空', 'ner': 'ORG'}, {'word': '星期二日', 'ner': 'DATE'}, {'word': '釜山', 'ner': 'GPE'}]"
預定年月日自台北首航,預定(VE)　年(Nd)　月(Na)　日(Nd)　自(P)　台北(Nc)　首航(D),"[{'word': '年月日', 'ner': 'DATE'}, {'word': '台北', 'ner': 'GPE'}]"
每日班,每日班(Na),[]
這條航線近期內開放訂位,這(Nep)　條(Nf)　航線(Na)　近期(Nd)　內(Ng)　開放(VC)　訂位(VA),[]
附圖的資料截至日期因未修改,附圖(Na)　的(DE)　資料(Na)　截至(P)　日期(Na)　因(Cbb)　未(D)　修改(VC),[]
所以顯示月日,所以(Cbb)　顯示(VK)　月(Na)　日(Na),[]
但實際上為月日,但(Cbb)　實際(VH)　上(Ng)　為(VG)　月(Na)　日(Na),[]
全服務供給又增加應該能再修正其他兩家的釜山價格吧,全(Neqa)　服務(VC)　供給(Nv)　又(D)　增加(VHC)　應該(D)　能(D)　再(D)　修正(VC)　其他(Neqa)　兩(Neu)　家(Nf)　的(DE)　釜山(Nc)　價格(Na)　吧(T),"[{'word': '兩', 'ner': 'CARDINAL'}, {'word': '釜山', 'ner': 'GPE'}]"
釜山超多臺灣老人旅行團,釜山(Nc)　超多(VH)　臺灣(Nc)　老人(Na)　旅行團(Na),"[{'word': '釜山', 'ner': 'GPE'}, {'word': '臺灣', 'ner': 'NORP'}]"
很難因為飛陣子之後說不定有機會挑戰,很(Dfa)　難(VH)　因為(Cbb)　飛(VA)　陣子(Nd)　之後(Ng)　說不定(D)　有(V_2)　機會(Na)　挑戰(VC),[]
競爭是好事,競爭(Na)　是(SHI)　好事(Na),[]
消費者受惠,消費者(Na)　受惠(VH),[]
釜山短短時間暴增到每週接近班,釜山(Nc)　短短(VH)　時間(Na)　暴增(VJ)　到(P)　每(Nes)　週(Nf)　接近(Nc)　班(Na),"[{'word': '釜山', 'ner': 'GPE'}]"
就知道台灣多哈,就(D)　知道(VK)　台灣(Nc)　多哈(Nb),"[{'word': '台灣', 'ner': 'GPE'}]"
釜山物價比首爾低不少值高老人愛,釜山(Nc)　物價(Na)　比(P)　首爾(Nc)　低(VH)　不少(Neqa)　值(VJ)　高(Nb)　老人(Na)　愛(VL),"[{'word': '釜山', 'ner': 'GPE'}, {'word': '首爾', 'ner': 'GPE'}]"
有競爭不錯啊,有(V_2)　競爭(Na)　不錯(VH)　啊(T),[]
至少終於想要開韓國而不是枯等,至少(Da)　終於(D)　想要(VE)　開(VC)　韓國(Nc)　而(Cbb)　不(D)　是(SHI)　枯(VH)　等(Cab),"[{'word': '韓國', 'ner': 'GPE'}]"
傳統航空多多開好啊不能都只有韓國廉航在玩,傳統(VH)　航空(Na)　多多(D)　開好(VC)　啊(T)　不能(D)　都(D)　只有(D)　韓國(Nc)　廉航(Nc)　在(P)　玩(VC),"[{'word': '韓國', 'ner': 'GPE'}]"
飛飛,飛飛(VA),[]
可以飛三日早去晚回,可以(D)　飛(VA)　三(Nd)　日(Nf)　早(D)　去(VCL)　晚(Nd)　回(VCL),"[{'word': '三日早', 'ner': 'TIME'}]"
真航空台中釜山會先飛,真(VH)　航空(Na)　台中(Nc)　釜山(Nc)　會(D)　先(D)　飛(VA),"[{'word': '台中', 'ner': 'GPE'}, {'word': '釜山', 'ner': 'GPE'}]"
應該是航權限制,應該(D)　是(SHI)　航權(Na)　限制(Na),[]
大韓夏季不飛台中首爾,大韓(Nc)　夏季(Nd)　不(D)　飛(VA)　台中(Nc)　首爾(Nc),"[{'word': '大韓', 'ner': 'GPE'}, {'word': '夏季', 'ner': 'DATE'}, {'word': '台中', 'ner': 'GPE'}, {'word': '首爾', 'ner': 'GPE'}]"
有機會補這個缺嗎,有(V_2)　機會(Na)　補(VC)　這(Nep)　個(Nf)　缺(Na)　嗎(T),[]
真航已經天兩班了,真航(D)　已經(D)　天(Nc)　兩(Neu)　班(Nf)　了(T),"[{'word': '真航', 'ner': 'ORG'}, {'word': '兩', 'ner': 'CARDINAL'}]"
你要他天三班,你(Nh)　要(VE)　他(Nh)　天三班(Nf),[]
南韓中國台灣,南韓(Nc)　中國(Nc)　台灣(Nc),"[{'word': '南韓', 'ner': 'GPE'}, {'word': '中國', 'ner': 'GPE'}, {'word': '台灣', 'ner': 'GPE'}]"
歐洲第二個航點趕快公布呀,歐洲(Nc)　第二(Neu)　個(Nf)　航點(Na)　趕快(D)　公布(VE)　呀(T),"[{'word': '歐洲', 'ner': 'LOC'}, {'word': '第二', 'ner': 'ORDINAL'}]"
東南亞廉航是不是也要飛台韓線了,東南亞(Nc)　廉航(Nc)　是(SHI)　不(D)　是(SHI)　也(D)　要(D)　飛(VA)　台韓(Nc)　線(Na)　了(T),"[{'word': '東南亞', 'ner': 'LOC'}, {'word': '台韓', 'ner': 'GPE'}]"
越捷換總代理的時候有說要研究延遠韓國,越捷(Nb)　換(VC)　總代理(Na)　的(DE)　時候(Na)　有(V_2)　說(VE)　要(D)　研究(VE)　延遠(VC)　韓國(Nc),"[{'word': '越', 'ner': 'GPE'}, {'word': '捷', 'ner': 'GPE'}, {'word': '韓國', 'ner': 'GPE'}]"
酷航已經在飛啊,酷航(VH)　已經(D)　在(P)　飛(VA)　啊(T),"[{'word': '酷航', 'ner': 'ORG'}]"
還是它不是東南亞廉航,還是(Caa)　它(Nh)　不(D)　是(SHI)　東南亞(Nc)　廉航(VA),"[{'word': '東南亞', 'ner': 'LOC'}]"
古早還有,古早(Nd)　還(D)　有(V_2),[]
可惜疫情後就沒有回來了台灣航空在仁川是被航約卡住不然怎麼可能只是現這樣,可惜(VH)　疫情(Na)　後(Ng)　就(D)　沒有(D)　回來(VA)　了(Di)　台灣(Nc)　航空(Na)　在(P)　仁川(Nc)　是(SHI)　被(P)　航約(Na)　卡住(VC)　不然(Cbb)　怎麼(D)　可能(D)　只是(D)　現(D)　這樣(VH),"[{'word': '台灣', 'ner': 'GPE'}, {'word': '仁川', 'ner': 'GPE'}]"
又在學屁學,又(D)　在(D)　學(VC)　屁(Na)　學(VC),[]
話說清州襄陽與麗水這幾個航點呢,話說(Dk)　清州(Nc)　襄陽(Nc)　與(Caa)　麗水(Nc)　這(Nep)　幾(Neu)　個(Nf)　航點(Na)　呢(T),"[{'word': '清州', 'ner': 'GPE'}, {'word': '襄陽', 'ner': 'GPE'}, {'word': '麗水', 'ner': 'GPE'}]"
幻想如果韓國飛台灣然後延遠日本不知道會是什麼感覺哈哈哈,幻想(VE)　如果(Cbb)　韓國(Nc)　飛(VA)　台灣(Nc)　然後(D)　延遠(VC)　日本(Nc)　不(D)　知道(VK)　會(D)　是(SHI)　什麼(Nep)　感覺(Na)　哈(D)　哈(D)　哈(D),"[{'word': '韓國', 'ner': 'GPE'}, {'word': '台灣', 'ner': 'GPE'}, {'word': '日本', 'ner': 'GPE'}]"
回樓上開條從芹苴經高雄延飛務安的可能性還比較高些吧,回(VCL)　樓上(Nc)　開條(VC)　從(P)　芹苴(Nb)　經(P)　高雄(Nc)　延飛(VA)　務安(D)　的(DE)　可能性(Na)　還(D)　比較(Dfa)　高(VH)　些(Dfb)　吧(T),"[{'word': '芹苴', 'ner': 'PERSON'}, {'word': '高雄', 'ner': 'GPE'}]"
歷史上韓航至年代初期有營運台北大阪釜山航線不過沒有台韓日的組合,歷史(Na)　上(Ng)　韓航(Nc)　至(P)　年代(Nd)　初期(Nd)　有(V_2)　營運(VA)　台北(Nc)　大阪(Nc)　釜山(Nc)　航線(Na)　不過(Cbb)　沒有(VJ)　台(Nc)　韓(Nc)　日(Nc)　的(DE)　組合(Na),"[{'word': '韓航', 'ner': 'ORG'}, {'word': '台北大阪釜山', 'ner': 'GPE'}, {'word': '台韓日', 'ner': 'DATE'}]"
好酷哦,好(Dfa)　酷(VH)　哦(T),[]
很喜歡聽大講述以前的歷史航線故事,很(Dfa)　喜歡(VK)　聽(VE)　大(VH)　講述(VE)　以前(Nd)　的(DE)　歷史(Na)　航線(Na)　故事(Na),[]
清州襄陽以包機居多,清州(Nc)　襄陽(Nc)　以(P)　包機(Na)　居多(VI),"[{'word': '清州', 'ner': 'DATE'}, {'word': '襄陽', 'ner': 'GPE'}]"
濟州島哭暈在廁所,濟州島(Nc)　哭暈(VA)　在(VCL)　廁所(Nc),"[{'word': '濟州島', 'ner': 'LOC'}]"
濟州島旺季是中秋節,濟州島(Nc)　旺季(Nd)　是(SHI)　中秋節(Nd),"[{'word': '濟州島', 'ner': 'LOC'}, {'word': '中秋節', 'ner': 'DATE'}]"
有很多往返金浦濟州島的返鄉航班因為韓國是中秋節掃墓和返鄉團圓,有(V_2)　很多(Neqa)　往返(VCL)　金浦(Nc)　濟州島(Nc)　的(DE)　返鄉(Nv)　航班(Na)　因為(Cbb)　韓國(Nc)　是(SHI)　中秋節(Nd)　掃墓(VA)　和(Caa)　返鄉(VA)　團圓(VH),"[{'word': '金浦濟州島', 'ner': 'LOC'}, {'word': '韓國', 'ner': 'GPE'}, {'word': '中秋節', 'ner': 'DATE'}]"
他不是說台韓日,他(Nh)　不(D)　是(SHI)　說(VE)　台(Nc)　韓(Nc)　日(Nc),"[{'word': '台韓', 'ner': 'GPE'}, {'word': '日', 'ner': 'GPE'}]"
他要的是韓台日由韓國航空飛到台灣後,他(Nh)　要(D)　的(DE)　是(SHI)　韓台(Nc)　日(Nc)　由(P)　韓國(Nc)　航空(Na)　飛到(VCL)　台灣(Nc)　後(Ng),"[{'word': '韓', 'ner': 'GPE'}, {'word': '台日', 'ner': 'DATE'}, {'word': '韓國航空', 'ner': 'ORG'}, {'word': '台灣', 'ner': 'GPE'}]"
再延遠至日本,再(D)　延遠(VC)　至(P)　日本(Nc),"[{'word': '日本', 'ner': 'GPE'}]"
現行的台韓航約沒有延遠權,現行(A)　的(DE)　台(Nc)　韓(Nc)　航約(Na)　沒有(VJ)　延遠權(Na),"[{'word': '台韓航約', 'ner': 'ORG'}]"
韓日台有過韓台日要修約弄成雙向對飛的三角航線韓台日韓韓日台韓順便載貨只要克服組員飛時跟航約定有搞頭當作個的遠景吧,韓(Nb)　日(Nc)　台(Nc)　有(V_2)　過(Di)　韓(Nc)　台(Nc)　日(Nc)　要(D)　修約(VC)　弄成(VG)　雙向(A)　對飛(VA)　的(DE)　三角(Na)　航線(Na)　韓(Nc)　台(Nc)　日(Nc)　韓(Nc)　韓(Nc)　日(Nc)　台(Nc)　韓(Nc)　順便(D)　載貨(VA)　只要(Cbb)　克服(VJ)　組員(Na)　飛(VA)　時(Ng)　跟(VA)　航(VA)　約定(VE)　有(V_2)　搞頭(Na)　當作(VG)　個(Nf)　的(DE)　遠景(Na)　吧(T),"[{'word': '韓', 'ner': 'GPE'}, {'word': '日', 'ner': 'GPE'}, {'word': '台', 'ner': 'GPE'}, {'word': '韓', 'ner': 'GPE'}, {'word': '台', 'ner': 'GPE'}, {'word': '日', 'ner': 'GPE'}, {'word': '韓', 'ner': 'GPE'}, {'word': '台', 'ner': 'GPE'}, {'word': '日', 'ner': 'GPE'}, {'word': '韓', 'ner': 'GPE'}, {'word': '韓', 'ner': 'GPE'}, {'word': '日', 'ner': 'GPE'}, {'word': '台', 'ner': 'GPE'}, {'word': '韓', 'ner': 'GPE'}]"
延遠韓國沒賺頭啊韓國競爭激烈票價不高韓國廉航隨便促銷力度都很強,延遠(VC)　韓國(Nc)　沒(VJ)　賺頭(Na)　啊(T)　韓國(Nc)　競爭(Na)　激烈(VH)　票價(Na)　不(D)　高(VH)　韓國(Nc)　廉航(VH)　隨便(VH)　促銷(VC)　力度(Na)　都(D)　很(Dfa)　強(VH),"[{'word': '韓國', 'ner': 'GPE'}, {'word': '韓國', 'ner': 'GPE'}, {'word': '韓國', 'ner': 'GPE'}]"
其實疫情之前幾年易斯達有取得韓國台灣香港還是泰國有點忘了航權後來沒有執行,其實(D)　疫情(Na)　之前(Ng)　幾(Neu)　年(Nf)　易斯達(Nb)　有(V_2)　取得(VC)　韓國(Nc)　台灣(Nc)　香港(Nc)　還是(D)　泰國(Nc)　有點(Dfa)　忘(VK)　了(Di)　航權(Na)　後來(Nd)　沒有(D)　執行(VC),"[{'word': '易斯達', 'ner': 'GPE'}, {'word': '韓國', 'ner': 'GPE'}, {'word': '台灣', 'ner': 'GPE'}, {'word': '香港', 'ner': 'GPE'}, {'word': '泰國', 'ner': 'GPE'}]"
即便有延遠權韓國扣除首爾釜山外的點利潤很難比日本二三線城市高航空公司寧願優先開日本二三線,即便(Cbb)　有(V_2)　延遠權(Na)　韓國(Nc)　扣除(VC)　首爾(Nc)　釜山(Nc)　外(Ng)　的(DE)　點(Na)　利潤(Na)　很(Dfa)　難(VH)　比(P)　日本(Nc)　二三(Na)　線(Nf)　城市(Na)　高(VH)　航空(Na)　公司(Nc)　寧願(VK)　優先(D)　開(VC)　日本(Nc)　二三(Neu)　線(Nf),"[{'word': '韓國', 'ner': 'GPE'}, {'word': '釜山', 'ner': 'GPE'}, {'word': '日本', 'ner': 'GPE'}, {'word': '二三', 'ner': 'CARDINAL'}, {'word': '日本', 'ner': 'GPE'}]"
反而認為越籍航空開越台韓的航線機會搞不好還比較大些,反而(Cbb)　認為(VE)　越籍(Na)　航空(Na)　開越(VC)　台(Nc)　韓(Nc)　的(DE)　航線(Na)　機會(Na)　搞不好(D)　還(D)　比較(Dfa)　大(VH)　些(Dfb),"[{'word': '台韓', 'ner': 'GPE'}]"
越籍航空很像沒有延遠權不然越捷早就延遠堆日本線了吧,越籍(Na)　航空(Na)　很(Dfa)　像(VG)　沒有(VJ)　延遠權(Na)　不然(Cbb)　越(D)　捷(VH)　早(D)　就(D)　延遠(VC)　堆(Nf)　日本線(Na)　了(T)　吧(T),"[{'word': '越籍', 'ner': 'NORP'}, {'word': '越捷', 'ner': 'EVENT'}, {'word': '日本', 'ner': 'GPE'}]"
泰越捷不是有嗎,泰越捷(Nc)　不(D)　是(SHI)　有(V_2)　嗎(T),[]
泰越捷是泰籍航空不是越籍,泰越捷(Nc)　是(SHI)　泰籍(Na)　航空(Na)　不(D)　是(SHI)　越籍(Na),"[{'word': '泰', 'ner': 'GPE'}, {'word': '泰籍', 'ner': 'GPE'}]"
延遠韓國就只有首爾值錢但那是有航約保護的關係,延遠(VC)　韓國(Nc)　就(D)　只有(Da)　首爾(Nc)　值錢(VH)　但(Cbb)　那(Nep)　是(SHI)　有(V_2)　航約(Na)　保護(VC)　的(DE)　關係(Na),"[{'word': '韓國', 'ner': 'GPE'}, {'word': '首爾', 'ner': 'GPE'}]"
釜山是為了啥因素,釜山(Nc)　是(SHI)　為(P)　了(Di)　啥(Nep)　因素(Na),"[{'word': '釜山', 'ner': 'GPE'}]"
分散旅客,分散(VHC)　旅客(Na),[]
首爾以外好像是開放的,首爾(Nc)　以外(Ng)　好像(D)　是(SHI)　開放(VH)　的(DE),"[{'word': '首爾', 'ner': 'GPE'}]"
釜山政府有補助吧,釜山(Nc)　政府(Na)　有(V_2)　補助(VD)　吧(T),"[{'word': '釜山', 'ner': 'GPE'}]"
還是飛了韓國,還是(D)　飛(VA)　了(Di)　韓國(Nc),"[{'word': '韓國', 'ner': 'GPE'}]"
星宇目前不能從桃園飛仁川桃園釜山沒有限制加上已經在釜山設點台北也飛不比較符合效益仁川從台中飛倒是可以尤其目前大韓退出看星宇要不要撿現成客源,星宇(Nb)　目前(Nd)　不能(D)　從(P)　桃園(Nc)　飛(VA)　仁川(Nc)　桃園(Nc)　釜山(Nc)　沒有(VJ)　限制(Na)　加上(Cbb)　已經(D)　在(P)　釜山(Nc)　設(VC)　點(Na)　台北(Nc)　也(D)　飛(VA)　不(D)　比較(Dfa)　符合(VJ)　效益(Na)　仁川(Nc)　從(P)　台中(Nc)　飛(VA)　倒是(D)　可以(D)　尤其(D)　目前(Nd)　大韓(Nc)　退出(VCL)　看(VC)　星宇(Nb)　要不要(D)　撿(VC)　現成(A)　客源(Na),"[{'word': '星宇', 'ner': 'ORG'}, {'word': '桃園', 'ner': 'GPE'}, {'word': '仁川', 'ner': 'GPE'}, {'word': '桃園釜山', 'ner': 'GPE'}, {'word': '釜山', 'ner': 'GPE'}, {'word': '台北', 'ner': 'GPE'}, {'word': '仁川', 'ner': 'GPE'}, {'word': '台中', 'ner': 'GPE'}, {'word': '大韓', 'ner': 'GPE'}, {'word': '星宇', 'ner': 'ORG'}]"
台中仁川票價壓那麼低,台中(Nc)　仁川(Nc)　票價(Na)　壓(VC)　那麼(D)　低(VH),"[{'word': '台中', 'ner': 'GPE'}, {'word': '仁川', 'ner': 'GPE'}]"
決策壞了才接那小的可憐的市場,決策(Na)　壞(VHC)　了(T)　才(Da)　接(VC)　那(Nep)　小(VH)　的(DE)　可憐(VHC)　的(DE)　市場(Nc),[]
還要派人和找代理駐點,還(D)　要(D)　派(VF)　人(Na)　和(Caa)　找(VC)　代理(Nv)　駐點(Nc),[]
有這時間還不如飛日本,有(V_2)　這(Nep)　時間(Na)　還不如(Cbb)　飛(VA)　日本(Nc),"[{'word': '日本', 'ner': 'GPE'}]"
只同意半日本線絕對更賺沒錯但大韓時間差價格才能壓低星宇開絕對是漂亮的早去午回時間我不覺得真的開了能多便宜像真航時間好沒促銷時甚至都賣到逼近星宇台中日本線票價,只(Da)　同意(VK)　半(Neqa)　日本線(Nc)　絕對(D)　更(Dfa)　賺(VC)　沒(D)　錯(VH)　但(Cbb)　大韓(Nc)　時間差(Na)　價格(Na)　才(Da)　能(D)　壓低(VC)　星宇(Nb)　開(VC)　絕對(D)　是(SHI)　漂亮(VH)　的(DE)　早(D)　去(VCL)　午(Nd)　回(VCL)　時間(Na)　我(Nh)　不(D)　覺得(VK)　真的(D)　開(VC)　了(Di)　能(D)　多(Dfa)　便宜(VH)　像(VG)　真航(D)　時間(Na)　好(VH)　沒(D)　促銷(VC)　時(Ng)　甚至(D)　都(D)　賣(VD)　到(P)　逼近(VCL)　星宇(Nb)　台中(Nc)　日本線(Na)　票價(Na),"[{'word': '日本', 'ner': 'GPE'}, {'word': '大韓', 'ner': 'GPE'}, {'word': '星宇開', 'ner': 'ORG'}, {'word': '星宇', 'ner': 'ORG'}, {'word': '台中', 'ner': 'GPE'}, {'word': '日本', 'ner': 'GPE'}]"
台中這種靠團票活的地方,台中(Nc)　這(Nep)　種(Nf)　靠(P)　團票(Na)　活(VH)　的(DE)　地方(Na),"[{'word': '台中', 'ner': 'GPE'}]"
和成本能概而論嗎,和(P)　成本(Na)　能(D)　概(VC)　而論(Cbb)　嗎(T),[]
到底從哪邊看出只靠團票部分航點當然有不少旅遊團但定期航班大多航點自由行還是遠多於團課至於目前澳門神戶沖繩自由行比例都蠻高,到底(D)　從(P)　哪(Nep)　邊(Ncd)　看出(VE)　只(Da)　靠(VJ)　團票(Na)　部分(Neqa)　航點(Na)　當然(D)　有(V_2)　不少(Neqa)　旅遊團(Na)　但(Cbb)　定期(A)　航班(Na)　大多(Neqa)　航點(Na)　自由行(VA)　還是(D)　遠(VH)　多於(VJ)　團課(Na)　至於(P)　目前(Nd)　澳門(Nc)　神戶(Nc)　沖繩(Nc)　自由行(VA)　比例(Na)　都(D)　蠻(Dfa)　高(VH),"[{'word': '澳門', 'ner': 'GPE'}]"
呃樓上大概不知道台中首爾團票殺多低還要拜託台北的幫賣日本市場不熟但韓國市場不是你想的那樣出了台北還真的靠旅行社在集客就連台北韓國地方機場些班次都靠旅行社了如果不知道就不要斬釘截鐵可以試試看首爾畢竟幾年前就跟仁川機場有過接觸了看看地方的大手要不要共襄盛舉,呃(D)　樓上(Nc)　大概(D)　不(D)　知道(VK)　台中(Nc)　首爾團(Nc)　票(VC)　殺(VC)　多(Dfa)　低(VH)　還要(Dfa)　拜託(VC)　台北(Nc)　的(DE)　幫(VA)　賣(VD)　日本(Nc)　市場(Nc)　不(D)　熟(VH)　但(Cbb)　韓國(Nc)　市場(Nc)　不(D)　是(SHI)　你(Nh)　想(VE)　的(DE)　那樣(VH)　出(VC)　了(Di)　台北(Nc)　還(D)　真的(D)　靠(P)　旅行社(Nc)　在(P)　集客(VC)　就(D)　連(Cbb)　台北(Nc)　韓國(Nc)　地方(Na)　機場(Nc)　些(Nf)　班次(Na)　都(D)　靠(P)　旅行社(Nc)　了(T)　如果(Cbb)　不(D)　知道(VK)　就(D)　不要(D)　斬釘截鐵(VH)　可以(D)　試試(VE)　看(Di)　首爾(Nc)　畢竟(D)　幾(Neu)　年(Nf)　前(Ng)　就(D)　跟(P)　仁川(Nc)　機場(Nc)　有(V_2)　過(Di)　接觸(VC)　了(Di)　看看(VC)　地方(Na)　的(DE)　大(Na)　手(Na)　要不要(D)　共襄盛舉(VA),"[{'word': '台中', 'ner': 'GPE'}, {'word': '台北', 'ner': 'GPE'}, {'word': '日本', 'ner': 'GPE'}, {'word': '韓國', 'ner': 'NORP'}, {'word': '台北', 'ner': 'GPE'}, {'word': '台北韓國', 'ner': 'GPE'}, {'word': '首爾', 'ner': 'GPE'}, {'word': '幾年前', 'ner': 'DATE'}, {'word': '仁川機場', 'ner': 'FAC'}]"
重點就是如果日本線更賺為什麼要開韓國日本二三線城市隨便開隨便賣躺著賺何必去淌其他渾水,重點(Na)　就(D)　是(SHI)　如果(Cbb)　日本線(Na)　更(Dfa)　賺(VC)　為什麼(D)　要(D)　開(VC)　韓國(Nc)　日本(Nc)　二三(Na)　線(Na)　城市(Nc)　隨便(VH)　開(VC)　隨便(VH)　賣(VD)　躺(VA)　著(Di)　賺(VC)　何必(D)　去(D)　淌(VC)　其他(Neqa)　渾水(Na),"[{'word': '日本', 'ner': 'GPE'}, {'word': '韓國', 'ner': 'GPE'}, {'word': '日本', 'ner': 'GPE'}]"
所以才去釜山啊,所以(Cbb)　才(Da)　去(VCL)　釜山(Nc)　啊(T),"[{'word': '釜山', 'ner': 'GPE'}]"
看另外兩家直增班,看(VE)　另外(Da)　兩(Neu)　家(Nf)　直增班(D),"[{'word': '兩', 'ner': 'CARDINAL'}]"
趕快跟上,趕快(D)　跟上(VC),[]
菲籍不知道有沒有延遠權,菲籍(Na)　不(D)　知道(VK)　有(V_2)　沒(D)　有(V_2)　延遠權(Na),"[{'word': '菲籍', 'ner': 'GPE'}]"
印象中菲航疫情前有飛大阪,印象(Na)　中(Nc)　菲航(Nc)　疫情(Na)　前(Ng)　有(V_2)　飛(VA)　大阪(Nc),"[{'word': '中', 'ner': 'GPE'}, {'word': '菲', 'ner': 'GPE'}, {'word': '航', 'ner': 'GPE'}, {'word': '大阪', 'ner': 'GPE'}]"
但現在菲亞航宿霧菲航天好幾班都沒再延遠了,但(Cbb)　現在(Nd)　菲亞航(Nb)　宿霧(VA)　菲航(Nc)　天(Nc)　好幾(Neu)　班(Nf)　都(D)　沒(D)　再(D)　延遠(VC)　了(Di),"[{'word': '菲亞航', 'ner': 'ORG'}]"
韓國有個優點是距離跟福岡差不多比大部份日本線要近,韓國(Nc)　有(V_2)　個(Nf)　優點(Na)　是(SHI)　距離(Na)　跟(P)　福岡(Nc)　差不多(D)　比(P)　大部份(Neqa)　日本線(Na)　要(D)　近(VH),"[{'word': '韓國', 'ner': 'GPE'}, {'word': '福岡', 'ner': 'GPE'}, {'word': '日本', 'ner': 'GPE'}]"
韓國有競爭力的只有首爾釜山吧其他利潤應該都不如日本二三線,韓國(Nc)　有(V_2)　競爭力(Na)　的(DE)　只有(Da)　首爾(Nc)　釜山(Nc)　吧(T)　其他(Neqa)　利潤(Na)　應該(D)　都(D)　不如(VJ)　日本(Nc)　二三(Na)　線(Na),"[{'word': '韓國', 'ner': 'GPE'}, {'word': '首爾釜山', 'ner': 'GPE'}, {'word': '日本', 'ner': 'GPE'}]"
快開高雄釜山或台南釜山呀,快(D)　開(VC)　高雄(Nc)　釜山(Nc)　或(Caa)　台南(Nc)　釜山(Nc)　呀(T),"[{'word': '高雄釜山', 'ner': 'GPE'}, {'word': '台南釜山', 'ner': 'GPE'}]"
都只有釜山航空貴死了,都(D)　只有(Cbb)　釜山(Nc)　航空(Na)　貴(VH)　死(VH)　了(T),"[{'word': '釜山', 'ner': 'GPE'}]"
你們不要跟鍵盤大老闆認真啦反正在他眼裡台中散客就是含金量最高的群,你們(Nh)　不要(D)　跟(P)　鍵盤(Na)　大(VH)　老闆(Na)　認真(VH)　啦(T)　反正(D)　在(P)　他(Nh)　眼(Na)　裡(Ng)　台中(Nc)　散客(Na)　就(D)　是(SHI)　含金量(Na)　最(Dfa)　高(VH)　的(DE)　群(Na),"[{'word': '台中', 'ner': 'GPE'}]"
呃都開到天四班了生意應該沒那麼難做團票多便宜不知道,呃(D)　都(D)　開(VC)　到(P)　天四班(Nc)　了(Di)　生意(Na)　應該(D)　沒(D)　那麼(D)　難(VH)　做(VC)　團票(Na)　多(Dfa)　便宜(VH)　不(D)　知道(VK),"[{'word': '四', 'ner': 'CARDINAL'}]"
但票價查下去跟桃園是半斤八兩而且韓國時段集中在傍晚國籍能開早班機不會搶不到客,但(Cbb)　票價(Na)　查(VE)　下去(Di)　跟(P)　桃園(Nc)　是(SHI)　半斤八兩(VH)　而且(Cbb)　韓國(Nc)　時段(Na)　集中(VC)　在(P)　傍晚(Nd)　國籍(Na)　能(D)　開(VC)　早班機(Na)　不會(D)　搶(VC)　不(D)　到(VC)　客(Na),"[{'word': '桃園', 'ner': 'GPE'}, {'word': '半斤八兩', 'ner': 'QUANTITY'}, {'word': '韓國', 'ner': 'GPE'}, {'word': '傍晚', 'ner': 'TIME'}]"
不用講那麼誇張台中首爾仁川含金量跟日本相比很普通喔日本規劃航點肯定會繼續逐步插旗首爾前提建立在大韓退出後空出群喜歡搭傳統航空的客源這絕對是可以去爭取的,不用(D)　講(VE)　那麼(D)　誇張(VHC)　台中(Nc)　首爾(Nc)　仁川(Nc)　含金量(Na)　跟(P)　日本(Nc)　相比(VB)　很(Dfa)　普通(VH)　喔(T)　日本(Nc)　規劃(VC)　航點(Na)　肯定(VK)　會(D)　繼續(VF)　逐步(D)　插旗(VA)　首爾(Nc)　前提(Na)　建立(VC)　在(P)　大韓(Nc)　退出(VCL)　後(Ng)　空出(VC)　群(Nf)　喜歡(VK)　搭(VC)　傳統(VH)　航空(Na)　的(DE)　客源(Na)　這(Nep)　絕對(D)　是(SHI)　可以(D)　去(D)　爭取(VC)　的(DE),"[{'word': '台中首爾', 'ner': 'GPE'}, {'word': '仁川', 'ner': 'GPE'}, {'word': '日本', 'ner': 'GPE'}, {'word': '日本', 'ner': 'GPE'}, {'word': '首爾', 'ner': 'GPE'}, {'word': '大韓', 'ner': 'GPE'}]"
而且是指標航點也有商務客可以當日本外潛在航點之,而且(Cbb)　是(SHI)　指標(Na)　航點(Na)　也(D)　有(V_2)　商務客(Na)　可以(D)　當(VG)　日本(Nc)　外(Ng)　潛在(A)　航點(Na)　之(DE),"[{'word': '日本', 'ner': 'GPE'}]"
傳統航空如果真的有市場,傳統(VH)　航空(Na)　如果(Cbb)　真的(D)　有(V_2)　市場(Nc),[]
就不會是兩班而是兩班,就(D)　不會(D)　是(SHI)　兩(Neu)　班(Nf)　而是(Cbb)　兩(Neu)　班(Nf),[]
當然國籍鍍金還是有用,當然(D)　國籍(Na)　鍍金(VB)　還是(D)　有用(VH),[]
來台中的外國人以東南亞為主,來(VA)　台中(Nc)　的(DE)　外國人(Na)　以(P)　東南亞(Nc)　為主(VI),"[{'word': '台中', 'ner': 'GPE'}, {'word': '東南亞', 'ner': 'LOC'}]"
韓國主要還是往台北為主,韓國(Nc)　主要(D)　還是(D)　往(P)　台北(Nc)　為主(VI),"[{'word': '韓國', 'ner': 'GPE'}, {'word': '台北', 'ner': 'GPE'}]"
釜山還沒飽和嗎,釜山(Nc)　還(D)　沒(VJ)　飽和(VH)　嗎(T),"[{'word': '釜山', 'ner': 'GPE'}]"
釜山不錯玩只是韓國計程車司機太猛了,釜山(Nc)　不錯(VH)　玩(VC)　只是(Cbb)　韓國(Nc)　計程車(Na)　司機(Na)　太(Dfa)　猛(VH)　了(T),"[{'word': '釜山', 'ner': 'GPE'}, {'word': '韓國', 'ner': 'GPE'}]"
韓國搭計程車從以前到現在都要提防詐騙直都有,韓國(Nc)　搭(VC)　計程車(Na)　從(P)　以前(Nd)　到(P)　現在(Nd)　都(D)　要(D)　提防(VE)　詐騙(VD)　直(D)　都(D)　有(V_2),"[{'word': '韓國', 'ner': 'GPE'}]"
新聞來源日期,新聞(Na)　來源(Na)　日期(Na),[]
新聞標題星宇航空進場重飛未依民航局開罰萬元,新聞(Na)　標題(Na)　星宇(Nb)　航空(Na)　進場(VA)　重飛(VH)　未(D)　依(P)　民航局(Nc)　開罰(VC)　萬(Neu)　元(Nf),"[{'word': '星宇航空', 'ner': 'ORG'}, {'word': '民航局', 'ner': 'ORG'}, {'word': '萬元', 'ner': 'MONEY'}]"
內文,內文(Na),[]
星宇航空去年月日航班從台北飛菲律賓克拉克,星宇(Nb)　航空(Na)　去年(Nd)　月(Na)　日(Nc)　航班(Na)　從(P)　台北(Nc)　飛(VA)　菲律賓(Nc)　克拉克(Nb),"[{'word': '星宇航空', 'ner': 'ORG'}, {'word': '去年月', 'ner': 'DATE'}, {'word': '台北', 'ner': 'GPE'}, {'word': '菲律賓', 'ner': 'GPE'}, {'word': '克拉克', 'ner': 'GPE'}]"
機師進場重飛未按,機師(Na)　進場(VA)　重飛(VH)　未(D)　按(P),[]
觸發近地,觸發(VJ)　近地(Nc),[]
告警作動,告警(Nv)　作動(Na),[]
民航局近日公告裁罰結果,民航局(Nc)　近日(Nd)　公告(VE)　裁罰(VC)　結果(Na),"[{'word': '民航局', 'ner': 'ORG'}]"
針對星宇航空處以萬元罰鍰,針對(P)　星宇(Nb)　航空(Na)　處(VC)　以(P)　萬(Neu)　元(Nf)　罰鍰(Na),"[{'word': '星宇航空', 'ner': 'ORG'}, {'word': '萬元', 'ner': 'MONEY'}]"
另對機師及副機師,另(Cbb)　對(P)　機師(Na)　及(Caa)　副機師(Na),[]
分別開罰萬元及萬元,分別(D)　開罰(VC)　萬(Neu)　元(Nf)　及(Caa)　萬(Neu)　元(Nf),"[{'word': '萬元', 'ner': 'MONEY'}, {'word': '萬元', 'ner': 'MONEY'}]"
並立即改善處分,並(Cbb)　立即(D)　改善(VC)　處分(Na),[]
星宇航空去年月日航班於菲律賓克拉克機場降落進場時,星宇(Nb)　航空(Na)　去年(Nd)　月(Na)　日(Nc)　航班(Na)　於(P)　菲律賓(Nc)　克拉克(Nc)　機場(Nc)　降落(VA)　進場(VA)　時(Ng),"[{'word': '星宇航空', 'ner': 'ORG'}, {'word': '去年月', 'ner': 'DATE'}, {'word': '菲律賓', 'ner': 'GPE'}, {'word': '克拉克機場', 'ner': 'FAC'}]"
原使用跑道落地,原(D)　使用(VC)　跑道(Na)　落地(VA),[]
因風向改變改為跑道,因(Cbb)　風向(Na)　改變(VC)　改為(VG)　跑道(Na),[]
又因進場高於正常下滑道,又(D)　因(Cbb)　進場(VA)　高於(VJ)　正常(VH)　下滑道(Na),[]
駕駛決定重飛,駕駛(Na)　決定(VE)　重飛(VH),[]
期間因未適當使用自,期間(Na)　因(Cbb)　未(D)　適當(VH)　使用(VC)　自(P),[]
動駕駛,動(VAC)　駕駛(VC),[]
造成航機速度及下降率增加,造成(VG)　航機(Na)　速度(Na)　及(Caa)　下降率(Na)　增加(VHC),[]
以致近地警告系統作動,以致(Cbb)　近地(Nc)　警告(Na)　系統(Na)　作動(VA),[]
所幸機長隨即操控航機爬,所幸(D)　機長(Na)　隨即(D)　操控(VC)　航機(Na)　爬(VA),[]
升至安全高度,升(VCL)　至(P)　安全(VH)　高度(Na),[]
最終安全降落,最終(D)　安全(VH)　降落(VA),[]
根據民航局最新裁罰資訊,根據(P)　民航局(Nc)　最(Dfa)　新(VH)　裁罰(VC)　資訊(Na),"[{'word': '民航局', 'ner': 'ORG'}]"
星宇航空航班去年月日於重飛期間,星宇(Nb)　航空(Na)　航班(Na)　去年(Nd)　月(Na)　日(Na)　於(P)　重飛(VH)　期間(Na),"[{'word': '星宇航空航班', 'ner': 'ORG'}, {'word': '去年月日', 'ner': 'DATE'}]"
組員發生操作疏,組員(Na)　發生(VJ)　操作(Nv)　疏(VH),[]
導致觸發接近地面警告,導致(VL)　觸發(VJ)　接近(VC)　地面(Nc)　警告(Na),[]
且發生飛機外型超速的異常事件,且(Cbb)　發生(VJ)　飛機(Na)　外型(Na)　超速(VH)　的(DE)　異常(VH)　事件(Na),[]
針對星宇航空違反民用航,針對(P)　星宇(Nb)　航空(Na)　違反(VJ)　民用(A)　航(Na),[]
空法第條第項規定,空法(Na)　第(Neu)　條(Nf)　第(Neu)　項(Nf)　規定(Na),"[{'word': '空法第條', 'ner': 'LAW'}]"
處以罰鍰萬元處分,處以(VC)　罰鍰(Na)　萬(Neu)　元(Nf)　處分(Na),"[{'word': '萬元', 'ner': 'MONEY'}]"
另外,另外(Cbb),[]
針對機長違反依民用航空法第條之第項所定之航空器飛航作業管理規則第條,針對(P)　機長(Na)　違反(VJ)　依(P)　民用(A)　航空法(Na)　第(Neu)　條(Nf)　之(DE)　第(Neu)　項(Nf)　所(D)　定(VC)　之(DE)　航空器(Na)　飛航(VA)　作業(Na)　管理(VC)　規則(Na)　第(Neu)　條(Nf),"[{'word': '民用航空法第條之第項', 'ner': 'LAW'}]"
及第條第款規定,及(Caa)　第(Neu)　條(Nf)　第(Neu)　款(Nf)　規定(Na),"[{'word': '第條第款', 'ner': 'LAW'}]"
處以罰鍰萬元,處以(VC)　罰鍰(Na)　萬(Neu)　元(Nf),"[{'word': '萬元', 'ner': 'MONEY'}]"
並立即改善處分,並(Cbb)　立即(D)　改善(VC)　處分(Na),[]
針對副駕駛員違反依民用航空,針對(P)　副駕駛員(Na)　違反(VJ)　依(P)　民用(A)　航空(Na),[]
法第條之第項所定之航空器飛航作業管理規則第條規定,法(Na)　第(Neu)　條(Nf)　之(DE)　第(Neu)　項(Nf)　所(D)　定(VC)　之(DE)　航空器(Na)　飛航(VA)　作業(Na)　管理(VC)　規則(Na)　第(Neu)　條(Nf)　規定(VE),[]
處以罰鍰萬元,處以(VC)　罰鍰(Na)　萬(Neu)　元(Nf),"[{'word': '萬元', 'ner': 'MONEY'}]"
並立即,並(Cbb)　立即(D),[]
改善處分,改善(VC)　處分(Na),[]
星宇航空表示,星宇(Nb)　航空(Na)　表示(VE),"[{'word': '星宇航空', 'ner': 'ORG'}]"
星宇航空將配合主管機關裁決辦理,星宇(Nb)　航空(Na)　將(D)　配合(VC)　主管(Na)　機關(Na)　裁決(VE)　辦理(VC),"[{'word': '星宇航空', 'ner': 'ORG'}]"
維護飛安為航空公司首要任務,維護(VC)　飛安(Na)　為(VG)　航空(Na)　公司(Nc)　首要(Na)　任務(Na),[]
會持,會(D)　持(VJ),[]
續強化飛行員訓練,續(D)　強化(VHC)　飛行員(Na)　訓練(Na),[]
落實監控與督責,落實(VHC)　監控(VC)　與(Caa)　督責(VC),[]
致力守護旅客的飛行安全,致力(VL)　守護(VC)　旅客(Na)　的(DE)　飛行(Nv)　安全(Nv),[]
原文連結,原文(Na)　連結(VC),[]
便宜,便宜(VH),[]
飛安是星宇的首要任務董相當重視飛安第不容妥協,飛安(Na)　是(SHI)　星宇(Nb)　的(DE)　首要(Na)　任務(Na)　董(Nb)　相當(Dfa)　重視(VJ)　飛安(Na)　第(Neu)　不容(D)　妥協(VA),"[{'word': '星宇', 'ner': 'ORG'}]"
反觀其他家怎麼罰了都不上新聞,反觀(VC)　其他(Neqa)　家(Nc)　怎麼(D)　罰(VF)　了(Di)　都(D)　不(D)　上(VCL)　新聞(Na),[]
星宇真的是新聞流量保證,星宇(Nb)　真的(D)　是(SHI)　新聞(Na)　流量(Na)　保證(Na),"[{'word': '星宇', 'ner': 'ORG'}]"
出什麼事情都要報,出(VJ)　什麼(Nep)　事情(Na)　都(D)　要(D)　報(VC),[]
華航機翼破洞反而沒啥新聞,華航(Nc)　機翼(Na)　破洞(Na)　反而(Cbb)　沒(VJ)　啥(Nep)　新聞(Na),"[{'word': '華航', 'ner': 'ORG'}]"
舊聞直被翻出來還是有流量,舊聞(Na)　直(D)　被(P)　翻出來(VB)　還是(D)　有(V_2)　流量(Na),[]
都快年前的事了,都(D)　快(D)　年前(Nd)　的(DE)　事(Na)　了(T),"[{'word': '快年前', 'ner': 'DATE'}]"
年哪裡不對了,年(Na)　哪裡(Ncd)　不(D)　對(VH)　了(T),[]
立榮的把輪胎印在牆上,立榮(Nb)　的(DE)　把(P)　輪胎(Na)　印(VC)　在(P)　牆(Na)　上(Ncd),"[{'word': '立榮', 'ner': 'PERSON'}]"
都要拖兩年才處罰了,都(D)　要(D)　拖(VC)　兩(Neu)　年(Nf)　才(Da)　處罰(VC)　了(Di),"[{'word': '兩年', 'ner': 'DATE'}]"
年算什麼,年(Na)　算(VG)　什麼(Nep),[]
用開罰,用(P)　開罰(VB),[]
有觸碰那次嗎,有(V_2)　觸碰(VC)　那(Nep)　次(Nf)　嗎(T),[]
摸毛犯規,摸毛(VC)　犯規(VA),[]
看了圈,看(VC)　了(Di)　圈(Na),[]
基本上星宇目前長程歐洲佈局,基本(Na)　上(Ng)　星宇(Nb)　目前(Nd)　長程(A)　歐洲(Nc)　佈局(VA),"[{'word': '星宇', 'ner': 'ORG'}, {'word': '歐洲', 'ner': 'LOC'}]"
要開個完全沒有其他國籍航空飛的航點,要(D)　開(VC)　個(Di)　完全(D)　沒有(VJ)　其他(Neqa)　國籍(Na)　航空(Na)　飛(VA)　的(DE)　航點(Na),[]
瑞士芬蘭西班牙很難下個米蘭機會非常高,瑞士(Nc)　芬蘭(Nc)　西班牙(Nc)　很(Dfa)　難(VH)　下(Nes)　個(Nf)　米蘭(Nc)　機會(Na)　非常(Dfa)　高(VH),"[{'word': '瑞士', 'ner': 'GPE'}, {'word': '芬蘭', 'ner': 'GPE'}, {'word': '西班牙', 'ner': 'GPE'}, {'word': '米蘭', 'ner': 'GPE'}]"
只要班次跟時間帶漂亮,只要(Cbb)　班次(Na)　跟(P)　時間帶(Na)　漂亮(VH),[]
台灣飛大洋洲旅客市場本就沒有美國跟歐洲熱門,台灣(Nc)　飛(VA)　大洋洲(Nc)　旅客(Na)　市場(Nc)　本(D)　就(D)　沒有(VJ)　美國(Nc)　跟(P)　歐洲(Nc)　熱門(VH),"[{'word': '台灣', 'ner': 'GPE'}, {'word': '大洋洲', 'ner': 'LOC'}, {'word': '美國', 'ner': 'GPE'}, {'word': '歐洲', 'ner': 'LOC'}]"
所以短期應該也不開航,所以(Cbb)　短期(Na)　應該(D)　也(D)　不(D)　開航(VA),[]
我反而覺得羅馬比較有可能,我(Nh)　反而(Cbb)　覺得(VK)　羅馬(Nc)　比較(Dfa)　有(V_2)　可能(Na),"[{'word': '羅馬', 'ner': 'GPE'}]"
因為只有華航有飛,因為(Cbb)　只有(Da)　華航(Nc)　有(V_2)　飛(VA),"[{'word': '華航', 'ner': 'ORG'}]"
肯定避開獨飛的點畢竟是張家用來打的武器不可能先網內互打的,肯定(VK)　避開(VC)　獨飛(D)　的(DE)　點(Na)　畢竟(D)　是(SHI)　張家(Nc)　用來(VL)　打(VC)　的(DE)　武器(Na)　不可能(D)　先(D)　網(Na)　內(Ncd)　互打(D)　的(T),"[{'word': '張家', 'ner': 'PERSON'}]"
米蘭比較有商務客吧,米蘭(Nc)　比較(Dfa)　有(V_2)　商務客(Na)　吧(T),"[{'word': '米蘭', 'ner': 'GPE'}]"
星宇可以跟長榮競爭下啊在商研商,星宇(Nb)　可以(D)　跟(P)　長榮(Nb)　競爭(Na)　下(Ng)　啊(T)　在(P)　商研商(Na),"[{'word': '星宇', 'ner': 'ORG'}, {'word': '長榮', 'ner': 'ORG'}]"
講得好像克拉克,講(VE)　得(DE)　好像(Dfa)　克拉克(Nb),"[{'word': '克拉克', 'ner': 'PERSON'}]"
仙台,仙台(Nc),[]
神戶不是長榮跟星宇在爭,神戶(Nc)　不(D)　是(SHI)　長榮(Nb)　跟(P)　星宇(Na)　在(P)　爭(VC),[]
說要加入結果開的老巢立刻收手不開,說(VE)　要(D)　加入(VC)　結果(Na)　開(VC)　的(DE)　老巢(Na)　立刻(D)　收手(VA)　不(D)　開(VC),[]
講話毫無邏輯的人還要到處撒尿潑糞看了令人鼻酸,講話(VA)　毫無(VJ)　邏輯(Na)　的(DE)　人(Na)　還要(D)　到處(D)　撒尿(VA)　潑(VC)　糞(Na)　看(VC)　了(Di)　令(VL)　人(Na)　鼻酸(VH),[]
連的老巢都沒有避開來的重要根本就是的側翼,連(Cbb)　的(DE)　老巢(Na)　都(D)　沒有(D)　避開(VC)　來(Ng)　的(DE)　重要(Nv)　根本(D)　就是(Cbb)　的(DE)　側翼(Na),[]
星粉好兇啊,星粉(Na)　好(Dfa)　兇(VH)　啊(T),"[{'word': '星粉', 'ner': 'PERSON'}]"
怎麼了長華粉,怎麼(VH)　了(T)　長華粉(Na),[]
的八成的旅客都是轉機去東南亞連想都不敢想坐過次整個航班入境台灣的大概只有人吧只要是跟這種轉機專線都不敢去搶的飯票第三勢力,的(DE)　八成(Neqa)　的(DE)　旅客(Na)　都(D)　是(SHI)　轉機(Na)　去(VCL)　東南亞(Nc)　連(Cbb)　想(VE)　都(D)　不(D)　敢(VL)　想(VE)　坐(VA)　過(Di)　次(Nf)　整(Neqa)　個(Nf)　航班(Na)　入境(VA)　台灣(Nc)　的(DE)　大概(D)　只(Da)　有(V_2)　人(Na)　吧(T)　只要是(Cbb)　跟(P)　這(Nep)　種(Nf)　轉機(Na)　專線(Na)　都(D)　不(D)　敢(VL)　去(D)　搶(VD)　的(DE)　飯票(Na)　第三(Neu)　勢力(Na),"[{'word': '八成', 'ner': 'CARDINAL'}, {'word': '東南亞', 'ner': 'LOC'}, {'word': '台灣', 'ner': 'GPE'}, {'word': '第三', 'ner': 'ORDINAL'}]"
我看是時代星宇吧,我(Nh)　看(VE)　是(SHI)　時代(Na)　星宇(Na)　吧(T),[]
張又不是傻了跟長榮競爭幹麻長榮賺錢他也賺錢欸,張(Nb)　又(D)　不(D)　是(SHI)　傻(VH)　了(Di)　跟(P)　長榮(Nb)　競爭(Na)　幹麻(D)　長榮(Nb)　賺錢(VA)　他(Nh)　也(D)　賺錢(VA)　欸(I),"[{'word': '張', 'ner': 'PERSON'}, {'word': '長榮', 'ner': 'PERSON'}]"
下個不是瑞士嗎,下(Nes)　個(Nf)　不(D)　是(SHI)　瑞士(Nc)　嗎(T),"[{'word': '瑞士', 'ner': 'GPE'}]"
網紅部落客傳的跟真的樣,網紅(Na)　部落客(Na)　傳(VD)　的(DE)　跟(P)　真(D)　的(DE)　樣(Na),[]
區域航線就是分餅沒有什麼爭不爭又不是誰有本事吃光確實是很好的選擇有需求而且空著沒人飛陸路空路去其它城市的選擇也很多,區域(Na)　航線(Na)　就是(D)　分(VC)　餅(Na)　沒有(VJ)　什麼(Nep)　爭(VC)　不(D)　爭(VC)　又(D)　不(D)　是(SHI)　誰(Nh)　有(V_2)　本事(Na)　吃光(VC)　確實(D)　是(SHI)　很(Dfa)　好(VH)　的(DE)　選擇(Na)　有(V_2)　需求(Na)　而且(Cbb)　空(VHC)　著(Di)　沒(VJ)　人(Na)　飛(VA)　陸路(Na)　空路(Na)　去(VCL)　其它(Neqa)　城市(Na)　的(DE)　選擇(Na)　也(D)　很多(Neqa),[]
是側翼,是(SHI)　側翼(Na),[]
這種低能的話都說得出來喔,這(Nep)　種(Nf)　低能(VH)　的(DE)　話(Na)　都(D)　說(VB)　得(DE)　出來(VB)　喔(T),[]
現在御三家分食同塊市場,現在(Nd)　御(Nb)　三(Neu)　家(Nc)　分食(VC)　同(Nes)　塊(Nf)　市場(Nc),"[{'word': '三', 'ner': 'CARDINAL'}]"
但市場餅本來就不夠大,但(Cbb)　市場(Nc)　餅(Na)　本來(D)　就(D)　不(D)　夠(Dfa)　大(VH),[]
星宇今年又大量新機到位,星宇(Nb)　今年(Nd)　又(D)　大量(Neqa)　新機(Na)　到位(VA),"[{'word': '星宇', 'ner': 'ORG'}, {'word': '今年', 'ner': 'DATE'}]"
兩老正面迎戰,兩(Neu)　老(VH)　正面(D)　迎戰(VC),[]
目前網紅有的說蘇黎世有的說赫爾辛基,目前(Nd)　網紅(Na)　有的(Neqa)　說(VE)　蘇黎世(Nc)　有的(Neqa)　說(VE)　赫爾辛基(Nc),"[{'word': '蘇黎世', 'ner': 'GPE'}, {'word': '赫爾辛基', 'ner': 'PERSON'}]"
如果有那麼好,如果(Cbb)　有(V_2)　那麼(D)　好(VH),[]
其他家早就發現了不會空到現在,其他(Neqa)　家(Nc)　早(D)　就(D)　發現(VE)　了(Di)　不會(D)　空(VC)　到(P)　現在(Nd),[]
只是發現有什麼用拿空氣飛嗎,只是(Cbb)　發現(VE)　有(V_2)　什麼(Nep)　用(P)　拿(VC)　空氣(Na)　飛(VA)　嗎(T),[]
飛機夠呀,飛機(Na)　夠(VH)　呀(T),[]
去年新開,去年(Nd)　新(Nc)　開(VC),"[{'word': '去年', 'ner': 'DATE'}]"
年初加密,年初(Nd)　加密(VA),"[{'word': '年初', 'ner': 'DATE'}]"
再來又華府,再來(D)　又(D)　華府(Nc),"[{'word': '華府', 'ner': 'ORG'}]"
而且瑞士還是星盟的點之不過也是離其他現有航點蠻近的,而且(Cbb)　瑞士(Nc)　還(D)　是(SHI)　星盟(Nb)　的(DE)　點(Na)　之(DE)　不過(Cbb)　也(D)　是(SHI)　離(P)　其他(Neqa)　現有(A)　航點(Na)　蠻(Dfa)　近(VH)　的(T),"[{'word': '瑞士', 'ner': 'GPE'}, {'word': '星盟', 'ner': 'ORG'}]"
澳紐航班很有賺頭,澳(Nc)　紐(Nc)　航班(Na)　很(Dfa)　有(V_2)　賺頭(Na),"[{'word': '澳紐', 'ner': 'GPE'}]"
星宇不考慮自己賣哩程嗎,星宇(Nb)　不(D)　考慮(VE)　自己(Nh)　賣(VD)　哩程(Na)　嗎(T),"[{'word': '星宇', 'ner': 'ORG'}]"
賣哩程毛利很高,賣(VD)　哩程(Na)　毛利(Na)　很(Dfa)　高(VH),[]
開始賣里程基本上阿拉斯加信用卡的價值就沒這麼高了,開始(VL)　賣(VD)　里程(Na)　基本(Na)　上(Ng)　阿拉斯加(Nc)　信用卡(Na)　的(DE)　價值(Na)　就(D)　沒(D)　這麼(Dfa)　高(VH)　了(T),[]
飛機不夠客源不夠轉機要找誰接都是問題,飛機(Na)　不(D)　夠(VH)　客源(Na)　不(D)　夠(VH)　轉機(Na)　要(D)　找(VC)　誰(Nh)　接(VC)　都(D)　是(SHI)　問題(Na),[]
某家沒飛機的是想復飛,某(Nes)　家(Nf)　沒(VJ)　飛機(Na)　的(DE)　是(SHI)　想(VE)　復飛(VA),[]
以前就短暫飛過,以前(Nd)　就(D)　短暫(VH)　飛過(VCL),[]
瑞士不用猜了,瑞士(Nc)　不用(D)　猜(VE)　了(Di),"[{'word': '瑞士', 'ner': 'GPE'}]"
確實張家不會網內互打是因為二房有股票大房也有投資,確實(VH)　張家(Nc)　不會(D)　網(Na)　內(Ncd)　互打(D)　是(SHI)　因為(Cbb)　二房(Neu)　有(V_2)　股票(Na)　大(VH)　房(Na)　也(D)　有(V_2)　投資(Na),[]
整串下來沒人講對蘇黎世代碼呵呵,整(Neqa)　串(Nf)　下來(Ng)　沒(VJ)　人(Na)　講(VE)　對(P)　蘇黎世(Nc)　代碼(Na)　呵呵(D),"[{'word': '蘇黎世', 'ner': 'GPE'}]"
我很好奇那些在放煙幕彈的到底跟是什麼關係,我(Nh)　很(Dfa)　好奇(VH)　那些(Neqa)　在(P)　放(VC)　煙幕彈(Na)　的(DE)　到底(D)　跟(P)　是(SHI)　什麼(Nep)　關係(Na),[]
對是不是我猜張家內部有協議不開西班牙代表有想要開或許可以期待開的那天不遠了,對(VH)　是(SHI)　不(D)　是(SHI)　我(Nh)　猜(VE)　張家(Nc)　內部(Ncd)　有(V_2)　協議(Na)　不(D)　開(VC)　西班牙(Nc)　代表(Na)　有(V_2)　想要(VE)　開(VC)　或許(D)　可以(D)　期待(VK)　開(VC)　的(DE)　那(Nep)　天(Nf)　不遠(VH)　了(T),"[{'word': '西班牙', 'ner': 'GPE'}, {'word': '那天', 'ner': 'DATE'}]"
沒說不開反而目前都跟共掛了定程度代表有在討論過或正在試水溫只是可能不是今年而是明後年規劃或遠期航網,沒(D)　說(VC)　不(D)　開(VC)　反而(Cbb)　目前(Nd)　都(D)　跟(P)　共(Da)　掛(VC)　了(Di)　定(VH)　程度(Na)　代表(Na)　有(D)　在(P)　討論(VE)　過(Di)　或(Caa)　正在(D)　試(VF)　水溫(Na)　只是(D)　可能(D)　不(D)　是(SHI)　今年(Nd)　而是(Cbb)　明(Nd)　後(Nd)　年(Nf)　規劃(VC)　或(Caa)　遠期(Na)　航網(Na),"[{'word': '今年', 'ner': 'DATE'}, {'word': '明後年', 'ner': 'DATE'}]"
共掛是可以試出什麼水溫,共掛(VC)　是(SHI)　可以(D)　試出(VC)　什麼(Nep)　水溫(Na),[]
先幫別人賣票,先(D)　幫(P)　別人(Nh)　賣(VD)　票(Na),[]
看賣得好不好啊,看(VE)　賣(VC)　得(DE)　好(VH)　不(D)　好(VH)　啊(T),[]
代售又沒便宜,代售(VC)　又(D)　沒(D)　便宜(VH),[]
有什麼非要找他代買的理由,有(V_2)　什麼(Nep)　非(D)　要(D)　找(VC)　他(Nh)　代買(VC)　的(DE)　理由(Na),[]
樓上說出重點賣的比本家還貴為何不直接跟買,樓上(Nc)　說出(VE)　重點(Na)　賣(VD)　的(DE)　比(P)　本家(Na)　還(Dfa)　貴(VH)　為何(D)　不(D)　直接(VH)　跟(P)　買(VC),[]
絕對不可能開啦要開定是,絕對(D)　不可能(D)　開(VC)　啦(T)　要(D)　開(VC)　定(D)　是(SHI),[]
雖然沒有正面對打,雖然(Cbb)　沒有(VJ)　正面(Na)　對打(VA),[]
但已實質形成壓力,但(Cbb)　已(D)　實質(D)　形成(VG)　壓力(Na),[]
迫使新開華盛頓加密米蘭航班,迫使(VL)　新(VH)　開(VC)　華盛頓(Nc)　加密米蘭(Nc)　航班(Na),"[{'word': '華盛頓', 'ner': 'GPE'}, {'word': '米蘭', 'ner': 'GPE'}]"
很明顯就是為了卡星宇,很(Dfa)　明顯(VH)　就是(D)　為(P)　了(Di)　卡星宇(Nb),"[{'word': '卡星宇', 'ner': 'PERSON'}]"
米蘭需求有多到,米蘭(Nc)　需求(Na)　有(V_2)　多(D)　到(VCL),"[{'word': '米蘭', 'ner': 'ORG'}]"
從班增為班,從(P)　班(Nc)　增為(VG)　班(Nc),[]
真的是挺好笑的如果在米蘭的需求沒多到可以每天飛,真的(D)　是(SHI)　挺(Dfa)　好笑(VH)　的(DE)　如果(Cbb)　在(P)　米蘭(Nc)　的(DE)　需求(Na)　沒(D)　多(D)　到(VCL)　可以(D)　每(Nes)　天(Nf)　飛(VA),"[{'word': '米蘭', 'ner': 'GPE'}]"
那在其他航點就有需求,那(Dk)　在(P)　其他(Neqa)　航點(Na)　就(D)　有(V_2)　需求(Na),[]
米蘭有長榮阿,米蘭(Nc)　有(V_2)　長榮(Nb)　阿(Nb),"[{'word': '米蘭', 'ner': 'GPE'}]"
新寬體機到就要開闢新航點,新(VH)　寬體機(Na)　到(P)　就(D)　要(D)　開闢(VC)　新(VH)　航點(Na),[]
但以先前美西三個航點為例,但(Cbb)　以(P)　先前(Nd)　美西(Nc)　三(Neu)　個(Nf)　航點(Na)　為(VG)　例(Na),"[{'word': '美西', 'ner': 'LOC'}, {'word': '三', 'ner': 'CARDINAL'}]"
實際上並沒有明顯新增需求,實際(VH)　上(Ng)　並(D)　沒有(D)　明顯(VH)　新增(VJ)　需求(Na),[]
反而演變成三家搶市佔,反而(Cbb)　演變成(VG)　三(Neu)　家(Nf)　搶(VA)　市佔(Nc),"[{'word': '三', 'ner': 'CARDINAL'}]"
最終導致票價走跌載客率下滑,最終(D)　導致(VL)　票價(Na)　走跌(VH)　載客率(Na)　下滑(VA),[]
星宇過度壓箱在東南亞轉機客經台灣至北美往來需求川普政策大幅改變需求連台灣簽被拒比例大幅升高泰國被列國暫停核發移民簽證菲越泰等國簽本來就高拒絕率,星宇(Nb)　過度(Dfa)　壓箱(VC)　在(P)　東南亞(Nc)　轉機客(Na)　經(P)　台灣(Nc)　至(P)　北美(Nc)　往來(VA)　需求(Na)　川普(Nb)　政策(Na)　大幅(D)　改變(VC)　需求(Na)　連(Cbb)　台灣簽(Nc)　被(P)　拒(VF)　比例(Na)　大幅(D)　升高(VHC)　泰國(Nc)　被(P)　列國(Na)　暫停(VHC)　核發(VC)　移民(Na)　簽證(Na)　菲(Nc)　越(Nc)　泰(Nc)　等(Cab)　國(Nc)　簽(VC)　本來(D)　就(D)　高(VH)　拒絕率(Na),"[{'word': '星宇', 'ner': 'ORG'}, {'word': '東南亞', 'ner': 'LOC'}, {'word': '台灣', 'ner': 'GPE'}, {'word': '北美', 'ner': 'GPE'}, {'word': '川普', 'ner': 'ORG'}, {'word': '台灣', 'ner': 'GPE'}, {'word': '泰國', 'ner': 'GPE'}, {'word': '菲', 'ner': 'GPE'}, {'word': '越', 'ner': 'GPE'}, {'word': '泰', 'ner': 'GPE'}]"
沒意外就是瑞士了,沒(VJ)　意外(Na)　就(D)　是(SHI)　瑞士(Nc)　了(T),"[{'word': '瑞士', 'ner': 'GPE'}]"
台灣簽本來就少數吧,台灣(Na)　簽(VC)　本來(D)　就(D)　少數(Neqa)　吧(T),"[{'word': '台灣', 'ner': 'GPE'}]"
台灣簽每月也有好幾百件縱然多數人可申請個月的,台灣(Nc)　簽(VC)　每(Nes)　月(Na)　也(D)　有(V_2)　好幾百(Neu)　件(Nf)　縱然(Cbb)　多數(Neqa)　人(Na)　可(D)　申請(VF)　個(Nf)　月(Na)　的(DE),"[{'word': '台灣', 'ner': 'GPE'}, {'word': '每月', 'ner': 'DATE'}, {'word': '幾百', 'ner': 'CARDINAL'}, {'word': '個月', 'ner': 'DATE'}]"
可以用卻去辦簽本來拒簽率就很高要賺客群必須直球對決而這是不可能發生的來的超過八成都是轉機客還是的卻不開轉機做不起來跟川普無關純粹是張家內部妥協結果,可以(D)　用(VC)　卻(D)　去(D)　辦(VC)　簽本(VC)　來(D)　拒簽率(Na)　就(D)　很(Dfa)　高(VH)　要(D)　賺(Na)　客群(Na)　必須(D)　直(Na)　球(Na)　對決(VA)　而(Cbb)　這(Nep)　是(SHI)　不可能(D)　發生(VJ)　的(DE)　來(VA)　的(DE)　超過(VJ)　八成(Neqa)　都(D)　是(SHI)　轉機客(Na)　還是(Caa)　的(DE)　卻(D)　不(D)　開(VC)　轉機(Na)　做(VC)　不(D)　起來(Di)　跟(P)　川普(Nb)　無關(VH)　純粹(D)　是(SHI)　張家(Nc)　內部(Ncd)　妥協(VA)　結果(Na),"[{'word': '八成', 'ner': 'CARDINAL'}, {'word': '川普', 'ner': 'PERSON'}, {'word': '張', 'ner': 'PERSON'}]"
抓了幾百個韓廠臺廠總不能白目繼續用吧,抓(VC)　了(Di)　幾百(Neu)　個(Nf)　韓廠(Nc)　臺廠(Nc)　總(D)　不能(D)　白目(Na)　繼續(VF)　用(VC)　吧(T),"[{'word': '幾百', 'ner': 'CARDINAL'}]"
台灣最常去的幾個城市早就都有其他業者飛了除非哪天芬蘭旅遊熱度跟巴黎瑞士布拉格樣高,台灣(Nc)　最(Dfa)　常(D)　去(VCL)　的(DE)　幾(Neu)　個(Nf)　城市(Nc)　早(D)　就(D)　都(D)　有(V_2)　其他(Neqa)　業者(Na)　飛(VA)　了(Di)　除非(Cbb)　哪(Nep)　天(Nf)　芬蘭(Nc)　旅遊(VA)　熱度(Na)　跟(P)　巴黎(Nc)　瑞士(Nc)　布拉格(Nc)　樣(Ng)　高(VH),"[{'word': '台灣', 'ner': 'GPE'}, {'word': '芬蘭', 'ner': 'GPE'}, {'word': '巴黎', 'ner': 'GPE'}, {'word': '瑞士', 'ner': 'GPE'}, {'word': '布拉格', 'ner': 'GPE'}]"
當初最晚恢復,當初(Nd)　最(Dfa)　晚(VH)　恢復(VHC),[]
有點腦應該都不會挑這開,有點(Dfa)　腦(Na)　應該(D)　都(D)　不會(D)　挑(VC)　這(Nep)　開(VC),[]
別想了吧商務客需求沒那麼多省錢的甚至去曼谷吉隆坡找,別(D)　想(VE)　了(Di)　吧(T)　商務客(Na)　需求(Na)　沒(VJ)　那麼多(Neqa)　省錢(VH)　的(DE)　甚至(D)　去(VCL)　曼谷(Nc)　吉隆坡(Nc)　找(VC),"[{'word': '曼谷', 'ner': 'GPE'}, {'word': '吉隆坡', 'ner': 'GPE'}]"
已經夠多班飛義大利了啦,已經(D)　夠多(VH)　班(Nf)　飛(VA)　義大利(Nc)　了(T)　啦(T),"[{'word': '義大利', 'ner': 'GPE'}]"
為啥不開西班牙北歐之類,為啥(D)　不(D)　開(VC)　西班牙(Nc)　北歐(Nc)　之類(Cab),"[{'word': '西班牙', 'ner': 'GPE'}, {'word': '北歐', 'ner': 'LOC'}]"
這麼香不飛嗎,這麼(D)　香(VH)　不(D)　飛(VA)　嗎(T),[]
很明顯不香所以沒人飛,很(Dfa)　明顯(VH)　不(D)　香(VH)　所以(Cbb)　沒(VJ)　人(Na)　飛(VA),[]
星宇航空截至今日下午開始列載歐洲航線飛航班表,星宇(Nb)　航空(Na)　截至(P)　今日(Nd)　下午(Nd)　開始(VL)　列載(VC)　歐洲(Nc)　航線(Na)　飛航(VA)　班表(Na),"[{'word': '星宇航空', 'ner': 'ORG'}, {'word': '今日', 'ner': 'DATE'}, {'word': '下午', 'ner': 'TIME'}, {'word': '歐洲', 'ner': 'LOC'}]"
預定年月日首航台北桃園布,預定(VE)　年(Nd)　月(Na)　日(Nd)　首(VA)　航(VA)　台北(Nc)　桃園(Nc)　布(Nc),"[{'word': '年月日', 'ner': 'DATE'}, {'word': '台北桃園布', 'ner': 'GPE'}]"
拉格航線,拉格(Nc)　航線(Na),"[{'word': '拉格', 'ner': 'GPE'}]"
初期飛航每週三班星期二四六,初期(Nd)　飛航(VA)　每(Nes)　週(Nf)　三(Neu)　班(Nf)　星期(Nd)　二(Nd)　四六(Nd),"[{'word': '三', 'ner': 'CARDINAL'}, {'word': '星期二四六', 'ner': 'DATE'}]"
月日到日期間每週四班星期二四六,月(Na)　日(Nd)　到(P)　日(Nd)　期間(Na)　每(Nes)　週(Nf)　四班(Neu)　星期(Nd)　二(Nd)　四六(Nd),"[{'word': '星期二四六', 'ner': 'DATE'}]"
以下時刻適用於年月日到月日此航線近期內開放訂位,以下(Ncd)　時刻(Na)　適用(VJ)　於(P)　年(Nd)　月(Na)　日(Nd)　到(P)　月(Nd)　日(Nd)　此(Nep)　航線(Na)　近期(Nd)　內(Ng)　開放(VC)　訂位(VA),"[{'word': '年月日到月日', 'ner': 'DATE'}]"
資料來源,資料(Na)　來源(Na),[]
長程線班號編到百位數去了難不成十位數都要留給北美,長程線(Na)　班號(Na)　編到(VC)　百(Na)　位數(Na)　去(VCL)　了(Di)　難不成(Dk)　十(Neu)　位數(Na)　都(D)　要(D)　留給(VD)　北美(Nc),"[{'word': '百', 'ner': 'CARDINAL'}, {'word': '十', 'ner': 'CARDINAL'}, {'word': '北美', 'ner': 'LOC'}]"
果然,果然(D),[]
為了,為(P)　了(Di),[]
支持星宇就是支持台積電,支持(VC)　星宇(Nb)　就(D)　是(SHI)　支持(VC)　台積電(Nb),"[{'word': '星宇', 'ner': 'ORG'}, {'word': '台積電', 'ner': 'ORG'}]"
布拉格給比較有趣,布拉格(Nc)　給(P)　比較(Dfa)　有趣(VH),"[{'word': '布拉格', 'ner': 'PERSON'}]"
規則看起來是北美歐洲大洋洲,規則(Na)　看起來(D)　是(SHI)　北美(Nc)　歐洲(Nc)　大洋洲(Nc),"[{'word': '北美歐洲大洋洲', 'ner': 'LOC'}]"
港澳兩岸,港澳(Nc)　兩岸(Nc),"[{'word': '港', 'ner': 'GPE'}, {'word': '澳', 'ner': 'GPE'}, {'word': '兩', 'ner': 'CARDINAL'}]"
台華航線東南亞東北亞加班機調度航班包機,台華(Nc)　航線(Na)　東南亞(Nc)　東北亞(Nc)　加班機(Na)　調度(VC)　航班(Na)　包機(Na),"[{'word': '台', 'ner': 'GPE'}, {'word': '東南亞', 'ner': 'LOC'}, {'word': '東北亞', 'ner': 'LOC'}]"
華航也是週,華航(Nc)　也(D)　是(SHI)　週(Nf),"[{'word': '華航', 'ner': 'ORG'}]"
不演了,不(D)　演(VC)　了(Di),[]
請問是在第航廈還是第二航廈,請問(VE)　是(SHI)　在(P)　第(Neu)　航廈(Na)　還是(Caa)　第二(Neu)　航廈(Na),"[{'word': '第航廈', 'ner': 'FAC'}, {'word': '第二航廈', 'ner': 'FAC'}]"
不錯喔,不錯(VH)　喔(T),[]
開不到還喊的震天價響,開(VC)　不(D)　到(VCL)　還(D)　喊(VE)　的(DE)　震天價響(VH),[]
不演了不演了,不(D)　演(VC)　了(Di)　不(D)　演(VC)　了(Di),[]
應該兩個航點加起來吧白天樣串飛亞洲線月增班的話看起來是月有米蘭或蘇黎世作為第二個航點,應該(D)　兩(Neu)　個(Nf)　航點(Na)　加起來(VB)　吧(T)　白天(Nd)　樣(Ng)　串飛(VC)　亞洲線(Na)　月(Na)　增班(VJ)　的話(Cba)　看起來(D)　是(SHI)　月(Na)　有(V_2)　米蘭(Nc)　或(Caa)　蘇黎世(Nc)　作為(VG)　第二(Neu)　個(Nf)　航點(Na),"[{'word': '兩', 'ner': 'CARDINAL'}, {'word': '白天', 'ner': 'TIME'}, {'word': '亞洲', 'ner': 'LOC'}, {'word': '米蘭', 'ner': 'GPE'}, {'word': '蘇黎世', 'ner': 'GPE'}, {'word': '第二', 'ner': 'ORDINAL'}]"
熊本,熊本(Nc),"[{'word': '熊本', 'ner': 'PERSON'}]"
鳳凰城,鳳凰城(Nc),"[{'word': '鳳凰城', 'ner': 'ORG'}]"
布拉格,布拉格(Nc),"[{'word': '布拉格', 'ner': 'PERSON'}]"
不演了,不(D)　演(VC)　了(Di),[]
從來沒演過啊,從來(D)　沒(D)　演(VC)　過(Di)　啊(T),[]
希望台也去波蘭設個廠這樣以後就能直飛華沙了,希望(VK)　台(Nc)　也(D)　去(VCL)　波蘭(Nc)　設(VC)　個(Nf)　廠(Nc)　這樣(VH)　以後(Ng)　就(D)　能(D)　直飛(VCL)　華沙(Nc)　了(T),"[{'word': '台', 'ner': 'GPE'}, {'word': '波蘭', 'ner': 'GPE'}, {'word': '華沙', 'ner': 'GPE'}]"
歐積電專機,歐積電(Nb)　專機(Na),"[{'word': '歐積電', 'ner': 'ORG'}]"
有什麼好演的,有(V_2)　什麼(Nep)　好(VH)　演(VC)　的(T),[]
商場就是競賽,商場(Nc)　就(D)　是(SHI)　競賽(Na),[]
像跑步游泳樣,像(P)　跑步(VA)　游泳(VA)　樣(Na),[]
不是你做什麼我也做什麼嗎,不(D)　是(SHI)　你(Nh)　做(VC)　什麼(Nep)　我(Nh)　也(D)　做(VC)　什麼(Nep)　嗎(T),[]
而且不是華航先去抄別人跟釘下家的嗎,而且(Cbb)　不(D)　是(SHI)　華航(Nc)　先(D)　去(D)　抄(VC)　別人(Nh)　跟(P)　釘下(VC)　家(Nc)　的(T)　嗎(T),"[{'word': '華航', 'ner': 'ORG'}]"
從熊本峴港宿霧清邁舊金山增班西雅圖鳳凰城都是糟糕我這樣講完玻璃心花主管是不是又要不開心,從(P)　熊本(Nc)　峴港(Nc)　宿霧(Nc)　清邁(Nc)　舊金山(Nc)　增班(Nc)　西雅圖(Nc)　鳳凰城(Nc)　都(D)　是(SHI)　糟糕(VH)　我(Nh)　這樣(VH)　講完(VC)　玻璃(Na)　心花(Na)　主管(Na)　是(SHI)　不(D)　是(SHI)　又(D)　要(D)　不(D)　開心(VH),"[{'word': '熊本峴港', 'ner': 'GPE'}, {'word': '舊金山', 'ner': 'GPE'}, {'word': '西雅圖', 'ner': 'GPE'}, {'word': '鳳凰城', 'ner': 'GPE'}]"
歐積電不是在德國嗎,歐積電(Nb)　不(D)　是(SHI)　在(P)　德國(Nc)　嗎(T),"[{'word': '歐積電', 'ner': 'ORG'}, {'word': '德國', 'ner': 'GPE'}]"
歐積電離捷克很近,歐積電(Nb)　離(P)　捷克(Nc)　很(Dfa)　近(VH),"[{'word': '歐積電', 'ner': 'ORG'}, {'word': '捷克', 'ner': 'GPE'}]"
歐積電在德國德累斯頓離布拉格兩小時車程,歐積電(Nb)　在(P)　德國(Nc)　德累斯頓(Nc)　離(P)　布拉格(Nc)　兩(Neu)　小時(Nf)　車程(Na),"[{'word': '歐積電', 'ner': 'ORG'}, {'word': '德國', 'ner': 'GPE'}, {'word': '德累斯頓', 'ner': 'GPE'}, {'word': '布拉格', 'ner': 'GPE'}, {'word': '兩小時', 'ner': 'TIME'}]"
但我看地圖那個位置好像離柏林和布拉格距離差不多柏林稍遠點點而已但柏林客源應該更多吧,但(Cbb)　我(Nh)　看(VC)　地圖(Na)　那(Nep)　個(Nf)　位置(Na)　好像(D)　離(P)　柏林(Nc)　和(Caa)　布拉格(Nc)　距離(Na)　差不多(VH)　柏林(Nc)　稍(D)　遠(VH)　點點(Neqa)　而已(T)　但(Cbb)　柏林(Nc)　客源(Na)　應該(D)　更多(VH)　吧(T),"[{'word': '柏林', 'ner': 'GPE'}, {'word': '布拉格', 'ner': 'GPE'}, {'word': '柏林', 'ner': 'GPE'}, {'word': '柏林', 'ner': 'GPE'}]"
看起來沒打算用來飛現在是掛,看起來(D)　沒(D)　打算(VF)　用來(VL)　飛(VA)　現在(Nd)　是(SHI)　掛(VC),[]
起飛啦,起飛(VA)　啦(T),[]
去德勒斯登從或轉就好了,去(VCL)　德勒斯登(Nc)　從(P)　或(Caa)　轉(VAC)　就(D)　好(T)　了(T),"[{'word': '德勒斯登', 'ner': 'GPE'}]"
華航已有布拉格,華航(Nc)　已(D)　有(V_2)　布拉格(Nc),"[{'word': '華航', 'ner': 'ORG'}, {'word': '布拉格', 'ner': 'PERSON'}]"
為什麼不飛柏林,為什麼(D)　不(D)　飛(VA)　柏林(Nc),"[{'word': '柏林', 'ner': 'GPE'}]"
柏林沒有航權怎麼飛,柏林(Nc)　沒有(VJ)　航權(Na)　怎麼(D)　飛(VA),"[{'word': '柏林', 'ner': 'GPE'}]"
瘋狂對幹,瘋狂(VH)　對幹(VA),[]
請愛用從到,請(VF)　愛(VC)　用(VC)　從(P)　到(P),[]
馬上要變成飛四班呢,馬上(D)　要(D)　變成(VG)　飛(VA)　四(Neu)　班(Nf)　呢(T),"[{'word': '四', 'ner': 'CARDINAL'}]"
可能還追不上加的速度,可能(D)　還(D)　追(VJ)　不(D)　上(VC)　加(VC)　的(DE)　速度(Na),[]
還要考量維也納奧捷需求是合在起看的很多歐洲團甚至會玩布拉格進維也納出或反過來只經營單點沒這個問題華航已經班了,還要(Dfa)　考量(VE)　維也納(Nc)　奧捷(Nb)　需求(Na)　是(SHI)　合(VB)　在起(VH)　看(VC)　的(DE)　很多(Neqa)　歐洲團(Na)　甚至(D)　會(D)　玩(VC)　布拉格(Nc)　進(VCL)　維也納(Nc)　出(VC)　或(Caa)　反過來(Dk)　只(Da)　經營(VC)　單點(Na)　沒(VJ)　這(Nep)　個(Nf)　問題(Na)　華航(Nc)　已經(D)　班(Na)　了(T),"[{'word': '維也納奧捷', 'ner': 'EVENT'}, {'word': '歐洲', 'ner': 'NORP'}, {'word': '維也納', 'ner': 'GPE'}, {'word': '華航', 'ner': 'ORG'}]"
華航歐洲飛不滿的點多的是,華航(Nc)　歐洲(Nc)　飛(VA)　不(D)　滿(VH)　的(DE)　點(Na)　多(VH)　的(DE)　是(SHI),"[{'word': '華航', 'ner': 'ORG'}, {'word': '歐洲', 'ner': 'LOC'}]"
先想辦法補齊再說吧,先(D)　想(VE)　辦法(Na)　補齊(VC)　再(D)　說(VE)　吧(T),[]
慕尼黑法蘭克福離歐積電太遠了再來是雖然歐積電在德勒斯登但半導體周圍供應鍊堆選在捷克布拉格,慕尼黑(Nc)　法蘭克福(Nc)　離(P)　歐積電(Nb)　太(Dfa)　遠(VH)　了(T)　再來(Cbb)　是(SHI)　雖然(Cbb)　歐積電(Nb)　在(P)　德勒斯登(Nc)　但(Cbb)　半導體(Na)　周圍(Nc)　供應鍊(VD)　堆(VC)　選(VC)　在(P)　捷克(Nc)　布拉格(Nc),"[{'word': '慕尼黑法蘭克福', 'ner': 'GPE'}, {'word': '歐積電', 'ner': 'ORG'}, {'word': '歐積電', 'ner': 'ORG'}, {'word': '德勒斯登', 'ner': 'GPE'}, {'word': '捷克布拉格', 'ner': 'GPE'}]"
星宇加油,星宇(Nb)　加油(VB),"[{'word': '星宇', 'ner': 'ORG'}]"
希望下個歐洲航點是蘇黎世,希望(VK)　下(Nes)　個(Nf)　歐洲(Nc)　航點(Na)　是(SHI)　蘇黎世(Nc),"[{'word': '歐洲', 'ner': 'LOC'}, {'word': '蘇黎世', 'ner': 'GPE'}]"
還算有含金量,還(D)　算(VG)　有(V_2)　含金量(Na),[]
放里程票放里程票放里程票,放(VC)　里程票(Na)　放(VC)　里程票(Na)　放(VC)　里程票(Na),[]
法蘭克福到歐積電很遠吧,法蘭克福(Nc)　到(VCL)　歐積電(Nb)　很(Dfa)　遠(VH)　吧(T),"[{'word': '法蘭克福', 'ner': 'GPE'}, {'word': '歐積電', 'ner': 'ORG'}]"
台積電蓋的是成熟製程,台積電(Nb)　蓋(VC)　的(DE)　是(SHI)　成熟(VH)　製程(Na),"[{'word': '台積電', 'ner': 'ORG'}]"
服務歐洲當地,服務(VC)　歐洲(Nc)　當地(Nc),"[{'word': '歐洲', 'ner': 'LOC'}]"
既然沒在演的,既然(Cbb)　沒(D)　在(P)　演(VC)　的(DE),[]
應該要開華沙才對啊,應該(D)　要(D)　開(VC)　華沙(Nc)　才(Da)　對(VH)　啊(T),"[{'word': '華沙', 'ner': 'LOC'}]"
本來也想換的哩程票,本來(D)　也(D)　想(VE)　換(VC)　的(DE)　哩程票(Na),[]
但八月太晚只好改去回,但(Cbb)　八月(Nd)　太晚(VH)　只好(D)　改(VC)　去(VCL)　回(VCL),"[{'word': '八月太晚', 'ner': 'TIME'}]"
哪有演,哪(Nep)　有(V_2)　演(VC),[]
本來就在互殺,本來(D)　就(D)　在(P)　互殺(D),[]
是在旁邊高價看戲,是(SHI)　在(P)　旁邊(Ncd)　高價(D)　看戲(VA),[]
上次有報導六月換到去,上(Nes)　次(Nf)　有(V_2)　報導(VE)　六月(Nd)　換到(VC)　去(D),"[{'word': '六月', 'ner': 'DATE'}]"
所以歐洲只會是,所以(Cbb)　歐洲(Nc)　只(Da)　會(D)　是(SHI),"[{'word': '歐洲', 'ner': 'LOC'}]"
他要是能拿到法蘭克福主要的會想飛布拉格嗎,他(Nh)　要是(Cbb)　能(D)　拿到(VC)　法蘭克福(Nc)　主要(A)　的(DE)　會(D)　想(VE)　飛(VA)　布拉格(Nc)　嗎(T),"[{'word': '法蘭克福', 'ner': 'GPE'}, {'word': '布拉格', 'ner': 'PERSON'}]"
何時會開賣機票啊會比較便宜嗎,何時(Nd)　會(D)　開賣(VC)　機票(Na)　啊(T)　會(D)　比較(Dfa)　便宜(VH)　嗎(T),[]
真的有團隊可以飛嗎,真的(D)　有(V_2)　團隊(Na)　可以(D)　飛(VA)　嗎(T),[]
人力夠嗎,人力(Na)　夠(VH)　嗎(T),[]
好懷疑,好(Dfa)　懷疑(VK),[]
個月,個(Nf)　月(Na),"[{'word': '個月', 'ner': 'DATE'}]"
會比較便宜嗎精品航空哪時候便宜了,會(D)　比較(Dfa)　便宜(VH)　嗎(T)　精品(Na)　航空(Na)　哪(Nep)　時候(Na)　便宜(VH)　了(Di),[]
幹嘛殺董還是他們大股東之呵呵,幹嘛(D)　殺(VC)　董(Nb)　還(D)　是(SHI)　他們(Nh)　大(VH)　股東(Na)　之(DE)　呵呵(D),[]
布拉格,布拉格(Nc),"[{'word': '布拉格', 'ner': 'PERSON'}]"
真的是太棒了,真的(D)　是(SHI)　太(Dfa)　棒(VH)　了(T),[]
華航去旁邊玩沙吧準備布拉格被星宇殺到載客率降到,華航(Nc)　去(VCL)　旁邊(Ncd)　玩(VC)　沙(Na)　吧(T)　準備(VF)　布拉格(Nc)　被(P)　星宇(Nb)　殺到(VCL)　載客率(Na)　降到(VJ),"[{'word': '華航', 'ner': 'ORG'}, {'word': '布拉格', 'ner': 'PERSON'}, {'word': '星宇', 'ner': 'ORG'}]"
星宇機票怎麼可能便宜笑死,星宇(Nb)　機票(Na)　怎麼(D)　可能(D)　便宜(VH)　笑死(VHC),"[{'word': '星宇', 'ner': 'ORG'}]"
已經有在說夢到下個航點是了,已經(D)　有(D)　在(D)　說(VE)　夢到(VE)　下(Nes)　個(Nf)　航點(Na)　是(SHI)　了(T),[]
是被客運耽誤的貨運公司,是(SHI)　被(P)　客運(Na)　耽誤(VC)　的(DE)　貨運(Na)　公司(Nc),[]
屆時就來看的夢有多高的可性度,屆時(D)　就(D)　來(D)　看(VC)　的(DE)　夢(Na)　有(V_2)　多(Dfa)　高(VH)　的(DE)　可性度(Na),[]
和租機再不回來就只能繼續挨打,和租機(P)　再(D)　不(D)　回來(VA)　就(D)　只(Da)　能(D)　繼續(VF)　挨打(VB),[]
當初倒店的殷鑑不遠,當初(Nd)　倒店(VH)　的(DE)　殷鑑不遠(VH),[]
今天已轉成經來到了,今天(Nd)　已(D)　轉成(VG)　經(P)　來到(VCL)　了(Di),"[{'word': '今天', 'ner': 'DATE'}]"
另外個不是夢嗎,另外(Da)　個(Nf)　不(D)　是(SHI)　夢(Na)　嗎(T),[]
就算不是股東,就算(Cbb)　不(D)　是(SHI)　股東(Na),[]
有啥能力砍,有(V_2)　啥(Nep)　能力(Na)　砍(VC),[]
連個都飛不了,連(Cbb)　個(Nf)　都(D)　飛不了(VA),[]
這算夢嗎,這(Nep)　算(VG)　夢(Na)　嗎(T),[]
星宇自己在廣告的,星宇(Nb)　自己(Nh)　在(P)　廣告(Na)　的(DE),"[{'word': '星宇', 'ner': 'ORG'}]"
沒飛俄羅斯領空不太可能吧,沒(D)　飛(VA)　俄羅斯(Nc)　領空(Nc)　不(D)　太(Dfa)　可能(VH)　吧(T),"[{'word': '俄羅斯', 'ner': 'GPE'}]"
好奇問下受眾是哪些人啊歐旅板都快涼透了反觀日旅板討論度超高的已經捲到連去尾道都可以戰了歐旅伴只剩蜜月跟團打折文而且都沒有北歐的在歐洲晃了兩個月布拉格真的是體感遇到最多台灣的地方,好奇(VH)　問(VE)　下(Nes)　受眾(Na)　是(SHI)　哪些(Neqa)　人(Na)　啊(T)　歐旅板(Nb)　都(D)　快(D)　涼(VH)　透(Dfb)　了(Di)　反觀(VC)　日旅板(Na)　討論度(Na)　超(Dfa)　高(VH)　的(DE)　已經(D)　捲到(VC)　連(Cbb)　去(VCL)　尾道(Na)　都(D)　可以(D)　戰(VC)　了(Di)　歐(Nc)　旅伴(Na)　只(Da)　剩(VJ)　蜜月(Na)　跟團(P)　打折文(VA)　而且(Cbb)　都(D)　沒有(VJ)　北歐(Nc)　的(DE)　在(P)　歐洲(Nc)　晃(VC)　了(Di)　兩(Neu)　個(Nf)　月(Na)　布拉格(Nc)　真的(D)　是(SHI)　體感(VK)　遇到(VC)　最多(VH)　台灣(Nc)　的(DE)　地方(Na),"[{'word': '北歐', 'ner': 'LOC'}, {'word': '歐洲', 'ner': 'LOC'}, {'word': '兩個月', 'ner': 'DATE'}, {'word': '布拉格', 'ner': 'GPE'}, {'word': '台灣', 'ner': 'GPE'}]"
怎可能,怎(D)　可能(D),[]
那個繼續夢吧,那(Nep)　個(Nf)　繼續(VF)　夢(Na)　吧(T),[]
底下有人說想飛和搭關係說旅行社傳出的消息,底下(Ncd)　有(V_2)　人(Na)　說(VE)　想(VE)　飛(VA)　和(Caa)　搭(VC)　關係(Na)　說(VE)　旅行社(Nc)　傳出(VC)　的(DE)　消息(Na),[]
不過喜歡搞暗示也不是第次,不過(Cbb)　喜歡(VK)　搞(VC)　暗示(Na)　也(D)　不(D)　是(SHI)　第(Neu)　次(Nf),"[{'word': '第次', 'ner': 'ORDINAL'}]"
飛是嫌現金流燒的不夠快嗎,飛(VA)　是(SHI)　嫌(VK)　現金(Na)　流(VH)　燒(VC)　的(DE)　不(D)　夠(Dfa)　快(VH)　嗎(T),[]
華航月開始飛,華航(Nc)　月(Na)　開始(VL)　飛(VA),"[{'word': '華航', 'ner': 'ORG'}]"
星宇也選,星宇(Na)　也(D)　選(VC),"[{'word': '星宇', 'ner': 'ORG'}]"
看來星宇不介意兩家硬碰,看來(D)　星宇(Nb)　不(D)　介意(VK)　兩(Neu)　家(Nc)　硬(D)　碰(VC),"[{'word': '星宇', 'ner': 'ORG'}, {'word': '兩', 'ner': 'CARDINAL'}]"
期待星宇開航紐約或加拿大,期待(VK)　星宇(Nb)　開航(VA)　紐約(Nc)　或(Caa)　加拿大(Nc),"[{'word': '紐約', 'ner': 'GPE'}, {'word': '加拿大', 'ner': 'GPE'}]"
倒是月下說要每周班,倒是(D)　月下(Na)　說(VE)　要(D)　每(Nes)　周(Nf)　班(Na),"[{'word': '月下', 'ner': 'DATE'}]"
看是短期性還是整季,看(VE)　是(SHI)　短期性(Na)　還是(D)　整(Neqa)　季(Nd),[]
月就開始下雪,月(Na)　就(D)　開始(VL)　下雪(VA),[]
連星期都樣,連(Cbb)　星期(Na)　都(D)　樣(Na),"[{'word': '星期', 'ner': 'DATE'}]"
星宇是吧整個旅行團挖過來嗎,星宇(Nb)　是(SHI)　吧(T)　整(Neqa)　個(Nf)　旅行團(Na)　挖過來(VB)　嗎(T),"[{'word': '星宇', 'ner': 'ORG'}]"
星期樣但整整差了天啊星宇是起飛華航是,星期樣(Na)　但(Cbb)　整整(Da)　差(VH)　了(Di)　天(I)　啊(T)　星宇(Na)　是(SHI)　起飛(VA)　華航(Nc)　是(SHI),"[{'word': '華航', 'ner': 'ORG'}]"
所以是十月起去機場,所以(Cbb)　是(SHI)　十月(Nd)　起(Ng)　去(VCL)　機場(Nc),"[{'word': '十月', 'ner': 'DATE'}]"
是四月起,是(SHI)　四月(Nd)　起(Ng),"[{'word': '四月', 'ner': 'DATE'}]"
感謝樓上指正,感謝(VK)　樓上(Nc)　指正(VC),[]
這樣看起來就合理多了,這樣(VH)　看起來(D)　就(D)　合理(VH)　多(VH)　了(T),[]
日旅版的人氣高就堆窮遊仔整天愛戰啊,日旅版(Na)　的(DE)　人氣(Na)　高(VH)　就(D)　堆(VC)　窮遊仔(Na)　整(Neqa)　天(Nf)　愛(VL)　戰(Na)　啊(T),[]
連去四國獨旅都可以講的達成了什麼豐功偉業,連(Cbb)　去(VCL)　四(Nc)　國(Nc)　獨旅(Na)　都(D)　可以(D)　講(VE)　的(DE)　達成(VC)　了(Di)　什麼(Nep)　豐功偉業(Na),"[{'word': '四', 'ner': 'CARDINAL'}]"
如果要蹭,如果(Cbb)　要(D)　蹭(VA),[]
那應該飛才對,那(Nep)　應該(D)　飛(VA)　才(Da)　對(VH),[]
飛是三小越看越像的側翼小綠,飛(VA)　是(SHI)　三(Neu)　小(VH)　越(D)　看(VC)　越(D)　像(VG)　的(DE)　側翼(Na)　小綠(VH),"[{'word': '三', 'ner': 'CARDINAL'}]"
表面上第三勢力,表面(Na)　上(Ng)　第三(Neu)　勢力(Na),"[{'word': '第三', 'ner': 'ORDINAL'}]"
但專打,但(Cbb)　專(Na)　打(VC),[]
下個航點有說是某機票粉專說,下(Nes)　個(Nf)　航點(Na)　有(D)　說(VE)　是(SHI)　某(Nes)　機票(Na)　粉專(Nb)　說(VE),[]
感覺機會大,感覺(VK)　機會(Na)　大(VH),[]
去地球拉個等距圓就知道為什麼了,去(VCL)　地球(Na)　拉(VC)　個(Nf)　等距圓(Na)　就(D)　知道(VK)　為什麼(D)　了(T),"[{'word': '地球', 'ner': 'LOC'}]"
實際飛行路線又不是飛大圓,實際(VH)　飛行(VA)　路線(Na)　又(D)　不(D)　是(SHI)　飛(VA)　大(VH)　圓(Na),[]
打仗不能走的地方還越來越多,打仗(VA)　不能(D)　走(VA)　的(DE)　地方(Na)　還(D)　越來越(Dfa)　多(VH),[]
專打華航呵呵別自己跌倒就好,專(D)　打(VC)　華航(Nc)　呵呵(D)　別(D)　自己(Nh)　跌倒(VA)　就(D)　好(VH),"[{'word': '華航', 'ner': 'ORG'}]"
剛剛看資料他還有八萬多張,剛剛(D)　看(VC)　資料(Na)　他(Nh)　還(D)　有(V_2)　八萬多(Neu)　張(Nf),"[{'word': '八萬多', 'ner': 'CARDINAL'}]"
開航而已,開航(VA)　而已(T),[]
就被腦補這麼多,就(D)　被(P)　腦補(Na)　這麼多(Neqa),[]
跟著台積走準沒錯,跟(P)　著(Di)　台積(Nb)　走(VA)　準(D)　沒(VJ)　錯(Na),"[{'word': '台積', 'ner': 'ORG'}]"
日旅版那些窮遊仔是標準的自卑成自大,日旅版(Na)　那些(Neqa)　窮遊仔(Na)　是(SHI)　標準(Na)　的(DE)　自卑成(VG)　自大(VH),"[{'word': '日旅版', 'ner': 'GPE'}]"
輩子只去日本玩被他們說成什麼了不起的成就,輩子(Na)　只(Da)　去(VCL)　日本(Nc)　玩(VC)　被(P)　他們(Nh)　說成(VG)　什麼(Nep)　了不起(VH)　的(DE)　成就(Na),"[{'word': '日本', 'ner': 'GPE'}]"
我去日本每次都要花個十幾二十萬台幣以上,我(Nh)　去(VCL)　日本(Nc)　每(Nes)　次(Nf)　都(D)　要(D)　花(VC)　個(Nf)　十幾二十萬(Neu)　台幣(Na)　以上(Ng),"[{'word': '日本', 'ner': 'GPE'}, {'word': '十幾二十萬台幣以上', 'ner': 'MONEY'}]"
感覺日本根本不適合窮遊,感覺(VK)　日本(Nc)　根本(D)　不(D)　適合(VH)　窮遊(VA),"[{'word': '日本', 'ner': 'GPE'}]"
就是單純玩的很爽高級溫泉泊二食基本上晚就快兩萬起跳了如果去日本還要窮遊,就是(Cbb)　單純(VH)　玩(VC)　的(DE)　很(Dfa)　爽(VH)　高級(VH)　溫泉泊(Na)　二食(Neu)　基本(Na)　上晚(Nd)　就(D)　快(D)　兩萬(Neu)　起跳(VA)　了(Di)　如果(Cbb)　去(VCL)　日本(Nc)　還要(Dfa)　窮遊(VA),"[{'word': '上晚', 'ner': 'TIME'}, {'word': '快兩萬', 'ner': 'CARDINAL'}, {'word': '日本', 'ner': 'GPE'}]"
大概會過得很痛苦,大概(D)　會(D)　過(VCL)　得(DE)　很(Dfa)　痛苦(VH),[]
日旅版有些人真的是窮出驕傲,日旅版(Na)　有(Neqa)　些(Nf)　人(Na)　真的(D)　是(SHI)　窮(VH)　出(VC)　驕傲(VH),[]
日旅板真的笑死人,日旅板(Na)　真的(D)　笑死(VHC)　人(Na),[]
說不定那些窮遊仔玩的很自在,說不定(D)　那些(Neqa)　窮遊仔(Na)　玩(VC)　的(DE)　很(Dfa)　自在(VH),[]
點也不覺得痛苦,點(Neqa)　也(D)　不(D)　覺得(VK)　痛苦(VH),[]
而且身家還比你豐厚,而且(Cbb)　身家(Na)　還(D)　比(P)　你(Nh)　豐厚(VH),[]
窮不窮遊看頻率大部分上班族請假次數有限的話如果年去次日本建議對自己好點搭傳統航空吃住都好些伴手禮紀念品該買就買,窮(VH)　不(D)　窮(VH)　遊(VCL)　看(VC)　頻率(Na)　大部分(Neqa)　上班族(Na)　請假(VA)　次數(Na)　有限(VH)　的話(Cba)　如果(Cbb)　年(Na)　去(VCL)　次(Nf)　日本(Nc)　建議(VE)　對(P)　自己(Nh)　好(VH)　點(Dfb)　搭(VC)　傳統(VH)　航空(Na)　吃(VC)　住(VCL)　都(D)　好(Neqa)　些(Nf)　伴手禮(Na)　紀念品(Na)　該(D)　買(VC)　就(D)　買(VC),"[{'word': '日本', 'ner': 'GPE'}]"
如果可以自己排班放假很自由的人年去日本五次以上窮遊才是選項不用都住四五星酒店可以住商務旅館體驗真正日本人的生活,如果(Cbb)　可以(D)　自己(Nh)　排班(VA)　放假(VH)　很(Dfa)　自由(VH)　的(DE)　人(Na)　年(Na)　去(VCL)　日本(Nc)　五(Neu)　次(Nf)　以上(Ng)　窮遊(VA)　才(Da)　是(SHI)　選項(Na)　不用(D)　都(D)　住(VCL)　四(Neu)　五(A)　星(Na)　酒店(Nc)　可以(D)　住(VCL)　商務(Na)　旅館(Nc)　體驗(VC)　真正(A)　日本人(Na)　的(DE)　生活(Na),"[{'word': '日本', 'ner': 'GPE'}, {'word': '五次以上', 'ner': 'CARDINAL'}, {'word': '日本人', 'ner': 'NORP'}]"
窮遊仔其實很有錢這種謬論大可不必,窮遊仔(Na)　其實(D)　很(Dfa)　有錢(VH)　這(Nep)　種(Nf)　謬論(Na)　大可不必(D),[]
我還真沒看過哪個有錢人出去玩只住廉價旅館吃超商超市即期品能用走的就不搭車到哪都索取免費的水像是打仗樣到處掃便宜貨搞代購去日本五次假設次萬也才萬,我(Nh)　還(D)　真(D)　沒(D)　看(VC)　過(Di)　哪(Nep)　個(Nf)　有錢人(Na)　出去(VA)　玩(VC)　只(Da)　住(VCL)　廉價(Na)　旅館(Nc)　吃(VC)　超商(Nc)　超市(Nc)　即期品(Na)　能(D)　用(VC)　走(VA)　的(DE)　就(D)　不(D)　搭(VC)　車(Na)　到(VCL)　哪(Ncd)　都(D)　索取(VD)　免費(VH)　的(DE)　水(Na)　像是(SHI)　打仗(VA)　樣(Ng)　到處(D)　掃(VC)　便宜貨(Na)　搞(VC)　代購(VC)　去(VCL)　日本(Nc)　五(Neu)　次(Nf)　假設(VE)　次(Nes)　萬(Neu)　也(D)　才(Da)　萬(Neu),"[{'word': '日本', 'ner': 'GPE'}, {'word': '五', 'ner': 'CARDINAL'}, {'word': '次萬', 'ner': 'CARDINAL'}]"
跟去瑞士套的錢差不多,跟(P)　去(VCL)　瑞士(Nc)　套(VC)　的(DE)　錢(Na)　差不多(D),"[{'word': '瑞士', 'ner': 'GPE'}]"
根本不用窮遊好嗎我在沖繩王子飯店住宿時,根本(D)　不用(D)　窮遊(VA)　好(VH)　嗎(T)　我(Nh)　在(P)　沖繩(Nc)　王子(Na)　飯店(Nc)　住宿(VA)　時(Ng),"[{'word': '沖繩王子飯店', 'ner': 'FAC'}]"
也有看過窮遊仔進來把大廳的迎賓檸檬水全部裝光,也(D)　有(V_2)　看過(VC)　窮遊仔(Na)　進來(VA)　把(P)　大廳(Nc)　的(DE)　迎賓(VA)　檸檬水(Na)　全部(Neqa)　裝光(VC),[]
我怎麼知道他們是窮遊仔,我(Nh)　怎麼(D)　知道(VK)　他們(Nh)　是(SHI)　窮遊仔(Na),[]
因為他們是台灣,因為(Cbb)　他們(Nh)　是(SHI)　台灣(Nc),"[{'word': '台灣', 'ner': 'GPE'}]"
從對話中我聽到他們說這間飯店有免費的水裝完就可以走了,從(P)　對話(Na)　中(Ng)　我(Nh)　聽到(VE)　他們(Nh)　說(VE)　這(Nep)　間(Nf)　飯店(Nc)　有(V_2)　免費(VH)　的(DE)　水(Na)　裝完(VC)　就(D)　可以(D)　走(VA)　了(Di),[]
根本不是這間的住客,根本(D)　不(D)　是(SHI)　這(Nep)　間(Ncd)　的(DE)　住客(Na),[]
連水都不買是真的蠻窮的,連(Cbb)　水(Na)　都(D)　不(D)　買(VC)　是(SHI)　真的(D)　蠻(Dfa)　窮(VH)　的(T),[]
去飯店迎賓水的也太可悲,去(VCL)　飯店(Nc)　迎(VC)　賓水(Na)　的(DE)　也(D)　太(Dfa)　可悲(VH),"[{'word': '迎賓水', 'ner': 'GPE'}]"
要體驗般日本人的人生也不是在商務旅館住幾天吧那種可以自煮的住宿直接住個月更能體驗,要(D)　體驗(VC)　般(Ng)　日本人(Na)　的(DE)　人生(Na)　也(D)　不(D)　是(SHI)　在(P)　商務(Na)　旅館(Nc)　住(VCL)　幾(Neu)　天(Nf)　吧(T)　那(Nep)　種(Nf)　可以(D)　自(D)　煮(VC)　的(DE)　住宿(VA)　直接(VH)　住(VCL)　個(Nf)　月(Na)　更(Dfa)　能(D)　體驗(VC),"[{'word': '日本人', 'ner': 'NORP'}, {'word': '幾天', 'ner': 'DATE'}, {'word': '個月', 'ner': 'DATE'}]"
是體驗日本窮人的生活,是(SHI)　體驗(VC)　日本(Nc)　窮人(Na)　的(DE)　生活(Na),"[{'word': '日本', 'ner': 'NORP'}]"
還是有錢人的生活,還是(D)　有錢人(Na)　的(DE)　生活(Na),[]
要富遊還是窮遊都沒差,要(D)　富(VA)　遊(VCL)　還是(Caa)　窮遊(VA)　都(D)　沒(D)　差(VH),[]
不要藉此去貶低別人就好,不要(D)　藉(P)　此(Nep)　去(D)　貶低(VJ)　別人(Nh)　就(D)　好(VH),[]
談錢是很俗氣的事情,談(VE)　錢(Na)　是(SHI)　很(Dfa)　俗氣(VH)　的(DE)　事情(Na),[]
星宇旦推出布拉格德勒斯登接駁巴士,星宇旦(Nb)　推出(VC)　布拉格(Nc)　德勒斯登(Nc)　接駁(VC)　巴士(Na),"[{'word': '星宇旦', 'ner': 'ORG'}, {'word': '布拉格德勒斯', 'ner': 'PERSON'}]"
不曉得是否會跟進,不(D)　曉得(VK)　是否(D)　會(D)　跟進(VA),[]
上面寫反,上面(Ncd)　寫(VC)　反(Na),[]
看起來是要推接駁巴士力抗競爭,看起來(D)　是(SHI)　要(D)　推(VC)　接駁(VC)　巴士力(Na)　抗(VJ)　競爭(Na),[]
體驗日本生活應該是住日租吧然後自己煮,體驗(VC)　日本(Nc)　生活(Na)　應該(D)　是(SHI)　住(VCL)　日租(Na)　吧(T)　然後(D)　自己(Nh)　煮(VC),"[{'word': '日本', 'ner': 'GPE'}]"
笑死,笑死(VHC),[]
還畫大圓耶,還(D)　畫(VC)　大(VH)　圓(Na)　耶(T),[]
你的航線又不是直的,你(Nh)　的(DE)　航線(Na)　又(D)　不(D)　是(SHI)　直(VH)　的(DE),[]
日旅版窮遊仔就很愛貼著人家臉直強調自己窮遊自己很屌,日旅版(Na)　窮遊仔(Na)　就(D)　很(Dfa)　愛(VL)　貼(VC)　著(Di)　人家(Nh)　臉(Na)　直(D)　強調(VE)　自己(Nh)　窮遊(VCL)　自己(Nh)　很(Dfa)　屌(FW),"[{'word': '日', 'ner': 'GPE'}, {'word': '旅版', 'ner': 'GPE'}]"
人家都說不要了還直巴著不放然後定要貶捧,人家(Nh)　都(D)　說(VE)　不(D)　要(VC)　了(Di)　還(D)　直(D)　巴(VC)　著(Di)　不(D)　放(VC)　然後(D)　定(D)　要(D)　貶捧(VC),[]
韓國歐美東南亞澳洲紐西蘭非洲國旅都絕對不如日本窮遊好玩,韓國(Nc)　歐美(Nc)　東南亞(Nc)　澳洲(Nc)　紐西蘭(Nc)　非洲(Nc)　國旅(Na)　都(D)　絕對(D)　不如(VJ)　日本(Nc)　窮遊(VA)　好玩(VH),"[{'word': '韓國', 'ner': 'GPE'}, {'word': '歐美', 'ner': 'LOC'}, {'word': '東南亞', 'ner': 'LOC'}, {'word': '澳洲紐西蘭', 'ner': 'GPE'}, {'word': '非洲', 'ner': 'LOC'}, {'word': '日本', 'ner': 'GPE'}]"
嫌歐旅版沒人就多發文多留言啊,嫌(VK)　歐旅版(Na)　沒(VJ)　人(Na)　就(D)　多(D)　發文(VA)　多(D)　留言(VA)　啊(T),[]
為什麼有人好像被戳到點樣,為什麼(D)　有(V_2)　人(Na)　好像(D)　被(P)　戳到(VC)　點(Dfb)　樣(Na),[]
直踩別人秀優越感,直(D)　踩(VC)　別人(Nh)　秀(T)　優越感(Na),[]
人生有什麼不如意,人生(Na)　有(V_2)　什麼(Nep)　不(D)　如意(VH),[]
那就再出去走走而不是在這裡秀下限,那(Nep)　就(D)　再(D)　出去(VA)　走走(VA)　而(Cbb)　不(D)　是(SHI)　在(P)　這裡(Ncd)　秀(VC)　下限(Na),[]
去日本次萬是不是誤會什麼了,去(VCL)　日本(Nc)　次(Nb)　萬(D)　是(SHI)　不(D)　是(SHI)　誤會(VK)　什麼(Nep)　了(T),"[{'word': '日本', 'ner': 'GPE'}, {'word': '次萬', 'ner': 'CARDINAL'}]"
我阿北身價破億也是只搭虎航穿涼鞋在日本趴趴走應該就是你說的窮游仔呵呵,我(Nh)　阿北(Nb)　身價(Na)　破億(VC)　也(D)　是(SHI)　只(Da)　搭(VC)　虎航(Nb)　穿(VC)　涼鞋(Na)　在(P)　日本(Nc)　趴趴走(VA)　應該(D)　就(Cbb)　是(SHI)　你(Nh)　說(VE)　的(DE)　窮游仔(Na)　呵呵(D),"[{'word': '阿北', 'ner': 'PERSON'}, {'word': '億', 'ner': 'CARDINAL'}, {'word': '日本', 'ner': 'GPE'}]"
這篇不是星宇嗎,這(Nep)　篇(Nf)　不(D)　是(SHI)　星宇(Na)　嗎(T),"[{'word': '星宇', 'ner': 'PERSON'}]"
怎麼歪樓成這樣,怎麼(D)　歪樓(Nc)　成(VG)　這樣(VH),[]
在布拉格文下面狂扯日旅板到底是,在(P)　布拉格文(Na)　下面(Ncd)　狂(VC)　扯(VC)　日旅板(Na)　到底(D)　是(SHI),"[{'word': '布拉格文', 'ner': 'PERSON'}]"
搭傳統航空和新幹線住不錯的飯店吃板前料理再加上購物,搭(VC)　傳統(VH)　航空(Na)　和(Caa)　新幹線(Na)　住(VCL)　不錯(VH)　的(DE)　飯店(Nc)　吃(Na)　板前(Na)　料理(VC)　再(D)　加上(Cbb)　購物(VA),[]
萬還算便宜的了,萬(D)　還(D)　算(VG)　便宜(VH)　的(DE)　了(T),[]
出去玩本來就是去享受,出去(VA)　玩(VC)　本來(D)　就(D)　是(SHI)　去(D)　享受(VJ),[]
而不是去受苦回來還要很優越的說別人都是盤子,而(Cbb)　不(D)　是(SHI)　去(D)　受苦(VH)　回來(VA)　還要(D)　很(Dfa)　優越(VH)　的(DE)　說(VE)　別人(Nh)　都(D)　是(SHI)　盤子(Na),[]
有臉書知名網紅劇透下站開航蘇黎世,有(V_2)　臉書(Na)　知名(VH)　網紅(Na)　劇透(Na)　下(Nes)　站(Nc)　開航(VA)　蘇黎世(Nc),"[{'word': '蘇黎世', 'ner': 'GPE'}]"
你就算繞路都還是近點比你想的還要靠近亞洲,你(Nh)　就算(Cbb)　繞路(VA)　都(D)　還是(D)　近(VH)　點(Dfb)　比(P)　你(Nh)　想(VE)　的(DE)　還要(Dfa)　靠近(VC)　亞洲(Nc),"[{'word': '亞洲', 'ner': 'LOC'}]"
盲猜這幾年內如果歐洲開五個航點會是布拉格蘇黎世赫爾辛基布魯塞爾巴塞隆納純粹從打在的跟共掛航點裡面挑,盲(VE)　猜(VE)　這(Nep)　幾(Neu)　年(Nf)　內(Ng)　如果(Cbb)　歐洲(Nc)　開(VC)　五(Neu)　個(Nf)　航點(Na)　會(D)　是(SHI)　布拉格(Nc)　蘇黎世(Nc)　赫爾辛基(Nc)　布魯塞爾(Nc)　巴塞隆納(Nc)　純粹(D)　從(P)　打(VC)　在(P)　的(DE)　跟(P)　共(Nv)　掛(VC)　航點(Na)　裡面(Ncd)　挑(VC),"[{'word': '幾年', 'ner': 'DATE'}, {'word': '歐洲', 'ner': 'LOC'}, {'word': '五', 'ner': 'CARDINAL'}, {'word': '布拉格蘇黎世赫爾辛基布魯塞爾巴塞隆納', 'ner': 'GPE'}]"
我說的是去日本次只花萬是不是誤會什麼了,我(Nh)　說(VE)　的(DE)　是(SHI)　去(VCL)　日本(Nc)　次(Nf)　只(Da)　花(VC)　萬(Neu)　是(SHI)　不(D)　是(SHI)　誤會(VK)　什麼(Nep)　了(T),"[{'word': '萬', 'ner': 'CARDINAL'}]"
比較好接旅行團吧,比較(Dfa)　好(VH)　接(VC)　旅行團(Na)　吧(T),[]
就只有冬季熱門不是,就(D)　只有(D)　冬季(Nd)　熱門(VH)　不(D)　是(SHI),[]
靠近也要有市場啊,靠近(VC)　也(D)　要(D)　有(V_2)　市場(Nc)　啊(T),[]
不過最近有消息芬蘭芬蘭航空要砍掉部分美國航班把重心放在亞洲這邊,不過(Cbb)　最近(Nd)　有(V_2)　消息(Na)　芬蘭(Nc)　芬蘭(Nc)　航空(Na)　要(D)　砍掉(VC)　部分(Neqa)　美國(Nc)　航班(Na)　把(P)　重心(Na)　放(VC)　在(P)　亞洲(Nc)　這邊(Ncd),"[{'word': '芬蘭', 'ner': 'GPE'}, {'word': '芬蘭航空', 'ner': 'ORG'}, {'word': '美國', 'ner': 'GPE'}, {'word': '亞洲', 'ner': 'LOC'}]"
搞不好芬蘭航空還真的會有動作,搞不好(D)　芬蘭(Nc)　航空(Na)　還(D)　真的(D)　會(D)　有(V_2)　動作(Na),"[{'word': '芬蘭', 'ner': 'GPE'}]"
這樣感覺去南亞中東非洲或是中美洲探險的人都被說成是去受苦的了,這樣(VH)　感覺(Na)　去(VCL)　南亞(Nc)　中東(Nc)　非洲(Nc)　或是(Caa)　中美洲(Nc)　探險(VA)　的(DE)　人(Na)　都(D)　被(P)　說成(VG)　是(SHI)　去(D)　受苦(VH)　的(T)　了(T),"[{'word': '南亞', 'ner': 'LOC'}, {'word': '中東非洲', 'ner': 'LOC'}, {'word': '中美洲', 'ner': 'LOC'}]"
有些人覺得出國要享受也有人覺得去各國體驗民宿風情,有(Neqa)　些(Nf)　人(Na)　覺得(VK)　出國(VA)　要(D)　享受(VJ)　也(D)　有(V_2)　人(Na)　覺得(VK)　去(VCL)　各(Nes)　國(Nc)　體驗(VC)　民宿(Nc)　風情(Na),[]
不然融融歷險記不就被當成瘋子了,不然(Cbb)　融融(VH)　歷險(Na)　記(VK)　不(D)　就(D)　被(P)　當成(VG)　瘋子(Na)　了(T),[]
奇怪了,奇怪(VK)　了(T),[]
幹嘛搶著定義旅遊怎樣才對,幹嘛(D)　搶(VD)　著(Di)　定義(VC)　旅遊(Nv)　怎樣(D)　才(Da)　對(VH),[]
原來考山路那堆外國人都不是去玩的,原來(D)　考山路(VA)　那(Nep)　堆(Nf)　外國人(Na)　都(D)　不(D)　是(SHI)　去(D)　玩(VC)　的(T),[]
星宇公關原來歪樓點閱率比較高,星宇(Nb)　公關(Na)　原來(A)　歪樓(Nc)　點閱率(Na)　比較(Dfa)　高(VH),"[{'word': '星宇', 'ner': 'ORG'}]"
還不會被黑,還(D)　不會(D)　被(P)　黑(VH),[]
星宇果真話題王看下篇華航無人回覆,星宇(Na)　果真(D)　話題(Na)　王(Nb)　看(VC)　下(Nes)　篇(Nf)　華航(Nc)　無(VJ)　人(Na)　回覆(VD),"[{'word': '華航', 'ner': 'ORG'}]"
暑假來安排,暑假(Nd)　來(D)　安排(VE),[]
看完整篇推文了,看完整(VC)　篇(Nf)　推文(Na)　了(T),[]
某個方面來說上面的人不也是另外種優越嗎,某(Nes)　個(Nf)　方面(Na)　來(D)　說(VE)　上面(Ncd)　的(DE)　人(Na)　不(D)　也(D)　是(SHI)　另外(Da)　種(Nf)　優越(VH)　嗎(T),[]
星宇未來能不能跟漢莎或其他歐洲航空聯營啊,星宇(Nb)　未來(Nd)　能不能(D)　跟(P)　漢莎(Nb)　或(Caa)　其他(Neqa)　歐洲(Nc)　航空(Na)　聯營(VA)　啊(T),"[{'word': '星宇', 'ner': 'ORG'}, {'word': '漢莎', 'ner': 'ORG'}, {'word': '歐洲', 'ner': 'NORP'}]"
趟巴士歐對不起小弟眼界沒有觸及到歐美這是公道價嗎,趟(Nf)　巴士(Nb)　歐(Nc)　對不起(VJ)　小弟(Na)　眼界(Na)　沒有(D)　觸及(VC)　到(P)　歐美(Nc)　這(Nep)　是(SHI)　公道價(Na)　嗎(T),"[{'word': '歐', 'ner': 'LOC'}, {'word': '美', 'ner': 'LOC'}]"
樓上,樓上(Nc),[]
那沒差,那(Nep)　沒(D)　差(VH),[]
反正公司出,反正(D)　公司(Nc)　出(VC),[]
公司出就直接買到就好不會搭這麼久的車,公司(Nc)　出(VC)　就(D)　直接(VH)　買到(VC)　就(D)　好(VH)　不會(D)　搭(VC)　這麼(Dfa)　久(VH)　的(DE)　車(Na),[]
歐偏貴了但坐火車又不能直達機場算是買個方便吧,歐(Nc)　偏(D)　貴(VH)　了(Di)　但(Cbb)　坐(VA)　火車(Na)　又(D)　不能(D)　直達(VCL)　機場(Nc)　算是(VG)　買(VC)　個(Di)　方便(VH)　吧(T),[]
不過話說回來難得去歐洲會急著從公司到機場嗎,不過(Cbb)　話說回來(Dk)　難得(VH)　去(VCL)　歐洲(Nc)　會(D)　急(VH)　著(Di)　從(P)　公司(Nc)　到(VCL)　機場(Nc)　嗎(T),"[{'word': '歐洲', 'ner': 'LOC'}]"
樓上,樓上(Nc),[]
想回家的會吧,想(VE)　回家(VA)　的(DE)　會(Na)　吧(T),[]
學屁學,學(VC)　屁(Na)　學(VC),[]
某人的世界裡真的沒有商務客的存在,某人(Na)　的(DE)　世界(Nc)　裡(Ncd)　真的(D)　沒有(VJ)　商務客(Na)　的(DE)　存在(VA),[]
接駁車要美金,接駁車(Na)　要(VC)　美金(Na),[]
看起來差不多吧,看起來(D)　差不多(VH)　吧(T),[]
現在俄烏戰爭,現在(Nd)　俄(Nc)　烏(Nc)　戰爭(Na),"[{'word': '俄烏戰爭', 'ner': 'EVENT'}]"
你要繞多大圈,你(Nh)　要(D)　繞(VA)　多(Dfa)　大(VH)　圈(Na),[]
還是星宇有內線知道戰爭什麼時候會結束,還是(Caa)　星宇(Na)　有(V_2)　內線(Na)　知道(VK)　戰爭(Na)　什麼(Nep)　時候(Na)　會(D)　結束(VHC),[]
可撥日旅仔嘻嘻,可(D)　撥(VC)　日(Na)　旅仔(Na)　嘻嘻(D),[]
日旅仔真的是很可悲呀,日旅仔(Na)　真的(D)　是(SHI)　很(Dfa)　可悲(VH)　呀(T),[]
他們的世界就只有日本而已日本什麼都好棒棒,他們(Nh)　的(DE)　世界(Nc)　就(D)　只(Da)　有(V_2)　日本(Nc)　而已(T)　日本(Nc)　什麼(Nep)　都(D)　好(VH)　棒棒(VH),"[{'word': '日本', 'ner': 'GPE'}, {'word': '日本', 'ner': 'GPE'}]"
日本最好玩最好吃最棒最美,日本(Nc)　最(Dfa)　好玩(VH)　最(Dfa)　好吃(VH)　最(Dfa)　棒(VH)　最(Dfa)　美(VH),"[{'word': '日本', 'ner': 'GPE'}]"
屌打歐洲美洲東南亞南亞中東非洲紐澳根本就井蛙其實從來不曾離開過東亞沒見過亞洲以外的世界,屌打(VC)　歐洲(Nc)　美洲(Nc)　東南亞(Nc)　南亞(Nc)　中東(Nc)　非洲(Nc)　紐澳(Nc)　根本(D)　就(P)　井蛙(Na)　其實(D)　從來(D)　不(D)　曾(D)　離開(VC)　過(Di)　東亞(Nc)　沒(D)　見(VE)　過(Di)　亞洲(Nc)　以外(Ng)　的(DE)　世界(Nc),"[{'word': '歐洲', 'ner': 'LOC'}, {'word': '美洲', 'ner': 'LOC'}, {'word': '東南亞', 'ner': 'LOC'}, {'word': '南亞', 'ner': 'LOC'}, {'word': '中東非洲', 'ner': 'LOC'}, {'word': '紐澳', 'ner': 'GPE'}, {'word': '東亞', 'ner': 'LOC'}, {'word': '亞洲', 'ner': 'LOC'}]"
推文好歪,推文(Na)　好歪(Dfa),[]
星宇就是很有話題性,星宇(Nb)　就(D)　是(SHI)　很(Dfa)　有(V_2)　話題性(Na),"[{'word': '星宇', 'ner': 'ORG'}]"
好壞都是,好壞(Na)　都(D)　是(SHI),[]
星宇真的衝得很快希望公司要穩健發展,星宇(Nb)　真的(D)　衝(VA)　得(DE)　很(Dfa)　快(VH)　希望(VK)　公司(Nc)　要(D)　穩健(VH)　發展(VC),"[{'word': '星宇', 'ner': 'ORG'}]"
難得有美學的公司啊,難得(VH)　有(V_2)　美學(Na)　的(DE)　公司(Nc)　啊(T),[]
之前搭跨國長程過夜巴士度座椅後傾,之前(Nd)　搭(VC)　跨國(A)　長程(A)　過夜(VA)　巴士度(Na)　座椅(Na)　後傾(VH),[]
如果獨自旅行,如果(Cbb)　獨自(D)　旅行(VA),[]
又是四排座巴士,又(D)　是(SHI)　四(Neu)　排座(Nf)　巴士(Na),"[{'word': '四', 'ner': 'CARDINAL'}]"
跟陌生人睡很不好受,跟(P)　陌生人(Na)　睡(VA)　很(Dfa)　不(D)　好受(VH),[]
推文半都在審判別人日旅窮遊跟有什麼關係,推文(Na)　半(Neqa)　都(D)　在(P)　審判(VC)　別人(Nh)　日旅(Na)　窮遊(VA)　跟(P)　有(V_2)　什麼(Nep)　關係(Na),[]
哈哈,哈(D)　哈(D),[]
厲害吧,厲害(VH)　吧(T),[]
行銷最怕就是沒人討論有討論才會歪樓,行銷(Na)　最(Dfa)　怕(VK)　就是(Cbb)　沒(VJ)　人(Na)　討論(VE)　有(V_2)　討論(VE)　才(Da)　會(D)　歪樓(VA),[]
歐洲航線的需求大部分還是跟旅客高度綁定吧還是板友都是員工對於熊本鳳凰城德勒斯登的需求異於常人的高撇開整個繁體中文網路世界的芬蘭旅遊文章那麼少到底要怎麼夢到,歐洲(Nc)　航線(Na)　的(DE)　需求(Na)　大部分(Neqa)　還是(D)　跟(P)　旅客(Na)　高度(Na)　綁定(VC)　吧(T)　還是(Caa)　板友(Na)　都(D)　是(SHI)　員工(Na)　對於(P)　熊本(Nc)　鳳凰城(Nc)　德勒斯登(Nc)　的(DE)　需求(Na)　異於(VJ)　常人(Na)　的(DE)　高(VH)　撇開(VC)　整(Neqa)　個(Nf)　繁體(Na)　中文(Na)　網路(Na)　世界(Nc)　的(DE)　芬蘭(Nc)　旅遊(VA)　文章(Na)　那麼(D)　少(VH)　到底(D)　要(D)　怎麼(D)　夢到(VE),"[{'word': '歐洲', 'ner': 'LOC'}, {'word': '熊本鳳凰城德勒斯登', 'ner': 'GPE'}, {'word': '中文', 'ner': 'LANGUAGE'}, {'word': '芬蘭', 'ner': 'GPE'}]"
擺脫精品航空打臉我雖然虎航被臭到翻但大賺是事實,擺脫(VC)　精品(Na)　航空(Na)　打臉(VB)　我(Nh)　雖然(Cbb)　虎航(Nb)　被(P)　臭(VH)　到(P)　翻(VC)　但(Cbb)　大賺(VH)　是(SHI)　事實(Na),"[{'word': '虎航', 'ner': 'ORG'}]"
也明顯跟網路熱度高度正相關,也(D)　明顯(VH)　跟(P)　網路(Na)　熱度(Na)　高度(Na)　正(D)　相關(VH),[]
故意放消息蹭熱度吧,故意(VL)　放(VC)　消息(Na)　蹭(VC)　熱度(Na)　吧(T),[]
畢竟他們直用招搖撞騙,畢竟(D)　他們(Nh)　直(D)　用(P)　招搖撞騙(VA),[]
星宇的航線選定是從開放目標裡挑條件相對好的有大公司設廠本來就是很大的加分北歐這個話題不知道誰推出來的真的選北歐才是件怪事,星宇(Nb)　的(DE)　航線(Na)　選定(Nv)　是(SHI)　從(P)　開放(Nv)　目標(Na)　裡(Ng)　挑(VC)　條件(Na)　相對(VH)　好(VH)　的(DE)　有(V_2)　大(VH)　公司(Nc)　設廠(VA)　本來(D)　就(D)　是(SHI)　很(Dfa)　大(VH)　的(DE)　加分(VB)　北歐(Nc)　這(Nep)　個(Nf)　話題(Na)　不(D)　知道(VK)　誰(Nh)　推出來(VC)　的(DE)　真的(D)　選(VC)　北歐(Nc)　才(Da)　是(SHI)　件(Nf)　怪事(Na),"[{'word': '星宇', 'ner': 'ORG'}, {'word': '北歐', 'ner': 'LOC'}, {'word': '北歐', 'ner': 'LOC'}]"
不要繞的太扯都還是比較近因為其他航點也是要繞路而且方向是接近的就被政治因素搞不然直線距離比還近,不要(D)　繞(VA)　的(DE)　太(Dfa)　扯(VC)　都(D)　還是(D)　比較(Dfa)　近(VH)　因為(Cbb)　其他(Neqa)　航點(Na)　也(D)　是(SHI)　要(D)　繞路(VA)　而且(Cbb)　方向(Na)　是(SHI)　接近(VH)　的(DE)　就(D)　被(P)　政治(Na)　因素(Na)　搞不然(D)　直線(Na)　距離(Na)　比(P)　還(D)　近(VH),[]
近有什麼用,近(Da)　有(V_2)　什麼(Nep)　用(Na),[]
對岸沒限制北歐航線依然寥寥可數,對岸(Nc)　沒(D)　限制(VE)　北歐(Nc)　航線(Na)　依然(D)　寥寥(Neqa)　可(D)　數(VC),"[{'word': '北歐', 'ner': 'LOC'}]"
收到信華航增班加上提供德列斯登接駁,收到(VC)　信(VK)　華航(Nc)　增班(VJ)　加上(Cbb)　提供(VD)　德列斯登(Nc)　接駁(VC),"[{'word': '信華航', 'ner': 'ORG'}, {'word': '德列斯登', 'ner': 'PERSON'}]"
這兩家真的殺的刀刀見骨,這(Nep)　兩(Neu)　家(Nc)　真的(D)　殺(VC)　的(DE)　刀刀見骨(Neqa),"[{'word': '兩', 'ner': 'CARDINAL'}]"
怎麼沒人討論上有出現也可能下個點啊,怎麼(D)　沒(VJ)　人(Na)　討論(VE)　上(Ncd)　有(V_2)　出現(VH)　也(D)　可能(D)　下(Nes)　個(Nf)　點(Na)　啊(T),[]
因為有人飛了,因為(Cbb)　有(V_2)　人(Na)　飛(VA)　了(Di),[]
大家想要新的航點,大家(Nh)　想要(VE)　新(VH)　的(DE)　航點(Na),[]
因為長榮增班華航減班羅馬感覺很可能也飛米蘭星宇再飛米蘭要準備紅海了,因為(Cbb)　長榮(Nb)　增班(VJ)　華航(Nc)　減班(VJ)　羅馬(Nc)　感覺(Na)　很(Dfa)　可能(VH)　也(D)　飛(VA)　米蘭(Nc)　星宇(Nb)　再(D)　飛(VA)　米蘭(Nc)　要(D)　準備(VC)　紅海(Nc)　了(T),"[{'word': '長榮', 'ner': 'ORG'}, {'word': '華航', 'ner': 'ORG'}, {'word': '羅馬', 'ner': 'GPE'}, {'word': '米蘭', 'ner': 'GPE'}, {'word': '星宇', 'ner': 'ORG'}, {'word': '米蘭', 'ner': 'GPE'}, {'word': '紅海', 'ner': 'LOC'}]"
華航哪來的能耐飛啊,華航(Nc)　哪來(Ncd)　的(DE)　能耐(Na)　飛(VA)　啊(T),"[{'word': '華航', 'ner': 'ORG'}]"
洞都多到補不完了,洞(Na)　都(D)　多(VH)　到(P)　補(VC)　不(D)　完(VC)　了(Di),[]
上次減班是說跑道要維修,上(Nes)　次(Nf)　減班(Nc)　是(SHI)　說(VE)　跑道(Na)　要(D)　維修(VC),[]
可能暫時不能申請,可能(D)　暫時(D)　不能(D)　申請(VF),[]
已經飛,已經(D)　飛(VA),[]
就不會選網內互打,就(D)　不會(D)　選(VC)　網(Na)　內(Ncd)　互打(D),[]
側翼不能打主子,側翼(Na)　不能(D)　打(VC)　主子(Na),[]
實際上就是黑海進東歐再往波蘭繞上去飛韓國則是北極或穿中國二選不管哪種都還是繞很大,實際(VH)　上(Ng)　就(Cbb)　是(SHI)　黑海(Nc)　進(VCL)　東歐(Nc)　再(D)　往(P)　波蘭(Nc)　繞上去(VA)　飛(VA)　韓國(Nc)　則(D)　是(SHI)　北極(Nc)　或(Caa)　穿(VC)　中國(Nc)　二(Neu)　選(VC)　不管(Cbb)　哪(Nep)　種(Nf)　都(D)　還是(D)　繞(VA)　很(Dfa)　大(VH),"[{'word': '黑海', 'ner': 'LOC'}, {'word': '東歐', 'ner': 'LOC'}, {'word': '波蘭', 'ner': 'GPE'}, {'word': '韓國', 'ner': 'GPE'}, {'word': '北極', 'ner': 'LOC'}, {'word': '中國二', 'ner': 'GPE'}]"
怎麼看都是蘇黎世比較有客源,怎麼(D)　看(VC)　都(D)　是(SHI)　蘇黎世(Nc)　比較(Dfa)　有(V_2)　客源(Na),"[{'word': '蘇黎世', 'ner': 'GPE'}]"
北歐人少有辦法撐,北歐人(Na)　少有(VH)　辦法(Na)　撐(VC),"[{'word': '北歐人', 'ner': 'NORP'}]"
那是現在烏俄領空關了不然從黑海到跟布拉格差不多遠,那(Nep)　是(SHI)　現在(Nd)　烏俄(Nc)　領空(Nc)　關(VC)　了(Di)　不然(Cbb)　從(P)　黑海(Nc)　到(VCL)　跟(P)　布拉格(Nc)　差不多(D)　遠(VH),"[{'word': '烏', 'ner': 'GPE'}, {'word': '俄', 'ner': 'GPE'}, {'word': '黑海', 'ner': 'LOC'}, {'word': '布拉格', 'ner': 'GPE'}]"
北歐航點跟手排車樣,北歐(Nc)　航點(Na)　跟(Caa)　手排車(A)　樣(Na),[]
真的吹出來下場都很慘,真的(D)　吹出來(VCL)　下場(Na)　都(D)　很(Dfa)　慘(VH),[]
北歐跟瑞士都不錯更想要米蘭,北歐(Nc)　跟(Caa)　瑞士(Nc)　都(D)　不錯(VH)　更(D)　想要(VE)　米蘭(Nc),"[{'word': '北歐', 'ner': 'LOC'}, {'word': '瑞士', 'ner': 'GPE'}, {'word': '米蘭', 'ner': 'ORG'}]"
最好有威尼斯旅行團多個開口選擇,最好(D)　有(V_2)　威尼斯(Nc)　旅行團(Na)　多(Neqa)　個(Nf)　開口(VA)　選擇(Na),"[{'word': '威尼斯', 'ner': 'NORP'}]"
提就是因為人家對亞洲市場比較積極啊不難懂吧日本人相對我們對芬蘭有比較大的情懷因為幾年前有部很紅的電影叫海鷗食堂,提(VE)　就(D)　是(SHI)　因為(Cbb)　人家(Nh)　對(P)　亞洲(Nc)　市場(Nc)　比較(Dfa)　積極(VH)　啊(T)　不(D)　難懂(VH)　吧(T)　日本人(Na)　相對(VH)　我們(Nh)　對(P)　芬蘭(Nc)　有(V_2)　比較(Dfa)　大(VH)　的(DE)　情懷(Na)　因為(Cbb)　幾(Neu)　年(Nf)　前(Ng)　有(V_2)　部(Nf)　很(Dfa)　紅(VH)　的(DE)　電影(Na)　叫(VG)　海鷗(Na)　食堂(Nc),"[{'word': '亞洲', 'ner': 'LOC'}, {'word': '日本人', 'ner': 'NORP'}, {'word': '芬蘭', 'ner': 'GPE'}, {'word': '幾年前', 'ner': 'DATE'}, {'word': '海鷗食堂', 'ner': 'FAC'}]"
簡單說,簡單說(VE),[]
烏俄戰爭沒停就不會是,烏俄(Nc)　戰爭(Na)　沒(D)　停(VHC)　就(D)　不會(D)　是(SHI),"[{'word': '烏俄戰爭', 'ner': 'EVENT'}]"
不用理那什麼直線距離,不用(D)　理(VJ)　那(Nep)　什麼(Nep)　直線(Na)　距離(Na),[]
嚕嚕米是從北歐來的啊,嚕嚕米(Nb)　是(SHI)　從(P)　北歐(Nc)　來(VA)　的(T)　啊(T),"[{'word': '嚕嚕米', 'ner': 'PRODUCT'}, {'word': '北歐', 'ner': 'LOC'}]"
大陸航司飛歐洲,大陸(Nc)　航司(Na)　飛(VA)　歐洲(Nc),"[{'word': '大陸航司', 'ner': 'ORG'}, {'word': '歐洲', 'ner': 'LOC'}]"
有飛俄羅斯領空,有(V_2)　飛(VA)　俄羅斯(Nc)　領空(Nc),"[{'word': '俄羅斯', 'ner': 'GPE'}]"
飛日韓有需要至少會用中國領空台灣繞最遠開看飛日韓是北極中國二選香港只剩中國條路桃園的條件和香港幾乎模樣,飛(VA)　日韓(Nc)　有(V_2)　需要(Na)　至少(Da)　會(D)　用(P)　中國(Nc)　領空(Nc)　台灣(Nc)　繞(VA)　最(Dfa)　遠(VH)　開(VC)　看(VC)　飛(VA)　日韓(Nc)　是(SHI)　北極(Nc)　中國(Nc)　二(Neu)　選(VC)　香港(Nc)　只(Da)　剩(VJ)　中國(Nc)　條(Na)　路(Na)　桃園(Nc)　的(DE)　條件(Na)　和(Caa)　香港(Nc)　幾乎(Da)　模樣(Na),"[{'word': '日韓', 'ner': 'GPE'}, {'word': '中國', 'ner': 'GPE'}, {'word': '台灣', 'ner': 'GPE'}, {'word': '日韓', 'ner': 'GPE'}, {'word': '北極', 'ner': 'LOC'}, {'word': '中國', 'ner': 'GPE'}, {'word': '二', 'ner': 'CARDINAL'}, {'word': '香港', 'ner': 'GPE'}, {'word': '中國', 'ner': 'GPE'}, {'word': '桃園', 'ner': 'GPE'}, {'word': '香港', 'ner': 'GPE'}]"
好讀圖文版,好讀(VH)　圖文版(Na),[]
預計飛行時間為小時,預計(VE)　飛行(Nv)　時間(Na)　為(VG)　小時(Na),"[{'word': '小時', 'ner': 'TIME'}]"
公車站也很常見,公車站(Nc)　也(D)　很(Dfa)　常見(VH),[]
所打造的黑色機坪接駁車就是美啊,所(D)　打造(VC)　的(DE)　黑色(Na)　機坪(Nc)　接駁車(Na)　就(D)　是(SHI)　美(VH)　啊(T),[]
真的很喜歡星宇勤務車,真的(D)　很(Dfa)　喜歡(VK)　星宇(Nb)　勤務車(Na),[]
的配色,的(DE)　配色(Nv),[]
與勞斯萊斯引擎,與(P)　勞斯萊斯(Nb)　引擎(Na),"[{'word': '勞斯萊斯', 'ner': 'PRODUCT'}]"
的是年月離廠的,的(DE)　是(SHI)　年(Na)　月(Na)　離(VA)　廠(Nc)　的(DE),"[{'word': '年月', 'ner': 'DATE'}]"
機型配置有個商務艙與,機型(Na)　配置(VJ)　有(V_2)　個(Nf)　商務艙(Na)　與(Caa),[]
個經濟艙,個(Nf)　經濟艙(Na),[]
兩艙等共個位子座位表請點我,兩(Neu)　艙等(Na)　共(Da)　個(Nf)　位子(Na)　座位表(Na)　請(VF)　點(VC)　我(Nh),"[{'word': '兩', 'ner': 'CARDINAL'}]"
這也是星宇機隊裡共架,這(Nep)　也(D)　是(SHI)　星宇(Nc)　機隊(Na)　裡(Ng)　共(VC)　架(VC),"[{'word': '星宇機隊', 'ner': 'ORG'}]"
中最新的架,中(Ncd)　最(Dfa)　新(VH)　的(DE)　架(Na),[]
商務艙座位是採取排列配置,商務艙(Na)　座位(Na)　是(SHI)　採取(VC)　排列(VC)　配置(VC),[]
經濟艙則為,經濟艙(Na)　則(D)　為(VG),[]
我自己,我(Nh)　自己(Nh),[]
是很喜歡這種的排列,是(SHI)　很(Dfa)　喜歡(VK)　這(Nep)　種(Nf)　的(DE)　排列(Nv),[]
畢竟不管是坐窗邊還是中間,畢竟(D)　不管(Cbb)　是(SHI)　坐(VA)　窗(Na)　邊(Ncd)　還是(Caa)　中間(Ncd),[]
都只要跨過個人就可,都(D)　只要(Cbb)　跨過(VCL)　個人(Nh)　就(D)　可(D),[]
以到走道,以(Cbb)　到(VCL)　走道(Na),[]
多麼舒服,多麼(Dfa)　舒服(VH),[]
的對手只有日航國際線還維持著的友善排,的(DE)　對手(Na)　只有(Da)　日航(Nb)　國際線(Na)　還(D)　維持(VJ)　著(Di)　的(DE)　友善(VH)　排(VC),"[{'word': '日航', 'ner': 'ORG'}]"
其他航空都是塞好塞滿的了,其他(Neqa)　航空(Na)　都(D)　是(SHI)　塞好(VC)　塞滿(VC)　的(T)　了(T),[]
系列,系列(Na),[]
觸控面板,觸控(VC)　面板(Na),[]
星宇的機上娛樂系統使用起來依舊迅速靈敏,星宇(Nb)　的(DE)　機(Na)　上(Ncd)　娛樂(Na)　系統(Na)　使用(D)　起來(Di)　依舊(D)　迅速(VH)　靈敏(VH),"[{'word': '星宇', 'ner': 'ORG'}]"
非常滑順,非常(Dfa)　滑順(VH),[]
還給到了,還給到(VD)　了(Di),[]
可以拿來充筆電了,可以(D)　拿來(VC)　充(VJ)　筆電(Na)　了(T),[]
虎航飛秋田的與長榮飛宿霧的,虎航(Nb)　飛(VA)　秋田(Nc)　的(DE)　與(Caa)　長榮(Nb)　飛(VA)　宿霧(Nc)　的(DE),"[{'word': '虎航', 'ner': 'ORG'}, {'word': '秋田', 'ner': 'GPE'}, {'word': '長榮', 'ner': 'ORG'}]"
端起飛,端(VC)　起(VA)　飛(VA),[]
的蘋果汁,的(DE)　蘋果汁(Na),[]
扣掉梅子味太淡淡淡淡淡淡的情況下,扣掉(VC)　梅子味(Na)　太(Dfa)　淡淡(VH)　淡淡(VH)　淡淡(VH)　的(DE)　情況(Na)　下(Ng),[]
整體還是很好吃的,整體(Na)　還是(D)　很(Dfa)　好吃(VH)　的(DE),[]
登機門,登機門(VA),[]
旁邊是澳門航空準備值飛班號飛往台北的濠光號,旁邊(Ncd)　是(SHI)　澳門(Nc)　航空(Na)　準備(VF)　值飛(VC)　班號(Na)　飛往(VCL)　台北(Nc)　的(DE)　濠光號(Nb),"[{'word': '澳門航空', 'ner': 'ORG'}, {'word': '台北', 'ner': 'GPE'}]"
型客機,型(Na)　客機(Na),[]
目前星宇有架了唷,目前(Nd)　星宇(Nb)　有(V_2)　架(VC)　了(Di)　唷(I),"[{'word': '星宇', 'ner': 'ORG'}]"
讚讚,讚讚(VE),[]
要強調是,要(D)　強調(VE)　是(SHI),[]
澳門降落超刺激,澳門(Nc)　降落(VA)　超(Dfa)　刺激(Na),"[{'word': '澳門', 'ner': 'GPE'}]"
大迴轉降落,大(VH)　迴轉(VAC)　降落(VA),[]
感謝大,感謝(VK)　大(VH),[]
已改,已(D)　改(VC),[]
新聞來源日期,新聞(Na)　來源(Na)　日期(Na),[]
中央通訊社,中央(Nc)　通訊社(Nc),"[{'word': '中央通訊社', 'ner': 'ORG'}]"
新聞標題,新聞(Na)　標題(Na),[]
星宇航空全台首架新加坡航展亮相,星宇(Nb)　航空(Na)　全(Neqa)　台(Nc)　首(Nes)　架(Nf)　新加坡(Nc)　航展(Na)　亮相(VA),"[{'word': '星宇航空', 'ner': 'ORG'}, {'word': '台', 'ner': 'GPE'}, {'word': '新加坡航展', 'ner': 'EVENT'}]"
內文,內文(Na),[]
亞洲規模最大的新加坡航展今天揭幕,亞洲(Nc)　規模(Na)　最(Dfa)　大(VH)　的(DE)　新加坡(Nc)　航展(Na)　今天(Nd)　揭幕(VH),"[{'word': '亞洲', 'ner': 'LOC'}, {'word': '新加坡航展', 'ner': 'EVENT'}, {'word': '今天', 'ner': 'DATE'}]"
星宇航空今年再度應空中巴士邀請,星宇(Nb)　航空(Na)　今年(Nd)　再度(D)　應(P)　空中(Nc)　巴士(Na)　邀請(VC),"[{'word': '星宇航空', 'ner': 'ORG'}, {'word': '今年', 'ner': 'DATE'}, {'word': '空中巴士', 'ner': 'PRODUCT'}]"
將全,將(P)　全(Neqa),[]
新廣體客機移師航展現場展示,新(VH)　廣體(VH)　客機(Na)　移師(VCL)　航展(Na)　現場(Nc)　展示(VC),[]
在正式投入商業營運前,在(P)　正式(VH)　投入(VC)　商業(Na)　營運(VA)　前(Ng),[]
率先於國際航太產業的重,率先(D)　於(P)　國際(Nc)　航太(A)　產業(Na)　的(DE)　重(VJ),[]
要舞台亮相,要(D)　舞台(Na)　亮相(VA),[]
星宇航空執行長翟健華透過新聞稿表示,星宇(Nb)　航空(Na)　執行長(Na)　翟健華(Nb)　透過(P)　新聞稿(Na)　表示(VE),"[{'word': '星宇航空', 'ner': 'ORG'}, {'word': '翟健華', 'ner': 'PERSON'}]"
星宇航空連續兩屆以實機形式參與新加坡航展,星宇(Nb)　航空(Na)　連續(D)　兩(Neu)　屆(Nf)　以(P)　實機(Na)　形式(Na)　參與(VC)　新加坡(Nc)　航展(Na),"[{'word': '星宇航空', 'ner': 'ORG'}, {'word': '兩', 'ner': 'CARDINAL'}, {'word': '新加坡航展', 'ner': 'EVENT'}]"
年以全台首架參展,年(Nf)　以(P)　全(Neqa)　台(Nc)　首(Nes)　架(Nf)　參展(VA),"[{'word': '台', 'ner': 'GPE'}]"
展現的不只是單機型,展現(VC)　的(DE)　不只(Da)　是(SHI)　單機型(Na),[]
而是星宇航空完成長程與區域航線所,而是(Cbb)　星宇(Nb)　航空(Na)　完成(VC)　長程(A)　與(Caa)　區域(Nc)　航線(Na)　所(D),"[{'word': '星宇航空', 'ner': 'ORG'}]"
需的完整機隊布局,需(VK)　的(DE)　完整(VH)　機隊(Na)　布局(VA),[]
星宇航空也是今年唯參與新加坡航展的台灣航空公司,星宇(Nb)　航空(Na)　也(D)　是(SHI)　今年(Nd)　唯(Da)　參與(VC)　新加坡(Nc)　航展(Na)　的(DE)　台灣(Nc)　航空(Na)　公司(Nc),"[{'word': '星宇航空', 'ner': 'ORG'}, {'word': '今年', 'ner': 'DATE'}, {'word': '新加坡航展', 'ner': 'EVENT'}, {'word': '台灣航空公司', 'ner': 'ORG'}]"
希望透過航展,希望(VK)　透過(P)　航展(Na),[]
這個國際平台,這(Nep)　個(Nf)　國際(Nc)　平台(Na),[]
吸引更多關注台灣航空產業的發展,吸引(VJ)　更多(Neqa)　關注(VJ)　台灣(Nc)　航空(Na)　產業(Na)　的(DE)　發展(VC),"[{'word': '台灣', 'ner': 'GPE'}]"
星宇航空表示,星宇(Nb)　航空(Na)　表示(VE),"[{'word': '星宇航空', 'ner': 'ORG'}]"
全新是目前機隊中最大型的廣體客機,全新(VH)　是(SHI)　目前(Nd)　機隊(Na)　中(Ng)　最(Dfa)　大型(A)　的(DE)　廣體(VH)　客機(Na),[]
也是品牌長程航線布局的重,也(D)　是(SHI)　品牌(Na)　長程(A)　航線(Na)　布局(VA)　的(DE)　重(VH),[]
要旗艦機型,要(D)　旗艦(Na)　機型(Na),[]
內裝採艙等配置,內裝(Na)　採(VC)　艙等(Na)　配置(VC),[]
包含席頭等艙席商務艙席豪華經濟艙席經濟,包含(VJ)　席(Na)　頭等艙席(Na)　商務艙席(Na)　豪華(VH)　經濟艙席(Na)　經濟(VH),[]
共個座位,共(Da)　個(Nf)　座位(Na),[]
直飛航程可達萬公里,直飛(Nv)　航程(Na)　可(D)　達(VJ)　萬(Neu)　公里(Nf),"[{'word': '萬公里', 'ner': 'QUANTITY'}]"
將成為拓展北美及歐洲航網的重要助力,將(D)　成為(VG)　拓展(VC)　北美(Nc)　及(Caa)　歐洲(Nc)　航網(Na)　的(DE)　重要(VH)　助力(Na),"[{'word': '北美', 'ner': 'LOC'}, {'word': '歐洲', 'ner': 'LOC'}]"
星宇航空表示,星宇(Nb)　航空(Na)　表示(VE),"[{'word': '星宇航空', 'ner': 'ORG'}]"
自年首架抵台首航,自(P)　年(Na)　首(Nes)　架(Nf)　抵(VCL)　台(Nc)　首(D)　航(VA),"[{'word': '台', 'ner': 'GPE'}]"
隨後陸續加入機隊,隨後(Nd)　陸續(D)　加入(VC)　機隊(Na),[]
全台首架於今年月初完成交機後,全(Neqa)　台(Nc)　首(Nes)　架(Nf)　於(P)　今年(Nd)　月初(Nd)　完成(VC)　交機(VD)　後(Ng),"[{'word': '台', 'ner': 'GPE'}, {'word': '首', 'ner': 'ORDINAL'}, {'word': '今年月初', 'ner': 'DATE'}]"
將於月日迎來商業首航,將(D)　於(P)　月(Nd)　日(Nd)　迎來(VC)　商業(Na)　首(Na)　航(VA),"[{'word': '月日', 'ner': 'DATE'}]"
原文連結,原文(Na)　連結(VC),[]
月底東京成田飛往桃園預計搭這個機型耶,月底(Nd)　東京(Nc)　成田(Nc)　飛往(VCL)　桃園(Nc)　預計(VE)　搭(VC)　這(Nep)　個(Nf)　機型(Na)　耶(T),"[{'word': '月底', 'ner': 'DATE'}, {'word': '東京', 'ner': 'GPE'}, {'word': '成田', 'ner': 'GPE'}, {'word': '桃園', 'ner': 'GPE'}]"
而且是第次買跟經濟艙差不多價錢的豪經艙,而且(Cbb)　是(SHI)　第(Neu)　次(Nes)　買(VC)　跟(P)　經濟艙(Na)　差不多(VH)　價錢(Na)　的(DE)　豪經艙(Na),"[{'word': '第次', 'ner': 'ORDINAL'}]"
好期待啊,好(Dfa)　期待(VK)　啊(T),[]
美呆了,美呆(VH)　了(T),[]
週末剛好要去現場看看,週末(Nd)　剛好(Da)　要(D)　去(VCL)　現場(Nc)　看看(VC),"[{'word': '週末', 'ner': 'DATE'}]"
星宇果然是台灣之光,星宇(Na)　果然(D)　是(SHI)　台灣(Nc)　之(DE)　光(Na),"[{'word': '台灣', 'ner': 'NORP'}]"
萬飛成田買好了,萬飛(Nb)　成田(Nc)　買好(VC)　了(Di),"[{'word': '萬飛', 'ner': 'PERSON'}, {'word': '成田', 'ner': 'GPE'}]"
星宇的塗裝審美沒話說,星宇(Nb)　的(DE)　塗裝(VC)　審美(A)　沒(VJ)　話(Na)　說(VE),"[{'word': '星宇', 'ner': 'ORG'}]"
我也很期待空山基聯名那兩台,我(Nh)　也(D)　很(Dfa)　期待(VK)　空山基(Nb)　聯名(D)　那(Nep)　兩(Neu)　台(Nf),"[{'word': '兩', 'ner': 'CARDINAL'}]"
剛剛看到旅行業人員分享的,剛剛(D)　看到(VE)　旅行業(Na)　人員(Na)　分享(VJ)　的(DE),[]
每週二五日飛,每(Nes)　週(Nd)　二(Nd)　五(Nd)　日(Nf)　飛(VA),"[{'word': '每週二五日', 'ner': 'DATE'}]"
預計開賣,預計(VE)　開賣(VD),[]
推啊可惜我月就從桃園飛了,推(VC)　啊(T)　可惜(VH)　我(Nh)　月(Na)　就(D)　從(P)　桃園(Nc)　飛(VA)　了(Di),"[{'word': '我月', 'ner': 'DATE'}, {'word': '桃園', 'ner': 'GPE'}]"
韓國的高雄發展還不如我們港都,韓國(Nc)　的(DE)　高雄(Nc)　發展(VC)　還不如(VJ)　我們(Nh)　港都(Nc),"[{'word': '韓國', 'ner': 'GPE'}, {'word': '高雄', 'ner': 'GPE'}, {'word': '港', 'ner': 'GPE'}]"
以現在的需求台中高雄開到應該都還是很輕鬆,以(P)　現在(Nd)　的(DE)　需求(Na)　台中(Nc)　高雄(Nc)　開到(VC)　應該(D)　都(D)　還是(D)　很(Dfa)　輕鬆(VH),"[{'word': '台中', 'ner': 'GPE'}, {'word': '高雄', 'ner': 'GPE'}]"
帥哦,帥(VH)　哦(T),[]
月還好,月(Na)　還好(D),[]
韓國航空業旺季是春節和中秋節尤其中秋節是金浦濟州島的運量高峰期因為韓國習俗是中秋節返鄉掃墓,韓國(Nc)　航空業(Na)　旺季(Nd)　是(SHI)　春節(Nd)　和(Caa)　中秋節(Nd)　尤其(D)　中秋節(Nd)　是(SHI)　金浦(Nc)　濟州島(Nc)　的(DE)　運量(Na)　高峰期(Na)　因為(Cbb)　韓國(Nc)　習俗(Na)　是(SHI)　中秋節(Nd)　返鄉(VA)　掃墓(VA),"[{'word': '韓國', 'ner': 'GPE'}, {'word': '春節', 'ner': 'DATE'}, {'word': '中秋節', 'ner': 'DATE'}, {'word': '中秋節', 'ner': 'DATE'}, {'word': '金浦濟州島', 'ner': 'LOC'}, {'word': '韓國', 'ner': 'GPE'}, {'word': '中秋節', 'ner': 'DATE'}]"
台灣飛韓國沒那麼複雜啦寒暑假都是大旺季尤其暑假釜山也是很適合家族旅遊而且費用會比首爾更便宜,台灣(Nc)　飛(VA)　韓國(Nc)　沒(D)　那麼(D)　複雜(VH)　啦(T)　寒暑假(Nd)　都(D)　是(SHI)　大(VH)　旺季(Nd)　尤其(D)　暑假(Nd)　釜山(Nc)　也(D)　是(SHI)　很(Dfa)　適合(VH)　家族(Na)　旅遊(VA)　而且(Cbb)　費用(Na)　會(D)　比(P)　首爾(Nc)　更(Dfa)　便宜(VH),"[{'word': '台灣', 'ner': 'GPE'}, {'word': '韓國', 'ner': 'GPE'}, {'word': '釜山', 'ner': 'GPE'}, {'word': '首爾', 'ner': 'GPE'}]"
從台中飛有想法欸對桃園的釜山客群侵蝕牆角又能獨佔中投彰雲的市場,從(P)　台中(Nc)　飛(VA)　有(V_2)　想法(Na)　欸(I)　對(P)　桃園(Nc)　的(DE)　釜山(Nc)　客群(Na)　侵蝕(VC)　牆角(Nc)　又(D)　能(D)　獨佔(VC)　中投(Nc)　彰雲(Nc)　的(DE)　市場(Nc),"[{'word': '台中', 'ner': 'GPE'}, {'word': '桃園', 'ner': 'GPE'}, {'word': '釜山', 'ner': 'GPE'}]"
華信明年要放飛機要來搶台中市場,華信(Nb)　明年(Nd)　要(D)　放(VC)　飛機(Na)　要(D)　來(D)　搶(VD)　台中(Nc)　市場(Nc),"[{'word': '華信', 'ner': 'ORG'}, {'word': '明年', 'ner': 'DATE'}, {'word': '台中', 'ner': 'GPE'}]"
所以星宇要把台中可以佔的快佔滿開滿可以理解,所以(Cbb)　星宇(Nb)　要(D)　把(P)　台中(Nc)　可以(D)　佔(VJ)　的(DE)　快(VH)　佔滿(VC)　開滿(VH)　可以(D)　理解(VK),"[{'word': '星宇', 'ner': 'ORG'}, {'word': '台中', 'ner': 'GPE'}]"
到底消息來源是什麼,到底(VH)　消息(Na)　來源(Na)　是(SHI)　什麼(Nep),[]
釜山第天直衝海鮮市場真心不騙,釜山(Nc)　第(Neu)　天(Nf)　直(D)　衝(VA)　海鮮(Na)　市場(Nc)　真心(VH)　不(D)　騙(VC),"[{'word': '釜山', 'ner': 'GPE'}, {'word': '第天', 'ner': 'DATE'}]"
不知道有沒有人玩首爾釜山不同點進出的,不(D)　知道(VK)　有(V_2)　沒(D)　有(V_2)　人(Na)　玩(VC)　首爾(Nc)　釜山(Nc)　不同點(VH)　進出(VCL)　的(DE),"[{'word': '首爾釜山', 'ner': 'GPE'}]"
消息來源會長脆自己就公布了,消息(Na)　來源(Na)　會長(Na)　脆(VH)　自己(Nh)　就(D)　公布(VE)　了(Di),[]
星宇跟旅行社的開航會議,星宇(Nb)　跟(Caa)　旅行社(Nc)　的(DE)　開航(VA)　會議(Na),"[{'word': '星宇', 'ner': 'ORG'}]"
才有這張流出吧,才(Da)　有(V_2)　這(Nep)　張(Nf)　流出(VCL)　吧(T),[]
點半是晨光,點(Neqa)　半(Neqa)　是(SHI)　晨光(Na),"[{'word': '點半', 'ner': 'TIME'}]"
都快中午了好嗎,都(D)　快(D)　中午(Nd)　了(T)　好(VH)　嗎(T),"[{'word': '中午', 'ner': 'TIME'}]"
這也太粗工怎麼看也像搞出來的,這(Nep)　也(D)　太(Dfa)　粗工(Na)　怎麼(D)　看(VC)　也(D)　像(VG)　搞出來(VC)　的(DE),[]
雖然離題但想問樓直衝札嘎其還是機張,雖然(Cbb)　離題(VH)　但(Cbb)　想(VE)　問(VE)　樓(Nc)　直(D)　衝(VA)　札嘎其(Nb)　還是(D)　機張(VH),"[{'word': '札嘎其', 'ner': 'GPE'}]"
出發不是晨光啟程嗎,出發(VA)　不(D)　是(SHI)　晨光(Na)　啟程(VA)　嗎(T),[]
有問題,有(V_2)　問題(Na),[]
晨光最前面的兩個字不是落地嗎,晨光(Na)　最前面(Dfa)　的(DE)　兩(Neu)　個(Nf)　字(Na)　不(D)　是(SHI)　落地(VA)　嗎(T),"[{'word': '兩', 'ner': 'CARDINAL'}]"
怎麼啟程不過應該是旅行社的文案問題吧,怎麼(D)　啟程(VA)　不過(Cbb)　應該(D)　是(SHI)　旅行社(Nc)　的(DE)　文案(Na)　問題(Na)　吧(T),[]
落地正好迎上海岸的晨光到底是啟程還是落地,落地(VA)　正好(Da)　迎上(VCL)　海岸(Nc)　的(DE)　晨光(Na)　到底(D)　是(SHI)　啟程(VA)　還是(Caa)　落地(VA),"[{'word': '海岸', 'ner': 'LOC'}]"
上下兩個文案選個啊不過釜山機場算是在市區裡離海岸有段距離的說,上下(Ncd)　兩(Neu)　個(Nf)　文案(Na)　選(VC)　個(Nf)　啊(T)　不過(Cbb)　釜山(Nc)　機場(Nc)　算是(VG)　在(P)　市區(Nc)　裡(Ncd)　離(P)　海岸(Nc)　有(V_2)　段(Nf)　距離(Na)　的(DE)　說(VE),"[{'word': '兩', 'ner': 'CARDINAL'}, {'word': '釜山機場', 'ner': 'FAC'}]"
文案是真的有點牛頭不對馬嘴兩點降落離傍晚也還很遠,文案(Na)　是(SHI)　真的(D)　有點(Dfa)　牛頭不對馬(VH)　嘴(Na)　兩(Neu)　點(Nf)　降落(VA)　離(P)　傍晚(Nd)　也(D)　還(D)　很(Dfa)　遠(VH),"[{'word': '兩', 'ner': 'CARDINAL'}, {'word': '傍晚', 'ner': 'TIME'}]"
回程倒是沒啥問題啦的確對台灣而言傍晚前就能到家,回程(Na)　倒是(D)　沒(VJ)　啥(Nep)　問題(Na)　啦(T)　的確(D)　對(P)　台灣(Nc)　而言(Ng)　傍晚(Nd)　前(Ng)　就(D)　能(D)　到(VCL)　家(Nc),"[{'word': '台灣', 'ner': 'GPE'}, {'word': '傍晚前', 'ner': 'TIME'}]"
三個小時不管台北或屏東都到了,三(Neu)　個(Nf)　小時(Na)　不管(Cbb)　台北(Nc)　或(Caa)　屏東(Nc)　都(D)　到(VCL)　了(Di),"[{'word': '三個小時', 'ner': 'TIME'}, {'word': '台北', 'ner': 'GPE'}, {'word': '屏東', 'ner': 'GPE'}]"
兩點降落三點左右出關點前到家的確算是傍晚前這樣更符合傍晚前到家啊,兩(Nd)　點(Nf)　降落(VA)　三點(Nd)　左右(Ng)　出關點(VCL)　前(Ng)　到(VCL)　家(Nc)　的確(D)　算是(VG)　傍晚(Nd)　前(Ng)　這樣(VH)　更(D)　符合(VJ)　傍晚(Nd)　前(Ng)　到(VCL)　家(Nc)　啊(T),"[{'word': '兩點', 'ner': 'TIME'}, {'word': '三點', 'ner': 'TIME'}, {'word': '傍晚前', 'ner': 'TIME'}, {'word': '傍晚前', 'ner': 'TIME'}]"
六月停飛,六月(Nd)　停飛(VA),"[{'word': '六月', 'ner': 'DATE'}]"
改飛,改飛(VC),[]
兩個都是二五日早上飛,兩(Neu)　個(Nf)　都(D)　是(SHI)　二五日(Nd)　早上(Nd)　飛(VA),"[{'word': '兩', 'ner': 'CARDINAL'}, {'word': '二五日早上', 'ner': 'TIME'}]"
宵禁很長的機場比較適合不然光是放過夜都飽了窄體機隊又不是很大台中高雄都要放選擇當然很有限,宵禁(Na)　很(Dfa)　長(VH)　的(DE)　機場(Nc)　比較(Dfa)　適合(VH)　不然(Cbb)　光(Da)　是(SHI)　放(VC)　過(VA)　夜(Nd)　都(D)　飽(VH)　了(Di)　窄體(VH)　機隊(Na)　又(D)　不(D)　是(SHI)　很(Dfa)　大(VH)　台中(Nc)　高雄(Nc)　都(D)　要(D)　放(VC)　選擇(Na)　當然(D)　很(Dfa)　有限(VH),"[{'word': '台中', 'ner': 'GPE'}, {'word': '高雄', 'ner': 'GPE'}]"
不然就想辦法去飛東南亞過夜班,不然(Cbb)　就(D)　想(VE)　辦法(Na)　去(D)　飛(VA)　東南亞(Nc)　過夜班(VA),"[{'word': '東南亞', 'ner': 'LOC'}]"
落地都中午了還晨光,落地(VA)　都(D)　中午(Nd)　了(Di)　還(D)　晨光(Na),"[{'word': '中午', 'ner': 'TIME'}]"
聽說還有間廉航要開,聽說(VE)　還(D)　有(V_2)　間(Nf)　廉航(Nc)　要(D)　開(VC),[]
韓國的算了吧堆還有誰敢坐,韓國(Nc)　的(DE)　算了(VH)　吧(T)　堆(Nf)　還(D)　有(V_2)　誰(Nh)　敢(VL)　坐(VA),"[{'word': '韓國', 'ner': 'GPE'}]"
便宜就有人敢坐,便宜(VH)　就(D)　有(V_2)　人(Na)　敢(VL)　坐(VA),[]
還好吧我都搭過從大陸飛夏威夷了,還好(VH)　吧(T)　我(Nh)　都(D)　搭(VC)　過(Di)　從(P)　大陸(Nc)　飛(VA)　夏威夷(Nc)　了(T),"[{'word': '大陸', 'ner': 'GPE'}, {'word': '夏威夷', 'ner': 'GPE'}]"
台中市場那麼靠旅行團,台中(Nc)　市場(Nc)　那麼(D)　靠(P)　旅行團(Na),[]
有便宜的廉航當然好,有(V_2)　便宜(VH)　的(DE)　廉航(Nc)　當然(D)　好(VH),[]
結果在爭晨光,結果(Dk)　在(P)　爭(VC)　晨光(Na),[]
華信以前對台中很沒誠意,華信(Nb)　以前(Nd)　對(P)　台中(Nc)　很(Dfa)　沒(VJ)　誠意(Na),"[{'word': '華信', 'ner': 'ORG'}, {'word': '台中', 'ner': 'GPE'}]"
用舊飛機,用(P)　舊(VH)　飛機(Na),[]
不認為能搶走多少星宇的客源,不(D)　認為(VE)　能(D)　搶走(VC)　多少(Neqa)　星宇(Na)　的(DE)　客源(Na),[]
沒有首爾喔,沒有(VJ)　首爾(Nc)　喔(T),"[{'word': '首爾', 'ner': 'GPE'}]"
釜山距離比首爾近票價又高,釜山(Nc)　距離(Na)　比(P)　首爾(Nc)　近(Nes)　票價(Na)　又(D)　高(VH),"[{'word': '釜山', 'ner': 'GPE'}, {'word': '首爾', 'ner': 'GPE'}]"
不是很好嗎,不(D)　是(SHI)　很(Dfa)　好(VH)　嗎(T),[]
首爾與仁川現在都是控管的吧沒被指定飛務安就不錯了,首爾(Nc)　與(Caa)　仁川(Nc)　現在(Nd)　都(D)　是(SHI)　控管(VC)　的(DE)　吧(T)　沒(D)　被(P)　指定(VE)　飛務(Na)　安(VH)　就(D)　不錯(VH)　了(T),"[{'word': '首爾', 'ner': 'GPE'}, {'word': '仁川', 'ner': 'GPE'}]"
釜山有什麼好玩的,釜山(Nc)　有(V_2)　什麼(Nep)　好玩(VH)　的(DE),"[{'word': '釜山', 'ner': 'GPE'}]"
能從大陸飛夏威夷,能(D)　從(P)　大陸(Nc)　飛(VA)　夏威夷(Nc),"[{'word': '大陸', 'ner': 'GPE'}, {'word': '夏威夷', 'ner': 'GPE'}]"
有中停嗎,有(V_2)　中停(Nc)　嗎(T),[]
位子超舒服的,位子(Na)　超(Dfa)　舒服(VH)　的(DE),[]
釜山海雲台,釜山(Nc)　海雲台(Nc),"[{'word': '釜山', 'ner': 'GPE'}, {'word': '海雲台', 'ner': 'FAC'}]"
釜山推,釜山(Nc)　推(VC),"[{'word': '釜山', 'ner': 'GPE'}]"
釜山有什麼好玩的,釜山(Nc)　有(V_2)　什麼(Nep)　好玩(VH)　的(DE),"[{'word': '釜山', 'ner': 'GPE'}]"
桃園也開,桃園(Nc)　也(D)　開(VC),"[{'word': '桃園', 'ner': 'GPE'}]"
資料來源,資料(Na)　來源(Na),[]
星宇官網公告,星宇(Nb)　官網(Na)　公告(VE),"[{'word': '星宇', 'ner': 'ORG'}]"
星宇菲律賓的也去,星宇(Nb)　菲律賓(Nc)　的(DE)　也(D)　去(VCL),"[{'word': '星宇', 'ner': 'ORG'}, {'word': '菲律賓', 'ner': 'GPE'}]"
老舊尿味重冷氣開度,老舊(VH)　尿味(Na)　重(VH)　冷氣(Na)　開度(VC),[]
目前規劃應該是美國東南亞共用但正式完工啟用後,目前(Nd)　規劃(VC)　應該(D)　是(SHI)　美國(Nc)　東南亞(Nc)　共用(VC)　但(Cbb)　正式(VH)　完工(VB)　啟用(VC)　後(Ng),"[{'word': '美國', 'ner': 'GPE'}, {'word': '東南亞', 'ner': 'LOC'}]"
國籍三家都會進駐,國籍(Na)　三(Neu)　家(Nf)　都(D)　會(D)　進駐(VCL),"[{'word': '三', 'ner': 'CARDINAL'}]"
應該不會再用了,應該(D)　不會(D)　再(D)　用(VC)　了(Di),[]
要不然華航星宇會變成分三邊作業,要不然(Cbb)　華航(Nc)　星宇(Na)　會(D)　變成(VG)　分(VC)　三(Neu)　邊(Ncd)　作業(Na),"[{'word': '華航', 'ner': 'ORG'}, {'word': '三', 'ner': 'CARDINAL'}]"
專門留給國泰跟其他廉航好像也還行,專門(VL)　留給(VD)　國泰(Nb)　跟(P)　其他(Neqa)　廉航(Nc)　好像(D)　也(D)　還(D)　行(VH),"[{'word': '國泰', 'ner': 'ORG'}]"
其實桃機仍保有長榮地勤代理的櫃檯自從竣工後,其實(D)　桃機(Nb)　仍(D)　保有(VJ)　長榮(Nb)　地勤(Na)　代理(VC)　的(DE)　櫃檯(Na)　自從(P)　竣工(VH)　後(Ng),"[{'word': '桃機', 'ner': 'GPE'}]"
很少看見於時期的老照片了還有個價值所在,很少(D)　看見(VE)　於(P)　時期(Na)　的(DE)　老(VH)　照片(Na)　了(T)　還(D)　有(V_2)　個(Nf)　價值(Na)　所在(Na),[]
位於的國賓門,位於(VCL)　的(DE)　國賓門(Nc),"[{'word': '國賓門', 'ner': 'FAC'}]"
星宇最討厭的還是報到登機,星宇(Nb)　最(Dfa)　討厭(VK)　的(DE)　還是(D)　報到(VA)　登機(VA),"[{'word': '星宇', 'ner': 'ORG'}]"
華航也是有報到航廈跟登機航廈不同的情況啊,華航(Nc)　也(D)　是(SHI)　有(V_2)　報到(VA)　航廈(Na)　跟(P)　登機(VA)　航廈(Na)　不同(VH)　的(DE)　情況(Na)　啊(T),"[{'word': '華航', 'ner': 'ORG'}]"
過去阿聯酋就報到去那邊,過去(Nd)　阿聯酋(Na)　就(D)　報到(VA)　去(VCL)　那邊(Ncd),"[{'word': '阿聯酋', 'ner': 'GPE'}]"
但行李很快誒,但(Cbb)　行李(Na)　很(Dfa)　快(VH)　誒(ETCCATEGORY),[]
行李快不快跟航廈沒有關係跟你的飛機是那家還有航勤是誰比較有關係,行李(Na)　快(VH)　不(D)　快(VH)　跟(P)　航廈(Na)　沒有(VJ)　關係(Na)　跟(P)　你(Nh)　的(DE)　飛機(Na)　是(SHI)　那(Nep)　家(Nc)　還(D)　有(V_2)　航勤(Na)　是(SHI)　誰(Nh)　比較(Dfa)　有(VH)　關係(Na),[]
還是不懂為何要按照航線分航廈,還是(D)　不(D)　懂(VK)　為何(D)　要(D)　按照(P)　航線(Na)　分(VC)　航廈(Na),[]
不按照聯盟分航廈真的有夠低能,不(D)　按照(P)　聯盟(Na)　分(VC)　航廈(Na)　真的(D)　有夠(Dfa)　低能(VH),"[{'word': '聯盟分航廈', 'ner': 'FAC'}]"
地勤每天航廈間跑來跑去就飽了,地勤(Na)　每(Nes)　天(Nf)　航廈(Na)　間(Ng)　跑來跑去(VA)　就(D)　飽(VH)　了(Di),[]
星宇航空再次代表成為新加坡航展最耀眼的存在,星宇(Nb)　航空(Na)　再次(D)　代表(VK)　成為(VG)　新加坡(Nc)　航展(Na)　最(Dfa)　耀眼(VH)　的(DE)　存在(Nv),"[{'word': '星宇航空', 'ner': 'ORG'}, {'word': '新加坡航展', 'ner': 'EVENT'}]"
星宇航空飛機連續兩屆受邀請,星宇(Nb)　航空(Na)　飛機(Na)　連續(VH)　兩(Neu)　屆(Nf)　受(P)　邀請(VC),"[{'word': '星宇航空', 'ner': 'ORG'}, {'word': '兩', 'ner': 'CARDINAL'}]"
成為其於新加坡航展指定展示機起對時,成為(VG)　其(Nep)　於(P)　新加坡(Nc)　航展(Na)　指定(VE)　展示機(Na)　起對(Ng)　時(Ng),"[{'word': '新加坡航展', 'ner': 'EVENT'}]"
晚日,晚日(Nd),[]
星宇航空即將起飛前往新加坡,星宇(Nb)　航空(Na)　即將(D)　起飛(VA)　前往(VCL)　新加坡(Nc),"[{'word': '星宇航空', 'ner': 'ORG'}, {'word': '新加坡', 'ner': 'GPE'}]"
成為年亞洲規模最大航太,成為(VG)　年(Nf)　亞洲(Nc)　規模(Na)　最(Dfa)　大(VH)　航太(A),"[{'word': '亞洲', 'ner': 'LOC'}]"
展最亮眼的存在,展(VC)　最(Dfa)　亮眼(VH)　的(DE)　存在(Nv),[]
年星宇航空首架抵台,年(Nb)　星宇(Nb)　航空(Na)　首(Nes)　架(Nf)　抵(VCL)　台(Nc),"[{'word': '星宇航空', 'ner': 'ORG'}, {'word': '台', 'ner': 'GPE'}]"
年第架歸隊,年(Na)　第(Neu)　架(Nf)　歸隊(VA),[]
年第架報到,年(Na)　第(Neu)　架(Nf)　報到(VA),[]
直到今年初的掌上明珠回家,直到(P)　今年(Nd)　初(Ng)　的(DE)　掌上明珠(Na)　回家(VA),"[{'word': '今年初', 'ner': 'DATE'}]"
星宇航空每個重要的里程碑,星宇(Na)　航空(Na)　每(Nes)　個(Nf)　重要(VH)　的(DE)　里程碑(Na),"[{'word': '星宇航空', 'ner': 'ORG'}]"
都因為有旅者們的陪伴而更加完整這次換我們想聽聽,都(D)　因為(Cbb)　有(V_2)　旅者(Na)　們(Na)　的(DE)　陪伴(VC)　而(Cbb)　更加(Dfa)　完整(VH)　這(Nep)　次(Nf)　換(VC)　我們(Nh)　想(VE)　聽聽(VE),[]
星宇航空與我的人生重要時刻,星宇(Na)　航空(Na)　與(Caa)　我(Nh)　的(DE)　人生(Na)　重要(VH)　時刻(Na),"[{'word': '星宇航空', 'ner': 'ORG'}]"
最後將選出位擁有精彩故事的旅者,最後(Nd)　將(D)　選出(VC)　位(Nf)　擁有(VJ)　精彩(VH)　故事(Na)　的(DE)　旅者(Na),[]
送出星宇航空飛,送出(VD)　星宇(Nb)　航空(Na)　飛(VA),[]
機模型,機(Na)　模型(Na),[]
星宇航空與我的人生重要時刻活動辦法,星宇(Na)　航空(Na)　與(Caa)　我(Nh)　的(DE)　人生(Na)　重要(VH)　時刻(Na)　活動(Na)　辦法(Na),"[{'word': '星宇航空', 'ner': 'ORG'}]"
活動時間即刻起至月日,活動(Na)　時間(Na)　即刻(Nd)　起(Ng)　至(P)　月(Na)　日(Nd),"[{'word': '月日', 'ner': 'DATE'}]"
以系統時間為準,以(P)　系統(Na)　時間(Na)　為準(VI),[]
活動步驟,活動(Na)　步驟(Na),[]
成為星宇航空粉絲,成為(VG)　星宇(Nb)　航空(Na)　粉絲(Na),"[{'word': '星宇', 'ner': 'ORG'}]"
分享星宇航空陪您共度的人生重要時刻故事,分享(VJ)　星宇(Na)　航空(Na)　陪(VC)　您(Nh)　共度(VJ)　的(DE)　人生(Na)　重要(VH)　時刻(Na)　故事(Na),[]
並附上自己拍過的星宇航空飛機外觀,並(Cbb)　附上(VC)　自己(Nh)　拍(VC)　過(Di)　的(DE)　星宇(Nb)　航空(Na)　飛機(Na)　外觀(Na),[]
照片請簽上自己的帳號名,照片(Na)　請(VF)　簽上(VC)　自己(Nh)　的(DE)　帳號名(Na),[]
活動獎項星宇航空飛機模型台,活動(Na)　獎項(Na)　星宇(Nb)　航空(Na)　飛機(Na)　模型(Na)　台(Nc),[]
機型隨機送出,機型(Na)　隨機(D)　送出(VD),[]
得獎公佈日月日,得獎(VA)　公佈(VE)　日(Na)　月(Na)　日(Na),[]
於此篇貼文留言處公佈位得獎者,於(P)　此(Nep)　篇(Nf)　貼文(Na)　留言處(Nc)　公佈(VE)　位(Nf)　得獎(VA)　者(Na),[]
領獎方式僅限寄送台灣地區,領(VC)　獎(Na)　方式(Na)　僅(Da)　限(VJ)　寄送(VD)　台灣(Nc)　地區(Nc),"[{'word': '台灣', 'ner': 'GPE'}]"
得獎者須於月日前私訊回覆相關資訊,得獎(VA)　者(Na)　須(VK)　於(P)　月(Nd)　日(Nd)　前(Ng)　私訊(Na)　回覆(VD)　相關(VH)　資訊(Na),"[{'word': '月日', 'ner': 'DATE'}]"
以利獎品寄,以利(VK)　獎品(Na)　寄(VD),[]
逾期或不符合活動規範者視為棄權,逾期(VH)　或(Caa)　不(D)　符合(VJ)　活動(Na)　規範(Na)　者(Na)　視為(VG)　棄權(VA),[]
恕不遞補,恕(VL)　不(D)　遞補(VC),[]
星宇航空,星宇(Na)　航空(Na),"[{'word': '星宇航空', 'ner': 'ORG'}]"
之前有人說為什麼要整機這麼久,之前(Nd)　有(V_2)　人(Na)　說(VE)　為什麼(D)　要(D)　整(Neqa)　機(Na)　這麼(D)　久(VH),[]
原因就是因為要去參展再接首航,原因(Na)　就是(Cbb)　因為(Cbb)　要(D)　去(D)　參展(VA)　再(D)　接(VC)　首航(Na),[]
星宇塗裝真的是第梯隊等級的,星宇(Nb)　塗裝(Na)　真的(D)　是(SHI)　第(Neu)　梯隊(Na)　等級(Na)　的(DE),"[{'word': '第梯', 'ner': 'ORDINAL'}]"
航展會在公布下階段購機規劃嗎,航展(Na)　會(D)　在(P)　公布(VE)　下(Nes)　階段(Na)　購機(VA)　規劃(VC)　嗎(T),[]
還是就停在客貨再,還是(D)　就(D)　停(VHC)　在(P)　客貨(Na)　再(D),[]
加油,加油(VB),[]
星宇美感美話說只能推了,星宇(Na)　美感(VH)　美(VH)　話(Na)　說(VE)　只(Da)　能(D)　推(VC)　了(Di),[]
應該會加購吧口氣衝上去,應該(D)　會(D)　加購(VC)　吧(T)　口(Na)　氣(Na)　衝上去(VA),[]
第代租機差不多了第二階段窄體機現在下單到交機也剛好準備陸續退租還有有需要也可以再多幾架,第(Neu)　代(Na)　租機(VD)　差不多(VH)　了(Di)　第二(Neu)　階段(Na)　窄體機(Na)　現在(Nd)　下單(VA)　到(P)　交(VD)　機(Na)　也(D)　剛好(Da)　準備(VC)　陸續(D)　退租(VB)　還(D)　有(V_2)　有(V_2)　需要(Na)　也(D)　可以(D)　再(D)　多(VH)　幾(Neu)　架(Nf),"[{'word': '第代', 'ner': 'ORDINAL'}, {'word': '第二', 'ner': 'ORDINAL'}]"
很美給推,很(Dfa)　美(VH)　給(P)　推(VC),[]
水哦,水(Na)　哦(T),[]
有說,有(V_2)　說(VE),[]
真的美,真的(D)　美(VH),[]
史努比粉瘋掉搭乘星宇出發北海道,史努比(Nb)　粉(Na)　瘋掉(VH)　搭乘(VC)　星宇(Nb)　出發(VA)　北海道(Nc),"[{'word': '史努比', 'ner': 'PERSON'}, {'word': '星宇', 'ner': 'PERSON'}, {'word': '北海道', 'ner': 'GPE'}]"
滿滿小物,滿滿(VH)　小(Na)　物(Na),[]
北海道孝親行正式啟航,北海道(Nc)　孝親行(Nb)　正式(VH)　啟航(VA),"[{'word': '北海道', 'ner': 'GPE'}]"
完美班次,完美(VH)　班次(Na),[]
搭機捷優雅出發,搭(VC)　機(Na)　捷(Nb)　優雅(VH)　出發(VA),[]
帶長輩出國首選這班,帶(VC)　長輩(Na)　出國(VA)　首選(D)　這(Nep)　班(Nf),[]
精緻飛機餐,精緻(VH)　飛機餐(Na),[]
連餐具螢幕都是史努比,連(Cbb)　餐具(Na)　螢幕(Na)　都(D)　是(SHI)　史努比(Nb),"[{'word': '史努比', 'ner': 'PERSON'}]"
細節控必衝,細節(Na)　控(VC)　必(D)　衝(VC),[]
掌握走快兩步祕訣,掌握(VC)　走(VA)　快(VH)　兩(Neu)　步(Nf)　祕訣(Na),"[{'word': '兩', 'ner': 'CARDINAL'}]"
開艙門分鐘完勝整架班機人潮,開(VC)　艙(Na)　門(Na)　分鐘(Nf)　完勝(VH)　整(Neqa)　架(Nf)　班機(Na)　人潮(Na),[]
新機螢幕超靈敏,新機(Na)　螢幕(Na)　超(Dfa)　靈敏(VH),[]
經濟艙還有免費隨時連線,經濟艙(Na)　還(D)　有(V_2)　免費(VH)　隨時(D)　連線(VB),[]
超直白圖文網誌版,超(Dfa)　直白(VH)　圖文(Na)　網誌版(Na),[]
則是在小時小時前都可以,則(D)　是(SHI)　在(P)　小時(Na)　小時(Na)　前(Ng)　都(D)　可以(D),"[{'word': '小時小時', 'ner': 'TIME'}]"
今天到桃機,今天(Nd)　到(VCL)　桃機(Nc),"[{'word': '今天', 'ner': 'DATE'}, {'word': '桃機', 'ner': 'GPE'}]"
因為線上值機完成,因為(Cbb)　線上(Nc)　值機(Na)　完成(VC),[]
所以直接去自助行李托運,所以(Cbb)　直接(VH)　去(D)　自助(VA)　行李(Na)　托運(VC),[]
就完成行李托運,就(D)　完成(VC)　行李(Na)　托運(VC),[]
旁邊有蠻多旅行團體在集合的,旁邊(Ncd)　有(V_2)　蠻(Dfa)　多(VH)　旅行(VA)　團體(Na)　在(P)　集合(VAC)　的(DE),[]
如果想要避開這些團體的話還是早點來吧,如果(Cbb)　想要(VE)　避開(VC)　這些(Neqa)　團體(Na)　的話(Cba)　還是(D)　早點(D)　來(VA)　吧(T),[]
如同預計的開始登機,如同(P)　預計(VE)　的(DE)　開始(VL)　登機(VA),[]
然後也就關艙門,然後(D)　也(D)　就(D)　關(VC)　艙門(Na),[]
基本上只有很零星的空位,基本(Na)　上(Ng)　只(Da)　有(V_2)　很(Dfa)　零星(VH)　的(DE)　空位(Na),[]
入座後看到都是史努比的畫面和東西,入座(VA)　後(Ng)　看到(VE)　都(D)　是(SHI)　史努比(Nb)　的(DE)　畫面(Na)　和(Caa)　東西(Na),"[{'word': '史努比', 'ner': 'PERSON'}]"
而且耳機也不是耳塞式的,而且(Cbb)　耳機(Na)　也(D)　不(D)　是(SHI)　耳塞式(A)　的(DE),[]
果然還是有好點的感覺,果然(D)　還是(D)　有(V_2)　好點(VH)　的(DE)　感覺(Na),[]
而且看起來經濟艙也是有免費可以用的喔,而且(Cbb)　看起來(D)　經濟艙(Na)　也(D)　是(SHI)　有(V_2)　免費(VH)　可以(D)　用(VC)　的(DE)　喔(T),[]
執飛的就是的機型,執飛(VC)　的(DE)　就是(D)　的(DE)　機型(Na),[]
往頭上看還發現之前沒發現的星空燈,往(P)　頭(Na)　上(Ncd)　看(VC)　還(D)　發現(VE)　之前(Ng)　沒(D)　發現(VE)　的(DE)　星空燈(Na),[]
看來小地方也還是蠻用心的,看來(D)　小(VH)　地方(Na)　也(D)　還是(D)　蠻(Dfa)　用心(VH)　的(DE),[]
今天選的就是之前預選的雞肉麵,今天(Nd)　選(VC)　的(DE)　就(D)　是(SHI)　之前(Nd)　預選(VC)　的(DE)　雞肉麵(Na),"[{'word': '今天', 'ner': 'DATE'}]"
先不講東西到底好不好吃,先(D)　不(D)　講(VE)　東西(Na)　到底(D)　好不好吃(VH),[]
有玉子燒和多樣式的搭配真的還是比國籍雙雄好很多,有(V_2)　玉子燒(Na)　和(Caa)　多(Neqa)　樣式(Na)　的(DE)　搭配(VC)　真的(D)　還是(D)　比(P)　國籍(Na)　雙雄(Na)　好(VH)　很多(Neqa),[]
不過因為今天預計會有亂流所以停止供應熱品及熱湯,不過(Cbb)　因為(Cbb)　今天(Nd)　預計(VE)　會(D)　有(V_2)　亂流(Na)　所以(Cbb)　停止(VF)　供應(VD)　熱品(Na)　及(Caa)　熱湯(Na),"[{'word': '今天', 'ner': 'DATE'}]"
就連餐具或是餐巾紙之類的也還是史努比,就(D)　連(VJ)　餐具(Na)　或是(Caa)　餐巾紙(Na)　之類(Cab)　的(DE)　也(D)　還(D)　是(SHI)　史努比(Nb),"[{'word': '史努比', 'ner': 'PERSON'}]"
朋友正好是史努比迷就都拍給她看,朋友(Na)　正好(Da)　是(SHI)　史努比迷(Na)　就(D)　都(D)　拍(VD)　給(P)　她(Nh)　看(VC),"[{'word': '史努比迷', 'ner': 'PERSON'}]"
最後還有冰淇淋可以吃也太開心,最後(Nd)　還(D)　有(V_2)　冰淇淋(Na)　可以(D)　吃(VC)　也(D)　太(Dfa)　開心(VH),"[{'word': '冰淇淋', 'ner': 'PRODUCT'}]"
至於螢幕之類的因為新所以反應很快,至於(P)　螢幕(Na)　之類(Cab)　的(DE)　因為(Cbb)　新(VH)　所以(Cbb)　反應(Na)　很(Dfa)　快(VH),[]
整體的搭機過程蠻舒適的,整體(Na)　的(DE)　搭機(Nv)　過程(Na)　蠻(Dfa)　舒適(VH)　的(DE),[]
以下為搭機以及入境時間線,以下(Ncd)　為(VG)　搭機(VA)　以及(Caa)　入境(Nv)　時間線(Na),[]
開始登機,開始(VL)　登機(VA),[]
登機完畢,登機(VA)　完畢(VH),[]
後推,後(Ncd)　推(VC),[]
起飛原訂,起飛(VA)　原訂(VE),[]
降落如原定時間,降落(VA)　如(P)　原定(VE)　時間(Na),[]
停妥,停妥(VC),[]
開艙門,開(VC)　艙門(Na),[]
就已經入境完畢,就(D)　已經(D)　入境(VA)　完畢(VH),[]
為何會那樣快就入境,為何(D)　會(D)　那樣(VH)　快(D)　就(D)　入境(VA),[]
因為差不多時間會有台長榮,因為(Cbb)　差不多(VH)　時間(Na)　會(D)　有(V_2)　台長榮(Nf),[]
如果星宇航空先到就走快點,如果(Cbb)　星宇(Nb)　航空(Na)　先(D)　到(VCL)　就(D)　走(VA)　快(D)　點(Dfb),"[{'word': '星宇航空', 'ner': 'ORG'}]"
至少可以跳過整過班機的人就會快很多,至少(Da)　可以(D)　跳過(VCL)　整(VC)　過(Di)　班機(Na)　的(DE)　人(Na)　就(D)　會(D)　快(VH)　很多(Neqa),[]
也就要開始我們的北海道之行了喔,也(D)　就(D)　要(D)　開始(VL)　我們(Nh)　的(DE)　北海道(Nc)　之(DE)　行(Nv)　了(T)　喔(T),"[{'word': '北海道', 'ner': 'GPE'}]"
星宇給推,星宇(Nb)　給(P)　推(VC),"[{'word': '星宇', 'ner': 'ORG'}]"
台灣唯精品,台灣(Nc)　唯(Da)　精品(Na),"[{'word': '台灣', 'ner': 'GPE'}]"
推分享,推(VC)　分享(VJ),[]
新聞來源日期,新聞(Na)　來源(Na)　日期(Na),[]
新聞標題,新聞(Na)　標題(Na),[]
星宇航空今年有望開航釜山首個歐洲航點農曆年後公布,星宇(Nb)　航空(Na)　今年(Nd)　有望(VH)　開航(VA)　釜山(Nc)　首(Nes)　個(Nf)　歐洲(Nc)　航點(Na)　農曆年(Nd)　後(Ng)　公布(VE),"[{'word': '星宇航空', 'ner': 'ORG'}, {'word': '今年', 'ner': 'DATE'}, {'word': '釜山', 'ner': 'GPE'}, {'word': '歐洲', 'ner': 'LOC'}, {'word': '農曆年後', 'ner': 'DATE'}]"
內文,內文(Na),[]
看好東北亞旅遊熱度東南亞需求穩定,看好(VJ)　東北亞(Nc)　旅遊(VA)　熱度(Na)　東南亞(Nc)　需求(Na)　穩定(VHC),"[{'word': '東北亞', 'ner': 'LOC'}, {'word': '東南亞', 'ner': 'LOC'}]"
加上美國載客率持續回升,加上(Cbb)　美國(Nc)　載客率(Na)　持續(VL)　回升(VH),"[{'word': '美國', 'ner': 'GPE'}]"
星宇航空策略長劉允富,星宇(Nb)　航空(Na)　策略長(Na)　劉允富(Nb),"[{'word': '星宇航空', 'ner': 'ORG'}, {'word': '劉允富', 'ner': 'PERSON'}]"
表示,表示(VE),[]
今年票價沒有太多往下調的空間,今年(Nd)　票價(Na)　沒有(VJ)　太多(Neqa)　往(P)　下(Ncd)　調(VC)　的(DE)　空間(Na),"[{'word': '今年', 'ner': 'DATE'}]"
另外,另外(Cbb),[]
星宇首個歐洲航點預計農曆年後公布,星宇(Nb)　首(Nes)　個(Nf)　歐洲(Nc)　航點(Na)　預計(VE)　農曆年(Nd)　後(Ng)　公布(VE),"[{'word': '星宇', 'ner': 'ORG'}, {'word': '歐洲', 'ner': 'LOC'}, {'word': '農曆年後', 'ner': 'DATE'}]"
而釜,而(Cbb)　釜(Nc),[]
山航線需求強勁,山(Na)　航線(Na)　需求(Na)　強勁(VH),[]
今年也有望開航,今年(Nd)　也(D)　有望(VH)　開航(VA),"[{'word': '今年', 'ner': 'DATE'}]"
劉允富表示,劉允富(Nb)　表示(VE),"[{'word': '劉允富', 'ner': 'PERSON'}]"
今年票價沒有太多往下調的空間,今年(Nd)　票價(Na)　沒有(VJ)　太多(Neqa)　往(P)　下(Ncd)　調(VC)　的(DE)　空間(Na),"[{'word': '今年', 'ner': 'DATE'}]"
除了旺季價格定高,除了(P)　旺季(Nd)　價格(Na)　定高(VC),[]
平日因為整個艙位沒,平日(Nd)　因為(Cbb)　整(Neqa)　個(Nf)　艙位(Na)　沒(VJ),[]
有增加,有(V_2)　增加(VHC),[]
成本其實越墊越高,成本(Na)　其實(D)　越(D)　墊(VC)　越(D)　高(VH),[]
因此價格不會調整太多,因此(Cbb)　價格(Na)　不會(D)　調整(VC)　太多(Neqa),[]
其中,其中(Nep),[]
最明顯的美國線艙位沒有增加,最(Dfa)　明顯(VH)　的(DE)　美國線(Na)　艙位(Na)　沒有(D)　增加(VHC),"[{'word': '美國', 'ner': 'GPE'}]"
太多,太多(VH),[]
歐洲則是直都很強,歐洲(Nc)　則(D)　是(SHI)　直(D)　都(D)　很(Dfa)　強(VH),"[{'word': '歐洲', 'ner': 'LOC'}]"
所以票價都還算合理,所以(Cbb)　票價(Na)　都(D)　還(D)　算(VG)　合理(VH),[]
日本今年需求仍是定強勁,日本(Nc)　今年(Nd)　需求(Na)　仍(D)　是(SHI)　定(VC)　強勁(VH),"[{'word': '日本', 'ner': 'GPE'}, {'word': '今年', 'ner': 'DATE'}]"
劉允富指出,劉允富(Nb)　指出(VE),"[{'word': '劉允富', 'ner': 'PERSON'}]"
今年東北亞線需求持續強勁,今年(Nd)　東北亞線(Na)　需求(Na)　持續(VL)　強勁(VH),"[{'word': '今年', 'ner': 'DATE'}]"
東南亞線雖然沒有日本暢旺,東南亞線(Na)　雖然(Cbb)　沒有(VJ)　日本(Nc)　暢旺(VH),"[{'word': '東南亞', 'ner': 'LOC'}, {'word': '日本', 'ner': 'GPE'}]"
也看不出有往下趨,也(D)　看(VE)　不(D)　出(VE)　有(V_2)　往(P)　下(Ncd)　趨(VL),[]
艙位載客率都沒有下滑,艙位(Na)　載客率(Na)　都(D)　沒有(D)　下滑(VA),[]
其中,其中(Nep),[]
泰國沒有嚴重政治因素干擾越南有很多商務客,泰國(Nc)　沒有(VJ)　嚴重(VH)　政治(Na)　因素(Na)　干擾(VC)　越南(Nc)　有(V_2)　很多(Neqa)　商務客(Na),"[{'word': '泰國', 'ner': 'GPE'}, {'word': '越南', 'ner': 'GPE'}]"
港富國島及河內等觀光航線也都很穩定,港(Nc)　富國島(Nc)　及(Caa)　河內(Nc)　等(Cab)　觀光(VA)　航線(Na)　也(D)　都(D)　很(Dfa)　穩定(VHC),"[{'word': '港', 'ner': 'GPE'}, {'word': '富國島', 'ner': 'LOC'}, {'word': '河內', 'ner': 'GPE'}]"
至於美國航線,至於(P)　美國(Nc)　航線(Na),"[{'word': '美國', 'ner': 'GPE'}]"
今年有機會回到成至成,今年(Nd)　有(V_2)　機會(Na)　回到(VCL)　成(VG)　至(P)　成(VG),[]
不會回到前年榮景,不會(D)　回到(VCL)　前年(Nd)　榮景(Na),"[{'word': '前年', 'ner': 'DATE'}]"
其中,其中(Nep),[]
剛開航的鳳凰城月至月載客率都可維持在成左右,剛(D)　開航(VA)　的(DE)　鳳凰城(Nc)　月(Na)　至(Caa)　月(Na)　載客率(Na)　都(D)　可(D)　維持(VJ)　在(P)　成(Neqa)　左右(Ng),"[{'word': '鳳凰城', 'ner': 'GPE'}]"
他表示,他(Nh)　表示(VE),[]
這年星宇航空陸續交付新機,這(Nep)　年(Nf)　星宇(Nb)　航空(Na)　陸續(D)　交付(VD)　新機(Na),"[{'word': '這年', 'ner': 'DATE'}, {'word': '星宇航空', 'ner': 'ORG'}]"
勢必會有新航點,勢必(D)　會(D)　有(V_2)　新(VH)　航點(Na),[]
其中,其中(Nep),[]
今年規劃的歐洲航點預計,今年(Nd)　規劃(VC)　的(DE)　歐洲(Nc)　航點(Na)　預計(VE),"[{'word': '今年', 'ner': 'DATE'}, {'word': '歐洲', 'ner': 'LOC'}]"
農曆年後對外公布,農曆年(Nd)　後(Ng)　對(P)　外(Ncd)　公布(VE),"[{'word': '農曆年', 'ner': 'DATE'}]"
另外,另外(Cbb),[]
釜山航線需求很強,釜山(Nc)　航線(Na)　需求(Na)　很(Dfa)　強(VH),"[{'word': '釜山', 'ner': 'GPE'}]"
這幾年增加不少旅遊資源,這(Nep)　幾(Neu)　年(Nf)　增加(VHC)　不少(Neqa)　旅遊(VA)　資源(Na),"[{'word': '這幾年', 'ner': 'DATE'}]"
希望今年有望實,希望(VK)　今年(Nd)　有望(VH)　實(VH),"[{'word': '今年', 'ner': 'DATE'}]"
現開航,現(D)　開航(VA),[]
紐澳航線也有在評估中,紐澳(Nc)　航線(Na)　也(D)　有(V_2)　在(D)　評估(VE)　中(Ng),"[{'word': '紐澳', 'ner': 'GPE'}]"
另外,另外(Cbb),[]
星宇航空今年月日起新闢台中宮古島下地島機場,星宇(Nb)　航空(Na)　今年(Nd)　月(Nd)　日(Nd)　起(Ng)　新(D)　闢(VC)　台中(Nc)　宮古島(Nc)　下地島(Nc)　機場(Nc),"[{'word': '星宇航空', 'ner': 'ORG'}, {'word': '今年月日', 'ner': 'DATE'}, {'word': '台中', 'ner': 'GPE'}, {'word': '宮古島下地島機場', 'ner': 'FAC'}]"
緊接月底陸續開航台中熊本,緊接(VJ)　月底(Nd)　陸續(D)　開航(VA)　台中(Nc)　熊本(Nc),"[{'word': '月底', 'ner': 'DATE'}, {'word': '台中', 'ner': 'GPE'}, {'word': '熊本', 'ner': 'GPE'}]"
台中東京,台中(Nc)　東京(Nc),"[{'word': '台中', 'ner': 'GPE'}, {'word': '東京', 'ner': 'GPE'}]"
總計在台中已有個航點,總計(Da)　在(P)　台中(Nc)　已(D)　有(V_2)　個(Nf)　航點(Na),"[{'word': '台中', 'ner': 'GPE'}]"
劉允富表示,劉允富(Nb)　表示(VE),"[{'word': '劉允富', 'ner': 'PERSON'}]"
星宇航空在台中的航點載客率都有,星宇(Nb)　航空(Na)　在(P)　台中(Nc)　的(DE)　航點(Na)　載客率(Na)　都(D)　有(V_2),"[{'word': '星宇航空', 'ner': 'ORG'}, {'word': '台中', 'ner': 'GPE'}]"
成至成,成(VH)　至(P)　成(VH),[]
且同樣飛往東京,且(Cbb)　同樣(VH)　飛往(VCL)　東京(Nc),"[{'word': '東京', 'ner': 'GPE'}]"
台中的票價又比台北高,台中(Nc)　的(DE)　票價(Na)　又(D)　比(P)　台北(Nc)　高(VH),"[{'word': '台中', 'ner': 'GPE'}, {'word': '台北', 'ner': 'GPE'}]"
代表具有競爭力,代表(VK)　具有(VJ)　競爭力(Na),[]
希望將台中機場,希望(VK)　將(P)　台中(Nc)　機場(Nc),"[{'word': '台中機場', 'ner': 'FAC'}]"
當作桃園機場以外的第二基地,當作(VG)　桃園(Nc)　機場(Nc)　以外(Ng)　的(DE)　第二(Neu)　基地(Nc),"[{'word': '桃園機場', 'ner': 'FAC'}, {'word': '第二', 'ner': 'ORDINAL'}]"
他指出,他(Nh)　指出(VE),[]
高雄機場競爭較大,高雄(Nc)　機場(Nc)　競爭(Na)　較(Dfa)　大(VH),"[{'word': '高雄機場', 'ner': 'FAC'}]"
相較之下台中機場目前國際航班僅星宇台灣虎航華信國,相較(VB)　之下(Ng)　台中(Nc)　機場(Nc)　目前(Nd)　國際(Nc)　航班(Na)　僅(Da)　星宇(Nb)　台灣(Nc)　虎航(Nb)　華信(Nb)　國(Nb),"[{'word': '台中機場', 'ner': 'FAC'}, {'word': '星宇台灣虎航華信國', 'ner': 'ORG'}]"
泰香港快運及越捷在經營,泰(Nc)　香港(Nc)　快運(Na)　及(Caa)　越捷(Nb)　在(D)　經營(VC),"[{'word': '香港', 'ner': 'NORP'}]"
且地理優勢可涵蓋北至苗栗南至嘉義的客源,且(Cbb)　地理(Na)　優勢(Na)　可(D)　涵蓋(VJ)　北(Ncd)　至(P)　苗栗(Nc)　南(Ncd)　至(P)　嘉義(Nc)　的(DE)　客源(Na),"[{'word': '苗栗', 'ner': 'GPE'}, {'word': '嘉義', 'ner': 'GPE'}]"
今年月的夏,今年(Nd)　月(Na)　的(DE)　夏(Nd),"[{'word': '今年月', 'ner': 'DATE'}]"
季班表預計再增加架飛機執飛,季班表(Na)　預計(VE)　再(D)　增加(VHC)　架(Nf)　飛機(Na)　執飛(VC),[]
總計架,總計(Da)　架(VC),[]
其中,其中(Nep),[]
台中東京每周班台中峴港及台中熊,台中(Nc)　東京(Nc)　每(Nes)　周(Nd)　班(Na)　台中(Nc)　峴港(Nc)　及(Caa)　台中(Nc)　熊(Na),"[{'word': '台中', 'ner': 'GPE'}, {'word': '東京', 'ner': 'GPE'}, {'word': '台中峴港', 'ner': 'GPE'}, {'word': '台中熊', 'ner': 'GPE'}]"
本每周班,本(Nes)　每(Nes)　周(Nf)　班(Na),[]
原文連結,原文(Na)　連結(VC),[]
歐洲就捷克,歐洲(Nc)　就(P)　捷克(Nc),"[{'word': '歐洲', 'ner': 'LOC'}, {'word': '捷克', 'ner': 'GPE'}]"
已經有看到地勤及貨運招募訊息了,已經(D)　有(V_2)　看到(VE)　地勤(Na)　及(Caa)　貨運(Na)　招募(VC)　訊息(Na)　了(T),[]
捷克需求有這麼多嗎感覺是團體居多,捷克(Nc)　需求(Na)　有(V_2)　這麼多(Neqa)　嗎(T)　感覺(VK)　是(SHI)　團體(Na)　居多(VI),"[{'word': '捷克', 'ner': 'GPE'}]"
玩完天國降臨剛好想去捷克,玩完(VC)　天國(Nc)　降臨(VA)　剛好(Da)　想(VE)　去(VCL)　捷克(Nc),"[{'word': '捷克', 'ner': 'GPE'}]"
捷克就歐積電專機吧,捷克(Nc)　就(P)　歐積電(Nb)　專機(Na)　吧(T),"[{'word': '捷克', 'ner': 'GPE'}, {'word': '歐積電', 'ner': 'ORG'}]"
工商時報內容不太樣,工商時報(Nb)　內容(Na)　不(D)　太(Dfa)　樣(Na),"[{'word': '工商時報', 'ner': 'WORK_OF_ART'}]"
布拉格,布拉格(Nc),"[{'word': '布拉格', 'ner': 'PERSON'}]"
就是布拉格了啦,就(D)　是(SHI)　布拉格(Nc)　了(T)　啦(T),"[{'word': '布拉格', 'ner': 'PERSON'}]"
大家都知道,大家(Nh)　都(D)　知道(VK),[]
布拉格飛起來,布拉格(Nc)　飛起來(VA),"[{'word': '布拉格', 'ner': 'PERSON'}]"
打趴華航,打趴(VC)　華航(Nc),"[{'word': '華航', 'ner': 'ORG'}]"
怎麼不過長榮正面對決呢,怎麼(D)　不過(Cbb)　長榮(Nb)　正面(Na)　對決(VA)　呢(T),"[{'word': '長榮', 'ner': 'PERSON'}]"
等第二台進來,等(Cab)　第二台(Neu)　進來(VA),"[{'word': '第二', 'ner': 'ORDINAL'}]"
布拉格應該就會飛了,布拉格(Nc)　應該(D)　就(D)　會(D)　飛(VA)　了(Di),"[{'word': '布拉格', 'ner': 'PERSON'}]"
高雄從第三季變成,高雄(Nc)　從(P)　第三(Neu)　季(Nd)　變成(VG),"[{'word': '高雄', 'ner': 'GPE'}, {'word': '第三季', 'ner': 'DATE'}]"
不太懂為什麼要開捷克耶雖然華航的載客率頗高但新談的芬蘭不香嗎,不(D)　太(Dfa)　懂(VK)　為什麼(D)　要(D)　開(VC)　捷克(Nc)　耶(T)　雖然(Cbb)　華航(Nc)　的(DE)　載客率(Na)　頗(Dfa)　高(VH)　但(Cbb)　新(D)　談(VE)　的(DE)　芬蘭(Nc)　不(D)　香(VH)　嗎(T),"[{'word': '華航', 'ner': 'ORG'}, {'word': '芬蘭', 'ner': 'GPE'}]"
北歐藍海市場片啊,北歐(Nc)　藍海(Na)　市場片(Na)　啊(I),"[{'word': '北歐藍海市場片', 'ner': 'FAC'}]"
目前公佈要飛要看到飛長程線要等進來,目前(Nd)　公佈(VE)　要(D)　飛(VA)　要(D)　看到(VE)　飛(VA)　長程線(Na)　要(D)　等(VC)　進來(VA),[]
我在長榮和華航分別有金卡和翡翠卡了要去東歐或南歐根本不會考慮其它航空公司反而去北歐還頗煩惱要怎選,我(Nh)　在(P)　長榮(Nb)　和(Caa)　華航(Nc)　分別(D)　有(V_2)　金卡(Na)　和(Caa)　翡翠卡(Na)　了(T)　要(D)　去(VCL)　東歐(Nc)　或(Caa)　南歐(Nc)　根本(D)　不會(D)　考慮(VE)　其它(Neqa)　航空(Na)　公司(Nc)　反而(Cbb)　去(VCL)　北歐(Nc)　還(D)　頗(Dfa)　煩惱(VH)　要(D)　怎(D)　選(VC),"[{'word': '長榮', 'ner': 'ORG'}, {'word': '華航', 'ner': 'ORG'}, {'word': '東歐', 'ner': 'LOC'}, {'word': '南歐', 'ner': 'LOC'}, {'word': '北歐', 'ner': 'LOC'}]"
台中票價高但隨便賣隨便賺躺著都賺,台中(Nc)　票價(Na)　高(VH)　但(Cbb)　隨便(VH)　賣(VD)　隨便(VH)　賺(VC)　躺(VA)　著(Di)　都(D)　賺(VC),"[{'word': '台中', 'ner': 'NORP'}]"
搶高團客航線最穩啊,搶(VD)　高團客(Na)　航線(Na)　最(Dfa)　穩(VH)　啊(T),[]
馬上填滿週三班的需求,馬上(D)　填滿(VC)　週三班(Nc)　的(DE)　需求(Na),[]
北歐是片開航找死海吧,北歐(Nc)　是(SHI)　片(Nf)　開航(VA)　找(VC)　死海(Nc)　吧(T),"[{'word': '北歐', 'ner': 'LOC'}]"
哪來的藍海張家畢竟是兄弟,哪來(D)　的(DE)　藍海(Na)　張家(Nc)　畢竟(D)　是(SHI)　兄弟(Na),"[{'word': '藍海', 'ner': 'PERSON'}, {'word': '張', 'ner': 'PERSON'}]"
圍剿華航的利益大於內鬥,圍剿(VC)　華航(Nc)　的(DE)　利益(Na)　大於(VJ)　內鬥(VA),"[{'word': '華航', 'ner': 'ORG'}]"
美東航線的消息呢,美東(Nc)　航線(Na)　的(DE)　消息(Na)　呢(T),"[{'word': '美東', 'ner': 'GPE'}]"
從開始北歐就是幻想,從(P)　開始(VH)　北歐(Nc)　就(D)　是(SHI)　幻想(VE),"[{'word': '北歐', 'ner': 'LOC'}]"
北歐沒有穩定商務客,北歐(Nc)　沒有(VJ)　穩定(VHC)　商務客(Na),"[{'word': '北歐', 'ner': 'LOC'}]"
連旅遊都非常季節性芬蘭從頭到尾都是假議題,連(Cbb)　旅遊(Nv)　都(D)　非常(Dfa)　季節性(Na)　芬蘭(Nc)　從頭到尾(D)　都(D)　是(SHI)　假(VH)　議題(Na),"[{'word': '芬蘭', 'ner': 'GPE'}]"
另外提到布拉格今年夏季恢復費城布拉格航班目前是說季節性航班但的作風應該是跟台積電簽約了所以才會開這條航線所以不排除日航也會為台積電開設新航線如成田鳳凰城台中高雄成田等,另外(Cbb)　提到(VE)　布拉格(Nc)　今年(Nd)　夏季(Nd)　恢復(VHC)　費城(Nc)　布拉格(Nc)　航班(Na)　目前(Nd)　是(SHI)　說(VE)　季節性(Na)　航班(Na)　但(Cbb)　的(DE)　作風(Na)　應該(D)　是(SHI)　跟(P)　台積電(Nc)　簽約(VA)　了(Di)　所以(Cbb)　才(Da)　會(D)　開(VC)　這(Nep)　條(Nf)　航線(Na)　所以(Cbb)　不(D)　排除(VC)　日航(Nb)　也(D)　會(D)　為(P)　台積電(Nb)　開設(VC)　新(VH)　航線(Na)　如(P)　成田(Nc)　鳳凰城(Nc)　台中(Nc)　高雄(Nc)　成田(Nc)　等(Cab),"[{'word': '布拉格', 'ner': 'PERSON'}, {'word': '今年夏季', 'ner': 'DATE'}, {'word': '費城', 'ner': 'GPE'}, {'word': '布拉格', 'ner': 'GPE'}, {'word': '台積電', 'ner': 'ORG'}, {'word': '日航', 'ner': 'ORG'}, {'word': '台積電', 'ner': 'ORG'}, {'word': '成田鳳凰城', 'ner': 'GPE'}, {'word': '台中', 'ner': 'GPE'}, {'word': '成田', 'ner': 'GPE'}]"
第二架來了之後可能就要開始支援鳳凰城夏季班表倒是空出的不知道哪些航點會放大機型或是拿去開峇里島,第二(Neu)　架(Nf)　來(VA)　了(Di)　之後(Ng)　可能(D)　就(D)　要(D)　開始(VL)　支援(VC)　鳳凰城(Nc)　夏季(Nd)　班表(Na)　倒是(D)　空出(VC)　的(DE)　不(D)　知道(VK)　哪些(Neqa)　航點(Na)　會(D)　放大(VC)　機型(Na)　或是(Caa)　拿去(VC)　開(VC)　峇里島(Nc),"[{'word': '第二', 'ner': 'ORDINAL'}, {'word': '峇里島', 'ner': 'LOC'}]"
學人精,學人(VC)　精(VH),[]
還不知道誰學誰勒,還(D)　不(D)　知道(VK)　誰(Nh)　學(VC)　誰(Nh)　勒(VC),[]
布拉格也夠用吧,布拉格(Nc)　也(D)　夠(VH)　用(VC)　吧(T),"[{'word': '布拉格', 'ner': 'PERSON'}]"
好意思說學人精到底誰學誰是誰在那邊哭他也要飛少噁心了,好意思(VH)　說(VE)　學(VC)　人(Na)　精(VH)　到底(D)　誰(Nh)　學(VC)　誰(Nh)　是(SHI)　誰(Nh)　在(P)　那邊(Ncd)　哭(VA)　他(Nh)　也(D)　要(D)　飛(VA)　少(Dfa)　噁心(VH)　了(T),[]
要直飛才有開團啊,要(D)　直飛(VCL)　才(Da)　有(V_2)　開團(VA)　啊(T),[]
沒直飛成本壓不下來當然沒團要去不過我是覺得開比較合適點波蘭旅遊算便宜,沒(D)　直飛(VCL)　成本(Na)　壓(VC)　不(D)　下來(VC)　當然(D)　沒(VJ)　團(Na)　要(D)　去(VCL)　不過(Cbb)　我(Nh)　是(SHI)　覺得(VK)　開(VC)　比較(Dfa)　合適(VH)　點(Dfb)　波蘭(Nc)　旅遊(VA)　算(VG)　便宜(VH),"[{'word': '波蘭', 'ner': 'GPE'}]"
又有波波就學需求也沒其他東歐航點搶客源,又(D)　有(V_2)　波波(Neqa)　就學(VA)　需求(Na)　也(D)　沒(VJ)　其他(Neqa)　東歐(Nc)　航點(Na)　搶(VD)　客源(Na),"[{'word': '波波', 'ner': 'GPE'}, {'word': '東歐', 'ner': 'LOC'}]"
到時候高檔團旅行社要拿錢來拜託星宇給機位了,到時候(D)　高檔團(Na)　旅行社(Nc)　要(D)　拿(VC)　錢(Na)　來(D)　拜託(VC)　星宇(Nb)　給(VD)　機位(Na)　了(T),[]
學人精,學人(VC)　精(VH),[]
還直花錢在雜誌打廣告宣傳自己是首家直飛鳳凰城,還(D)　直(D)　花錢(VA)　在(P)　雜誌(Na)　打廣告(VA)　宣傳(VC)　自己(Nh)　是(SHI)　首(Nes)　家(Nc)　直飛(VCL)　鳳凰城(Nc),"[{'word': '鳳凰城', 'ner': 'GPE'}]"
學人精,學人(VC)　精(VH),[]
我平均年歐洲趟商務艙去東歐就華航或土航除非星宇加入聯盟不然沒有特殊原因根本不會考慮目前國營三家我看不到有什麼特別吸引我去選擇的誘因所以像長榮升到金卡也不會再特別去選定要拼到鑽卡當然我這種消費等級可能航空公司還看不上眼就是了像上面幾位說的航班不開怎麼會創造出需求,我(Nh)　平均(VH)　年(Nf)　歐洲(Nc)　趟(Nf)　商務艙(Na)　去(VCL)　東歐(Nc)　就(P)　華航(Nc)　或(Caa)　土航(Nc)　除非(Cbb)　星宇(Nb)　加入(VC)　聯盟(Na)　不然(Cbb)　沒有(VJ)　特殊(VH)　原因(Na)　根本(D)　不會(D)　考慮(VE)　目前(Nd)　國營(VH)　三(Neu)　家(Nf)　我(Nh)　看(VE)　不(D)　到(VE)　有(V_2)　什麼(Nep)　特別(VH)　吸引(VJ)　我(Nh)　去(D)　選擇(VC)　的(DE)　誘因(Na)　所以(Cbb)　像(P)　長榮(Nb)　升到(VCL)　金卡(Na)　也(D)　不會(D)　再(D)　特別(VH)　去(D)　選定(VC)　要(D)　拼到(VC)　鑽卡(Na)　當然(D)　我(Nh)　這(Nep)　種(Nf)　消費(Na)　等級(Na)　可能(D)　航空(Na)　公司(Nc)　還(D)　看(VC)　不(D)　上眼(VA)　就是了(VH)　像(P)　上面(Ncd)　幾(Neu)　位(Nf)　說(VE)　的(DE)　航班(Na)　不(D)　開(VC)　怎麼(D)　會(D)　創造出(VC)　需求(Na),"[{'word': '歐洲', 'ner': 'LOC'}, {'word': '東歐', 'ner': 'LOC'}, {'word': '華航', 'ner': 'ORG'}, {'word': '土航', 'ner': 'ORG'}, {'word': '星宇', 'ner': 'ORG'}, {'word': '三', 'ner': 'CARDINAL'}, {'word': '長榮', 'ner': 'ORG'}]"
當你北歐航線開自然而然會有旅行團去開發路線的台灣的消費力可是很驚人的,當(P)　你(Nh)　北歐(Nc)　航線(Na)　開(VC)　自然而然(D)　會(D)　有(V_2)　旅行團(Na)　去(D)　開發(VC)　路線(Na)　的(DE)　台灣(Nc)　的(DE)　消費力(Na)　可是(D)　很(Dfa)　驚人(VH)　的(DE),"[{'word': '北歐', 'ner': 'LOC'}, {'word': '台灣', 'ner': 'GPE'}]"
樓上不要再自己經驗看天下,樓上(Nc)　不要(D)　再(D)　自己(Nh)　經驗(Na)　看(VC)　天下(Nc),[]
事實就是北歐沒有市場,事實(Na)　就(D)　是(SHI)　北歐(Nc)　沒有(VJ)　市場(Nc),"[{'word': '北歐', 'ner': 'LOC'}]"
反而波蘭有台商投資,反而(Cbb)　波蘭(Nc)　有(V_2)　台商(Na)　投資(VC),"[{'word': '波蘭', 'ner': 'GPE'}]"
開航機率還稍微大點,開航(VA)　機率(Na)　還(D)　稍微(D)　大(VH)　點(Dfb),[]
高雄還要繼續沿後歐慘,高雄(Nc)　還要(Dfa)　繼續(VF)　沿(P)　後歐(Nes)　慘(VH),"[{'word': '高雄', 'ner': 'GPE'}]"
直被檢討成本問題當然不可能馬上砸錢設第三個基地現有兩個先好好壯大再說董再不努力多賺點錢員工到時罷工怎麼辦,直(D)　被(P)　檢討(VC)　成本(Na)　問題(Na)　當然(D)　不可能(D)　馬上(D)　砸錢(VB)　設(VC)　第三(Neu)　個(Nf)　基地(Nc)　現有(A)　兩(Neu)　個(Nf)　先(D)　好好(D)　壯大(VHC)　再(D)　說(VE)　董(Nb)　再(D)　不(D)　努力(VH)　多(D)　賺(VC)　點(Nf)　錢(Na)　員工(Na)　到時(D)　罷工(VA)　怎麼辦(VH),"[{'word': '第三', 'ner': 'ORDINAL'}, {'word': '兩', 'ner': 'CARDINAL'}]"
高雄還是期待外籍航空比較實際靠國籍航空就有點,高雄(Nc)　還是(D)　期待(VK)　外籍(A)　航空(Na)　比較(Dfa)　實際(VH)　靠(P)　國籍(Na)　航空(Na)　就(D)　有點(Dfa),"[{'word': '高雄', 'ner': 'GPE'}]"
外籍航空千萬不能寫中國台灣喔,外籍(A)　航空(Na)　千萬(D)　不能(D)　寫(VC)　中國(Nc)　台灣(Nc)　喔(T),"[{'word': '中國', 'ner': 'GPE'}, {'word': '台灣', 'ner': 'GPE'}]"
北歐團主要還是以冰島佔大宗,北歐團(Na)　主要(D)　還是(D)　以(P)　冰島(Nc)　佔(VJ)　大(VH)　宗(Nf),"[{'word': '北歐團', 'ner': 'ORG'}, {'word': '冰島', 'ner': 'GPE'}]"
然後看中停哪裡巴黎倫敦哥本哈根再順便停留包裝下國人去挪威可能還多於去芬蘭,然後(D)　看(VC)　中停(Nc)　哪裡(Ncd)　巴黎(Nc)　倫敦(Nc)　哥本哈根(Nc)　再(D)　順便(D)　停留(VA)　包裝(VC)　下國人(Na)　去(VCL)　挪威(Nc)　可能(D)　還(D)　多於(VJ)　去(VCL)　芬蘭(Nc),"[{'word': '倫敦哥本哈根', 'ner': 'GPE'}, {'word': '挪威', 'ner': 'GPE'}, {'word': '芬蘭', 'ner': 'GPE'}]"
華航配合旅行社踩點都探好路了,華航(Nc)　配合(VC)　旅行社(Nc)　踩點(VC)　都(D)　探(VC)　好(VH)　路(Na)　了(T),"[{'word': '華航', 'ner': 'ORG'}]"
台積電明年量產,台積電(Nb)　明年(Nd)　量產(VC),"[{'word': '台積電', 'ner': 'ORG'}, {'word': '明年', 'ner': 'DATE'}]"
班次也不多,班次(Na)　也(D)　不(D)　多(VH),[]
航權也談好,航權(Na)　也(D)　談好(VE),[]
選滿正常的,選(VC)　滿(Dfa)　正常(VH)　的(DE),[]
除非美國願意開放當中停點不然開航北歐或波蘭希望真不大,除非(Cbb)　美國(Nc)　願意(VK)　開放(VC)　當(Ng)　中停點(Nc)　不然(Cbb)　開航(VA)　北歐(Nc)　或(Caa)　波蘭(Nc)　希望(Na)　真(D)　不(Dfa)　大(Dfa),"[{'word': '美國', 'ner': 'GPE'}, {'word': '北歐', 'ner': 'LOC'}, {'word': '波蘭', 'ner': 'GPE'}]"
這陣子新航點很明顯都是想賺錢啊,這陣子(Nd)　新(VH)　航點(Na)　很(Dfa)　明顯(VH)　都(D)　是(SHI)　想(VE)　賺錢(VA)　啊(T),[]
不是別人已經賺爽爽就是探路好的,不(D)　是(SHI)　別人(Nh)　已經(D)　賺(VC)　爽爽(VH)　就(D)　是(SHI)　探(VC)　路(Na)　好(VH)　的(DE),[]
現在非常務實,現在(Nd)　非常(Dfa)　務實(VH),[]
本身台灣心裡面都會想如果價差低於高鐵來回我寧願選台中發,本身(Nh)　台灣(Nc)　心(Na)　裡面(Ncd)　都(D)　會(D)　想(VE)　如果(Cbb)　價差(Na)　低於(VJ)　高鐵(Na)　來回(VCL)　我(Nh)　寧願(VK)　選(VC)　台中(Nc)　發(VD),"[{'word': '台灣', 'ner': 'GPE'}, {'word': '台中', 'ner': 'GPE'}]"
看的飛行路徑很明顯除非是非開不可的必要性否則北歐要繞路經濟上並不現實肯定會有更好的選擇波蘭還可以啦東歐是剛開始繞路就到了,看(VC)　的(DE)　飛行(Nv)　路徑(Na)　很(Dfa)　明顯(VH)　除非(Cbb)　是(SHI)　非(D)　開(VC)　不可(D)　的(DE)　必要性(Na)　否則(Cbb)　北歐(Nc)　要(D)　繞路(VA)　經濟(Na)　上(Ng)　並(D)　不(D)　現實(VH)　肯定(VK)　會(D)　有(V_2)　更(D)　好(VH)　的(DE)　選擇(Na)　波蘭(Nc)　還可以(VH)　啦(T)　東歐(Nc)　是(SHI)　剛(D)　開始(VL)　繞路(VA)　就(D)　到(VCL)　了(Di),"[{'word': '北歐', 'ner': 'LOC'}, {'word': '波蘭', 'ner': 'GPE'}, {'word': '東歐', 'ner': 'LOC'}]"
上次飛米國從台中出發首爾轉機還去汗蒸幕下還不錯,上(Nes)　次(Nf)　飛(VA)　米國(Nc)　從(P)　台中(Nc)　出發(VA)　首爾(Nc)　轉機(Na)　還(D)　去(VCL)　汗蒸幕(Na)　下(Ng)　還(D)　不錯(VH),"[{'word': '米國', 'ner': 'GPE'}, {'word': '台中', 'ner': 'GPE'}, {'word': '首爾', 'ner': 'GPE'}]"
台中線不和聯營,台中線(Nc)　不和(D)　聯營(VA),"[{'word': '台中', 'ner': 'GPE'}]"
韓進集團對台中的態度就是做直飛為主,韓進(Nb)　集團(Na)　對(P)　台中(Nc)　的(DE)　態度(Na)　就(Cbb)　是(SHI)　做(VC)　直飛(VCL)　為主(VI),"[{'word': '韓進集團', 'ner': 'ORG'}, {'word': '台中', 'ner': 'GPE'}]"
未來想經韓國轉只能靠了,未來(Nd)　想(VE)　經(P)　韓國(Nc)　轉(VAC)　只(Da)　能(D)　靠(VJ)　了(Di),"[{'word': '韓國', 'ner': 'GPE'}]"
波蘭飛日本也是往南繞,波蘭(Nc)　飛(VA)　日本(Nc)　也(D)　是(SHI)　往(P)　南(Ncd)　繞(VA),"[{'word': '波蘭', 'ner': 'GPE'}, {'word': '日本', 'ner': 'GPE'}]"
還好啦再遠也沒倫敦遠,還好(D)　啦(T)　再(D)　遠(VH)　也(D)　沒(VJ)　倫敦(Nc)　遠(VH),"[{'word': '倫敦', 'ner': 'GPE'}]"
個學人精叫出專業星黑戶您們的老大都不上線了通知下不要造謠後落跑,個(Nf)　學人精(Na)　叫出(VC)　專業(VH)　星(Na)　黑戶(Na)　您們(Nh)　的(DE)　老大(Na)　都(D)　不(D)　上線(VA)　了(Di)　通知(VC)　下(Ng)　不要(D)　造謠(VA)　後(Ng)　落跑(VA),[]
讚唷,讚(VH)　唷(T),[]
樓上樓工商時報的那篇還提到星宇要開仁川不知道是從台北還是台中,樓上(Nc)　樓(Nc)　工商時報(Nb)　的(DE)　那(Nep)　篇(Nf)　還(D)　提到(VE)　星宇(Nb)　要(D)　開(VC)　仁川(Nc)　不(D)　知道(VK)　是(SHI)　從(P)　台北(Nc)　還是(Caa)　台中(Nc),"[{'word': '工商時報', 'ner': 'WORK_OF_ART'}, {'word': '星宇', 'ner': 'ORG'}, {'word': '仁川', 'ner': 'GPE'}, {'word': '台北', 'ner': 'GPE'}, {'word': '台中', 'ner': 'GPE'}]"
芬蘭航空要把曼谷航線延伸至墨爾本跟聯營因為現在雪梨曼谷是芬蘭航空自家的感覺就是把客人送到新加坡曼谷轉運到歐陸二三線城市因為曼谷那邊載客率並不是很好所以延伸至墨爾本看能不能多載些的轉機客人至於台灣部分我覺得興趣缺缺畢竟沒了俄羅斯空域要多兩小時航程,芬蘭(Nc)　航空(Na)　要(D)　把(P)　曼谷(Nc)　航線(Na)　延伸至(VCL)　墨爾本(Nc)　跟(P)　聯營(VA)　因為(Cbb)　現在(Nd)　雪梨(Nc)　曼谷(Nc)　是(SHI)　芬蘭(Nc)　航空(Na)　自家(Nc)　的(DE)　感覺(Na)　就是(Cbb)　把(P)　客人(Na)　送到(VC)　新加坡(Nc)　曼谷(Nc)　轉運到(VC)　歐陸(Nc)　二三(Neu)　線(Nf)　城市(Nc)　因為(Cbb)　曼谷(Nc)　那邊(Ncd)　載客率(Na)　並(D)　不(D)　是(SHI)　很(Dfa)　好(VH)　所以(Cbb)　延伸至(VCL)　墨爾本(Nc)　看(VE)　能不能(D)　多(D)　載(VC)　些(Dfb)　的(DE)　轉機(Na)　客人(Na)　至於(P)　台灣(Nc)　部分(Neqa)　我(Nh)　覺得(VK)　興趣(Na)　缺缺(VH)　畢竟(D)　沒(VJ)　了(Di)　俄羅斯(Nc)　空域(Na)　要(D)　多(VH)　兩(Neu)　小時(Na)　航程(Na),"[{'word': '芬蘭航空', 'ner': 'ORG'}, {'word': '曼谷', 'ner': 'GPE'}, {'word': '墨爾本', 'ner': 'GPE'}, {'word': '雪梨', 'ner': 'GPE'}, {'word': '曼谷', 'ner': 'GPE'}, {'word': '芬蘭', 'ner': 'GPE'}, {'word': '新加坡', 'ner': 'GPE'}, {'word': '曼谷', 'ner': 'GPE'}, {'word': '歐陸', 'ner': 'LOC'}, {'word': '曼谷', 'ner': 'GPE'}, {'word': '墨爾本', 'ner': 'GPE'}, {'word': '台灣', 'ner': 'GPE'}, {'word': '俄羅斯', 'ner': 'GPE'}, {'word': '兩小時', 'ner': 'TIME'}]"
桃園仁川班次滿了,桃園(Nc)　仁川(Nc)　班次(Na)　滿(VJ)　了(Di),"[{'word': '桃園', 'ner': 'GPE'}, {'word': '仁川', 'ner': 'GPE'}]"
台中仁川是可以期待看看,台中(Nc)　仁川(Nc)　是(SHI)　可以(D)　期待(VK)　看看(Di),"[{'word': '台中', 'ner': 'GPE'}, {'word': '仁川', 'ner': 'GPE'}]"
能不能在夾擊下生存,能不能(D)　在(P)　夾擊(VC)　下(Ng)　生存(VH),[]
現有台華航線都是熱門航點台中看起來市場很大,現有(A)　台華(Nc)　航線(Na)　都(D)　是(SHI)　熱門(VH)　航點(Na)　台中(Nc)　看起來(D)　市場(Nc)　很(Dfa)　大(VH),"[{'word': '台', 'ner': 'GPE'}, {'word': '華', 'ner': 'GPE'}, {'word': '台中', 'ner': 'GPE'}]"
但是現階段看起來大家還是挺在意價格的,但是(Cbb)　現階段(Nd)　看起來(D)　大家(Nh)　還是(D)　挺(Dfa)　在意(VK)　價格(Na)　的(T),[]
不然增班就不會直接搞到自己人了,不然(Cbb)　增班(Nc)　就(D)　不會(D)　直接(VH)　搞到(VC)　自己人(Na)　了(T),[]
芬蘭絕對不可能上次連從曼谷飛經濟艙都空個位子,芬蘭(Nc)　絕對(D)　不可能(D)　上(Nes)　次(Nf)　連(Cbb)　從(P)　曼谷(Nc)　飛(VA)　經濟艙(Na)　都(D)　空(VHC)　個(Nf)　位子(Na),"[{'word': '芬蘭', 'ner': 'GPE'}, {'word': '曼谷', 'ner': 'GPE'}]"
所以我才說延伸至墨爾本看能不能撈到些的轉機客是飛雪梨自家捷星飛珀斯曼谷看能不能把些客人轉移到這邊另外要跟大家說抱歉應該不會跳槽了不好意思,所以(Cbb)　我(Nh)　才(Da)　說(VE)　延伸(VCL)　至(P)　墨爾本(Nc)　看(VE)　能不能(D)　撈到(VC)　些(Nf)　的(DE)　轉機客(Na)　是(SHI)　飛(VA)　雪梨(Nc)　自家(Nc)　捷星(Nb)　飛(VA)　珀斯(Nc)　曼谷(Nc)　看(VE)　能不能(D)　把(P)　些(Nf)　客人(Na)　轉移到(VC)　這邊(Ncd)　另外(Da)　要(D)　跟(P)　大家(Nh)　說(VE)　抱歉(VK)　應該(D)　不會(D)　跳槽(VA)　了(Di)　不好意思(VH),"[{'word': '墨爾本', 'ner': 'GPE'}, {'word': '雪梨', 'ner': 'GPE'}, {'word': '捷星', 'ner': 'ORG'}, {'word': '珀斯曼谷', 'ner': 'GPE'}]"
北歐的難處對航空環境有點瞭解的都知道,北歐(Nc)　的(DE)　難處(Na)　對(P)　航空(Na)　環境(Na)　有點(V_2)　瞭解(VK)　的(DE)　都(D)　知道(VK),"[{'word': '北歐', 'ner': 'LOC'}]"
到底還有什麼好談,到底(D)　還(D)　有(V_2)　什麼(Nep)　好(D)　談(VE),[]
可是我在網路上找到些資料法荷航集團說用換其實還蠻值得的或許可能跟芬蘭那邊似乎是不同的市場順帶提葡萄牙收購案名花有主之後很可能把股份丟給土航目前土航已有股份天合可能又要少名成員了,可是(Cbb)　我(Nh)　在(P)　網路(Na)　上(Ncd)　找到(VC)　些(Nf)　資料(Na)　法荷航(Nb)　集團(Na)　說(VE)　用(P)　換(VC)　其實(D)　還(D)　蠻(Dfa)　值得(VH)　的(T)　或許(D)　可能(D)　跟(P)　芬蘭(Nc)　那邊(Ncd)　似乎(D)　是(SHI)　不同(VH)　的(DE)　市場(Nc)　順帶(D)　提(VE)　葡萄牙(Nc)　收購案(Na)　名花(VH)　有主(V_2)　之後(Ng)　很(Dfa)　可能(VH)　把(P)　股份(Na)　丟給(VD)　土航(Nc)　目前(Nd)　土航(Nc)　已(D)　有(V_2)　股份(Na)　天合(Na)　可能(D)　又(D)　要(D)　少(VH)　名(Nf)　成員(Na)　了(T),"[{'word': '法荷航集團', 'ner': 'ORG'}, {'word': '芬蘭', 'ner': 'GPE'}, {'word': '葡萄牙', 'ner': 'GPE'}, {'word': '土航', 'ner': 'ORG'}, {'word': '土航', 'ner': 'ORG'}]"
打從開始就不可能離開寰宇天合有沒有都沒什麼差,打從(P)　開始(VH)　就(D)　不可能(D)　離開(VC)　寰宇天合(Na)　有(D)　沒有(D)　都(D)　沒(VJ)　什麼(Nep)　差(VH),[]
不過你都這麼說了,不過(Cbb)　你(Nh)　都(D)　這麼(D)　說(VE)　了(Di),[]
看來這件事情應該是不會發生了,看來(D)　這(Nep)　件(Nf)　事情(Na)　應該(D)　是(SHI)　不會(D)　發生(VJ)　了(Di),[]
因為即將要審查跟的案子因為這個案子背後是操作的而且最近跟法荷航集團大堆共掛航班我在想是不是要跳槽到天合,因為(Cbb)　即將(D)　要(D)　審查(VC)　跟(P)　的(DE)　案子(Na)　因為(Cbb)　這(Nep)　個(Nf)　案子(Na)　背後(Nc)　是(SHI)　操作(VC)　的(T)　而且(Cbb)　最近(Nd)　跟(P)　法荷航(Nb)　集團(Na)　大堆(VH)　共(Da)　掛(VC)　航班(Na)　我(Nh)　在(P)　想(VE)　是(SHI)　不(D)　是(SHI)　要(D)　跳槽(VA)　到(P)　天合(Nc),"[{'word': '法荷航集團', 'ner': 'ORG'}]"
但後來發覺不對最近也是跟大堆共掛背後的股東就是所以不好意思沒看到共掛這塊就隨便下評論目前股份就是土航在葡萄牙航空收購案之後把股份丟給土航反正還有自家,但(Cbb)　後來(Nd)　發覺(VK)　不(D)　對(VH)　最近(Nd)　也(D)　是(SHI)　跟(P)　大堆(VH)　共掛(VC)　背後(Nc)　的(DE)　股東(Na)　就是(Cbb)　所以(Cbb)　不好意思(VH)　沒(D)　看到(VE)　共掛(VC)　這(Nep)　塊(Nf)　就(D)　隨便(VH)　下(VC)　評論(Na)　目前(Nd)　股份(Na)　就是(D)　土航(Nc)　在(P)　葡萄牙(Nc)　航空(Na)　收購案(Na)　之後(Ng)　把(P)　股份(Na)　丟給(VD)　土航(Nc)　反正(D)　還(D)　有(V_2)　自家(Nc),"[{'word': '共掛', 'ner': 'ORG'}, {'word': '共掛', 'ner': 'ORG'}, {'word': '土航', 'ner': 'ORG'}, {'word': '葡萄牙', 'ner': 'GPE'}, {'word': '土航', 'ner': 'ORG'}]"
所以願意過著跟同班同學吵架的日子也不轉班,所以(Cbb)　願意(VK)　過(VCL)　著(Di)　跟(P)　同班(VI)　同學(Na)　吵架(VA)　的(DE)　日子(Na)　也(D)　不(D)　轉班(VA),[]
互看不順眼的大頭應該還是比當別人小弟實在不然問問跟他吵架的同學,互看不順眼(D)　的(DE)　大頭(Na)　應該(D)　還是(D)　比(P)　當(VG)　別人(Nh)　小弟(Na)　實在(D)　不然(VH)　問問(VE)　跟(P)　他(Nh)　吵架(VA)　的(DE)　同學(Na),[]
問對方要不要轉班,問(VE)　對方(Nh)　要不要(D)　轉班(VA),[]
星宇無意開航高雄,星宇(Na)　無意(VL)　開航(VA)　高雄(Nc),"[{'word': '星宇', 'ner': 'ORG'}, {'word': '高雄', 'ner': 'GPE'}]"
何必開櫃檯貴賓室機位讓公司空轉呢,何必(D)　開(VC)　櫃檯(Nc)　貴賓室(Nc)　機位(Na)　讓(VL)　公司(Nc)　空轉(VAC)　呢(T),[]
不想要米蘭啊歐搜雷米歐,不(D)　想(VE)　要(VC)　米蘭(Nc)　啊(T)　歐搜雷米歐(Nb),"[{'word': '米蘭', 'ner': 'ORG'}, {'word': '雷米歐', 'ner': 'PERSON'}]"
不過跟的到之後再觀察會不會轉跟合作米蘭長榮不是每天飛嗎,不過(Cbb)　跟(P)　的(DE)　到(VCL)　之後(Ng)　再(D)　觀察(VE)　會不會(D)　轉(VAC)　跟(P)　合作(VH)　米蘭(Nc)　長榮(Nb)　不(D)　是(SHI)　每(Nes)　天(Nf)　飛(VA)　嗎(T),"[{'word': '米蘭', 'ner': 'GPE'}, {'word': '長榮', 'ner': 'ORG'}]"
三月要去已經要開票了來不及等了,三月(Nd)　要(D)　去(VCL)　已經(D)　要(D)　開票(VA)　了(Di)　來不及(D)　等(VC)　了(Di),"[{'word': '三月', 'ner': 'DATE'}]"
有聽說拿不到澳洲航權除了跟澳洲政府還有也在背後從中作梗,有(V_2)　聽說(VE)　拿(VC)　不(D)　到(VC)　澳洲(Nc)　航權(Na)　除了(P)　跟(P)　澳洲(Nc)　政府(Na)　還(D)　有(V_2)　也(D)　在(P)　背後(Nc)　從中作梗(VA),"[{'word': '澳洲', 'ner': 'NORP'}, {'word': '澳洲', 'ner': 'NORP'}]"
整個歐洲景點都中國韓國,整(Neqa)　個(Nf)　歐洲(Nc)　景點(Na)　都(D)　中國(Nc)　韓國(Nc),"[{'word': '歐洲', 'ner': 'LOC'}, {'word': '中國韓國', 'ner': 'GPE'}]"
台灣根本沒什麼看到,台灣(Nc)　根本(D)　沒(VJ)　什麼(Nep)　看到(VE),"[{'word': '台灣', 'ner': 'GPE'}]"
期待蘇黎世,期待(VK)　蘇黎世(Nc),"[{'word': '蘇黎世', 'ner': 'GPE'}]"
星宇三月不可能開歐洲吧太趕了,星宇(Nb)　三月(Nd)　不可能(D)　開(VC)　歐洲(Nc)　吧(T)　太(Dfa)　趕(VH)　了(Di),"[{'word': '星宇', 'ner': 'ORG'}, {'word': '三月', 'ner': 'DATE'}, {'word': '歐洲', 'ner': 'LOC'}]"
樓上安心開票吧,樓上(Nc)　安心(VH)　開票(VA)　吧(T),[]
布拉格機場去歐積電大約兩小時吧,布拉格(Nc)　機場(Nc)　去(VCL)　歐積電(Nb)　大約(Da)　兩(Neu)　小時(Na)　吧(T),"[{'word': '布拉格機場', 'ner': 'FAC'}, {'word': '歐積電', 'ner': 'ORG'}, {'word': '兩小時', 'ner': 'TIME'}]"
沒有首爾,沒有(VJ)　首爾(Nc),"[{'word': '首爾', 'ner': 'GPE'}]"
來源星宇航空,來源(Na)　星宇(Nb)　航空(Na),[]
藝術機誕生,藝術機(Na)　誕生(VA),[]
立於蒼穹之中,立於(VCL)　蒼穹(Nc)　之中(Ng),[]
藝術計劃正式亮相,藝術(Na)　計劃(Na)　正式(VH)　亮相(VA),[]
歷經三年的籌備與規劃,歷經(VJ)　三(Neu)　年(Nf)　的(DE)　籌備(VC)　與(Caa)　規劃(VC),"[{'word': '三年', 'ner': 'DATE'}]"
星宇航空,星宇(Na)　航空(Na),"[{'word': '星宇航空', 'ner': 'ORG'}]"
攜手殿堂級日本藝術家空山基,攜手(D)　殿堂級(Na)　日本(Nc)　藝術家(Na)　空山基(Nb),"[{'word': '日本', 'ner': 'NORP'}, {'word': '空山基', 'ner': 'PERSON'}]"
將轉化為飛行的空中鉅,將(D)　轉化為(VG)　飛行(VA)　的(DE)　空中(Nc)　鉅(VH),[]
重新定義飛機塗裝,重新(D)　定義(VC)　飛機(Na)　塗裝(VC),[]
空山基以兩架新世代作為畫,空山基(Nb)　以(P)　兩(Neu)　架(Nf)　新(VH)　世代(Na)　作為(VG)　畫(Na),"[{'word': '空山基', 'ner': 'PERSON'}, {'word': '兩', 'ner': 'CARDINAL'}]"
運用年創作累積的視覺語彙,運用(VC)　年(Nf)　創作(VC)　累積(VC)　的(DE)　視覺(Na)　語彙(Na),[]
將金銀光澤融入航機之中,將(P)　金銀(Na)　光澤(Na)　融入(VC)　航機(Na)　之中(Ng),[]
化雲層為空中展場,化(VG)　雲層(Na)　為(VG)　空中(Nc)　展場(Nc),[]
讓飛機成為宏偉的飛行鉅作,讓(VL)　飛機(Na)　成為(VG)　宏偉(VH)　的(DE)　飛行(Nv)　鉅作(Na),[]
每次飛行皆是場撼動感性的體驗,每(Nes)　次(Nf)　飛行(VA)　皆(D)　是(SHI)　場(Nf)　撼動(VC)　感性(VH)　的(DE)　體驗(VC),[]
此次合作亦開創全新模式空山基以個人名義冠名,此(Nep)　次(Nf)　合作(VH)　亦(D)　開創(VC)　全新(VH)　模式(Na)　空山基(Nb)　以(P)　個人(Nh)　名義(Na)　冠名(VG),"[{'word': '空山基', 'ner': 'ORG'}]"
將代表航空的融入日文姓氏,將(D)　代表(VK)　航空(Na)　的(DE)　融入(VC)　日文(Na)　姓氏(Na),"[{'word': '日文', 'ner': 'LANGUAGE'}]"
創造出這個跨越界線的經典之作,創造出(VC)　這(Nep)　個(Nf)　跨越(VCL)　界線(Na)　的(DE)　經典(Na)　之(DE)　作(Na),[]
合作同時搭配推出主題機上備品專屬安全影片及聯名周邊商品,合作(VH)　同時(Nd)　搭配(VC)　推出(VC)　主題機(Na)　上(Ncd)　備品(Na)　專屬(VJ)　安全(VH)　影片(Na)　及(Caa)　聯名(D)　周邊(Nc)　商品(Na),[]
讓藝術體驗貫穿旅程的,讓(VL)　藝術(Na)　體驗(VC)　貫穿(VC)　旅程(Na)　的(DE),[]
每個環節,每(Nes)　個(Nf)　環節(Na),[]
更多資訊請至留言處點擊專屬網站連結,更多(Neqa)　資訊(Na)　請(VF)　至(P)　留言處(Nc)　點擊(VC)　專屬(VJ)　網站(Nc)　連結(VC),[]
空山基星宇航空,空山基(Nb)　星宇(Na)　航空(Na),[]
上代鋁合金機身要保留金屬色不難例如美航經典塗裝好奇複合機身要怎麼弄這個,上(Nes)　代(Na)　鋁合金(Na)　機身(Na)　要(D)　保留(VC)　金屬色(Na)　不(D)　難(VH)　例如(P)　美航(Nb)　經典(Na)　塗裝(VC)　好奇(VH)　複合(A)　機身(Na)　要(D)　怎麼(D)　弄(VC)　這(Nep)　個(Nf),"[{'word': '美航', 'ner': 'ORG'}]"
值得期待,值得(VH)　期待(VK),[]
好炫砲,好(Dfa)　炫(VH)　砲(Na),[]
期待模型機,期待(VK)　模型機(Na),[]
星宇美感真的比較好些有在顧,星宇(Na)　美感(Na)　真的(D)　比較(Dfa)　好些(Neqa)　有(V_2)　在(P)　顧(VK),[]
銀色的不錯看,銀色(Na)　的(DE)　不(VH)　錯(VH)　看(VC),[]
銀色好看,銀色(Na)　好看(VH),[]
閃閃亮晶晶,閃閃(VH)　亮晶晶(VH),[]
銀色的還不錯,銀色(Na)　的(DE)　還(Dfa)　不錯(VH),[]
金色的嗯,金色(Na)　的(DE)　嗯(I),[]
還不錯,還(D)　不錯(VH),[]
金斧頭銀斧頭,金(Na)　斧頭(Na)　銀(Na)　斧頭(Na),[]
金色遇到夕陽這畫面太美我不敢看,金色(Na)　遇到(VC)　夕陽(Na)　這(Nep)　畫面(Na)　太(Dfa)　美(VH)　我(Nh)　不(D)　敢(VL)　看(VC),[]
感覺蠻好看,感覺(VK)　蠻(Dfa)　好看(VH),[]
真的是空中鉅作星宇不愧為台灣之光唯精品,真的(D)　是(SHI)　空中(Nc)　鉅作(Na)　星宇(Na)　不愧為(VG)　台灣(Nc)　之(DE)　光(Na)　唯(Da)　精品(Na),"[{'word': '台灣', 'ner': 'GPE'}]"
這種大咖也來幫忙站台,這(Nep)　種(Nf)　大咖(Na)　也(D)　來(D)　幫忙(VC)　站台(VB),[]
董花錢不手軟是真的但好像只是對外,董(Nb)　花錢(VA)　不(D)　手軟(VH)　是(SHI)　真(D)　的(T)　但(Cbb)　好像(D)　只是(D)　對(P)　外(Ncd),[]
對內就不好說了聽說星宇員工都氣炸了,對(P)　內(Ncd)　就(D)　不(D)　好說(VH)　了(Di)　聽說(VE)　星宇(Nb)　員工(Na)　都(D)　氣炸(VH)　了(Di),[]
星宇的行銷預算無上限,星宇(Nb)　的(DE)　行銷(Na)　預算(Na)　無(VJ)　上限(Na),"[{'word': '星宇', 'ner': 'ORG'}]"
好酷的造型,好(Dfa)　酷(VH)　的(DE)　造型(Na),[]
期待實機,期待(VK)　實機(Na),[]
其實董本來根本不認識空山基哈哈,其實(D)　董(Nb)　本來(D)　根本(D)　不(D)　認識(VJ)　空山基(Nb)　哈哈(D),[]
你各位的年終變土壕金銀彩繪了,你(Nh)　各位(Nh)　的(DE)　年終(Nd)　變(VG)　土壕(Na)　金銀(Na)　彩繪(VC)　了(Di),[]
閃亮亮,閃亮亮(VH),[]
年終被塗在飛機上也是與有榮焉,年終(Nd)　被(P)　塗(VC)　在(P)　飛機(Na)　上(Ncd)　也(D)　是(SHI)　與有榮焉(VH),[]
講真的這合作很屌,講真的(VE)　這(Nep)　合作(VH)　很(Dfa)　屌(FW),[]
金銀各台耶好酷,金銀(Na)　各(Nes)　台(Nc)　耶(T)　好(Dfa)　酷(VH),[]
謝謝貴公司員工的年終,謝謝(VJ)　貴(Nes)　公司(Nc)　員工(Na)　的(DE)　年終(Nd),[]
含金湯匙出生好大喜功,含(VJ)　金(Na)　湯匙(Na)　出生(VA)　好大喜功(VH),[]
怎麼跟普通員工共情,怎麼(D)　跟(P)　普通(VH)　員工(Na)　共情(VH),[]
樓上讓我想到華航董事長是從基層爬上來的所以比較照顧員工福利,樓上(Nc)　讓(VL)　我(Nh)　想到(VE)　華航(Nc)　董事長(Na)　是(SHI)　從(P)　基層(A)　爬上來(VA)　的(T)　所以(Cbb)　比較(Dfa)　照顧(VC)　員工(Na)　福利(Na),"[{'word': '華航', 'ner': 'ORG'}]"
報導說第三季投入營運剛好對上開航歐洲這兩架不管拿去飛布拉格跟蘇黎世感覺都超適合但看得出來這次真的砸不少錢,報導(VE)　說(VE)　第三(Neu)　季(Nd)　投入(VC)　營運(Nv)　剛好(Da)　對上(VC)　開航(VA)　歐洲(Nc)　這(Nep)　兩(Neu)　架(Nf)　不管(Cbb)　拿去(VC)　飛(VA)　布拉格(Nc)　跟(Caa)　蘇黎世(Nc)　感覺(VK)　都(D)　超(VH)　適合(VH)　但(Cbb)　看得出來(VK)　這(Nep)　次(Nf)　真的(D)　砸(VC)　不少(Neqa)　錢(Na),"[{'word': '第三季', 'ner': 'DATE'}, {'word': '歐洲', 'ner': 'LOC'}, {'word': '兩', 'ner': 'CARDINAL'}, {'word': '布拉格', 'ner': 'GPE'}, {'word': '蘇黎世', 'ner': 'GPE'}]"
發表會,發表會(Na),[]
真的會飛喔,真的(D)　會(D)　飛(VA)　喔(T),[]
好美,好(Dfa)　美(VH),[]
有夠煩公司到底關我什麼事直提普通乘客根本不在乎公司年終,有夠(Dfa)　煩(VHC)　公司(Nc)　到底(D)　關(VJ)　我(Nh)　什麼(Nep)　事(Na)　直(D)　提(VE)　普通(VH)　乘客(Na)　根本(D)　不(D)　在乎(VK)　公司(Nc)　年終(Nd),[]
洗年終的早就被看破手腳,洗(VC)　年終(Nd)　的(DE)　早(D)　就(D)　被(P)　看破(VJ)　手腳(Na),[]
怎麼不說動物方城市塗裝拿來讓華航員工領更多,怎麼(D)　不(D)　說(VE)　動物方(Na)　城市(Na)　塗裝(VC)　拿來(VC)　讓(VL)　華航(Nc)　員工(Na)　領(VC)　更多(Neqa),"[{'word': '華航', 'ner': 'ORG'}]"
怎麼不說國泰金控不發多點給員工股東拿去投放,怎麼(D)　不(D)　說(VE)　國泰(Nb)　金控(Na)　不(D)　發(VD)　多(Neqa)　點(Nf)　給(P)　員工(Na)　股東(Na)　拿去(VC)　投放(VC),"[{'word': '國泰金控', 'ner': 'ORG'}]"
因為華航年中沒驚品航空那麼慘啊只能說董把錢花在行銷很正確,因為(Cbb)　華航(Nc)　年中(Nd)　沒(VJ)　驚品(Na)　航空(Na)　那麼(D)　慘(VH)　啊(T)　只(Da)　能(D)　說(VE)　董(Nb)　把(P)　錢(Na)　花(VC)　在(P)　行銷(Na)　很(Dfa)　正確(VH),"[{'word': '華航', 'ner': 'ORG'}, {'word': '年中', 'ner': 'DATE'}]"
養出不少星粉,養出(VC)　不少(Neqa)　星粉(Na),[]
很棒,很(Dfa)　棒(VH),[]
真是照顧星粉的好公司耶,真是(D)　照顧(VC)　星粉(Na)　的(DE)　好(VH)　公司(Nc)　耶(T),[]
至於員工就要不要做隨你囉對星宇來說員工就是免洗的,至於(P)　員工(Na)　就(D)　要不要(D)　做(VC)　隨(P)　你(Nh)　囉(T)　對(P)　星宇(Nb)　來(D)　說(VE)　員工(Na)　就(Cbb)　是(SHI)　免洗(A)　的(DE),"[{'word': '星宇', 'ner': 'ORG'}]"
你不做再招更便宜的進來就行,你(Nh)　不(D)　做(VC)　再(D)　招(VC)　更(D)　便宜(VH)　的(DE)　進來(VA)　就(D)　行(VA),[]
還好台灣還有星宇,還好(D)　台灣(Nc)　還(D)　有(V_2)　星宇(Na),"[{'word': '台灣', 'ner': 'GPE'}]"
救了中華民國美學,救(VC)　了(Di)　中華民國(Nc)　美學(Na),"[{'word': '中華民國美學', 'ner': 'ORG'}]"
真的是匡金又包銀,真的(D)　是(SHI)　匡(VH)　金(Na)　又(Caa)　包(VC)　銀(Na),"[{'word': '匡金', 'ner': 'PERSON'}]"
帥炸裂啦,帥(VH)　炸裂(VC)　啦(T),[]
金銀斧頭有夠地獄,金銀(Na)　斧頭(Na)　有夠(V_2)　地獄(Nc),[]
匡金又包銀,匡金(VA)　又(D)　包(VC)　銀(Na),"[{'word': '匡金', 'ner': 'PERSON'}]"
年終不值錢,年終(Nd)　不(D)　值錢(VH),[]
每個員工送對金銀飛機模型當年終紀念年後回來看滿滿的回憶,每(Nes)　個(Nf)　員工(Na)　送(VD)　對(P)　金銀(Na)　飛機(Na)　模型(Na)　當(P)　年終(Nd)　紀念年(VJ)　後(Ng)　回來(VA)　看(VC)　滿滿(VH)　的(DE)　回憶(Na),"[{'word': '年後', 'ner': 'DATE'}]"
你各位的年終不是不見,你(Nh)　各位(Nh)　的(DE)　年終(Nd)　不(D)　是(SHI)　不(VH)　見(VE),[]
是變成漂亮的樣子,是(SHI)　變成(VG)　漂亮(VH)　的(DE)　樣子(Na),[]
蠻好奇公司的年終跟般乘客有什麼關係,蠻(Dfa)　好奇(VH)　公司(Nc)　的(DE)　年終(Nd)　跟(P)　般(Ncd)　乘客(Na)　有(V_2)　什麼(Nep)　關係(Na),[]
年終不好工作心情不好乘客觀感不好,年終(Nd)　不(D)　好(VH)　工作(VA)　心情(Na)　不(D)　好(VH)　乘客(Na)　觀感(Na)　不(D)　好(VH),[]
怎樣的待遇就用怎樣的態度工作,怎樣(VH)　的(DE)　待遇(Na)　就(D)　用(P)　怎樣(VH)　的(DE)　態度(Na)　工作(VA),[]
乘客自然感受得到,乘客(Na)　自然(D)　感受(VK)　得(DE)　到(VK),[]
還沒公佈年終之前堆工作態度就很差了,還(D)　沒(D)　公佈(VE)　年終(Nd)　之前(Ng)　堆(VC)　工作(Na)　態度(Na)　就(D)　很(Dfa)　差(VH)　了(T),[]
其實彩繪相關周邊如果賣的夠多應該就能補回彩繪成本回本後還能持續提供業外收入重點還是能不能達到宣傳效果尤其外籍旅客,其實(D)　彩繪(VC)　相關(VH)　周邊(Nc)　如果(Cbb)　賣(VD)　的(DE)　夠多(Dfa)　應該(D)　就(D)　能(D)　補回(VC)　彩繪(Na)　成本(Na)　回本(VA)　後(Ng)　還(D)　能(D)　持續(VL)　提供(VD)　業(Na)　外(Ncd)　收入(Na)　重點(Na)　還是(D)　能不能(D)　達到(VJ)　宣傳(VC)　效果(Na)　尤其(D)　外籍(A)　旅客(Na),[]
金色的實體應該會悲劇,金色(Na)　的(DE)　實體(Na)　應該(D)　會(D)　悲劇(Na),[]
不期不待不受傷害,不期不待(D)　不(D)　受(VJ)　傷害(VC),[]
確實有點牛逼金角銀角,確實(D)　有點(Dfa)　牛(Na)　逼(VF)　金角(Na)　銀(Na)　角(Na),[]
機上餐具全改用金湯匙銀湯匙,機(Na)　上(Ncd)　餐具(Na)　全(Neqa)　改用(VC)　金(Na)　湯匙(Na)　銀(Na)　湯匙(Na),[]
您搭的是這架金飛機還是這架銀飛機,您(Nh)　搭(VC)　的(DE)　是(SHI)　這(Nep)　架(Nf)　金(Na)　飛機(Na)　還是(Caa)　這(Nep)　架(Nf)　銀(Na)　飛機(Na),[]
是蔡秋鳳女士的成名作品金包銀嗎,是(SHI)　蔡秋鳳(Nb)　女士(Na)　的(DE)　成名(VH)　作品(Na)　金(Na)　包銀(VC)　嗎(T),"[{'word': '蔡秋鳳', 'ner': 'PERSON'}]"
支持員工顧客的好公司,支持(VC)　員工(Na)　顧客(Na)　的(DE)　好(VH)　公司(Nc),[]
有點帥啊,有點(Dfa)　帥(VH)　啊(T),[]
不知道實體會怎樣就是了說實在,不(D)　知道(VK)　實體(Na)　會(D)　怎樣(VH)　就是了(VH)　說(VE)　實在(D),[]
身為旅客我根本不在乎公司給員工多少年終,身為(VG)　旅客(Na)　我(Nh)　根本(D)　不(D)　在乎(VK)　公司(Nc)　給(VD)　員工(Na)　多少(Neqa)　年終(Nd),[]
真外商堆零年終,真(VH)　外商(Na)　堆(Nb)　零(Neu)　年(Nd)　終(Ng),[]
誰在乎我們的感受了,誰(Nh)　在乎(VK)　我們(Nh)　的(DE)　感受(Na)　了(T),[]
公司怎麼對待員工,公司(Nc)　怎麼(D)　對待(VC)　員工(Na),[]
員工就怎麼對待旅客囉,員工(Na)　就(D)　怎麼(D)　對待(VC)　旅客(Na)　囉(T),[]
好奇實體,好奇(VH)　實體(Na),[]
哇居然有內褲老闆的信徒最好別人職業道德操守跟他樣爛啦,哇(I)　居然(D)　有(V_2)　內褲(Na)　老闆(Na)　的(DE)　信徒(Na)　最好(D)　別人(Nh)　職業(Na)　道德(Na)　操守(Na)　跟(P)　他(Nh)　樣(Ng)　爛(VH)　啦(T),[]
但不給員工錢,但(Cbb)　不(D)　給(VD)　員工(Na)　錢(Na),[]
老闆只是自爽充門面,老闆(Na)　只是(D)　自爽(VH)　充(VG)　門面(Na),[]
美航機身也是碳纖維複合材料,美航(Nc)　機身(Na)　也(D)　是(SHI)　碳纖維(Na)　複合(A)　材料(Na),"[{'word': '美航', 'ner': 'NORP'}]"
樣用雲母漆,樣(Na)　用(P)　雲母(Na)　漆(Na),[]
而且年就導入了,而且(Cbb)　年(Na)　就(D)　導入(VC)　了(Di),[]
好奇星宇這個雲母漆有什麼更神秘配方,好奇(VH)　星宇(Na)　這(Nep)　個(Nf)　雲母漆(Na)　有(V_2)　什麼(Nep)　更(Dfa)　神秘(VH)　配方(Na),[]
加薪好嗎,加薪(VB)　好(VH)　嗎(T),[]
這個在日出日落時會不會反射變光害啊,這(Nep)　個(Nf)　在(P)　日出(VA)　日落(VA)　時(Ng)　會不會(D)　反射(VJ)　變(Na)　光(Na)　害(Na)　啊(T),[]
新聞來源日期,新聞(Na)　來源(Na)　日期(Na),[]
新聞標題星宇航空台中飛神戶重落地民航局組員停飛調查,新聞(Na)　標題(Na)　星宇(Nb)　航空(Na)　台中(Nc)　飛(Nc)　神戶(Nc)　重(VH)　落地(VA)　民航局(Nc)　組員(Na)　停飛(VA)　調查(VE),"[{'word': '台中', 'ner': 'GPE'}, {'word': '神戶', 'ner': 'GPE'}, {'word': '民航局', 'ner': 'ORG'}]"
內文,內文(Na),[]
星宇航空日台中飛往神戶航班,星宇(Nb)　航空(Na)　日(Nc)　台中(Nc)　飛往(VCL)　神戶(Nc)　航班(Na),"[{'word': '星宇航', 'ner': 'ORG'}, {'word': '台中', 'ner': 'GPE'}, {'word': '神戶', 'ner': 'GPE'}]"
降落時出現重落地狀況,降落(VA)　時(Ng)　出現(VH)　重(VH)　落地(VA)　狀況(Na),[]
星宇航空表示,星宇(Nb)　航空(Na)　表示(VE),"[{'word': '星宇航空', 'ner': 'ORG'}]"
依規定已通報,依(P)　規定(Na)　已(D)　通報(VE),[]
民航局,民航局(Nc),"[{'word': '民航局', 'ner': 'ORG'}]"
民航局指出,民航局(Nc)　指出(VE),"[{'word': '民航局', 'ner': 'ORG'}]"
獲報後立即要求組員停飛配合調查,獲報(VE)　後(Ng)　立即(D)　要求(VF)　組員(Na)　停飛(VA)　配合(VC)　調查(Nv),[]
星宇航空今天表示,星宇(Nb)　航空(Na)　今天(Nd)　表示(VE),"[{'word': '星宇航空', 'ner': 'ORG'}, {'word': '今天', 'ner': 'DATE'}]"
台中飛往神戶航班,台中(Nc)　飛往(VCL)　神戶(Nc)　航班(Na),"[{'word': '台中', 'ner': 'GPE'}]"
在抵達神戶機場時遭遇瞬間陣風影響,在(P)　抵達(VCL)　神戶(Nc)　機場(Nc)　時(Ng)　遭遇(VJ)　瞬間(Nd)　陣風(Na)　影響(VC),"[{'word': '神戶機場', 'ner': 'FAC'}]"
機系統數值顯示異常,機(Na)　系統(Na)　數值(Na)　顯示(VK)　異常(VH),[]
基於飛航安全,基於(P)　飛航(VA)　安全(Nv),[]
依標準作業程序進行停機檢修,依(P)　標準(Na)　作業(Na)　程序(Na)　進行(VC)　停機(VH)　檢修(VC),[]
並依規定通報民航,並(Cbb)　依(P)　規定(Na)　通報(VE)　民航(Na),[]
目前航機完成相關檢查作業,目前(Nd)　航機(Na)　完成(VC)　相關(VH)　檢查(Nv)　作業(Na),[]
經原廠空中巴士回覆確認機體結構無虞,經(P)　原廠(Nc)　空中(Nc)　巴士(Na)　回覆(VD)　確認(VE)　機體(Na)　結構(Na)　無虞(VH),[]
民航局指出,民航局(Nc)　指出(VE),"[{'word': '民航局', 'ner': 'ORG'}]"
星宇航空航班日在日本神戶落地垂向值超限,星宇(Na)　航空(Na)　航班(Na)　日(Nd)　在(P)　日本(Nc)　神戶(Nc)　落地(VA)　垂向值(Na)　超限(VJ),"[{'word': '星宇航空航', 'ner': 'ORG'}, {'word': '日本', 'ner': 'GPE'}, {'word': '神戶', 'ner': 'GPE'}]"
民航局接獲通報後,民航局(Nc)　接獲(VC)　通報(VE)　後(Ng),"[{'word': '民航局', 'ner': 'ORG'}]"
即依程序要求保存座艙通話記錄器與數位飛行資料記錄器相關資料,即(D)　依(P)　程序(Na)　要求(VF)　保存(VC)　座艙(Na)　通話(VB)　記錄器(Na)　與(Caa)　數位(A)　飛行(VA)　資料(Na)　記錄器(Na)　相關(VH)　資料(Na),[]
員立即酒測,員(Na)　立即(D)　酒測(Na),[]
並停飛配合調查,並(Cbb)　停飛(VA)　配合(VC)　調查(Nv),[]
航機則依程序檢查,航機(Na)　則(D)　依(P)　程序(Na)　檢查(VE),[]
後續民航局持續調查中,後續(A)　民航局(Nc)　持續(VL)　調查(VE)　中(Ng),"[{'word': '民航局', 'ner': 'ORG'}]"
原文連結,原文(Na)　連結(VC),[]
嚴重的確實可能瞬間失去升力,嚴重(VH)　的(DE)　確實(D)　可能(D)　瞬間(Nd)　失去(VJ)　升力(Na),[]
前面那篇有人說沒事,前面(Ncd)　那(Nep)　篇(Nf)　有(V_2)　人(Na)　說(VE)　沒(VJ)　事(Na),[]
照文內第二段末的說法,照(P)　文(Na)　內(Ng)　第二(Neu)　段(Nf)　末(Ncd)　的(DE)　說法(Na),"[{'word': '第二', 'ner': 'ORDINAL'}]"
看起來是沒事,看起來(D)　是(SHI)　沒(VJ)　事(Na),[]
低調,低調(VH),[]
這麼嚴重,這麼(Dfa)　嚴重(VH),[]
大佬沒上片,大佬(Na)　沒(D)　上片(VH),"[{'word': '大佬', 'ner': 'PERSON'}]"
樓上幾個不用超譯,樓上(Nc)　幾(Neu)　個(Nf)　不用(D)　超譯(VC),[]
我只針對哪五個字額外修飛機,我(Nh)　只(Da)　針對(P)　哪(Nep)　五(Neu)　個(Nf)　字(Na)　額外(A)　修(VC)　飛機(Na),"[{'word': '五', 'ner': 'CARDINAL'}]"
講那五個字就是造謠,講(VE)　那(Nep)　五(Neu)　個(Nf)　字(Na)　就(D)　是(SHI)　造謠(VA),"[{'word': '五', 'ner': 'CARDINAL'}]"
不服可以來告我,不服(VK)　可以(D)　來(D)　告(VC)　我(Nh),[]
亂講造謠就請給我道歉,亂講(VE)　造謠(VA)　就(D)　請(VF)　給(P)　我(Nh)　道歉(VB),[]
天到晚放完話就不負責任,天到晚(VA)　放完(VC)　話(Na)　就(D)　不(D)　負責任(VH),[]
剛講完,剛(D)　講完(VC),[]
大佬還在分享就來,大佬(Na)　還(D)　在(P)　分享(VJ)　就(D)　來(D),"[{'word': '大佬', 'ner': 'PERSON'}]"
額外修飛機是什麼意思啊,額外(A)　修(VC)　飛機(Na)　是(SHI)　什麼(Nep)　意思(Na)　啊(T),[]
我還真看不懂,我(Nh)　還(D)　真(D)　看(VJ)　不(D)　懂(VJ),[]
星宇高標準看待飛安主動通報確認機體結構無虞根本飛安模範生的表現董最重視的就是飛安不容妥協,星宇(Nb)　高標準(Na)　看待(VC)　飛安(Na)　主動(VH)　通報(VE)　確認(VE)　機體(Na)　結構(Na)　無虞(VH)　根本(D)　飛安(Na)　模範生(Na)　的(DE)　表現(Na)　董(Nb)　最(Dfa)　重視(VJ)　的(DE)　就(D)　是(SHI)　飛安(Na)　不容(D)　妥協(VA),"[{'word': '星宇', 'ner': 'ORG'}]"
等調查吧希望沒事,等(VC)　調查(VE)　吧(T)　希望(VK)　沒(VJ)　事(Na),[]
這個都好幾天了才上新聞呵,這(Nep)　個(Nf)　都(D)　好幾(Neu)　天(Nf)　了(T)　才(Da)　上(VCL)　新聞(Na)　呵(I),"[{'word': '好幾天', 'ner': 'DATE'}]"
地停天後低空飛回桃園甚至中間必須中停沖繩才能到猜測機身可能有損傷算是合理懷疑吧既然都合理懷疑機身可能受損,地(Na)　停(VHC)　天(Na)　後(Ng)　低空(Nc)　飛回(VCL)　桃園(Nc)　甚至(D)　中間(Ncd)　必須(D)　中停(VHC)　沖繩(Nc)　才(Da)　能(D)　到(P)　猜測(VE)　機身(Na)　可能(D)　有(V_2)　損傷(VJ)　算是(VG)　合理(VH)　懷疑(VK)　吧(T)　既然(Cbb)　都(D)　合理(VH)　懷疑(VK)　機身(Na)　可能(D)　受損(VH),"[{'word': '桃園', 'ner': 'GPE'}, {'word': '沖繩', 'ner': 'GPE'}]"
那有修理費用不也很合理,那(Nep)　有(V_2)　修理(VC)　費用(Na)　不(D)　也(D)　很(Dfa)　合理(VH),[]
我建議您在懷疑之前先去充實下航空知識跟常識而不是跟樣造謠很抱歉您的推論完全是錯的要聲稱額外修飛機,我(Nh)　建議(VE)　您(Nh)　在(P)　懷疑(VK)　之前(Ng)　先(D)　去(D)　充實(VHC)　下(Ng)　航空(Na)　知識(Na)　跟(P)　常識(Na)　而(Cbb)　不(D)　是(SHI)　跟樣(P)　造謠(VA)　很(Dfa)　抱歉(VK)　您(Nh)　的(DE)　推論(Na)　完全(D)　是(SHI)　錯(VH)　的(DE)　要(D)　聲稱(VE)　額外(A)　修(VC)　飛機(Na),[]
請拿出證據來,請(VF)　拿出(VC)　證據(Na)　來(D),[]
而不是個完全錯誤的推論,而(Cbb)　不(D)　是(SHI)　個(Nf)　完全(D)　錯誤(VH)　的(DE)　推論(Na),[]
你們可以問問大佬,你們(Nh)　可以(D)　問問(VE)　大佬(Na),[]
純噓低調停三天,純(VH)　噓(I)　低調(VH)　停(VHC)　三(Neu)　天(Nf),"[{'word': '三天', 'ner': 'DATE'}]"
停到今天沒動靜高規格對待沒事沒事,停(VHC)　到(P)　今天(Nd)　沒(VJ)　動靜(Na)　高規格(VH)　對待(VC)　沒(VJ)　事(Na)　沒(VJ)　事(Na),"[{'word': '今天', 'ner': 'DATE'}]"
經原廠空中巴士回覆確認機體結構無虞,經(P)　原廠(Nc)　空中(Nc)　巴士(Na)　回覆(VD)　確認(VE)　機體(Na)　結構(Na)　無虞(VH),[]
我好怕,我(Nh)　好(Dfa)　怕(VK),[]
別造謠阿,別(D)　造謠(VA)　阿(Nb),[]
靜待調查結果很難嗎,靜待(VK)　調查(Nv)　結果(Na)　很(Dfa)　難(VH)　嗎(T),[]
飛安第星宇不缺飛機,飛安(Na)　第星(Neu)　宇(Nc)　不(D)　缺(VJ)　飛機(Na),[]
怕什麼有種喊不要搭嗎真是酸到雙標,怕(VK)　什麼(Nep)　有種(VH)　喊(VE)　不要(D)　搭(VC)　嗎(T)　真是(D)　酸(VH)　到(P)　雙(A)　標(Na),[]
是空巴著陸前推桿,是(SHI)　空巴(VH)　著陸(VA)　前(Ng)　推桿(Na),[]
自動油門會幫倒忙的問題,自動(VH)　油門(Na)　會(D)　幫倒(VA)　忙(VH)　的(DE)　問題(Na),[]
不是呎鎖住的問題啦,不(D)　是(SHI)　呎(Nf)　鎖住(VC)　的(DE)　問題(Na)　啦(T),[]
今天上班囉,今天(Nd)　上班(VA)　囉(T),"[{'word': '今天', 'ner': 'DATE'}]"
皇城內片和氣,皇城(Nc)　內(Ncd)　片(Na)　和氣(VH),[]
他怒星宇商務艙悶熱拒再搭內行說原因空服員無能為力,他(Nh)　怒(VH)　星宇(Nb)　商務艙(Na)　悶熱(VH)　拒(VF)　再(D)　搭(VC)　內行(VI)　說(VE)　原因(Na)　空服員(Na)　無能為力(VH),[]
聯合新聞網,聯合(VC)　新聞網(Na),[]
名旅客近日在臉書社團星宇航空討論區發文抱怨,名(Nf)　旅客(Na)　近日(Nd)　在(P)　臉書(Na)　社團(Na)　星宇(Nb)　航空(Na)　討論區(Nc)　發文(VC)　抱怨(VE),[]
搭乘星宇航,搭乘(VC)　星宇航(Na),[]
空北海道班機返台時,空(Nc)　北海道(Nc)　班機(Na)　返台(VA)　時(Ng),"[{'word': '北海道', 'ner': 'GPE'}, {'word': '台', 'ner': 'GPE'}]"
商務艙明顯悶熱不適,商務艙(Na)　明顯(VH)　悶熱(VH)　不適(VH),[]
冷氣效果不佳,冷氣(Na)　效果(Na)　不佳(VH),[]
多次反映卻未改善,多(Neqa)　次(Nf)　反映(VE)　卻(D)　未(D)　改善(VC),[]
直言,直言(VE),[]
花快萬機票是花心酸的,花(VC)　快(VH)　萬(Neu)　機票(Na)　是(SHI)　花心酸(VH)　的(DE),"[{'word': '快萬', 'ner': 'CARDINAL'}]"
更揚言拒絕再搭星宇,更(Dfa)　揚言(VE)　拒絕(VF)　再(D)　搭(VC)　星宇(Na),"[{'word': '星宇', 'ner': 'PERSON'}]"
該名旅客表示,該(Nes)　名(Nf)　旅客(Na)　表示(VE),[]
回程搭乘下午點分的班機,回程(Na)　搭乘(VC)　下午(Nd)　點分(Neqa)　的(DE)　班機(Na),"[{'word': '下午點分', 'ner': 'TIME'}]"
飛行近小時,飛行(VA)　近(Da)　小時(Na),"[{'word': '近小時', 'ner': 'TIME'}]"
直到下機才感受到涼意,直到(P)　下(VA)　機(Na)　才(Da)　感受到(VK)　涼意(Na),[]
提到,提到(VE),[]
商務艙共有個座位,商務艙(Na)　共有(Da)　個(Nf)　座位(Na),[]
僅以片布簾與經濟艙隔開,僅(Da)　以(P)　片(Na)　布簾(Na)　與(Caa)　經濟艙(Na)　隔開(VC),[]
感覺簡陋,感覺(VK)　簡陋(VH),[]
且座位沒有個人冷,且(Cbb)　座位(Na)　沒有(VJ)　個人(Nh)　冷(VH),[]
氣出風口,氣(Na)　出風口(Nc),[]
空服員雖多次提供冰水與冰塊協助降溫,空服員(Na)　雖(Cbb)　多(Neqa)　次(Nf)　提供(VD)　冰水(Na)　與(Caa)　冰塊(Na)　協助(VC)　降溫(VH),[]
並表示冷氣已調至度,並(Cbb)　表示(VE)　冷氣(Na)　已(D)　調(VC)　至(P)　度(Nf),[]
但風量無法,但(Cbb)　風量(Na)　無法(D),[]
調整,調整(VC),[]
實際感受仍十分悶熱,實際(VH)　感受(Na)　仍(D)　十分(Dfa)　悶熱(VH),[]
旅客說,旅客(Na)　說(VE),[]
他曾反映多達次,他(Nh)　曾(D)　反映(VE)　多達(VJ)　次(Nes),[]
空服員坦言其座位位置悶熱,空服員(Na)　坦言(VE)　其(Nep)　座位(Na)　位置(Na)　悶熱(VH),[]
冷氣出風口僅在最上排,冷氣(Na)　出風口(Nc)　僅(Da)　在(P)　最(Dfa)　上(Ncd)　排(Nf),[]
幾乎沒有風,幾乎(Da)　沒有(VJ)　風(Na),[]
還建議他起身走動降溫,還(D)　建議(VE)　他(Nh)　起身(VA)　走動(VA)　降溫(VH),[]
他並透露,他(Nh)　並(D)　透露(VE),[]
行李箱輪子在回程被損壞,行李箱(Na)　輪子(Na)　在(P)　回程(Na)　被(P)　損壞(VC),[]
雖已獲得,雖(Cbb)　已(D)　獲得(VJ),[]
賠償新行李箱,賠償(VD)　新(VH)　行李箱(Na),[]
但冷氣問題讓他無法接受,但(Cbb)　冷氣(Na)　問題(Na)　讓(VL)　他(Nh)　無法(D)　接受(VC),[]
事後致電客服申訴兩天未獲回應,事(Na)　後(Ng)　致電(VC)　客服(Na)　申訴(VE)　兩(Neu)　天(Nf)　未(D)　獲(VJ)　回應(VC),"[{'word': '兩天', 'ner': 'DATE'}]"
因而揚言,因而(Cbb)　揚言(VE),[]
拒坐星宇,拒(VF)　坐(VA)　星宇(Na),[]
並強調發文是給高層看的,並(Cbb)　強調(VE)　發文(VC)　是(SHI)　給(P)　高層(Na)　看(VC)　的(T),[]
該文曝光後引來位網友回應,該(Nes)　文(Na)　曝光(VH)　後(Ng)　引來(VC)　位(Nf)　網友(Na)　回應(VC),[]
勸告原別花了錢還氣壞身體,勸告(Na)　原(D)　別(D)　花(VC)　了(Di)　錢(Na)　還(D)　氣壞(VJ)　身體(Na),[]
指出這是近年航空業追求,指出(VE)　這(Nep)　是(SHI)　近年(Nd)　航空業(Na)　追求(VC),[]
機艙美學與減重而取消個人冷氣出風口的設計趨勢,機艙(Na)　美學(Na)　與(Caa)　減重(VA)　而(Cbb)　取消(VC)　個人(Nh)　冷氣(Na)　出風口(Nc)　的(DE)　設計(Na)　趨勢(Na),[]
尤其在廣體客機如上,尤其(D)　在(P)　廣體(VH)　客機(Na)　如上(VH),[]
較常見,較(Dfa)　常見(VH),[]
對習慣自行控溫的乘客而言極為不便,對(P)　習慣(VL)　自行(D)　控溫(VC)　的(DE)　乘客(Na)　而言(Cbb)　極為(Dfa)　不便(VH),[]
但原提及上週坐的那台人座商務艙,但(Cbb)　原(D)　提及(VE)　上(Nes)　週(Nf)　坐(VA)　的(DE)　那(Nep)　台(Nf)　人座(Na)　商務艙(Na),"[{'word': '上週', 'ner': 'DATE'}]"
小飛機,小(VH)　飛機(Na),[]
的確有個人出風口,的確(D)　有(V_2)　個(Nh)　人(Na)　出風口(Nc),[]
你罵得完全正確,你(Nh)　罵(VC)　得(DE)　完全(D)　正確(VH),[]
該網友也指出,該(Nes)　網友(Na)　也(D)　指出(VE),[]
基層空服員在硬體設計限制下難以即時處理,基層(A)　空服員(Na)　在(P)　硬體(Na)　設計(Na)　限制(Na)　下(Ng)　難以(D)　即時(D)　處理(VC),[]
只能不斷以遞冰水等方式試,只(Da)　能(D)　不斷(D)　以(P)　遞(VD)　冰水(Na)　等(Cab)　方式(Na)　試(VF),[]
圖把原這座活火山給澆熄,圖(VF)　把(P)　原(A)　這(Nep)　座(Nf)　活火山(Na)　給(P)　澆熄(VC),[]
但實際問題仍出在機艙設計,但(Cbb)　實際(VH)　問題(Na)　仍(D)　出(VC)　在(P)　機艙(Na)　設計(Na),[]
基層人員說穿了也是硬體,基層(A)　人員(Na)　說穿(VC)　了(Di)　也(D)　是(SHI)　硬體(Na),[]
設計失誤下的犧牲品,設計(Na)　失誤(Na)　下(Ng)　的(DE)　犧牲品(Na),[]
他比喻晚萬的飯店,他(Nh)　比喻(VE)　晚萬(Nd)　的(DE)　飯店(Nc),[]
冷氣不涼,冷氣(Na)　不(D)　涼(VH),[]
再有禮貌的服務也救不了,再(D)　有(V_2)　禮貌(Na)　的(DE)　服務(VC)　也(D)　救不了(VC),[]
至於為何星宇客服始終未正式回應原,至於(P)　為何(D)　星宇(Nb)　客服(Na)　始終(D)　未(D)　正式(VH)　回應(VC)　原(A),[]
該名網友笑稱估計是因為你的申訴太精準,該(Nes)　名(Nf)　網友(Na)　笑稱(VE)　估計(VE)　是(SHI)　因為(Cbb)　你(Nh)　的(DE)　申訴(VE)　太(Dfa)　精準(VH),[]
他們客服還在想怎麼回,他們(Nh)　客服(Na)　還(D)　在(P)　想(VE)　怎麼(D)　回(VCL),[]
才不會被你這種邏輯強的人抓到把柄,才(Da)　不會(D)　被(P)　你(Nh)　這(Nep)　種(Nf)　邏輯(Na)　強(VH)　的(DE)　人(Na)　抓到(VC)　把柄(Na),[]
認為星宇既然已經賠了,認為(VE)　星宇(Nb)　既然(Cbb)　已經(D)　賠(VD)　了(Di),[]
行李箱,行李箱(Na),[]
代表還知道要臉,代表(VK)　還(D)　知道(VK)　要臉(VH),[]
至於那幾小時的悶熱,至於(P)　那(Nep)　幾(Neu)　小時(Na)　的(DE)　悶熱(Nv),"[{'word': '那幾小時', 'ner': 'DATE'}]"
就當作是幫董張國煒繳學費,就(D)　當作(VG)　是(SHI)　幫(P)　董(Nb)　張國煒(Nb)　繳(VD)　學費(Na),"[{'word': '張國煒', 'ner': 'PERSON'}]"
他知道冷氣涼不涼才是重點,他(Nh)　知道(VK)　冷氣(Na)　涼(VH)　不(D)　涼(VH)　才(Da)　是(SHI)　重點(Na),[]
旅客說曾反映多達次,旅客(Na)　說(VE)　曾(D)　反映(VE)　多達(VJ)　次(Nes),[]
空服員坦言其座位位置悶熱幾乎沒有風,空服員(Na)　坦言(VE)　其(Nep)　座位(Na)　位置(Na)　悶熱(VH)　幾乎(Da)　沒有(VJ)　風(Na),[]
還建議他起身走動,還(D)　建議(VE)　他(Nh)　起身(VA)　走動(VA),[]
降溫,降溫(VH),[]
名網友指出,名(A)　網友(Na)　指出(VE),[]
實際問題出在星宇航空的機艙設計,實際(VH)　問題(Na)　出(VC)　在(P)　星宇(Nb)　航空(Na)　的(DE)　機艙(Na)　設計(Na),[]
其實可以直接詢問溫度調幾度,其實(D)　可以(D)　直接(VH)　詢問(VE)　溫度(Na)　調(VC)　幾(Neu)　度(Nf),"[{'word': '幾度', 'ner': 'QUANTITY'}]"
適合的是度,適合(VH)　的(DE)　是(SHI)　度(Na),[]
經驗是有些座艙經理怕冷就調度,經驗(Na)　是(SHI)　有(V_2)　些(Nf)　座艙(Na)　經理(Na)　怕(VK)　冷(VH)　就(D)　調度(VC),[]
星宇商務哪來的不是只有,星宇(Nb)　商務(Na)　哪來(D)　的(DE)　不(D)　是(SHI)　只(D)　有(V_2),"[{'word': '星宇', 'ner': 'ORG'}]"
有啊,有(V_2)　啊(I),[]
日航之前也是這樣,日航(Nc)　之前(Ng)　也(D)　是(SHI)　這樣(VH),"[{'word': '日航', 'ner': 'EVENT'}]"
喔喔喔,喔(I)　喔(I)　喔(I),[]
以後不搭乘要換日航嗎,以後(Nd)　不(D)　搭乘(VC)　要(D)　換(VC)　日航(Na)　嗎(T),"[{'word': '日航', 'ner': 'ORG'}]"
飛機那種密閉空間悶熱話真的非常不舒服天啊原來還有座艙長怕熱這種事好爛,飛機(Na)　那(Nep)　種(Nf)　密閉(A)　空間(Na)　悶熱(VH)　話(Na)　真的(D)　非常(Dfa)　不(D)　舒服(VH)　天(Na)　啊(T)　原來(D)　還(D)　有(V_2)　座艙長(Na)　怕(VH)　熱(VHC)　這(Nep)　種(Nf)　事(Na)　好(Dfa)　爛(VH),[]
座艙長怕熱時,座艙長(Na)　怕(VH)　熱(VHC)　時(Ng),[]
客人比較容易覺得冷座艙長怕冷時,客人(Na)　比較(Dfa)　容易(VH)　覺得(VK)　冷(VH)　座(Na)　艙長(Na)　怕(VK)　冷(VH)　時(Ng),[]
客人比較容易覺得熱,客人(Na)　比較(Dfa)　容易(VH)　覺得(VK)　熱(VHC),[]
冷氣就熱爆,冷氣(Na)　就(D)　熱爆(VHC),[]
裡面還有堆校外教學的國中生不知道受不受得了,裡面(Ncd)　還(D)　有(V_2)　堆(Nf)　校(Nc)　外(Ncd)　教學(VA)　的(DE)　國中生(Na)　不(D)　知道(VK)　受不受得了(VJ),[]
去找大佬幫分析啊,去(D)　找(VC)　大佬幫(Na)　分析(VC)　啊(T),[]
樓有看內文,樓(Nc)　有(V_2)　看(VC)　內文(Na),[]
不是寫了度,不(D)　是(SHI)　寫(VC)　了(Di)　度(Na),[]
在日航面前不准給我抱怨熱長程線睡到睡衣濕掉還是舊那種空間很大可以踢被子的位子了,在(P)　日航(Nb)　面前(Nc)　不准(D)　給(P)　我(Nh)　抱怨(VE)　熱(VHC)　長程線(Na)　睡(VCL)　到(P)　睡衣(Na)　濕掉(VH)　還是(D)　舊(VH)　那(Nep)　種(Nf)　空間(Na)　很(Dfa)　大(VH)　可以(D)　踢(VC)　被子(Na)　的(DE)　位子(Na)　了(T),"[{'word': '日航', 'ner': 'ORG'}]"
日航粉不可能絕對不可能,日航粉(Nc)　不可能(D)　絕對(D)　不可能(D),"[{'word': '日航', 'ner': 'ORG'}]"
星宇航空掌上明珠即將首載客,星宇(Na)　航空(Na)　掌上明珠(Na)　即將(D)　首(D)　載客(VA),"[{'word': '星宇航空', 'ner': 'ORG'}]"
東京航班開賣,東京(Nc)　航班(Na)　開賣(VD),"[{'word': '東京', 'ner': 'GPE'}]"
星宇航空首個飛班確定在月日現正開賣,星宇(Nb)　航空(Na)　首(Nes)　個(Nf)　飛班(Na)　確定(VK)　在(P)　月日(Nd)　現(D)　正(D)　開賣(VD),"[{'word': '星宇航空', 'ner': 'ORG'}, {'word': '月日', 'ner': 'DATE'}]"
載客前檢測即將完成星宇航空掌上明珠確定於月日現身停機坪,載客(VA)　前(Ng)　檢測(VE)　即將(D)　完成(VC)　星宇(Na)　航空(Na)　掌上明珠(Na)　確定(VK)　於(P)　月日(Nd)　現身(VA)　停機坪(Nc),"[{'word': '月日', 'ner': 'DATE'}]"
旅者可以開始在候,旅者(Na)　可以(D)　開始(VL)　在(P)　候(VC),[]
機室的落地窗幫她拍美照啦個頭等艙個商務艙個豪經艙個經濟艙的座,機室(Nc)　的(DE)　落地窗(Na)　幫(P)　她(Nh)　拍美照(VC)　啦(T)　個(Nf)　頭等艙(Na)　個(DE)　商務艙(Na)　個(Nf)　豪經艙(Na)　個(Nf)　經濟艙(Na)　的(DE)　座(Na),[]
席組合,席(Nb)　組合(VC),[]
邀請您在小時的航程中,邀請(VC)　您(Nh)　在(P)　小時(Na)　的(DE)　航程(Na)　中(Ng),"[{'word': '小時', 'ner': 'TIME'}]"
共同感受臺灣第架首度載客飛行的感動,共同(A)　感受(VK)　臺灣(Nc)　第(Neu)　架(Nf)　首度(D)　載客(VA)　飛行(VA)　的(DE)　感動(Nv),"[{'word': '臺灣', 'ner': 'GPE'}]"
星宇航空,星宇(Na)　航空(Na),"[{'word': '星宇航空', 'ner': 'ORG'}]"
本版那幾位買票了沒有,本(Nes)　版(Na)　那(Nep)　幾(Neu)　位(Nf)　買票(VA)　了(Di)　沒有(T),[]
成田妖風,成田(Nc)　妖風(Na),[]
讚哦搶起來,讚(VH)　哦(T)　搶起來(D),[]
剛剛看都只剩最貴的全額票了來回都商務就六萬沒了,剛剛(D)　看(VC)　都(D)　只(Da)　剩(VJ)　最(Dfa)　貴(VH)　的(DE)　全額票(Na)　了(T)　來回(VCL)　都(D)　商務(Na)　就(D)　六萬(Neu)　沒(VJ)　了(Di),"[{'word': '六萬', 'ner': 'CARDINAL'}]"
那個票價有夠精品,那(Nep)　個(Nf)　票價(Na)　有夠(Dfa)　精品(Na),[]
價錢從來不是問題,價錢(Na)　從來(D)　不(D)　是(SHI)　問題(Na),[]
問題是你口袋的深度,問題(Na)　是(SHI)　你(Nh)　口袋(Na)　的(DE)　深度(Na),[]
早上有消息出來的時候,早上(Nd)　有(V_2)　消息(Na)　出來(VA)　的(DE)　時候(Na),"[{'word': '早上', 'ner': 'TIME'}]"
去叫就只有全額票了,去(D)　叫(VF)　就(D)　只(Da)　有(V_2)　全額票(Na)　了(T),[]
所以正如我的預測投入日本線現金回收最快美東航線就暫時不開了要開美東航線得先通過銀行團這關預測華航紐約增班之後下個航點是芝加哥,所以(Cbb)　正(D)　如(P)　我(Nh)　的(DE)　預測(Na)　投入(VC)　日本線(Na)　現金(Na)　回收(VC)　最(Dfa)　快(VH)　美東(Nc)　航線(Na)　就(D)　暫時(D)　不(D)　開(VC)　了(Di)　要(D)　開(VC)　美東(Nc)　航線(Na)　得(D)　先(D)　通過(VC)　銀行團(Na)　這(Nep)　關(Nf)　預測(VE)　華航(Nc)　紐約(Nc)　增班(VJ)　之後(Ng)　下(Nes)　個(Nf)　航點(Na)　是(SHI)　芝加哥(Nc),"[{'word': '日本', 'ner': 'GPE'}, {'word': '美東', 'ner': 'LOC'}, {'word': '華航', 'ner': 'ORG'}, {'word': '紐約', 'ner': 'GPE'}, {'word': '芝加哥', 'ner': 'GPE'}]"
只有台是要開啥美東線啦,只有(Cbb)　台(Nc)　是(SHI)　要(D)　開(VC)　啥(Nep)　美東線(Nc)　啦(T),"[{'word': '美東', 'ner': 'GPE'}]"
留友存不行不行實在太好笑了,留(VC)　友(Na)　存(VC)　不行(VH)　不行(VH)　實在(D)　太(Dfa)　好笑(VH)　了(T),[]
看座位數跟廁所比例都是吧,看(VC)　座位數(Na)　跟(P)　廁所(Nc)　比例(Na)　都(D)　是(SHI)　吧(T),[]
也是,也(D)　是(SHI),[]
美東要明年了吧,美東(Nc)　要(D)　明年(Nd)　了(T)　吧(T),"[{'word': '美東', 'ner': 'GPE'}, {'word': '明年', 'ner': 'DATE'}]"
先拿來飛也不錯,先(D)　拿來(VC)　飛(VA)　也(D)　不錯(VH),[]
銀行團會管航線喔我打去問看看,銀行團(Na)　會(D)　管(VE)　航線(Na)　喔(T)　我(Nh)　打去(VC)　問(VE)　看看(Di),[]
不太可能讓你開航就,不(D)　太(Dfa)　可能(D)　讓(VL)　你(Nh)　開航(VA)　就(D),[]
架就開航不是不可能問題是在要不要給你開,架(Nf)　就(D)　開航(VA)　不(D)　是(SHI)　不可能(A)　問題(Na)　是(SHI)　在(P)　要不要(D)　給(P)　你(Nh)　開(VC),[]
不是很好搞,不(D)　是(SHI)　很(Dfa)　好搞(VH),[]
神經病很多應該今年會開,神經病(Na)　很多(Neqa)　應該(D)　今年(Nd)　會(D)　開(VC),"[{'word': '今年', 'ner': 'DATE'}]"
什麼時候還不知道,什麼(Nep)　時候(Na)　還(D)　不(D)　知道(VK),[]
精品航空值得吧買不起是的問題,精品(Na)　航空(Na)　值得(VH)　吧(T)　買不起(VJ)　是(SHI)　的(DE)　問題(Na),[]
可以肯定的是當天,可以(D)　肯定(VK)　的(DE)　是(SHI)　當天(Nd),[]
每位要共用間廁所,每(Nes)　位(Nf)　要(D)　共用(VC)　間(Nf)　廁所(Nc),[]
比較好嘻嘻,比較(Dfa)　好(VH)　嘻嘻(D),[]
應該沒有其他家分到個商務只有間廁所吧,應該(D)　沒有(VJ)　其他(Neqa)　家(Nc)　分到(VC)　個(Nf)　商務(Na)　只(Da)　有(V_2)　間(Nf)　廁所(Nc)　吧(T),[]
想解決廁所就把豪經艙那間分給商務,想(VE)　解決(VC)　廁所(Nc)　就(D)　把(P)　豪經艙(Na)　那(Nep)　間(Nf)　分給(VD)　商務(Na),[]
豪經去後面,豪(Nb)　經(P)　去(VCL)　後面(Ncd),[]
星宇真有錢新飛機擺地上擺這麼久,星宇(Nb)　真(D)　有錢(VH)　新(VH)　飛機(Na)　擺(VC)　地上(Na)　擺(VC)　這麼(Dfa)　久(VH),"[{'word': '星宇', 'ner': 'ORG'}]"
你們這些星黑,你們(Nh)　這些(Neqa)　星(VH)　黑(VH),[]
精品要開美東線,精品(Na)　要(D)　開(VC)　美東線(Nc),"[{'word': '美', 'ner': 'GPE'}]"
怎麼會得先通過銀行團這關,怎麼(D)　會(D)　得(D)　先(D)　通過(VC)　銀行團(Na)　這(Nep)　關(Nf),[]
請條線大師開示什麼時候要跳連搭頭等艙都能噓了,請(VF)　條線(Nb)　大師(Na)　開示(VC)　什麼(Nep)　時候(Na)　要(D)　跳(VA)　連(Cbb)　搭(VC)　頭等艙(Na)　都(D)　能(D)　噓(VC)　了(T),[]
才兩萬而已還不噓爆,才(Da)　兩萬(Neu)　而已(T)　還(D)　不(D)　噓爆(VHC),"[{'word': '兩萬', 'ner': 'CARDINAL'}]"
每位要共用間廁所是真假,每(Nes)　位(Nf)　要(D)　共用(VC)　間(Nf)　廁所(Nc)　是(SHI)　真假(Na),[]
精品航空怎麼會這樣,精品(Na)　航空(Na)　怎麼(D)　會(D)　這樣(VH),[]
不要首航就重落地喔,不要(D)　首(Na)　航(VA)　就(D)　重(VH)　落地(VA)　喔(T),[]
先猜首航是董仔親自上陣不可能出事,先(D)　猜(VE)　首航(Na)　是(SHI)　董仔(Nb)　親自(D)　上陣(VA)　不可能(D)　出事(VH),[]
居然比時段更好的還熱賣,居然(D)　比(P)　時段(Na)　更(Dfa)　好(VH)　的(DE)　還(D)　熱賣(VA),[]
下班成田的改執飛,下班(VA)　成田(Nb)　的(DE)　改(VC)　執飛(VC),[]
個頭等艙實在太少應該個比較剛好經濟艙不用這麼多,個(Nf)　頭等艙(Na)　實在(D)　太少(VH)　應該(D)　個(Nf)　比較(Dfa)　剛好(VH)　經濟艙(Na)　不用(D)　這麼多(Neqa),[]
又要賣爆了,又(D)　要(D)　賣爆(VC)　了(Di),[]
剛買了的商務艙座位增加廁所樣兩間,剛(D)　買(VC)　了(Di)　的(DE)　商務艙(Na)　座位(Na)　增加(VHC)　廁所(Nc)　樣(Na)　兩(Neu)　間(Nf),"[{'word': '兩', 'ner': 'CARDINAL'}]"
桃機不在台北,桃機(Nc)　不(D)　在(P)　台北(Nc),"[{'word': '台北', 'ner': 'GPE'}]"
大批星宇忠實顧客,大(VH)　批(Nf)　星宇(Nc)　忠實(VH)　顧客(Na),"[{'word': '星宇', 'ner': 'ORG'}]"
兩老羨慕的眼神,兩(Neu)　老(VH)　羨慕(VJ)　的(DE)　眼神(Na),"[{'word': '兩', 'ner': 'CARDINAL'}]"
固定跑日班了,固定(VHC)　跑(VA)　日班(Na)　了(T),[]
那位噓先去搞清楚的代號是如何來的吧,那(Nep)　位(Nf)　噓(I)　先(D)　去(D)　搞清楚(VE)　的(DE)　代號(Na)　是(SHI)　如何(D)　來(VA)　的(T)　吧(T),[]
第二架還沒到沒辦法開長途航線吧之後會固定飛東京早班,第二(Neu)　架(Nf)　還(D)　沒(D)　到(VCL)　沒辦法(VI)　開(VC)　長途(A)　航線(Na)　吧(T)　之後(Ng)　會(D)　固定(VH)　飛(VA)　東京(Nc)　早班(Na),"[{'word': '第二', 'ner': 'ORDINAL'}, {'word': '東京', 'ner': 'GPE'}]"
有夠誇張,有夠(Dfa)　誇張(VHC),[]
首班票價直接飆高,首(Nes)　班(Nf)　票價(Na)　直接(VH)　飆高(VHC),[]
同天時段條件更好的早班,同(Nes)　天(Nf)　時段(Na)　條件(Na)　更(D)　好(VH)　的(DE)　早班(Na),[]
反而便宜,反而(Cbb)　便宜(VH),[]
憋不住就直接尿在走道上好了,憋(VH)　不住(D)　就(D)　直接(VH)　尿(VA)　在(P)　走道(Na)　上(Ncd)　好了(T),[]
看誰比較崩潰,看(VC)　誰(Nh)　比較(Dfa)　崩潰(VH),[]
才當然要買首航有機會搭到董駕駛的飛機都值得,才(Da)　當然(D)　要(D)　買(VC)　首航(Na)　有(V_2)　機會(Na)　搭到(VC)　董(Nb)　駕駛(VC)　的(DE)　飛機(Na)　都(D)　值得(VH),[]
當天會不會服務品質很差啊,當天(Nd)　會不會(D)　服務(VC)　品質(Na)　很(Dfa)　差(VH)　啊(T),[]
個商務艙用間廁所,個(Nf)　商務艙(Na)　用(VC)　間(Nf)　廁所(Nc),[]
然後堆人拍照打擾空服員工作,然後(D)　堆(Nf)　人(Na)　拍照(VB)　打擾(VC)　空服員(Na)　工作(Na),[]
看來前艙安全帶燈亮整路,看來(D)　前艙(Na)　安全帶(Na)　燈(Na)　亮(VC)　整(Neqa)　路(Na),[]
大家都不要吃最好,大家(Nh)　都(D)　不要(D)　吃(VC)　最(Dfa)　好(VH),[]
那幾位應該也是開員工票吧,那(Nep)　幾(Neu)　位(Nf)　應該(D)　也(D)　是(SHI)　開(VC)　員工(Na)　票(Na)　吧(T),[]
買不起是你各位星黑的問題,買不起(VJ)　是(SHI)　你(Nh)　各位(Nes)　星黑(VH)　的(DE)　問題(Na),[]
不是精品航空的問題,不(D)　是(SHI)　精品(Na)　航空(Na)　的(DE)　問題(Na),[]
單程只要,單程(Na)　只要(Cbb),[]
堆喊貴的窮鬼去搭你們的廉航就好,堆(VC)　喊(VE)　貴(VH)　的(DE)　窮(Na)　鬼(Na)　去(D)　搭(VC)　你們(Nh)　的(DE)　廉航(Na)　就(D)　好(Dfa),[]
星宇商務艙太悶熱遭客訴竟沉默,星宇(Nb)　商務艙(Na)　太(Dfa)　悶熱(VH)　遭(P)　客訴(Na)　竟(D)　沉默(VH),"[{'word': '星宇', 'ner': 'ORG'}]"
旅客火大機票萬花心酸,旅客(Na)　火大(VH)　機票(Na)　萬(Neu)　花(VC)　心酸(VH),[]
壹蘋新聞網記者林欣恬綜合報導,壹蘋(Nb)　新聞網(Na)　記者(Na)　林欣恬(Nb)　綜合(VC)　報導(VE),"[{'word': '壹蘋新聞網', 'ner': 'ORG'}, {'word': '林欣恬', 'ner': 'PERSON'}]"
名旅客昨日在臉書粉專星宇航空討論區中發文,名(Nf)　旅客(Na)　昨日(Nd)　在(P)　臉書(Na)　粉專(Na)　星宇(Na)　航空(Na)　討論區(Nc)　中(Ncd)　發文(VC),"[{'word': '昨日', 'ner': 'DATE'}]"
控訴搭乘星,控訴(VC)　搭乘(VC)　星(Na),[]
該名網友表示,該(Nes)　名(Nf)　網友(Na)　表示(VE),[]
他上週五搭乘星宇航空下午時分由北海道返台的商務艙班機,他(Nh)　上(VCL)　週五(Nd)　搭乘(VC)　星宇(Nb)　航空(Na)　下午(Nd)　時分(Na)　由(P)　北海道(Nc)　返台(VA)　的(DE)　商務艙(Na)　班機(Na),"[{'word': '上週五', 'ner': 'DATE'}, {'word': '星宇航空', 'ner': 'ORG'}, {'word': '下午時分', 'ner': 'TIME'}, {'word': '北海道', 'ner': 'GPE'}, {'word': '台', 'ner': 'GPE'}]"
飛行時,飛行(VA)　時(Ng),[]
他說,他(Nh)　說(VE),[]
飛行過程中向空服員至少反映了次冷氣不冷的問題,飛行(Nv)　過程(Na)　中(Ng)　向(P)　空服員(Na)　至少(Da)　反映(VE)　了(Di)　次(Nf)　冷氣(Na)　不(D)　冷(VH)　的(DE)　問題(Na),[]
空服員也坦言他所坐的座位,空服員(Na)　也(D)　坦言(VE)　他(Nh)　所(D)　坐(VA)　的(DE)　座位(Na),[]
該名乘客指出,該(Nes)　名(Nf)　乘客(Na)　指出(VE),[]
空服員建議他起身走動,空服員(Na)　建議(VE)　他(Nh)　起身(VA)　走動(VA),[]
並承諾會寫報告反映座位悶熱問題,並(Cbb)　承諾(VE)　會(D)　寫(VC)　報告(Na)　反映(VE)　座位(Na)　悶熱(VH)　問題(Na),[]
稱冷氣出,稱(VG)　冷氣(Na)　出(VC),[]
更令他不滿的是,更(Dfa)　令(VL)　他(Nh)　不滿(VK)　的(DE)　是(SHI),[]
事後致電客服申訴,事(Na)　後(Ng)　致電(VC)　客服(Na)　申訴(VE),[]
兩天仍未收到任何回應,兩(Neu)　天(Nf)　仍(D)　未(D)　收到(VC)　任何(Neqa)　回應(VC),"[{'word': '兩天', 'ner': 'DATE'}]"
讓他決定往後將拒坐星,讓(VL)　他(Nh)　決定(VE)　往後(Nd)　將(D)　拒(VF)　坐(VA)　星(Na),[]
截至目前,截至(P)　目前(Nd),[]
星宇航空尚未對該名旅客的指控做出公開回應,星宇(Nb)　航空(Na)　尚未(D)　對(P)　該(Nes)　名(Nf)　旅客(Na)　的(DE)　指控(Na)　做出(VC)　公開(VHC)　回應(Nv),"[{'word': '星宇航空', 'ner': 'ORG'}]"
縮網,縮網(VA),[]
你們這些星黑,你們(Nh)　這些(Neqa)　星(VH)　黑(VH),[]
精品航空怎麼會空間感受相當簡陋,精品(Na)　航空(Na)　怎麼(D)　會(D)　空間(Na)　感受(VK)　相當(Dfa)　簡陋(VH),[]
哪家不同艙等不是用布簾隔開的,哪(Nep)　家(Nf)　不同(VH)　艙等(Na)　不(D)　是(SHI)　用(P)　布簾(Na)　隔開(VC)　的(DE),[]
年終個月,年終(Nd)　個(Nf)　月(Na),[]
你還奢求什麼好的態度,你(Nh)　還(D)　奢求(VK)　什麼(Nep)　好(VH)　的(DE)　態度(Na),[]
超冷啊是真的很熱,超(Dfa)　冷(VH)　啊(T)　是(SHI)　真的(D)　很(Dfa)　熱(VHC),[]
星宇頭等艙連布簾都沒有的說,星宇(Nb)　頭等艙(Na)　連(Cbb)　布簾(Na)　都(D)　沒有(VJ)　的(DE)　說(VE),"[{'word': '星宇', 'ner': 'FAC'}]"
原來商務艙這麼差啊,原來(A)　商務艙(Na)　這麼(Dfa)　差(VH)　啊(T),[]
商務艙設個人冷氣出風口是常態嗎,商務艙(Na)　設(VC)　個人(Nh)　冷氣(Na)　出風口(Nc)　是(SHI)　常態(Na)　嗎(T),[]
省成本,省(VJ)　成本(Na),[]
商務艙就堆自以為是的刁民,商務艙(Na)　就(D)　堆(VC)　自以為是(VH)　的(DE)　刁民(Na),[]
星宇首航,星宇(Nb)　首(D)　航(VA),"[{'word': '星宇', 'ner': 'ORG'}]"
怪怪的,怪怪(VH)　的(DE),[]
有哪些航空的商務艙和經濟艙之間不是用布簾的,有(V_2)　哪些(Neqa)　航空(Na)　的(DE)　商務艙(Na)　和(Caa)　經濟艙(Na)　之間(Ng)　不(D)　是(SHI)　用(P)　布簾(Na)　的(DE),[]
商務艙要求真多,商務艙(Na)　要求(VF)　真(D)　多(VH),[]
是真的旅客,是(SHI)　真(VH)　的(DE)　旅客(Na),[]
還是星黑啊,還是(Caa)　星(VH)　黑(VH)　啊(T),[]
請找可靠的出處好嗎,請(VF)　找(VC)　可靠(VH)　的(DE)　出處(Na)　好(VH)　嗎(T),[]
又是波音,又(D)　是(SHI)　波音(Nb),"[{'word': '波音', 'ner': 'ORG'}]"
上次坐是真的超熱,上(Nes)　次(Nf)　坐(VA)　是(SHI)　真的(D)　超(VH)　熱(VHC),[]
才花萬就要求這個要求那個想要尊榮服務買頭等艙好嗎,才(Da)　花(VC)　萬(Neu)　就(D)　要求(VF)　這(Nep)　個(Nf)　要求(Na)　那(Nep)　個(Nf)　想要(VE)　尊榮(Na)　服務(VC)　買(VC)　頭等艙(Na)　好(VH)　嗎(T),[]
台灣三家都很熱麻煩跟國泰學習下好嗎,台灣(Nc)　三(Neu)　家(Nf)　都(D)　很(Dfa)　熱(VHC)　麻煩(VHC)　跟(P)　國泰(Nb)　學習(VC)　下(Ng)　好(VH)　嗎(T),"[{'word': '台灣', 'ner': 'GPE'}, {'word': '三', 'ner': 'CARDINAL'}, {'word': '國泰', 'ner': 'ORG'}]"
國泰也是有很熱的,國泰(Nb)　也(D)　是(SHI)　有(V_2)　很(Dfa)　熱(VHC)　的(DE),[]
還很瞎的是只有中間艙熱,還(D)　很(Dfa)　瞎(VH)　的(DE)　是(SHI)　只有(Cbb)　中間艙(Ncd)　熱(VHC),[]
尾端艙很冷,尾端艙(Na)　很(Dfa)　冷(VH),[]
日航也超熱,日航(Nc)　也(D)　超(Dfa)　熱(VHC),"[{'word': '日航', 'ner': 'ORG'}]"
去年三月搭日航,去年(Nd)　三月(Nd)　搭(VC)　日航(Nb),"[{'word': '去年三月', 'ner': 'DATE'}]"
沒特別感覺到熱,沒(D)　特別(VH)　感覺到(VK)　熱(VHC),[]
國內線原可能要等到地老天荒,國內線(Na)　原(D)　可能(D)　要(D)　等到(VC)　地老天荒(VH),[]
日航之前有溫度調節最近還好,日航(Nb)　之前(Ng)　有(V_2)　溫度(Na)　調節(VC)　最近(Nd)　還好(D),"[{'word': '日航', 'ner': 'ORG'}]"
做個商務艙做出優越感,做(VC)　個(Nf)　商務艙(Na)　做出(VC)　優越感(Na),[]
從北國回來穿太多吧,從(P)　北國(Nc)　回來(VA)　穿(VC)　太多(VH)　吧(T),"[{'word': '北國', 'ner': 'GPE'}]"
上周去星宇二航貴賓室也是蠻失望的,上(Nes)　周(Nd)　去(VCL)　星宇二航(Nb)　貴賓室(Nc)　也(D)　是(SHI)　蠻(Dfa)　失望(VH)　的(T),"[{'word': '上周', 'ner': 'DATE'}, {'word': '星宇二航貴賓室', 'ner': 'FAC'}]"
空間有夠狹小下面淋浴間那層還得跨堆階梯,空間(Na)　有夠(Dfa)　狹小(VH)　下面(Ncd)　淋浴間(Nc)　那(Nep)　層(Na)　還(D)　得(D)　跨(VC)　堆(VC)　階梯(Na),[]
你們這些星黑,你們(Nh)　這些(Neqa)　星(VH)　黑(VH),[]
精品的二航貴賓室,精品(Na)　的(DE)　二航(Nb)　貴賓室(Nc),"[{'word': '二航貴賓室', 'ner': 'FAC'}]"
怎麼會空間有夠狹小,怎麼(D)　會(D)　空間(Na)　有夠(Dfa)　狹小(VH),[]
北海道回來穿多少衣服呀,北海道(Nc)　回來(VA)　穿(VC)　多少(Neqa)　衣服(Na)　呀(T),"[{'word': '北海道', 'ner': 'FAC'}]"
機外度,機(Na)　外(Ncd)　度(VCL),[]
冷氣不冷,冷氣(Na)　不(D)　冷(VH),[]
暖氣太強,暖氣(Na)　太(Dfa)　強(VH),[]
日航也超熱,日航(Nc)　也(D)　超(Dfa)　熱(VHC),"[{'word': '日航', 'ner': 'ORG'}]"
近期搭只有那班溫度控制的比較好,近期(Nd)　搭(VC)　只有(Da)　那(Nep)　班(Nf)　溫度(Na)　控制(VC)　的(DE)　比較(Dfa)　好(VH),[]
我都覺得台灣的超冷,我(Nh)　都(D)　覺得(VK)　台灣(Nc)　的(DE)　超(Dfa)　冷(VH),"[{'word': '台灣', 'ner': 'GPE'}]"
星宇頭等其實裝個布簾就可以避免廁所爭議,星宇(Nb)　頭等(Na)　其實(D)　裝(VC)　個(Di)　布簾(Na)　就(D)　可以(D)　避免(VE)　廁所(Nc)　爭議(Na),[]
所以冬天也不能多穿就怕有哪個弱不禁風的高卡客鎖暖氣,所以(Cbb)　冬天(Nd)　也(D)　不能(D)　多(D)　穿(VC)　就(D)　怕(VK)　有(V_2)　哪(Nep)　個(Nf)　弱不禁風(VH)　的(DE)　高卡客(Na)　鎖(VC)　暖氣(Na),"[{'word': '冬天', 'ner': 'DATE'}]"
說星宇機內太悶熱的,說(VE)　星宇機(Na)　內(Ncd)　太(Dfa)　悶熱(VH)　的(DE),"[{'word': '星宇', 'ner': 'ORG'}]"
定是你們自己的皮膚感覺有問題,定(D)　是(SHI)　你們(Nh)　自己(Nh)　的(DE)　皮膚(Na)　感覺(VK)　有(V_2)　問題(Na),[]
有流量就會上新聞啊多的是酸民會幫忙分享是媒體當然報啊,有(V_2)　流量(Na)　就(D)　會(D)　上(VCL)　新聞(Na)　啊(T)　多(VH)　的(DE)　是(SHI)　酸民(Na)　會(D)　幫忙(VC)　分享(VJ)　是(SHI)　媒體(Na)　當然(D)　報(VC)　啊(T),[]
明明就很冷,明明(D)　就(D)　很(Dfa)　冷(VH),[]
可以打開窗通風下,可以(D)　打開(VC)　窗(Na)　通風(VH)　下(Ng),[]
搭到星宇太興奮導致的吧,搭到(VC)　星宇(Na)　太(Dfa)　興奮(VH)　導致(VL)　的(T)　吧(T),[]
說精品飛機很冷的,說(VE)　精品(Na)　飛機(Na)　很(Dfa)　冷(VH)　的(T),[]
也是你們自己的皮膚感覺有問題,也(D)　是(SHI)　你們(Nh)　自己(Nh)　的(DE)　皮膚(Na)　感覺(VK)　有(V_2)　問題(Na),[]
戶外零下的空氣加壓到艙內壓力後其實是要降溫的,戶外(Nc)　零下(A)　的(DE)　空氣(Na)　加壓到(VB)　艙(Na)　內(Ncd)　壓力(Na)　後(Ng)　其實(D)　是(SHI)　要(D)　降溫(VH)　的(DE),[]
旅客自己脫外套不就好了,旅客(Na)　自己(Nh)　脫(VC)　外套(Na)　不(D)　就(D)　好(T)　了(T),[]
飛機本來就沒辦法調整,飛機(Na)　本來(D)　就(D)　沒辦法(VI)　調整(VC),[]
精品航空的飛機,精品(Na)　航空(Na)　的(DE)　飛機(Na),[]
沒辦法調整客艙的溫度嗎,沒辦法(VI)　調整(VC)　客艙(Na)　的(DE)　溫度(Na)　嗎(T),[]
客人自己不能調整穿著溫度嗎,客人(Na)　自己(Nh)　不能(D)　調整(VC)　穿著(Na)　溫度(Na)　嗎(T),[]
客人自己不調整穿著,客人(Na)　自己(Nh)　不(D)　調整(VC)　穿著(Na),[]
還要怪精品的空調系統,還要(D)　怪(VK)　精品(Na)　的(DE)　空調(Na)　系統(Na),[]
真不應該,真(D)　不(D)　應該(D),[]
要是是日本航空應該就摸摸鼻子吧空氣都是香的,要是(Cbb)　是(SHI)　日本(Nc)　航空(Na)　應該(D)　就(D)　摸摸(VC)　鼻子(Na)　吧(T)　空氣(Na)　都(D)　是(SHI)　香(VH)　的(DE),[]
該不會自己穿發熱衣太多,該(D)　不會(D)　自己(Nh)　穿(VC)　發熱衣(Na)　太多(VH),[]
懶得脫,懶得(VL)　脫(VJ),[]
叫機組人員冷氣開強,叫(VF)　機組(Na)　人員(Na)　冷氣(Na)　開強(VC),[]
口責口責又在檢討乘客了,口(Na)　責(Na)　口(Na)　責(Na)　又(D)　在(P)　檢討(VC)　乘客(Na)　了(T),[]
前幾天第次搭星宇新加坡線空服真的是有待加強,前(Nes)　幾(Neu)　天(Nf)　第次(Neu)　搭(VC)　星宇(Nb)　新加坡線(Na)　空服(Na)　真的(D)　是(SHI)　有待(VK)　加強(VC),"[{'word': '前幾天', 'ner': 'DATE'}, {'word': '第次', 'ner': 'ORDINAL'}, {'word': '星宇', 'ner': 'ORG'}]"
引述蒸汽機之銘言,引述(VC)　蒸汽機(Na)　之(DE)　銘言(Na),[]
標題閒聊星宇交機後,標題(Na)　閒聊(VC)　星宇(Na)　交(VD)　機(Na)　後(Ng),"[{'word': '星宇', 'ner': 'PERSON'}]"
下站還是,下(VA)　站(Nc)　還是(D),[]
時間,時間(Na),[]
隨著星宇今年開始接收,隨著(P)　星宇(Nc)　今年(Nd)　開始(VL)　接收(VC),"[{'word': '今年', 'ner': 'DATE'}]"
美東美南航線的開闢應該是勢在必行了,美東(Nc)　美南(Nc)　航線(Na)　的(DE)　開闢(VC)　應該(D)　是(SHI)　勢在必行(VH)　了(T),"[{'word': '美東', 'ner': 'LOC'}, {'word': '美南', 'ner': 'LOC'}]"
雖然印象中星宇官方公關新聞直強調紐約的重要性,雖然(Cbb)　印象(Na)　中(Ng)　星宇(Nc)　官方(Na)　公關(Na)　新聞(Na)　直(D)　強調(VE)　紐約(Nc)　的(DE)　重要性(Na),"[{'word': '紐約', 'ner': 'GPE'}]"
但在目前的地緣政治與合作夥伴考量下,但(Cbb)　在(P)　目前(Nd)　的(DE)　地緣(Na)　政治(Na)　與(Caa)　合作(VH)　夥伴(Na)　考量(VE)　下(Ng),[]
小弟有點好奇,小弟(Na)　有點(Dfa)　好奇(VH),[]
會不會其實才是那匹黑馬,會不會(D)　其實(D)　才(Da)　是(SHI)　那(Nep)　匹(Nf)　黑馬(Na),[]
討論下這兩個點的優劣勢分析,討論(VE)　下(Ng)　這(Nep)　兩(Neu)　個(Nf)　點(Na)　的(DE)　優劣勢(Na)　分析(Na),"[{'word': '兩', 'ner': 'CARDINAL'}]"
達拉斯,達拉斯(Nc),"[{'word': '達拉斯', 'ner': 'PERSON'}]"
優勢星宇跟已經有,優勢(Na)　星宇(Na)　跟(P)　已經(D)　有(V_2),[]
作為的最大,作為(VG)　的(DE)　最(Dfa)　大(VH),[]
轉運美南中西部甚至拉美的強大優勢不用多說這也是目前比較難打進去的市場,轉運(VC)　美(Nc)　南(Ncd)　中西部(Ncd)　甚至(D)　拉美(Nc)　的(DE)　強大(VH)　優勢(Na)　不用(D)　多(D)　說(VE)　這(Nep)　也(D)　是(SHI)　目前(Nd)　比較(Dfa)　難(VH)　打進去(VC)　的(DE)　市場(Nc),"[{'word': '美南', 'ner': 'LOC'}, {'word': '拉美', 'ner': 'LOC'}]"
目前有飛,目前(Nd)　有(V_2)　飛(VA),[]
但是對於轉機去甚至南美的旅客來說時間很差,但是(Cbb)　對於(P)　轉機(VA)　去(VCL)　甚至(D)　南美(Nc)　的(DE)　旅客(Na)　來(D)　說(VE)　時間(Na)　很(Dfa)　差(VH),"[{'word': '南美', 'ner': 'LOC'}]"
營運屬機場,營運(VA)　屬(VG)　機場(Nc),[]
取得難度遠低於,取得(Nv)　難度(Na)　遠(Dfa)　低於(VJ),[]
且地理位置較南,且(Cbb)　地理(Na)　位置(Na)　較(P)　南(Ncd),[]
受冬季西風帶與避開俄羅斯領空的影響相對小,受(VJ)　冬季(Nd)　西風帶(Nc)　與(Caa)　避開(VC)　俄羅斯(Nc)　領空(Nc)　的(DE)　影響(Na)　相對(VH)　小(VH),"[{'word': '冬季', 'ner': 'DATE'}, {'word': '俄羅斯', 'ner': 'GPE'}]"
飛起來酬載應該很漂亮,飛起來(VA)　酬載(VC)　應該(D)　很(Dfa)　漂亮(VH),[]
甚至偶爾支援代打也沒問題,甚至(D)　偶爾(D)　支援(VC)　代打(VB)　也(D)　沒(VJ)　問題(Na),[]
客源雖然不如紐約,客源(Na)　雖然(Cbb)　不如(VJ)　紐約(Nc),"[{'word': '紐約', 'ner': 'GPE'}]"
但靠著的強大後網,但(Cbb)　靠(VJ)　著(Di)　的(DE)　強大(VH)　後網(Na),[]
轉機客源應該很穩,轉機(Na)　客源(Na)　應該(D)　很(Dfa)　穩(VH),[]
推問題是你要飛,推(VC)　問題(Na)　是(SHI)　你(Nh)　要(D)　飛(VA),[]
就要接嗎,就(D)　要(D)　接(VC)　嗎(T),[]
聯票開出來價格才是重點,聯票(Na)　開出來(VC)　價格(Na)　才(Da)　是(SHI)　重點(Na),[]
目前搜星宇轉機的票都還算蠻便宜的,目前(Nd)　搜星宇(VC)　轉機(Na)　的(DE)　票(Na)　都(D)　還(D)　算(VG)　蠻(Dfa)　便宜(VH)　的(DE),[]
國際線就不知道,國際線(Na)　就(D)　不(D)　知道(VK),[]
了肯定是會比較貴,了(T)　肯定(VK)　是(SHI)　會(D)　比較(Dfa)　貴(VH),[]
但去阿根廷本來就不便宜吧,但(Cbb)　去(VCL)　阿根廷(Nc)　本來(D)　就(D)　不(D)　便宜(VH)　吧(T),"[{'word': '阿根廷', 'ner': 'GPE'}]"
剛有段字跑掉了,剛(D)　有(V_2)　段(Nf)　字(Na)　跑掉(VA)　了(Di),[]
我是說也許可以轉從飛,我(Nh)　是(SHI)　說(VE)　也許(D)　可以(D)　轉(VC)　從(P)　飛(VA),[]
真的是鍵盤手真的飛也是傍晚晚上到能轉機去哪,真的(D)　是(SHI)　鍵盤手(Na)　真的(D)　飛(VA)　也(D)　是(SHI)　傍晚(Nd)　晚上(Nd)　到(P)　能(D)　轉機(VA)　去(VCL)　哪(Ncd),"[{'word': '傍晚晚上', 'ner': 'TIME'}]"
什麼轉機去佛州根本不切實際佛州亞裔人口太少,什麼(Nep)　轉機(Na)　去(VCL)　佛州(Nc)　根本(D)　不切實際(VH)　佛州(Nc)　亞裔(Na)　人口(Na)　太少(VH),"[{'word': '佛州', 'ner': 'GPE'}, {'word': '佛州', 'ner': 'GPE'}, {'word': '亞裔', 'ner': 'NORP'}]"
飛到的時間要夠早才能轉機台北起飛時間會錯過,飛到(VCL)　的(DE)　時間(Na)　要(D)　夠(Dfa)　早(VH)　才(Da)　能(D)　轉機(VA)　台北(Nc)　起飛(VA)　時間(Na)　會(D)　錯過(VJ),"[{'word': '台北', 'ner': 'GPE'}]"
話說星宇如果要讓飛好飛滿,話說(Dk)　星宇(Na)　如果(Cbb)　要(D)　讓(VL)　飛(VA)　好(VH)　飛(VCL)　滿(VH),[]
應該儘早開澳洲線搭配,應該(D)　儘早(D)　開(VC)　澳洲線(Na)　搭配(VC),"[{'word': '澳洲線', 'ner': 'FAC'}]"
轉機南美或是紐澳,轉機(Na)　南美(Nc)　或是(Caa)　紐(Nc)　澳(Nc),"[{'word': '南美', 'ner': 'LOC'}, {'word': '紐澳', 'ner': 'GPE'}]"
作者有心探討,作者(Na)　有心(VL)　探討(VE),[]
先給推針對南美部分,先(D)　給(VD)　推(VC)　針對(P)　南美(Nc)　部分(Neqa),"[{'word': '南美', 'ner': 'LOC'}]"
我先來回給幾句,我(Nh)　先(D)　來回(VCL)　給(VD)　幾(Neu)　句(Nf),[]
其實台灣出發要去南美,其實(D)　台灣(Nc)　出發(VA)　要(D)　去(VCL)　南美(Nc),"[{'word': '台灣', 'ner': 'GPE'}, {'word': '南美', 'ner': 'LOC'}]"
向來都是經美國或歐洲,向來(D)　都(D)　是(SHI)　經(P)　美國(Nc)　或(Caa)　歐洲(Nc),"[{'word': '美國', 'ner': 'GPE'}, {'word': '歐洲', 'ner': 'LOC'}]"
若經美國,若(Cbb)　經(P)　美國(Nc),"[{'word': '美國', 'ner': 'GPE'}]"
絕大多數都是經美西,絕大多數(Neqa)　都(D)　是(SHI)　經(P)　美西(Nc),[]
美西的航點中,美西(Nc)　的(DE)　航點(Na)　中(Ncd),"[{'word': '美西', 'ner': 'GPE'}]"
又有是飛再飛南美,又(D)　有(V_2)　是(SHI)　飛(VA)　再(D)　飛(VA)　南美(Nc),"[{'word': '南美', 'ner': 'LOC'}]"
這是因為與聯營每日從飛祕魯智利巴西,這(Nep)　是(SHI)　因為(Cbb)　與(P)　聯營(VA)　每(Nes)　日(Nf)　從(P)　飛(VA)　祕魯(Nc)　智利(Nc)　巴西(Nc),"[{'word': '祕魯', 'ner': 'GPE'}, {'word': '巴西', 'ner': 'GPE'}]"
又有強大的南美洲網路,又(D)　有(V_2)　強大(VH)　的(DE)　南美洲(Nc)　網路(Na),"[{'word': '南美洲', 'ner': 'LOC'}]"
則沒有從美西至南美直飛的班機,則(D)　沒有(D)　從(P)　美西(Nc)　至(Caa)　南美(Nc)　直飛(VCL)　的(DE)　班機(Na),"[{'word': '美西', 'ner': 'LOC'}, {'word': '南美', 'ner': 'LOC'}]"
雖然在轉機很鳥,雖然(Cbb)　在(P)　轉機(Na)　很(Dfa)　鳥(VH),[]
但多半不得不然其他大多需至少多次轉機,但(Cbb)　多半(Neqa)　不得不(D)　然(VH)　其他(Neqa)　大多(D)　需(VK)　至少(Da)　多(Neqa)　次(Nf)　轉機(Na),[]
這就是最快的選擇若要經美國,這(Nep)　就(D)　是(SHI)　最(Dfa)　快(VH)　的(DE)　選擇(Na)　若要(Cbb)　經(P)　美國(Nc),"[{'word': '美國', 'ner': 'GPE'}]"
若選擇經歐洲,若(Cbb)　選擇(VC)　經(P)　歐洲(Nc),"[{'word': '歐洲', 'ner': 'LOC'}]"
多半就是不太想承受入境美國被移民官那種關心拷問的態度,多半(Neqa)　就是(D)　不(D)　太(Dfa)　想(VE)　承受(VC)　入境(VA)　美國(Nc)　被(P)　移民官(Na)　那(Nep)　種(Nf)　關心(VK)　拷問(VE)　的(DE)　態度(Na),"[{'word': '美國', 'ner': 'GPE'}]"
甚至去小房間遊也所在多有,甚至(D)　去(D)　小(VH)　房間(Nc)　遊(VCL)　也(D)　所在多有(VH),[]
或有問題,或(Caa)　有(V_2)　問題(Na),[]
當然也有想先去歐洲晃晃觀光再去南美洲的人也所在多有,當然(D)　也(D)　有(V_2)　想(VE)　先(D)　去(VCL)　歐洲(Nc)　晃晃(VA)　觀光(VA)　再(D)　去(VCL)　南美洲(Nc)　的(DE)　人(Na)　也(D)　所在多有(VH),"[{'word': '歐洲', 'ner': 'LOC'}, {'word': '南美洲', 'ner': 'LOC'}]"
飛美東美南的機票本來就貴上截,飛(VA)　美東(Nc)　美南(Nc)　的(DE)　機票(Na)　本來(D)　就(D)　貴上(VH)　截(Nf),"[{'word': '美東', 'ner': 'LOC'}, {'word': '美南', 'ner': 'LOC'}]"
除非另有目的要去美東美南,除非(Cbb)　另(Nes)　有(V_2)　目的(Na)　要(D)　去(VCL)　美東(Nc)　美南(Nc),"[{'word': '美東', 'ner': 'LOC'}, {'word': '美南', 'ner': 'LOC'}]"
不然不會刻意,不然(Cbb)　不會(D)　刻意(D),[]
飛去美東美南轉機去南美,飛去(VCL)　美東(Nc)　美南(Nc)　轉機(VA)　去(VCL)　南美(Nc),"[{'word': '美東', 'ner': 'LOC'}, {'word': '美南', 'ner': 'LOC'}, {'word': '南美', 'ner': 'LOC'}]"
至於住家在美國的鄉民,至於(P)　住家(VCL)　在(P)　美國(Nc)　的(DE)　鄉民(Na),"[{'word': '美國', 'ner': 'GPE'}]"
就看住東南西北哪邊了,就(D)　看(VC)　住(VCL)　東南西北(Ncd)　哪(Nep)　邊(Ncd)　了(T),"[{'word': '東南西北', 'ner': 'LOC'}]"
甚麼哥倫比亞航空薩爾瓦多航空,甚麼(Nep)　哥倫比亞(Nc)　航空(Na)　薩爾瓦多(Nc)　航空(Na),"[{'word': '哥倫比亞', 'ner': 'GPE'}, {'word': '薩爾瓦多', 'ner': 'GPE'}]"
巴拿馬航空也是另選擇,巴拿馬(Nc)　航空(Na)　也(D)　是(SHI)　另(Cbb)　選擇(VC),"[{'word': '巴拿馬', 'ner': 'GPE'}]"
所以,所以(Cbb),[]
台灣航空開航美東美南,台灣(Nc)　航空(Na)　開航(VA)　美東(Nc)　美(Nc)　南(Ncd),"[{'word': '台灣', 'ner': 'GPE'}, {'word': '美東', 'ner': 'LOC'}, {'word': '美南', 'ner': 'LOC'}]"
客源大概就是,客源(Na)　大概(D)　就(D)　是(SHI),[]
東南亞台北美東美南各附近次級城市,東南亞(Nc)　台北(Nc)　美(Nc)　東(Ncd)　美(Nc)　南(Ncd)　各(Nes)　附近(Nc)　次級(Na)　城市(Na),"[{'word': '東南亞', 'ner': 'LOC'}, {'word': '美東美南', 'ner': 'LOC'}]"
此外,此外(Cbb),[]
不會有很多台灣去阿根廷啊,不會(D)　有(V_2)　很多(Neqa)　台灣(Nc)　去(VCL)　阿根廷(Nc)　啊(T),"[{'word': '台灣', 'ner': 'GPE'}, {'word': '阿根廷', 'ner': 'GPE'}]"
電子簽證要美金哩,電子(Na)　簽證(Na)　要(D)　美金(Na)　哩(T),[]
去巴西也要簽證近,去(VCL)　巴西(Nc)　也(D)　要(D)　簽證(VA)　近(Da),"[{'word': '巴西', 'ner': 'GPE'}]"
祕魯及智利向來是台灣最愛行有餘力再去中間的玻利維亞,祕魯(Nc)　及(Caa)　智利(Nc)　向來(D)　是(SHI)　台灣(Nc)　最愛(Na)　行有餘力(VH)　再(D)　去(VCL)　中間(Ncd)　的(DE)　玻利維亞(Nc),"[{'word': '祕魯', 'ner': 'GPE'}, {'word': '智利', 'ner': 'GPE'}, {'word': '台灣', 'ner': 'GPE'}, {'word': '玻利維亞', 'ner': 'GPE'}]"
通常就是抵秘魯路南下,通常(D)　就是(Cbb)　抵(VCL)　秘魯(Nc)　路(Na)　南下(VCL),"[{'word': '秘魯路', 'ner': 'FAC'}]"
然後從智利離開或抵智利後路北上,然後(D)　從(P)　智利(Nc)　離開(VC)　或(Caa)　抵(VCL)　智利(Nc)　後(Na)　路(Na)　北上(VA),"[{'word': '智利', 'ner': 'GPE'}, {'word': '智利', 'ner': 'GPE'}]"
祕魯離開,祕魯(Nc)　離開(VC),"[{'word': '祕魯', 'ner': 'GPE'}]"
你都買衣服穿在身上了,你(Nh)　都(D)　買(VC)　衣服(Na)　穿(VC)　在(P)　身(Na)　上(Ncd)　了(T),[]
難道不會想去實地看看,難道(D)　不會(D)　想(VE)　去(D)　實地(D)　看看(VC),[]
回到正題,回到(VCL)　正題(Na),[]
個人是認為之後下航點還是偏向先去美南,個人(Nh)　是(SHI)　認為(VE)　之後(Ng)　下(Nes)　航點(Na)　還是(D)　偏向(VL)　先(D)　去(VCL)　美南(Nc),"[{'word': '美南', 'ner': 'LOC'}]"
單純好奇,單純(VH)　好奇(VH),[]
現代的雙發不考慮緊急狀態附近要有機場可以從台灣直飛南美如巴西或阿根廷大城嗎,現代(Nd)　的(DE)　雙發(A)　不(D)　考慮(VE)　緊急(VH)　狀態(Na)　附近(Nc)　要(D)　有(V_2)　機場(Nc)　可以(D)　從(P)　台灣(Nc)　直飛(VCL)　南美(Nc)　如(P)　巴西(Nc)　或(Caa)　阿根廷(Nc)　大城(Nc)　嗎(T),"[{'word': '台灣', 'ner': 'GPE'}, {'word': '南美', 'ner': 'LOC'}, {'word': '巴西', 'ner': 'GPE'}, {'word': '阿根廷', 'ner': 'GPE'}]"
飛得到應該也載不了多少人划不來的,飛(VCL)　得(DE)　到(VCL)　應該(D)　也(D)　載不了(VC)　多少(Neqa)　人(Na)　划不來(VH)　的(T),[]
去中南美還有西亞這個新捷徑,去(VCL)　中南美(Nc)　還(D)　有(V_2)　西亞(Nc)　這(Nep)　個(Nf)　新(VH)　捷徑(Na),"[{'word': '中南美', 'ner': 'LOC'}, {'word': '西亞', 'ner': 'LOC'}]"
搭飛越南大西洋而且也能省下經美國中轉得申辦的,搭(VC)　飛(VA)　越(Nc)　南(Ncd)　大西洋(Nc)　而且(Cbb)　也(D)　能(D)　省下(VJ)　經(P)　美國(Nc)　中轉(Ncd)　得(DE)　申辦(VC)　的(DE),"[{'word': '南大西洋', 'ner': 'LOC'}, {'word': '美國', 'ner': 'GPE'}]"
問題寰宇少了之後,問題(Na)　寰宇(Na)　少(VH)　了(Di)　之後(Ng),"[{'word': '寰宇', 'ner': 'ORG'}]"
已南美經是達美的樂園了,已(D)　南美(Nc)　經(P)　是(SHI)　達美(Nb)　的(DE)　樂園(Na)　了(T),"[{'word': '南美', 'ner': 'LOC'}]"
只有墨西哥有廠,只有(Cbb)　墨西哥(Nc)　有(V_2)　廠(Nc),"[{'word': '墨西哥', 'ner': 'GPE'}]"
美國三大飛南美的集中在,美國(Nc)　三(Neu)　大(VH)　飛(VA)　南美(Nc)　的(DE)　集中(VC)　在(P),"[{'word': '美國', 'ner': 'GPE'}, {'word': '三', 'ner': 'CARDINAL'}, {'word': '南美', 'ner': 'LOC'}]"
這十年加強了飛南美,這(Nep)　十(Neu)　年(Nf)　加強(VC)　了(Di)　飛(VA)　南美(Nc),"[{'word': '這十年', 'ner': 'DATE'}, {'word': '南美', 'ner': 'LOC'}]"
只看中美洲還有,只(Da)　看(VC)　中美洲(Nc)　還(D)　有(V_2),"[{'word': '中美洲', 'ner': 'LOC'}]"
感謝回覆,感謝(VK)　回覆(VD),[]
得到很多新知識,得到(VJ)　很多(Neqa)　新知識(VH),[]
其實從杜拜也是選擇去南美怎麼走時間都不會差太多,其實(D)　從(P)　杜拜(Nc)　也(D)　是(SHI)　選擇(VC)　去(VCL)　南美(Nc)　怎麼(D)　走(VA)　時間(Na)　都(D)　不會(D)　差(VH)　太多(VH),"[{'word': '杜拜', 'ner': 'GPE'}, {'word': '南美', 'ner': 'LOC'}]"
上次在,上(Nes)　次(Nf)　在(P),[]
看到竟然有直飛的航班,看到(VE)　竟然(D)　有(V_2)　直飛(VCL)　的(DE)　航班(Na),[]
平台上搜票中東航空公司選項蠻前面的而且搭配日遊,平台(Na)　上(Ncd)　搜(VC)　票(Na)　中東(Nc)　航空(Na)　公司(Nc)　選項(Na)　蠻(Dfa)　前面(Ncd)　的(T)　而且(Cbb)　搭配(VC)　日(Na)　遊(VCL),"[{'word': '中東航空公司', 'ner': 'ORG'}]"
去智利的話澳洲轉也是個選擇,去(VCL)　智利(Nc)　的話(Cba)　澳洲(Nc)　轉(VAC)　也(D)　是(SHI)　個(Nf)　選擇(Na),"[{'word': '智利', 'ner': 'GPE'}, {'word': '澳洲', 'ner': 'GPE'}]"
每天都有班機,每(Nes)　天(Nf)　都(D)　有(V_2)　班機(Na),[]
但可惜華航到的時間都沒辦法當天轉,但(Cbb)　可惜(VH)　華航(Nc)　到(VCL)　的(DE)　時間(Na)　都(D)　沒辦法(VI)　當天(Nd)　轉(VC),"[{'word': '華航', 'ner': 'ORG'}]"
土航有飛智利,土航(Nb)　有(V_2)　飛(VA)　智利(Nc),"[{'word': '土航', 'ner': 'ORG'}, {'word': '智利', 'ner': 'GPE'}]"
直飛或巴西延遠,直飛(VCL)　或(Caa)　巴西(Nc)　延遠(VC),"[{'word': '巴西', 'ner': 'GPE'}]"
南美还有巴拉圭啊邦交國免簽,南美(Nc)　还(D)　有(V_2)　巴拉圭(Nc)　啊(I)　邦交國(Nc)　免(D)　簽(VC),"[{'word': '南美', 'ner': 'LOC'}, {'word': '巴拉圭', 'ner': 'GPE'}]"
巴拉圭的國際線幾乎都集中南美內部或是歐洲,巴拉圭(Nc)　的(DE)　國際線(Na)　幾乎(Da)　都(D)　集中(VC)　南美(Nc)　內部(Ncd)　或是(Caa)　歐洲(Nc),"[{'word': '巴拉圭', 'ner': 'GPE'}, {'word': '南美', 'ner': 'LOC'}, {'word': '歐洲', 'ner': 'LOC'}]"
沒有美國航線,沒有(VJ)　美國(Nc)　航線(Na),"[{'word': '美國', 'ner': 'GPE'}]"
其實首爾出發長年是南美機票價格最便宜的出發城市,其實(D)　首爾(Nc)　出發(VA)　長年(D)　是(SHI)　南美(Nc)　機票(Na)　價格(Na)　最(Dfa)　便宜(VH)　的(DE)　出發(Nv)　城市(Nc),"[{'word': '首爾', 'ner': 'GPE'}, {'word': '南美', 'ner': 'LOC'}]"
般是美航達拉斯轉或是墨航墨城轉最便宜,般(Ng)　是(SHI)　美航(Nc)　達拉斯(Nc)　轉(VC)　或是(Caa)　墨航(Nc)　墨城(Nc)　轉(VAC)　最(Dfa)　便宜(VH),"[{'word': '美航', 'ner': 'ORG'}, {'word': '達拉斯', 'ner': 'GPE'}, {'word': '墨航', 'ner': 'ORG'}, {'word': '墨城', 'ner': 'GPE'}]"
要改變目前的現狀除非有人開馬德里才會有新的路,要(D)　改變(VC)　目前(Nd)　的(DE)　現狀(Na)　除非(Cbb)　有(V_2)　人(Na)　開(VC)　馬德里(Nc)　才(Da)　會(D)　有(V_2)　新(VH)　的(DE)　路(Na),"[{'word': '馬德里', 'ner': 'GPE'}]"
復活節島不是復活島,復活節島(Nc)　不(D)　是(SHI)　復活島(Nc),"[{'word': '復活節島', 'ner': 'LOC'}, {'word': '復活島', 'ner': 'LOC'}]"
去秘魯最快就從轉次而已,去(VCL)　秘魯(Nc)　最(Dfa)　快(VH)　就(D)　從(P)　轉次(Na)　而已(T),"[{'word': '秘魯', 'ner': 'GPE'}]"
票又便宜,票(Na)　又(D)　便宜(VH),[]
從首爾去哪都比台北出發便宜多多,從(P)　首爾(Nc)　去(VCL)　哪(Ncd)　都(D)　比(P)　台北(Nc)　出發(VA)　便宜(VH)　多多(D),"[{'word': '首爾', 'ner': 'GPE'}, {'word': '台北', 'ner': 'GPE'}]"
今年去西非也從首爾,今年(Nd)　去(VCL)　西非(Nc)　也(D)　從(P)　首爾(Nc),"[{'word': '今年', 'ner': 'DATE'}, {'word': '西非', 'ner': 'LOC'}, {'word': '首爾', 'ner': 'GPE'}]"
價差太有感了,價差(Na)　太(Dfa)　有感(VK)　了(T),[]
當然是假設問題,當然(D)　是(SHI)　假設(VE)　問題(Na),[]
不管航權跟客源,不管(Cbb)　航權(Na)　跟(Caa)　客源(Na),[]
現代飛機能不中停飛這麼遠嗎,現代(VH)　飛機(Na)　能(D)　不(D)　中停(VJ)　飛(VA)　這麼(D)　遠(VH)　嗎(T),[]
幾乎就是半個地球了,幾乎(Da)　就(D)　是(SHI)　半(Neqa)　個(Nf)　地球(Na)　了(T),[]
應該有機會做得到,應該(D)　有(V_2)　機會(Na)　做(VE)　得(DE)　到(VE),[]
阿根廷很多義大利僑民巴西很多日本僑民,阿根廷(Nc)　很多(Neqa)　義大利(Nc)　僑民(Na)　巴西(Nc)　很多(Neqa)　日本(Nc)　僑民(Na),"[{'word': '阿根廷', 'ner': 'GPE'}, {'word': '義大利', 'ner': 'NORP'}, {'word': '巴西', 'ner': 'GPE'}, {'word': '日本', 'ner': 'NORP'}]"
引述蒸汽機之銘言,引述(VC)　蒸汽機(Na)　之(DE)　銘言(Na),[]
隨著星宇今年開始接收,隨著(P)　星宇(Nc)　今年(Nd)　開始(VL)　接收(VC),"[{'word': '今年', 'ner': 'DATE'}]"
美東美南航線的開闢應該是勢在必行了,美東(Nc)　美南(Nc)　航線(Na)　的(DE)　開闢(VC)　應該(D)　是(SHI)　勢在必行(VH)　了(T),"[{'word': '美東', 'ner': 'LOC'}, {'word': '美南', 'ner': 'LOC'}]"
雖然印象中星宇官方公關新聞直強調紐約的重要性,雖然(Cbb)　印象(Na)　中(Ng)　星宇(Nc)　官方(Na)　公關(Na)　新聞(Na)　直(D)　強調(VE)　紐約(Nc)　的(DE)　重要性(Na),"[{'word': '紐約', 'ner': 'GPE'}]"
但在目前的地緣政治與合作夥伴,但(Cbb)　在(P)　目前(Nd)　的(DE)　地緣(Na)　政治(Na)　與(Caa)　合作(VH)　夥伴(Na),[]
小弟有點好奇,小弟(Na)　有點(Dfa)　好奇(VH),[]
會不會其實才是那匹黑馬,會不會(D)　其實(D)　才(Da)　是(SHI)　那(Nep)　匹(Nf)　黑馬(Na),[]
討論下這兩個點的優劣勢分析,討論(VE)　下(Ng)　這(Nep)　兩(Neu)　個(Nf)　點(Na)　的(DE)　優劣勢(Na)　分析(Na),"[{'word': '兩', 'ner': 'CARDINAL'}]"
你為什麼覺得定會跟你合作呢,你(Nh)　為什麼(D)　覺得(VK)　定(D)　會(D)　跟(P)　你(Nh)　合作(VH)　呢(T),[]
你能帶給超過日航給的利益嗎,你(Nh)　能(D)　帶給(VD)　超過(VJ)　日航(Nb)　給(VD)　的(DE)　利益(Na)　嗎(T),[]
達拉斯,達拉斯(Nc),"[{'word': '達拉斯', 'ner': 'PERSON'}]"
優勢星宇跟已經有,優勢(Na)　星宇(Na)　跟(P)　已經(D)　有(V_2),[]
作為的最大,作為(VG)　的(DE)　最(Dfa)　大(VH),[]
轉運,轉運(VC),[]
營運屬機場,營運(VA)　屬(VG)　機場(Nc),[]
取得難度遠低於,取得(Nv)　難度(Na)　遠(Dfa)　低於(VJ),[]
且地理位置較南,且(Cbb)　地理(Na)　位置(Na)　較(P)　南(Ncd),[]
受冬,受(VJ)　冬(Nd),[]
客源雖然不如紐約,客源(Na)　雖然(Cbb)　不如(VJ)　紐約(Nc),"[{'word': '紐約', 'ner': 'GPE'}]"
但靠著的強大後網,但(Cbb)　靠(VJ)　著(Di)　的(DE)　強大(VH)　後網(Na),[]
轉機客源應該很穩,轉機(Na)　客源(Na)　應該(D)　很(Dfa)　穩(VH),[]
我大在成田羽田各班,我(Nh)　大(VH)　在(P)　成田(Nc)　羽田(Nb)　各(Nes)　班(Nc),"[{'word': '成田', 'ner': 'GPE'}, {'word': '羽田', 'ner': 'GPE'}]"
我靠日航就可以引流到我這邊來,我(Nh)　靠(P)　日航(Nb)　就(D)　可以(D)　引流到(VB)　我(Nh)　這邊(Ncd)　來(D),"[{'word': '日航', 'ner': 'ORG'}]"
我為什麼定要給你,我(Nh)　為什麼(D)　定(D)　要(D)　給(VD)　你(Nh),[]
紐約,紐約(Nc),"[{'word': '紐約', 'ner': 'GPE'}]"
優勢旗艦航點,優勢(Na)　旗艦(Na)　航點(Na),[]
含金量最高的客,含金量(Na)　最(Dfa)　高(VH)　的(DE)　客(Na),[]
品牌宣示意義大於實質獲利,品牌(Na)　宣示(VE)　意義(Na)　大於(VJ)　實質(Na)　獲利(VH),[]
劣勢,劣勢(Na),[]
問題的時間帶基本上是個蘿蔔個坑,問題(Na)　的(DE)　時間帶(Na)　基本(Na)　上(Ng)　是(SHI)　個(Nf)　蘿蔔(Na)　個(Nf)　坑(Na),[]
好時段極難取得,好(VH)　時段(Na)　極(Dfa)　難(VH)　取得(VC),[]
航路問題現在不能飛越俄羅斯領空,航路(Na)　問題(Na)　現在(Nd)　不能(D)　飛越(VCL)　俄羅斯(Nc)　領空(Nc),"[{'word': '俄羅斯', 'ner': 'GPE'}]"
回程逆風若還要繞路,回程(Na)　逆風(D)　若(Cbb)　還(Dfa)　要(D)　繞路(VA),[]
對油耗跟組員派,對(P)　油耗(Na)　跟(Caa)　組員(Na)　派(VF),[]
日航天兩班,日航(Nc)　天(Nc)　兩(Neu)　班(Nf),[]
我大也有飛羽田,我(Nh)　大(VH)　也(D)　有(V_2)　飛(Nb)　羽田(Nb),[]
我靠日航的松山羽田班次就好啦,我(Nh)　靠(P)　日航(Nb)　的(DE)　松山(Nc)　羽田(Nb)　班次(Na)　就(D)　好(VH)　啦(T),"[{'word': '日航', 'ner': 'ORG'}, {'word': '松山', 'ner': 'GPE'}]"
對吧,對(VH)　吧(T),[]
個人想法,個人(Nh)　想法(Na),[]
雖然紐約是面子,雖然(Cbb)　紐約(Nc)　是(SHI)　面子(Na),"[{'word': '紐約', 'ner': 'GPE'}]"
但感覺才是裡子,但(Cbb)　感覺(Na)　才(Da)　是(SHI)　裡子(Na),[]
尤其今年預計口氣進架,尤其(D)　今年(Nd)　預計(VE)　口氣(Na)　進(VC)　架(Na),"[{'word': '今年', 'ner': 'DATE'}]"
理論上運能足夠撐起這兩條線,理論(Na)　上(Ng)　運能(Na)　足夠(VH)　撐起(VC)　這(Nep)　兩(Neu)　條(Nf)　線(Na),"[{'word': '兩', 'ner': 'CARDINAL'}]"
大家覺得星宇會直,大家(Nh)　覺得(VK)　星宇(Na)　會(D)　直(VH),[]
菜雞航迷枚先謝謝各位板友指點,菜雞(Na)　航(Na)　迷(VL)　枚(Neu)　先(D)　謝謝(VJ)　各位(Nes)　板友(Na)　指點(VE),[]
不過題外話,不過(Cbb)　題外話(Na),[]
為什麼四爺最近公布的新航線,為什麼(D)　四爺(Nb)　最近(Nd)　公布(VE)　的(DE)　新(VH)　航線(Na),[]
沒有美東呢,沒有(VJ)　美東(Nc)　呢(T),"[{'word': '美東', 'ner': 'LOC'}]"
只公佈台中熊本呢,只(Da)　公佈(VE)　台中(Nc)　熊本(Nc)　呢(T),"[{'word': '台中', 'ner': 'GPE'}]"
會不會因為公布年終獎金個月之後,會不會(D)　因為(Cbb)　公布(VE)　年終(Nd)　獎金(Na)　個(Nf)　月(Na)　之後(Ng),"[{'word': '個月', 'ner': 'DATE'}]"
遭銀行團關切呢,遭(P)　銀行團(Na)　關切(VJ)　呢(T),[]
為什麼長榮這個時候要突襲,為什麼(D)　長榮(Nb)　這(Nep)　個(Nf)　時候(Na)　要(D)　突襲(VC),"[{'word': '長榮', 'ner': 'PERSON'}]"
去聯合大本營呢,去(D)　聯合(VC)　大本營(Na)　呢(T),[]
慢慢看看久就有條線,慢慢(VH)　看看(VC)　久(VH)　就(D)　有(V_2)　條(Nf)　線(Na),[]
現在的經營方式,現在(Nd)　的(DE)　經營(VC)　方式(Na),[]
類似以前的,類似(VG)　以前(Nd)　的(DE),[]
亞洲線引流至日航國泰,亞洲線(Na)　引流(VA)　至(P)　日航(Nb)　國泰(Nb),"[{'word': '亞洲', 'ner': 'LOC'}, {'word': '日航', 'ner': 'ORG'}]"
歐洲線覆蓋不了的網路我自己飛,歐洲線(Na)　覆蓋不了(VC)　的(DE)　網路(Na)　我(Nh)　自己(Nh)　飛(VA),"[{'word': '歐洲', 'ner': 'LOC'}]"
現在是的客源衝刺期,現在(Nd)　是(SHI)　的(DE)　客源(Na)　衝刺期(Na),[]
好不容易與合作,好不容易(D)　與(P)　合作(VH),[]
變成世界杯指定合作夥伴,變成(VG)　世界杯(Na)　指定(VE)　合作(VH)　夥伴(Na),"[{'word': '世界杯', 'ner': 'EVENT'}]"
在世界盃足球賽結束之前,在(P)　世界盃(Nb)　足球賽(Na)　結束(VHC)　之前(Ng),"[{'word': '世界盃足球賽', 'ner': 'EVENT'}]"
必須力求穩定來獲取最大現金流,必須(D)　力求(VE)　穩定(VHC)　來(D)　獲取(VC)　最(Dfa)　大(VH)　現金流(Na),[]
問就是你是星黑,問(VE)　就(D)　是(SHI)　你(Nh)　是(SHI)　星黑(Na),[]
寰宇很需要星宇,寰宇(Na)　很(Dfa)　需要(VK)　星宇(Na),"[{'word': '寰宇', 'ner': 'ORG'}]"
你前面在暗示今年天合要有兩個南半球新朋友,你(Nh)　前面(Ncd)　在(P)　暗示(VE)　今年(Nd)　天合(Na)　要(D)　有(V_2)　兩(Neu)　個(Nf)　南半球(Nc)　新(VH)　朋友(Na),"[{'word': '今年', 'ner': 'DATE'}, {'word': '兩', 'ner': 'CARDINAL'}, {'word': '南半球', 'ner': 'LOC'}]"
上篇又說今年不會亂動,上(Nes)　篇(Nf)　又(D)　說(VE)　今年(Nd)　不會(D)　亂動(VAC),"[{'word': '今年', 'ner': 'DATE'}]"
到底這條線怎麼看出來的,到底(D)　這(Nep)　條(Nf)　線(Na)　怎麼(D)　看出來(VE)　的(T),[]
看不懂,看(VJ)　不(D)　懂(VJ),[]
遭銀行團關切這話不能沒證據亂講啊,遭(P)　銀行團(Na)　關切(VJ)　這(Nep)　話(Na)　不能(D)　沒(VJ)　證據(Na)　亂(VE)　講(VE)　啊(T),[]
你們這些星黑,你們(Nh)　這些(Neqa)　星(VH)　黑(VH),[]
銀行團們都最信賴精品的經營了,銀行團(Na)　們(Na)　都(D)　最(Dfa)　信賴(VJ)　精品(Na)　的(DE)　經營(VC)　了(Di),[]
怎麼可能會關切,怎麼(D)　可能(D)　會(D)　關切(VJ),[]
不要腦補了美東順序就在歐洲之後飛哪可能都還沒定案航線本來就條條公佈然後其實星宇官方還沒正式公告台中熊本目前還是主打台中東京月底開航增班熊本比東京晚天開航是下個重頭戲,不要(D)　腦補(VC)　了(Di)　美東(Nc)　順序(Na)　就(D)　在(P)　歐洲(Nc)　之後(Ng)　飛(VA)　哪(Ncd)　可能(D)　都(D)　還(D)　沒(D)　定案(VB)　航線(Na)　本來(D)　就(D)　條條(Neqa)　公佈(VE)　然後(D)　其實(D)　星宇(Nc)　官方(Na)　還(D)　沒(D)　正式(VH)　公告(VE)　台中(Nc)　熊本(Nc)　目前(Nd)　還是(D)　主打(VC)　台中(Nc)　東京(Nc)　月底(Nd)　開航(VA)　增班(VH)　熊本(Nc)　比(P)　東京(Nc)　晚天(VH)　開航(VA)　是(SHI)　下(Nes)　個(Nf)　重頭戲(Na),"[{'word': '美東', 'ner': 'GPE'}, {'word': '歐洲', 'ner': 'LOC'}, {'word': '星宇', 'ner': 'ORG'}, {'word': '台中', 'ner': 'GPE'}, {'word': '熊本', 'ner': 'GPE'}, {'word': '台中', 'ner': 'GPE'}, {'word': '東京', 'ner': 'GPE'}, {'word': '月底', 'ner': 'DATE'}, {'word': '熊本', 'ner': 'GPE'}, {'word': '東京', 'ner': 'GPE'}]"
看看被上市櫃公司提告涉證交法吧,看看(VE)　被(P)　上市櫃(VH)　公司(Nc)　提告(VE)　涉(VK)　證交法(Na)　吧(T),[]
沒聽到有關切,沒(D)　聽到(VE)　有(V_2)　關切(VJ),[]
鄉民真的是很急著發表陋見然後等著被打臉又不服還要硬扯星粉惹人厭從來都不懂的檢討自己少說話多聽多看,鄉民(Na)　真的(D)　是(SHI)　很(Dfa)　急(VH)　著(Di)　發表(VC)　陋見(Na)　然後(D)　等(VC)　著(Di)　被(P)　打臉(VC)　又(D)　不服(VK)　還要(Dfa)　硬(D)　扯(VC)　星粉(Na)　惹人厭(VH)　從來(D)　都(D)　不(D)　懂(VK)　的(DE)　檢討(VE)　自己(Nh)　少(D)　說話(VA)　多(D)　聽(VE)　多(D)　看(VC),[]
星宇粉也從不檢討自己阿年都過天了,星宇粉(Nb)　也(D)　從不(D)　檢討(VE)　自己(Nh)　阿年(Nb)　都(D)　過天(VH)　了(T),"[{'word': '星宇粉', 'ner': 'PERSON'}, {'word': '阿年', 'ner': 'DATE'}]"
之前在吹星宇年底就會被請去加入的星宇粉,之前(Nd)　在(P)　吹(VC)　星宇(Na)　年底(Nd)　就(D)　會(D)　被(P)　請去(VF)　加入(VC)　的(DE)　星宇粉(Na),"[{'word': '吹星宇', 'ner': 'ORG'}, {'word': '年底', 'ner': 'DATE'}, {'word': '星宇粉', 'ner': 'ORG'}]"
檢討自己了嗎,檢討(VC)　自己(Nh)　了(T)　嗎(T),[]
連星粉跟星黑反串都分不清楚你要星黑停止反串星粉,連(Cbb)　星粉(Na)　跟(P)　星黑(Na)　反串(VC)　都(D)　分(VC)　不(D)　清楚(VH)　你(Nh)　要(D)　星黑(Na)　停止(VF)　反串(VC)　星粉(Na),[]
但有些言論就故意的甚至單純想搞笑的反省啥,但(Cbb)　有(Neqa)　些(Nf)　言論(Na)　就(D)　故意(VL)　的(DE)　甚至(D)　單純(VH)　想(VE)　搞笑(VA)　的(DE)　反省(VE)　啥(Nep),[]
銀行不會因為你年終只發個月就關切,銀行(Nc)　不會(D)　因為(Cbb)　你(Nh)　年終(Nd)　只(Da)　發(VD)　個(Nf)　月(Na)　就(D)　關切(VJ),[]
松山羽田點對點那麼肥會拿來攬轉機客,松山(Nc)　羽田(Nb)　點(Na)　對(VC)　點(Na)　那麼(D)　肥(VHC)　會(D)　拿來(VC)　攬(VC)　轉機客(Na),"[{'word': '松山羽田點', 'ner': 'FAC'}]"
別說松山羽田這種黃金航線現在台日線要做轉機客真的是跟錢過不去,別(D)　說(VE)　松山(Nc)　羽田(Nb)　這(Nep)　種(Nf)　黃金(Na)　航線(Na)　現在(Nd)　台日線(Na)　要(D)　做(VG)　轉機客(Na)　真的(D)　是(SHI)　跟(P)　錢(Na)　過不去(VI),"[{'word': '松山羽田', 'ner': 'FAC'}, {'word': '台', 'ner': 'GPE'}, {'word': '日', 'ner': 'GPE'}]"
松山羽田線我搭過轉跟,松山(Nc)　羽田線(Nc)　我(Nh)　搭(VC)　過(Di)　轉(VAC)　跟(P),"[{'word': '松山羽田線', 'ner': 'FAC'}]"
台美殺成這樣台日轉機根本做不起來目前看價格只有轉飛東岸比較有競爭力,台美(Nc)　殺成(VC)　這樣(VH)　台日(Nc)　轉機(Na)　根本(D)　做(VC)　不(D)　起來(Di)　目前(Nd)　看(VC)　價格(Na)　只有(D)　轉飛(VCL)　東岸(Nc)　比較(Dfa)　有(V_2)　競爭力(Na),"[{'word': '台', 'ner': 'GPE'}, {'word': '美', 'ner': 'GPE'}, {'word': '台', 'ner': 'GPE'}, {'word': '日', 'ner': 'GPE'}, {'word': '東岸', 'ner': 'LOC'}]"
東岸航班太少,東岸(Nc)　航班(Na)　太少(VH),[]
殺不起來今天又下雪了,殺(VC)　不(D)　起來(Di)　今天(Nd)　又(D)　下雪(VA)　了(Di),"[{'word': '今天', 'ner': 'DATE'}]"
飛紐約的請保重,飛(VA)　紐約(Nc)　的(DE)　請(VF)　保重(VJ),"[{'word': '紐約', 'ner': 'GPE'}]"
聽你在唬爛輝達沒有發過年終銀行不就關切到死,聽(VE)　你(Nh)　在(P)　唬爛(VA)　輝達(Nb)　沒有(D)　發(VD)　過(Di)　年終(Nd)　銀行(Nc)　不(D)　就(D)　關切(VJ)　到(P)　死(VH),"[{'word': '輝達', 'ner': 'PERSON'}]"
星粉又崩潰了連這兩年吹星宇加入都要當成反串,星粉(Na)　又(D)　崩潰(VH)　了(T)　連(Cbb)　這(Nep)　兩(Neu)　年(Nf)　吹(VC)　星宇(Na)　加入(VC)　都(D)　要(D)　當成(VG)　反串(VC),"[{'word': '這兩年', 'ner': 'DATE'}]"
是想否認自己就是那個吹星宇加入吃國泰豆腐的大將嗎,是(SHI)　想(VE)　否認(VE)　自己(Nh)　就(D)　是(SHI)　那(Nep)　個(Nf)　吹(VC)　星宇(Nb)　加入(VC)　吃(VC)　國泰(Nb)　豆腐(Na)　的(DE)　大將(Na)　嗎(T),"[{'word': '吹星宇', 'ner': 'PERSON'}]"
公布年終銀行團反而拍手叫好速動比好看,公布(VE)　年終(Nd)　銀行團(Na)　反而(Cbb)　拍手(VA)　叫好(VH)　速動(VH)　比(P)　好看(VH),"[{'word': '年終銀行團', 'ner': 'ORG'}]"
年底前沒有被邀請去參加又怎樣了,年底(Nd)　前(Ng)　沒有(D)　被(P)　邀請(VC)　去(D)　參加(VC)　又(D)　怎樣(VH)　了(T),"[{'word': '年底前', 'ner': 'DATE'}]"
創立年個月都沒有高雄航線了,創立(VC)　年(Nd)　個(Nf)　月(Na)　都(D)　沒有(VJ)　高雄(Nc)　航線(Na)　了(T),"[{'word': '年個月', 'ner': 'DATE'}, {'word': '高雄', 'ner': 'GPE'}]"
沒加入很意外嗎,沒(D)　加入(VC)　很(Dfa)　意外(VK)　嗎(T),[]
高雄仔滾,高雄仔(Na)　滾(Nb),"[{'word': '高雄', 'ner': 'GPE'}]"
好啦你討厭星宇尊重搞不清楚哪些人在反串也但就事論事不要牽拖什麼星粉,好(VH)　啦(T)　你(Nh)　討厭(VK)　星宇(Na)　尊重(VJ)　搞(VE)　不(D)　清楚(VE)　哪些(Neqa)　人(Na)　在(P)　反串(VC)　也(D)　但(Cbb)　就事論事(VA)　不要(D)　牽拖(VJ)　什麼(Nep)　星粉(Na),[]
不知道反省的星粉開始表演了呢阿不是很想吃國泰豆腐,不(D)　知道(VK)　反省(VE)　的(DE)　星粉(Na)　開始(VL)　表演(VC)　了(Di)　呢(T)　阿(T)　不(D)　是(SHI)　很(Dfa)　想(VE)　吃(VC)　國泰(Nb)　豆腐(Na),[]
要就事論事的人,要(D)　就事論事(VA)　的(DE)　人(Na),[]
是從哪個點開始幻想星宇加入後可以跟國泰在歐洲線上搞合作的,是(SHI)　從(P)　哪(Nep)　個(Nf)　點(Na)　開始(VL)　幻想(VE)　星宇(Na)　加入(VC)　後(Ng)　可以(D)　跟(P)　國泰(Nb)　在(P)　歐洲(Nc)　線上(Na)　搞(VC)　合作(VH)　的(DE),"[{'word': '國泰', 'ner': 'PERSON'}, {'word': '歐洲', 'ner': 'LOC'}]"
這有問題嘛如果能加入跟國泰在歐洲線合作不是理所當然嗎求同存異在能合作地方合作把餅做大是商場常態跟誰合作就不能跟誰好你飛的地方其他人都得避開不能飛這是小學生搞小團體的思維吧,這(Nep)　有(V_2)　問題(Na)　嘛(T)　如果(Cbb)　能(D)　加入(VC)　跟(P)　國泰(Nb)　在(P)　歐洲線(Na)　合作(VH)　不(D)　是(SHI)　理所當然(VH)　嗎(T)　求同(VA)　存異(VC)　在(P)　能(D)　合作(VH)　地方(Na)　合作(VH)　把(P)　餅(Na)　做大(VC)　是(SHI)　商場(Nc)　常態(Na)　跟(P)　誰(Nh)　合作(VH)　就(D)　不能(D)　跟(P)　誰(Nh)　好(VH)　你(Nh)　飛(VA)　的(DE)　地方(Na)　其他(Neqa)　人(Na)　都(D)　得(D)　避開(VC)　不能(D)　飛(VA)　這(Nep)　是(SHI)　小學生(Na)　搞(VC)　小(VH)　團體(Na)　的(DE)　思維(Na)　吧(T),"[{'word': '國泰', 'ner': 'ORG'}, {'word': '歐洲', 'ner': 'LOC'}]"
你線先回答幹嘛跟合作吧那天班的香港是能給多少客人而且天班飛的還會需要幫它載人噢,你(Nh)　線(Na)　先(D)　回答(VE)　幹嘛(D)　跟(P)　合作(VH)　吧(T)　那(Nep)　天班(Nf)　的(DE)　香港(Nc)　是(SHI)　能(D)　給(VD)　多少(Neqa)　客人(Na)　而且(Cbb)　天班(Na)　飛(VA)　的(DE)　還(D)　會(D)　需要(VK)　幫(P)　它(Nh)　載(VC)　人(Na)　噢(I),"[{'word': '香港', 'ner': 'GPE'}]"
好問題,好(VH)　問題(Na),[]
航空公司還真的就是小團體呢順便請問個,航空(Na)　公司(Nc)　還(D)　真的(D)　就(D)　是(SHI)　小(VH)　團體(Na)　呢(T)　順便(D)　請問(VE)　個(Nf),[]
在歐洲和集團合作多嗎,在(P)　歐洲(Nc)　和(Caa)　集團(Na)　合作(VH)　多(VH)　嗎(T),"[{'word': '歐洲', 'ner': 'LOC'}]"
不然我們來看看星宇未來有可能開的歐洲航點好了還有之前新聞報的有人申請飛本身就有飛可以直接在官網訂到跟英航布魯塞爾航空的共掛直接訂跟英航共掛合作的點是,不然(Cbb)　我們(Nh)　來(D)　看看(VE)　星宇(Nc)　未來(Nd)　有(V_2)　可能(Na)　開(VC)　的(DE)　歐洲(Nc)　航點(Na)　好了(T)　還(D)　有(V_2)　之前(Nd)　新聞(Na)　報(Na)　的(DE)　有(V_2)　人(Na)　申請(VF)　飛(VA)　本身(Nh)　就(D)　有(V_2)　飛(VA)　可以(D)　直接(VH)　在(P)　官網(Na)　訂到(VC)　跟(P)　英航(Nc)　布魯塞爾(Nc)　航空(Na)　的(DE)　共掛(VC)　直接(VH)　訂(VC)　跟(P)　英航(Nc)　共掛(VC)　合作(VH)　的(DE)　點(Na)　是(SHI),"[{'word': '星宇', 'ner': 'ORG'}, {'word': '歐洲', 'ner': 'LOC'}, {'word': '英航', 'ner': 'ORG'}, {'word': '布魯塞爾航空', 'ner': 'ORG'}, {'word': '英航', 'ner': 'ORG'}]"
同聯盟都不定有在合作了,同(Nes)　聯盟(Na)　都(D)　不定(VH)　有(V_2)　在(D)　合作(VH)　了(T),[]
他還曾經說過有人在囤哩程要來換票,他(Nh)　還(D)　曾經(D)　說(VE)　過(Di)　有(V_2)　人(Na)　在(P)　囤(VC)　哩程(Na)　要(D)　來(D)　換(VC)　票(Na),[]
國泰在歐洲主要是跟漢莎集團合作吧,國泰(Nb)　在(P)　歐洲(Nc)　主要(D)　是(SHI)　跟(P)　漢莎(Nb)　集團(Na)　合作(VH)　吧(T),"[{'word': '國泰', 'ner': 'ORG'}, {'word': '歐洲', 'ner': 'LOC'}, {'word': '漢莎集團', 'ner': 'ORG'}]"
別人看衰星宇就叫人不要腦補,別人(Nh)　看衰(VJ)　星宇(Na)　就(D)　叫(VF)　人(Na)　不要(D)　腦補(Na),[]
自己看好星宇就用力腦補,自己(Nh)　看好(VJ)　星宇(Na)　就(D)　用力(VH)　腦補(VB),"[{'word': '星宇', 'ner': 'ORG'}]"
就是不搞反串的星粉有你們這些用力腦補多需要星宇的星粉,就是(D)　不(D)　搞(VC)　反串(VC)　的(DE)　星粉(Na)　有(V_2)　你們(Nh)　這些(Neqa)　用力(VH)　腦(Na)　補(VC)　多(D)　需要(VK)　星宇(Na)　的(DE)　星粉(Na),[]
哪來的空間留給星黑反串星粉啊這又不是此時彼時的台灣航空市場啊,哪來(D)　的(DE)　空間(Na)　留給(VD)　星黑(Na)　反(VC)　串(VC)　星粉(Na)　啊(I)　這(Nep)　又(D)　不(D)　是(SHI)　此時(Nd)　彼時(Nd)　的(DE)　台灣(Nc)　航空(Na)　市場(Nc)　啊(T),"[{'word': '台灣', 'ner': 'GPE'}]"
隨著星宇今年開始接收,隨著(P)　星宇(Nc)　今年(Nd)　開始(VL)　接收(VC),"[{'word': '今年', 'ner': 'DATE'}]"
美東美南航線的開闢應該是勢在必行了,美東(Nc)　美南(Nc)　航線(Na)　的(DE)　開闢(VC)　應該(D)　是(SHI)　勢在必行(VH)　了(T),"[{'word': '美東', 'ner': 'LOC'}, {'word': '美南', 'ner': 'LOC'}]"
雖然印象中星宇官方公關新聞直強調紐約的重要性,雖然(Cbb)　印象(Na)　中(Ng)　星宇(Nc)　官方(Na)　公關(Na)　新聞(Na)　直(D)　強調(VE)　紐約(Nc)　的(DE)　重要性(Na),"[{'word': '紐約', 'ner': 'GPE'}]"
但在目前的地緣政治與合作夥伴考量下,但(Cbb)　在(P)　目前(Nd)　的(DE)　地緣(Na)　政治(Na)　與(Caa)　合作(VH)　夥伴(Na)　考量(VE)　下(Ng),[]
小弟有點好奇,小弟(Na)　有點(Dfa)　好奇(VH),[]
會不會其實才是那匹黑馬,會不會(D)　其實(D)　才(Da)　是(SHI)　那(Nep)　匹(Nf)　黑馬(Na),[]
討論下這兩個點的優劣勢分析,討論(VE)　下(Ng)　這(Nep)　兩(Neu)　個(Nf)　點(Na)　的(DE)　優劣勢(Na)　分析(Na),"[{'word': '兩', 'ner': 'CARDINAL'}]"
達拉斯,達拉斯(Nc),"[{'word': '達拉斯', 'ner': 'PERSON'}]"
優勢星宇跟已經有,優勢(Na)　星宇(Na)　跟(P)　已經(D)　有(V_2),[]
作為的最大,作為(VG)　的(DE)　最(Dfa)　大(VH),[]
轉運美南中西部甚至拉美的強大優勢不用多說這也是目前比較難打進去的市場,轉運(VC)　美(Nc)　南(Ncd)　中西部(Ncd)　甚至(D)　拉美(Nc)　的(DE)　強大(VH)　優勢(Na)　不用(D)　多(D)　說(VE)　這(Nep)　也(D)　是(SHI)　目前(Nd)　比較(Dfa)　難(VH)　打進去(VC)　的(DE)　市場(Nc),"[{'word': '美南', 'ner': 'LOC'}, {'word': '拉美', 'ner': 'LOC'}]"
目前有飛,目前(Nd)　有(V_2)　飛(VA),[]
但是對於轉機去甚至南美的旅客來說時間很差,但是(Cbb)　對於(P)　轉機(VA)　去(VCL)　甚至(D)　南美(Nc)　的(DE)　旅客(Na)　來(D)　說(VE)　時間(Na)　很(Dfa)　差(VH),"[{'word': '南美', 'ner': 'LOC'}]"
營運屬機場,營運(VA)　屬(VG)　機場(Nc),[]
取得難度遠低於,取得(Nv)　難度(Na)　遠(Dfa)　低於(VJ),[]
且地理位置較南,且(Cbb)　地理(Na)　位置(Na)　較(P)　南(Ncd),[]
受冬季西風帶與避開俄羅斯領空的影響相對小,受(VJ)　冬季(Nd)　西風帶(Nc)　與(Caa)　避開(VC)　俄羅斯(Nc)　領空(Nc)　的(DE)　影響(Na)　相對(VH)　小(VH),"[{'word': '冬季', 'ner': 'DATE'}, {'word': '俄羅斯', 'ner': 'GPE'}]"
飛起來酬載應該很漂亮,飛起來(VA)　酬載(VC)　應該(D)　很(Dfa)　漂亮(VH),[]
甚至偶爾支援代打也沒問題,甚至(D)　偶爾(D)　支援(VC)　代打(VB)　也(D)　沒(VJ)　問題(Na),[]
客源雖然不如紐約,客源(Na)　雖然(Cbb)　不如(VJ)　紐約(Nc),"[{'word': '紐約', 'ner': 'GPE'}]"
但靠著的強大後網,但(Cbb)　靠(VJ)　著(Di)　的(DE)　強大(VH)　後網(Na),[]
轉機客源應該很穩,轉機(Na)　客源(Na)　應該(D)　很(Dfa)　穩(VH),[]
紐約,紐約(Nc),"[{'word': '紐約', 'ner': 'GPE'}]"
優勢旗艦航點,優勢(Na)　旗艦(Na)　航點(Na),[]
含金量最高的客,含金量(Na)　最(Dfa)　高(VH)　的(DE)　客(Na),[]
品牌宣示意義大於實質獲利,品牌(Na)　宣示(VE)　意義(Na)　大於(VJ)　實質(Na)　獲利(VH),[]
劣勢,劣勢(Na),[]
問題的時間帶基本上是個蘿蔔個坑,問題(Na)　的(DE)　時間帶(Na)　基本(Na)　上(Ng)　是(SHI)　個(Nf)　蘿蔔(Na)　個(Nf)　坑(Na),[]
好時段極難取得,好(VH)　時段(Na)　極(Dfa)　難(VH)　取得(VC),[]
航路問題現在不能飛越俄羅斯領空,航路(Na)　問題(Na)　現在(Nd)　不能(D)　飛越(VCL)　俄羅斯(Nc)　領空(Nc),"[{'word': '俄羅斯', 'ner': 'GPE'}]"
回程逆風若還要繞路,回程(Na)　逆風(D)　若(Cbb)　還(Dfa)　要(D)　繞路(VA),[]
對油耗跟組員派飛時數都是極限挑戰,對(P)　油耗(Na)　跟(Caa)　組員(Na)　派飛(VF)　時數(Na)　都(D)　是(SHI)　極限(Na)　挑戰(VC),[]
雖然就是買來跑這條的,雖然(Cbb)　就是(D)　買來(VC)　跑(VA)　這(Nep)　條(Nf)　的(DE),[]
但營運成本肯定比高出截,但(Cbb)　營運(Nv)　成本(Na)　肯定(VK)　比(P)　高出(VJ)　截(VC),[]
個人想法,個人(Nh)　想法(Na),[]
雖然紐約是面子,雖然(Cbb)　紐約(Nc)　是(SHI)　面子(Na),"[{'word': '紐約', 'ner': 'GPE'}]"
但感覺才是裡子,但(Cbb)　感覺(Na)　才(Da)　是(SHI)　裡子(Na),[]
尤其今年預計口氣進架,尤其(D)　今年(Nd)　預計(VE)　口氣(Na)　進(VC)　架(Na),"[{'word': '今年', 'ner': 'DATE'}]"
理論上運能足夠撐起這兩條線,理論(Na)　上(Ng)　運能(Na)　足夠(VH)　撐起(VC)　這(Nep)　兩(Neu)　條(Nf)　線(Na),"[{'word': '兩', 'ner': 'CARDINAL'}]"
大家覺得星宇會直接開還是先飛達拉斯呢,大家(Nh)　覺得(VK)　星宇(Nb)　會(D)　直接(VH)　開(VC)　還是(D)　先(D)　飛(VA)　達拉斯(Nc)　呢(T),"[{'word': '達拉斯', 'ner': 'PERSON'}]"
菜雞航迷枚先謝謝各位板友指點,菜雞(Na)　航(Na)　迷(VL)　枚(Neu)　先(D)　謝謝(VJ)　各位(Nes)　板友(Na)　指點(VE),[]
問題是你要飛,問題(Na)　是(SHI)　你(Nh)　要(D)　飛(VA),[]
就要接嗎,就(D)　要(D)　接(VC)　嗎(T),[]
聯票開出來價格才是重點,聯票(Na)　開出來(VC)　價格(Na)　才(Da)　是(SHI)　重點(Na),[]
目前搜星宇轉機的票都還算蠻便宜的,目前(Nd)　搜星宇(VC)　轉機(Na)　的(DE)　票(Na)　都(D)　還(D)　算(VG)　蠻(Dfa)　便宜(VH)　的(DE),[]
國際線就不知道了肯定是會比較貴,國際線(Na)　就(D)　不(D)　知道(VK)　了(Di)　肯定(VK)　是(SHI)　會(D)　比較(Dfa)　貴(VH),[]
但去阿根廷本來就不便宜吧剛有段字跑掉了,但(Cbb)　去(VCL)　阿根廷(Nc)　本來(D)　就(D)　不(D)　便宜(VH)　吧(T)　剛(D)　有(V_2)　段(Nf)　字(Na)　跑掉(VA)　了(Di),"[{'word': '阿根廷', 'ner': 'GPE'}]"
我是說也許可以轉從飛,我(Nh)　是(SHI)　說(VE)　也許(D)　可以(D)　轉(VC)　從(P)　飛(VA),[]
你要不要去看看是怎麼對我們的,你(Nh)　要不要(D)　去(D)　看看(VE)　是(SHI)　怎麼(D)　對(VC)　我們(Nh)　的(DE),[]
真的是鍵盤手真的飛也是傍晚晚上到能轉機去哪,真的(D)　是(SHI)　鍵盤手(Na)　真的(D)　飛(VA)　也(D)　是(SHI)　傍晚(Nd)　晚上(Nd)　到(P)　能(D)　轉機(VA)　去(VCL)　哪(Ncd),"[{'word': '傍晚晚上', 'ner': 'TIME'}]"
哪家航空公司會蠢到為了小貓兩三隻放棄轉機客,哪(Nep)　家(Nf)　航空(Na)　公司(Nc)　會(D)　蠢(VH)　到(P)　為了(P)　小(VH)　貓(Na)　兩三(Neu)　隻(Nf)　放棄(VC)　轉機客(Na),"[{'word': '兩', 'ner': 'CARDINAL'}, {'word': '三', 'ner': 'CARDINAL'}]"
董以前不是有說夠就會開紐約嗎,董(Nb)　以前(Nd)　不(D)　是(SHI)　有(V_2)　說(VC)　夠(VH)　就(D)　會(D)　開(VC)　紐約(Nc)　嗎(T),"[{'word': '紐約', 'ner': 'GPE'}]"
德州春夏午後雷暴雨來次機場地面作業全停完全恢復都快半夜了講的好像德州都不受天氣影響樣要轉運中西部直飛不就得了的有也有貨要開要看進度跟世界盃加班機的影響才能決定,德州(Nc)　春夏(Nd)　午後(Nd)　雷暴雨(Na)　來次(VA)　機場(Nc)　地面(Nc)　作業(Na)　全(Neqa)　停(VHC)　完全(D)　恢復(VHC)　都(D)　快(D)　半夜(Nd)　了(Di)　講(VE)　的(DE)　好像(D)　德州(Nc)　都(D)　不(D)　受(VJ)　天氣(Na)　影響(Na)　樣(Ng)　要(D)　轉運(VC)　中西部(Ncd)　直飛(VCL)　不(D)　就(D)　得了(VH)　的(DE)　有(V_2)　也(D)　有(V_2)　貨(Na)　要(D)　開(VC)　要(D)　看(VC)　進度(Na)　跟(P)　世界盃(Nb)　加班機(Na)　的(DE)　影響(Na)　才(Da)　能(D)　決定(VE),"[{'word': '德州', 'ner': 'GPE'}, {'word': '春夏', 'ner': 'DATE'}, {'word': '午後', 'ner': 'TIME'}, {'word': '快半夜', 'ner': 'TIME'}, {'word': '德州', 'ner': 'GPE'}, {'word': '世界盃', 'ner': 'EVENT'}]"
重點是從飛到達拉斯要轉到哪裡去還是飛到台北可以轉到哪裡去,重點(Na)　是(SHI)　從(P)　飛到(VCL)　達拉斯(Nc)　要(D)　轉到(VAC)　哪裡(Ncd)　去(T)　還是(D)　飛到(VCL)　台北(Nc)　可以(D)　轉到(VCL)　哪裡(Ncd)　去(VCL),"[{'word': '台北', 'ner': 'GPE'}]"
德州都是做生意的德州越南人超多什麼轉機去佛州根本不切實際佛州亞裔人口太少飛到的時間要夠早才能轉機台北起飛時間會錯過,德州(Nc)　都(D)　是(SHI)　做生意(VA)　的(DE)　德州(Nc)　越南人(Na)　超(Dfa)　多(VH)　什麼(Nep)　轉機(Na)　去(VCL)　佛州(Nc)　根本(D)　不切實際(VH)　佛州(Nc)　亞裔(Na)　人口(Na)　太少(D)　飛到(VCL)　的(DE)　時間(Na)　要(D)　夠(Dfa)　早(VH)　才(Da)　能(D)　轉機(VA)　台北(Nc)　起飛(VA)　時間(Na)　會(D)　錯過(VJ),"[{'word': '德州', 'ner': 'GPE'}, {'word': '德州', 'ner': 'GPE'}, {'word': '越南人', 'ner': 'NORP'}, {'word': '佛州', 'ner': 'GPE'}, {'word': '佛州', 'ner': 'GPE'}, {'word': '亞裔', 'ner': 'NORP'}, {'word': '台北', 'ner': 'GPE'}]"
與其在那裡紅海片,與其(Cbb)　在(P)　那裡(Ncd)　紅海片(VH),[]
真的不如高雄洛杉磯,真的(D)　不如(VJ)　高雄(Nc)　洛杉磯(Nc),"[{'word': '高雄', 'ner': 'GPE'}, {'word': '洛杉磯', 'ner': 'GPE'}]"
邁阿密連日航都不飛了基於日航跟的密切關係如果有客源日航不會放棄這個機會而且只跟基於跟日航的關係不會合作太深目前的策略就是償債優先亞洲客戶丟給國泰跟日航加上世界杯足球賽即將開打全力衝刺不會在這個時候破壞關係不過跟的關係倒是有傳出可能會跳天合但世界杯的客源在這個時候絕對不會動而且轉聯盟隱形成本非常高,邁阿密(Nc)　連(Cbb)　日航(Nb)　都(D)　不(D)　飛(VA)　了(Di)　基於(P)　日航(Nc)　跟(P)　的(DE)　密切(VH)　關係(Na)　如果(Cbb)　有(V_2)　客源(Na)　日航(Nc)　不會(D)　放棄(VC)　這(Nep)　個(Nf)　機會(Na)　而且(Cbb)　只(Da)　跟(P)　基於(P)　跟(P)　日航(Nc)　的(DE)　關係(Na)　不會(D)　合作(VH)　太(Dfa)　深(VH)　目前(Nd)　的(DE)　策略(Na)　就(Cbb)　是(SHI)　償債(VA)　優先(VH)　亞洲(Nc)　客戶(Na)　丟給(VD)　國泰(Nb)　跟(P)　日航(Nb)　加上(Cbb)　世界杯(Nb)　足球賽(Na)　即將(D)　開打(VH)　全力(D)　衝刺(VC)　不會(D)　在(P)　這(Nep)　個(Nf)　時候(Na)　破壞(VC)　關係(Na)　不過(Cbb)　跟(P)　的(DE)　關係(Na)　倒是(D)　有(V_2)　傳出(VC)　可能(D)　會(D)　跳(VA)　天合(Na)　但(Cbb)　世界杯(Nb)　的(DE)　客源(Na)　在(P)　這(Nep)　個(Nf)　時候(Na)　絕對(D)　不會(D)　動(VAC)　而且(Cbb)　轉(VC)　聯盟(Na)　隱形(VH)　成本(Na)　非常(Dfa)　高(VH),"[{'word': '邁阿密', 'ner': 'GPE'}, {'word': '日航', 'ner': 'ORG'}, {'word': '日航', 'ner': 'ORG'}, {'word': '日航', 'ner': 'ORG'}, {'word': '日航', 'ner': 'ORG'}, {'word': '亞洲', 'ner': 'LOC'}, {'word': '國泰', 'ner': 'ORG'}, {'word': '日航', 'ner': 'ORG'}, {'word': '世界杯足球賽', 'ner': 'EVENT'}, {'word': '世界杯', 'ner': 'EVENT'}]"
你不是在臉書社團宣傳說要跳槽了嗎,你(Nh)　不(D)　是(SHI)　在(P)　臉書(Na)　社團(Na)　宣傳(VC)　說(VE)　要(D)　跳槽(VA)　了(T)　嗎(T),[]
坐穩創始會員位置,坐穩(VA)　創始(VC)　會員(Na)　位置(Na),[]
傻了才跟你跳槽,傻(VH)　了(T)　才(Da)　跟(P)　你(Nh)　跳槽(VA),[]
話說星宇如果要讓飛好飛滿,話說(Dk)　星宇(Na)　如果(Cbb)　要(D)　讓(VL)　飛(VA)　好(VH)　飛(VCL)　滿(VH),[]
應該儘早開澳洲線搭配轉機南美或是紐澳,應該(D)　儘早(D)　開(VC)　澳洲線(Na)　搭配(VC)　轉機(Na)　南美(Nc)　或是(Caa)　紐(Nc)　澳(Nc),"[{'word': '澳洲', 'ner': 'GPE'}, {'word': '南美', 'ner': 'LOC'}, {'word': '紐澳', 'ner': 'GPE'}]"
我有說要理你嗎,我(Nh)　有(V_2)　說(VE)　要(D)　理(VJ)　你(Nh)　嗎(T),[]
肯定要談很久的,肯定(VK)　要(D)　談(VE)　很(Dfa)　久(VH)　的(DE),[]
但如果想發展紐澳線,但(Cbb)　如果(Cbb)　想(VE)　發展(VC)　紐澳線(Nc),"[{'word': '紐澳線', 'ner': 'FAC'}]"
還是必須尋求大洋洲的盟友,還是(D)　必須(D)　尋求(VC)　大洋洲(Nc)　的(DE)　盟友(Na),"[{'word': '大洋洲', 'ner': 'LOC'}]"
跟合作的很好餒,跟(P)　合作(VH)　的(DE)　很(Dfa)　好(VH)　餒(VH),[]
也沒其他更好的選項了吧,也(D)　沒(VJ)　其他(Neqa)　更(Dfa)　好(VH)　的(DE)　選項(Na)　了(T)　吧(T),[]
雖然我個人認為前不太可能加入,雖然(Cbb)　我(Nh)　個人(Nh)　認為(VE)　前(Ng)　不(D)　太(Dfa)　可能(VH)　加入(VC),[]
但目前的公司政策就是親近的航司要插手紐澳遲早要跟硬碰硬的,但(Cbb)　目前(Nd)　的(DE)　公司(Nc)　政策(Na)　就(D)　是(SHI)　親近(VC)　的(DE)　航司(Na)　要(D)　插手(VC)　紐(Nc)　澳(Nc)　遲早(D)　要(D)　跟(P)　硬碰硬(VA)　的(DE),"[{'word': '紐澳', 'ner': 'GPE'}]"
就是個垃圾貨,就(D)　是(SHI)　個(Nf)　垃圾貨(Na),[]
堆酸民就可以擅自絕定人家要跟誰合作有跟日航合作不行有跟合作不行估計國泰有飛的航點也不能飛不然叫做搶生意如果照這邏輯星宇乾脆收起來打包不要做好了誒,堆酸民(VC)　就(D)　可以(D)　擅自(D)　絕定(D)　人家(Nh)　要(D)　跟(P)　誰(Nh)　合作(VH)　有(V_2)　跟(P)　日航(Nb)　合作(VH)　不行(VH)　有(V_2)　跟(P)　合作(VH)　不行(VH)　估計(VE)　國泰(Nb)　有(V_2)　飛(VA)　的(DE)　航點(Na)　也(D)　不能(D)　飛(VA)　不然(Cbb)　叫做(VG)　搶(VD)　生意(Na)　如果(Cbb)　照(P)　這(Nep)　邏輯(Na)　星宇(Nb)　乾脆(VH)　收起來(VB)　打包(VA)　不要(D)　做好(VC)　了(T)　誒(ETCCATEGORY),"[{'word': '日航', 'ner': 'ORG'}, {'word': '國泰', 'ner': 'ORG'}, {'word': '星宇', 'ner': 'ORG'}]"
是不是正合這些人的意,是(SHI)　不(D)　是(SHI)　正(D)　合(VJ)　這些(Neqa)　人(Na)　的(DE)　意(Na),[]
沒有組員艙這樣飛大洋洲有點硬,沒有(VJ)　組員艙(Na)　這樣(VH)　飛(VA)　大洋洲(Nc)　有點(Dfa)　硬(VH),"[{'word': '大洋洲', 'ner': 'LOC'}]"
擅自決定誰要跟誰合作的,擅自(D)　決定(VE)　誰(Nh)　要(D)　跟(P)　誰(Nh)　合作(VH)　的(DE),[]
好像是星宇粉耶過去這兩年星宇粉可是認定全員都在等星宇的榮光庇佑阿,好像(D)　是(SHI)　星宇粉(Na)　耶(T)　過去(Nd)　這(Nep)　兩(Neu)　年(Nf)　星宇粉(Nb)　可是(D)　認定(VE)　全(Neqa)　員(Nf)　都(D)　在(P)　等(VC)　星宇(Na)　的(DE)　榮光(Na)　庇佑(VC)　阿(Nb),"[{'word': '這兩年', 'ner': 'DATE'}]"
真有趣誒堆星黑把反串的星黑言論當星粉然後到處宣傳反串星粉的言論我是當笑話笑笑但樓上是真看不懂哪些人言論顯然在反串,真(D)　有趣(VH)　誒(FW)　堆(VC)　星黑(Na)　把(P)　反串(VC)　的(DE)　星黑(Na)　言論(Na)　當(VG)　星粉(Na)　然後(D)　到處(D)　宣傳(VC)　反串(VC)　星粉(Na)　的(DE)　言論(Na)　我(Nh)　是(SHI)　當(VG)　笑話(Na)　笑笑(VA)　但(Cbb)　樓上(Nc)　是(SHI)　真(D)　看(VJ)　不(D)　懂(VJ)　哪些(Neqa)　人(Na)　言論(Na)　顯然(D)　在(P)　反串(VC),[]
要進勢必要再繳堆錢吧感覺近幾年不太可能,要(D)　進(VH)　勢必(D)　要(D)　再(D)　繳(VD)　堆(Nf)　錢(Na)　吧(T)　感覺(VK)　近(Nes)　幾(Neu)　年(Nf)　不(D)　太(Dfa)　可能(VH),"[{'word': '近幾年', 'ner': 'DATE'}]"
目前星宇最重要的是盡快提升獲利,目前(Nd)　星宇(Nb)　最(Dfa)　重要(VH)　的(DE)　是(SHI)　盡快(D)　提升(VC)　獲利(Na),"[{'word': '星宇', 'ner': 'ORG'}]"
優先加開日本線持續優化北美線,優先(D)　加開(VC)　日本線(Na)　持續(VL)　優化(VHC)　北美線(Na),"[{'word': '北美', 'ner': 'GPE'}]"
新航線不必急著擴張,新(VH)　航線(Na)　不必(D)　急(VH)　著(Di)　擴張(VHC),[]
否則只是再度投入紅海,否則(Cbb)　只是(D)　再度(D)　投入(VC)　紅海(Nc),[]
別忘了星粉去年還在講開航,別(D)　忘(VK)　了(Di)　星粉(Na)　去年(Nd)　還(D)　在(P)　講(VE)　開航(VA),"[{'word': '去年', 'ner': 'DATE'}]"
講開航溫哥華的是誰你去查下好嗎,講(VE)　開航(VA)　溫哥華(Nc)　的(DE)　是(SHI)　誰(Nh)　你(Nh)　去(D)　查(VE)　下(Ng)　好(VH)　嗎(T),"[{'word': '溫哥華', 'ner': 'GPE'}]"
你要說他是星宇粉他會哭吧,你(Nh)　要(D)　說(VE)　他(Nh)　是(SHI)　星宇粉(Na)　他(Nh)　會(D)　哭(VA)　吧(T),"[{'word': '星宇粉', 'ner': 'PERSON'}]"
笑死,笑死(VHC),[]
那篇只是開個頭也沒說定開但直在到處刷存在感說定會開的不就在推文裡面嗎,那(Nep)　篇(Nf)　只是(D)　開(VC)　個(Di)　頭(Na)　也(D)　沒(D)　說定(VE)　開(VC)　但(Cbb)　直(VH)　在(P)　到處(D)　刷(VC)　存在感(Na)　說定(VE)　會(D)　開(VC)　的(DE)　不(D)　就(D)　在(P)　推文(Na)　裡面(Ncd)　嗎(T),[]
對對對,對(VH)　對(VH)　對(VH),[]
就只有星宇粉可以決定星宇加入後跟國泰合作自己在這版幻想星宇跟國泰合作幻想得很開心,就(D)　只有(D)　星宇粉(Nb)　可以(D)　決定(VE)　星宇(Nb)　加入(VC)　後(Ng)　跟(P)　國泰(Nb)　合作(VH)　自己(Nh)　在(P)　這(Nep)　版(Na)　幻想(VE)　星宇(Na)　跟(P)　國泰(Nb)　合作(VH)　幻想(VE)　得(DE)　很(Dfa)　開心(VH),"[{'word': '星宇粉', 'ner': 'PERSON'}, {'word': '國泰', 'ner': 'PERSON'}, {'word': '國泰', 'ner': 'PERSON'}]"
然後不准別人戳破自己的幻想,然後(D)　不准(VE)　別人(Nh)　戳破(VC)　自己(Nh)　的(DE)　幻想(Nv),[]
星粉都是董線上幕僚,星粉(Na)　都(D)　是(SHI)　董(Nb)　線上(Nc)　幕僚(Na),[]
每個等比老闆更懂公司運作重點是有人不承認自己是星粉,每(Nes)　個(Nf)　等(Cab)　比(P)　老闆(Na)　更(D)　懂(VK)　公司(Nc)　運作(Nv)　重點(Na)　是(SHI)　有(V_2)　人(Na)　不(D)　承認(VE)　自己(Nh)　是(SHI)　星粉(Na),[]
新聞報導劉允富表示月會換成,新聞(Na)　報導(VE)　劉允富(Nb)　表示(VE)　月會(Na)　換成(VG),"[{'word': '劉允富', 'ner': 'PERSON'}]"
週班,週班(Nc),[]
太狠了,太(Dfa)　狠(VH)　了(T),[]
不給活路啊,不(D)　給(VD)　活路(Na)　啊(T),[]
可以加個月年終了嗎,可以(D)　加(VC)　個(Di)　月(Nf)　年終(Nd)　了(T)　嗎(T),"[{'word': '加個月', 'ner': 'DATE'}]"
用減載換航程吧,用(P)　減載(VJ)　換(VC)　航程(Na)　吧(T),[]
要不然夏季的對不是開玩笑的華航不是派就是換吧,要不然(Cbb)　夏季(Nd)　的(DE)　對(VH)　不(D)　是(SHI)　開玩笑(VB)　的(DE)　華航(Nc)　不(D)　是(SHI)　派(VF)　就(D)　是(SHI)　換(VC)　吧(T),"[{'word': '夏季', 'ner': 'DATE'}, {'word': '華航', 'ner': 'ORG'}]"
夏季直接拉掉改了,夏季(Nd)　直接(VH)　拉掉(VC)　改(VC)　了(Di),"[{'word': '夏季', 'ner': 'DATE'}]"
的是去了,的(DE)　是(SHI)　去(VCL)　了(Di),[]
華航夏直接三艙等售票了,華航(Nc)　夏(Nd)　直接(VH)　三(Neu)　艙等(Na)　售票(VA)　了(Di),"[{'word': '華航', 'ner': 'ORG'}, {'word': '三', 'ner': 'CARDINAL'}]"
有些天馬行空的話講太多,有(V_2)　些(Nf)　天馬行空(VH)　的(DE)　話(Na)　講(VE)　太多(Neqa),[]
以後就變成狼來了,以後(Nd)　就(D)　變成(VG)　狼(Na)　來(VA)　了(Di),[]
跳天合這種話可信度就跟說劉德華是變性人樣高,跳天合(VA)　這(Nep)　種(Nf)　話(Na)　可信度(Na)　就(D)　跟(P)　說(VE)　劉德華(Nb)　是(SHI)　變性人(Na)　樣(Na)　高(Na),"[{'word': '劉德華', 'ner': 'PERSON'}]"
高雄何時才會,高雄(Nc)　何時(Nd)　才(Da)　會(D),"[{'word': '高雄', 'ner': 'GPE'}]"
真的不值得提,真的(D)　不(D)　值得(VH)　提(VE),[]
無法稱為優勢,無法(D)　稱為(VG)　優勢(Na),[]
和跟也有簽,和跟(Caa)　也(D)　有(V_2)　簽(VC),[]
因為星宇官方簡報就直接把列主要夥伴,因為(Cbb)　星宇(Na)　官方(Na)　簡報(Na)　就(D)　直接(VH)　把(P)　列(VC)　主要(A)　夥伴(Na),"[{'word': '星宇', 'ner': 'ORG'}]"
先飛東京,先(D)　飛(VA)　東京(Nc),"[{'word': '東京', 'ner': 'GPE'}]"
新聞來源日期自由時報電子報,新聞(Na)　來源(Na)　日期(Na)　自由時報(Nb)　電子報(Na),"[{'word': '自由時報', 'ner': 'WORK_OF_ART'}]"
新聞標題星宇航空台北鳳凰城航線正式開航北美第五航點,新聞(Na)　標題(Na)　星宇(Nb)　航空(Na)　台北(Nc)　鳳凰城(Nc)　航線(Na)　正式(VH)　開航(VA)　北美(Nc)　第五(Neu)　航點(Na),"[{'word': '星宇航空', 'ner': 'ORG'}, {'word': '台北', 'ner': 'GPE'}, {'word': '北美', 'ner': 'LOC'}, {'word': '第五', 'ner': 'ORDINAL'}]"
內文,內文(Na),[]
於當地時間,於(P)　當地(Nc)　時間(Na),[]
順利抵達鳳凰城天港國際機場,順利(VH)　抵達(VCL)　鳳凰城(Nc)　天港(Nc)　國際(Nc)　機場(Nc),"[{'word': '鳳凰城天港國際機場', 'ner': 'FAC'}]"
並於當地舉辦首航剪綵儀式,並(Cbb)　於(P)　當地(Nc)　舉辦(VC)　首(Nv)　航(VA)　剪綵(Nv)　儀式(Na),[]
星宇航空執行,星宇(Na)　航空(Na)　執行(VC),"[{'word': '星宇航空', 'ner': 'ORG'}]"
長翟健華正式宣告台北鳳凰城航線啟航,長(VH)　翟健華(Nb)　正式(VH)　宣告(VE)　台北(Nc)　鳳凰城(Nc)　航線(Na)　啟航(VA),"[{'word': '翟健華', 'ner': 'PERSON'}, {'word': '台北', 'ner': 'GPE'}]"
星宇航空日正式開航北美的第五個航點鳳凰城,星宇(Nb)　航空(Na)　日(Nd)　正式(VH)　開航(VA)　北美(Nc)　的(DE)　第五(Neu)　個(Nf)　航點(Na)　鳳凰城(Nc),"[{'word': '星宇航空', 'ner': 'ORG'}, {'word': '北美', 'ner': 'LOC'}, {'word': '第五', 'ner': 'ORDINAL'}, {'word': '鳳凰城', 'ner': 'GPE'}]"
鳳凰城航線昨日首航儀式,鳳凰城(Nc)　航線(Na)　昨日(Nd)　首航(Na)　儀式(Na),"[{'word': '鳳凰城', 'ner': 'FAC'}, {'word': '昨日', 'ner': 'DATE'}]"
鳳凰城,鳳凰城(Nc),"[{'word': '鳳凰城', 'ner': 'ORG'}]"
市長特別率領市府代表團跨州飛抵台灣親自出席,市長(Na)　特別(VH)　率領(VF)　市府(Nc)　代表團(Na)　跨(A)　州(Nc)　飛抵(VCL)　台灣(Nc)　親自(D)　出席(VC),"[{'word': '台灣', 'ner': 'GPE'}]"
而今日翟健華也致贈,而(Cbb)　今日(Nd)　翟健華(Nb)　也(D)　致贈(VD),"[{'word': '今日', 'ner': 'DATE'}, {'word': '翟健華', 'ner': 'PERSON'}]"
飛模予鳳凰城市長,飛模(VA)　予(VD)　鳳凰城(Nc)　市長(Na),"[{'word': '鳳凰城', 'ner': 'ORG'}]"
翟健華表示,翟健華(Nb)　表示(VE),"[{'word': '翟健華', 'ner': 'PERSON'}]"
鳳凰城不僅具備強大的商業與旅遊潛力,鳳凰城(Nc)　不僅(Cbb)　具備(VJ)　強大(VH)　的(DE)　商業(Na)　與(Caa)　旅遊(Nv)　潛力(Na),"[{'word': '鳳凰城', 'ner': 'ORG'}]"
也擁有豐富的觀光資源,也(D)　擁有(VJ)　豐富(VHC)　的(DE)　觀光(VA)　資源(Na),[]
近年來隨,近年(Nd)　來(Ng)　隨(P),[]
著大量科技企業進駐,著(Di)　大量(Neqa)　科技(Na)　企業(Na)　進駐(VCL),[]
鳳凰城已發展為創新產業重鎮,鳳凰城(Nc)　已(D)　發展為(VG)　創新(VC)　產業(Na)　重鎮(Nc),[]
展現出觀光與科技並進的多元魅力,展現出(VJ)　觀光(VA)　與(Caa)　科技(Na)　並進(VA)　的(DE)　多元(VH)　魅力(Na),[]
星宇航空持續強化亞洲與北美之間的航網布局,星宇(Nb)　航空(Na)　持續(VL)　強化(VHC)　亞洲(Nc)　與(Caa)　北美(Nc)　之間(Ng)　的(DE)　航網(Na)　布局(VA),"[{'word': '星宇航空', 'ner': 'ORG'}, {'word': '亞洲', 'ner': 'LOC'}, {'word': '北美', 'ner': 'LOC'}]"
並透過與美國航空合作,並(Cbb)　透過(P)　與(P)　美國(Nc)　航空(Na)　合作(VH),"[{'word': '美國航空', 'ner': 'ORG'}]"
旅客搭乘星宇,旅客(Na)　搭乘(VC)　星宇(Na),"[{'word': '星宇', 'ner': 'ORG'}]"
航空抵達鳳凰城後可銜接美國航空航班前往超過個美國內陸航點,航空(Na)　抵達(VCL)　鳳凰城(Nc)　後(Ng)　可(D)　銜接(VJ)　美國(Nc)　航空(Na)　航班(Na)　前往(VCL)　超過(VJ)　個(Nf)　美國(Nc)　內陸(Nc)　航點(Na),"[{'word': '鳳凰城', 'ner': 'GPE'}, {'word': '美國', 'ner': 'GPE'}, {'word': '美國', 'ner': 'GPE'}]"
此合作也將串聯星宇,此(Nep)　合作(VH)　也(D)　將(D)　串聯(VC)　星宇(Na),[]
航空綿密的東南亞航線,航空(Na)　綿密(VH)　的(DE)　東南亞(Nc)　航線(Na),"[{'word': '東南亞', 'ner': 'LOC'}]"
吸引更多往返亞洲與鳳凰城間的商務與轉機旅客,吸引(VJ)　更多(Neqa)　往返(VCL)　亞洲(Nc)　與(Caa)　鳳凰城(Nc)　間(Ncd)　的(DE)　商務(Na)　與(Caa)　轉機(Na)　旅客(Na),"[{'word': '亞洲', 'ner': 'LOC'}, {'word': '鳳凰城', 'ner': 'GPE'}]"
滿足市場對高,滿足(VHC)　市場(Nc)　對高(P),[]
品質服務的需求,品質(Na)　服務(Nv)　的(DE)　需求(Na),[]
鳳凰城市長表示,鳳凰城(Nc)　市長(Na)　表示(VE),"[{'word': '鳳凰城', 'ner': 'ORG'}]"
台北鳳凰城航線的啟航,台北(Nc)　鳳凰城(Nc)　航線(Na)　的(DE)　啟航(Nv),"[{'word': '台北', 'ner': 'GPE'}]"
不僅將帶動觀光發展強化商,不僅(Cbb)　將(D)　帶動(VC)　觀光(VA)　發展(VC)　強化(VHC)　商(Na),[]
業連結,業(Na)　連結(VC),[]
也為尋求在鳳凰城地區投資的企業創造全新機會,也(D)　為(P)　尋求(VC)　在(P)　鳳凰城(Nc)　地區(Nc)　投資(VC)　的(DE)　企業(Na)　創造(VC)　全新(VH)　機會(Na),"[{'word': '鳳凰城', 'ner': 'GPE'}]"
同時進步提升鳳凰城作為全,同時(Nd)　進步(VH)　提升(VC)　鳳凰城(Nc)　作為(VG)　全(Neqa),[]
球城市的地位,球(Na)　城市(Nc)　的(DE)　地位(Na),[]
且此航線將為鳳凰城帶來更多就業機會經濟成長及發展動能,且(Cbb)　此(Nep)　航線(Na)　將(D)　為(P)　鳳凰城(Nc)　帶來(VC)　更多(Neqa)　就業(Nv)　機會(Na)　經濟(Na)　成長(Nv)　及(Caa)　發展(VC)　動能(Na),"[{'word': '鳳凰城', 'ner': 'GPE'}]"
星宇航空台北鳳凰城航線開航初期每週三班飛航,星宇(Nb)　航空(Na)　台北(Nc)　鳳凰城(Nc)　航線(Na)　開航(VA)　初期(Nd)　每(Nes)　週(Nf)　三(Neu)　班(Nf)　飛航(VA),"[{'word': '星宇航空', 'ner': 'ORG'}, {'word': '台北', 'ner': 'GPE'}, {'word': '三', 'ner': 'CARDINAL'}]"
並計劃於三月增班為每週四班,並(Cbb)　計劃(VF)　於(P)　三月(Nd)　增班(VJ)　為(VG)　每(Nes)　週(Nf)　四(Neu)　班(Nf),"[{'word': '三月', 'ner': 'DATE'}, {'word': '四', 'ner': 'CARDINAL'}]"
星宇,星宇(Na),[]
航空目前北美航點擴及北美五大航點洛杉磯加州安大略舊金山西雅圖及鳳凰城,航空(Na)　目前(Nd)　北美(Nc)　航點(Na)　擴及(VJ)　北美(Nc)　五(Neu)　大(VH)　航點(Na)　洛杉磯(Nc)　加州(Nc)　安大略(Nc)　舊金山(Nc)　西雅圖(Nc)　及(Caa)　鳳凰城(Nc),"[{'word': '北美', 'ner': 'LOC'}, {'word': '北美', 'ner': 'LOC'}, {'word': '五', 'ner': 'CARDINAL'}, {'word': '洛杉磯', 'ner': 'GPE'}, {'word': '加州', 'ner': 'GPE'}, {'word': '舊金山', 'ner': 'GPE'}, {'word': '西雅圖', 'ner': 'GPE'}, {'word': '鳳凰城', 'ner': 'GPE'}]"
亞洲部分包含越南菲律賓馬來西亞新加坡泰國日本香港及澳門等地,亞洲(Nc)　部分(Neqa)　包含(VJ)　越南(Nc)　菲律賓(Nc)　馬來西亞(Nc)　新加坡(Nc)　泰國(Nc)　日本(Nc)　香港(Nc)　及(Caa)　澳門(Nc)　等(Cab)　地(Nc),"[{'word': '亞洲', 'ner': 'LOC'}, {'word': '越南', 'ner': 'GPE'}, {'word': '菲律賓', 'ner': 'GPE'}, {'word': '馬來西亞', 'ner': 'GPE'}, {'word': '新加坡', 'ner': 'GPE'}, {'word': '泰國', 'ner': 'GPE'}, {'word': '日本', 'ner': 'GPE'}, {'word': '香港', 'ner': 'GPE'}, {'word': '澳門', 'ner': 'GPE'}]"
共多達,共(Da)　多達(VJ),[]
個城市條航線,個(Nf)　城市(Nc)　條(Nf)　航線(Na),[]
原文連結,原文(Na)　連結(VC),[]
星宇來北美,星宇(Na)　來(VA)　北美(Nc),"[{'word': '星宇', 'ner': 'ORG'}, {'word': '北美', 'ner': 'LOC'}]"
兩老要哭倒在旁了,兩(Neu)　老(Na)　要(D)　哭(VA)　倒(VA)　在(P)　旁(Ncd)　了(T),"[{'word': '兩', 'ner': 'CARDINAL'}]"
先放北美,先(D)　放(VC)　北美(Nc),"[{'word': '北美', 'ner': 'LOC'}]"
兩老瑟瑟發抖,兩(Neu)　老(VH)　瑟瑟(D)　發抖(VA),"[{'word': '兩', 'ner': 'CARDINAL'}]"
就看星宇能不能撈到更多商務艙高端客源,就(D)　看(VC)　星宇(Nb)　能不能(D)　撈到(VC)　更多(Neqa)　商務艙(Na)　高端(Nc)　客源(Na),"[{'word': '星宇', 'ner': 'ORG'}]"
沒有到哭倒吧,沒有(D)　到(P)　哭(VA)　倒(VA)　吧(T),[]
首航雖延誤出發但只耗,首航(Na)　雖(Cbb)　延誤(VHC)　出發(VA)　但(Cbb)　只(Da)　耗(VJ),[]
比快不少,比(VC)　快(VH)　不少(VH),[]
鳳凰城飛走了進來大堆機,鳳凰城(Nc)　飛走(VA)　了(Di)　進來(VA)　大(VH)　堆(Nf)　機(Na),"[{'word': '鳳凰城', 'ner': 'ORG'}]"
畢竟是第家宣布飛的東亞業者,畢竟(D)　是(SHI)　第(Neu)　家(Nf)　宣布(VE)　飛(VA)　的(DE)　東亞(Nc)　業者(Na),"[{'word': '第家', 'ner': 'ORDINAL'}, {'word': '東亞', 'ner': 'NORP'}]"
首航待遇遠勝,首航(Na)　待遇(Na)　遠勝(VJ),[]
支持星宇,支持(VC)　星宇(Na),[]
第台是,第台(Neu)　是(SHI),"[{'word': '第台', 'ner': 'ORDINAL'}]"
估計還要幾個月才會再交機第二台,估計(VE)　還要(D)　幾(Neu)　個(Nf)　月(Na)　才(Da)　會(D)　再(D)　交(VD)　機(Na)　第二台(Neu),"[{'word': '幾個月', 'ner': 'DATE'}, {'word': '第二', 'ner': 'ORDINAL'}]"
在那之前應該會暫時當作比較大台的派飛美西,在(P)　那(Nep)　之前(Ng)　應該(D)　會(D)　暫時(D)　當作(VG)　比較(Dfa)　大(VH)　台(Nf)　的(DE)　派飛(VF)　美西(Nc),"[{'word': '美西', 'ner': 'GPE'}]"
是每架都是這個塗裝嗎還以為只有第架有,是(SHI)　每(Nes)　架(Nf)　都(D)　是(SHI)　這(Nep)　個(Nf)　塗裝(VC)　嗎(T)　還(D)　以為(VE)　只有(Da)　第(Neu)　架(Nf)　有(V_2),"[{'word': '第', 'ner': 'ORDINAL'}]"
說是月初回來,說(VE)　是(SHI)　月初(Na)　回來(VA),"[{'word': '月初', 'ner': 'DATE'}]"
早下單早享受,早(D)　下單(VA)　早(D)　享受(VJ),[]
這樣看應該全部的都長這樣吧,這樣(VH)　看(VC)　應該(D)　全部(Neqa)　的(DE)　都(D)　長(VH)　這樣(VH)　吧(T),[]
水喔快回來飛北美,水(Na)　喔(T)　快(D)　回來(VA)　飛(VA)　北美(Nc),"[{'word': '北美', 'ner': 'LOC'}]"
董又要開回來了嗎,董(Nb)　又(D)　要(D)　開回來(VC)　了(T)　嗎(T),"[{'word': '董', 'ner': 'PERSON'}]"
商務艙有座,商務艙(Na)　有(V_2)　座(Nf),[]
放美西線看能不能載更多商務客,放(VC)　美西線(Nc)　看(VE)　能不能(D)　載(VC)　更多(Neqa)　商務客(Na),"[{'word': '美', 'ner': 'GPE'}]"
好奇驗收測試的時候會不會表演旱地拔蔥,好奇(VH)　驗收(VC)　測試(VC)　的(DE)　時候(Na)　會不會(D)　表演(VC)　旱地(Na)　拔(Nv)　蔥(Na),[]
鳳凰城應該是夏季班表的事冬季班表用,鳳凰城(Nc)　應該(D)　是(SHI)　夏季(Nd)　班表(Na)　的(DE)　事(Na)　冬季(Nd)　班表(Na)　用(VC),"[{'word': '鳳凰城', 'ner': 'GPE'}]"
太帥氣,太(Dfa)　帥氣(VH),[]
星宇航空預計開航台中往返熊本航線,星宇(Nb)　航空(Na)　預計(VE)　開航(VA)　台中(Nc)　往返(VCL)　熊本(Nc)　航線(Na),"[{'word': '星宇航空', 'ner': 'ORG'}, {'word': '台中', 'ner': 'GPE'}, {'word': '熊本', 'ner': 'GPE'}]"
每週三班,每(Nes)　週(Nf)　三(Neu)　班(Nf),"[{'word': '三', 'ner': 'CARDINAL'}]"
機型,機型(Na),[]
時刻表,時刻表(Na),[]
每週二五日,每(Nes)　週(Nd)　二(Nd)　五日(Nd),"[{'word': '每週二五日', 'ner': 'DATE'}]"
每週二五日,每(Nes)　週(Nd)　二(Nd)　五日(Nd),"[{'word': '每週二五日', 'ner': 'DATE'}]"
熊本成為繼東京成田名古屋沖繩後,熊本(Nc)　成為(VG)　繼(P)　東京(Nc)　成田(Nb)　名古屋(Nc)　沖繩(Nc)　後(Ng),"[{'word': '熊本', 'ner': 'GPE'}, {'word': '東京', 'ner': 'GPE'}, {'word': '沖繩', 'ner': 'GPE'}]"
第四個皆有定期航線飛往台北台中高雄的日本航點,第四(Neu)　個(Nf)　皆(D)　有(V_2)　定期(A)　航線(Na)　飛往(VCL)　台北(Nc)　台中(Nc)　高雄(Nc)　的(DE)　日本(Nc)　航點(Na),"[{'word': '第四', 'ner': 'ORDINAL'}, {'word': '台北台中高雄', 'ner': 'GPE'}, {'word': '日本', 'ner': 'GPE'}]"
虎航夏季班表台南出發的還沒看到消息熊本就跟沖繩起收集到北中南高了,虎航(Nb)　夏季(Nd)　班表(Na)　台南(Nc)　出發(VA)　的(DE)　還(D)　沒(D)　看到(VE)　消息(Na)　熊本(Nc)　就(D)　跟(P)　沖繩(Nc)　起(Ng)　收集到(VC)　北(Ncd)　中(Ncd)　南(Ncd)　高(VH)　了(T),"[{'word': '虎航', 'ner': 'ORG'}, {'word': '夏季', 'ner': 'DATE'}, {'word': '台南', 'ner': 'GPE'}, {'word': '熊本', 'ner': 'GPE'}, {'word': '沖繩', 'ner': 'GPE'}, {'word': '中南高', 'ner': 'LOC'}]"
熊本跟沖繩現在是飛台灣航線最多的機場,熊本(Nc)　跟(Caa)　沖繩(Nc)　現在(Nd)　是(SHI)　飛(VA)　台灣(Nc)　航線(Na)　最多(VH)　的(DE)　機場(Nc),"[{'word': '熊本', 'ner': 'GPE'}, {'word': '沖繩', 'ner': 'GPE'}, {'word': '台灣', 'ner': 'GPE'}]"
也太多飛台灣了吧,也(D)　太多(VH)　飛(VA)　台灣(Nc)　了(T)　吧(T),"[{'word': '台灣', 'ner': 'GPE'}]"
熊本有半導體載貨需求載人支援需求也有,熊本(Nc)　有(V_2)　半導體(Na)　載貨(Nv)　需求(Na)　載(VC)　人(Na)　支援(VC)　需求(Na)　也(D)　有(V_2),"[{'word': '熊本', 'ner': 'GPE'}]"
台積電跟熊本熊的威力啊,台積電(Nb)　跟(Caa)　熊本熊(Nc)　的(DE)　威力(Na)　啊(T),"[{'word': '台積電', 'ner': 'ORG'}, {'word': '熊本熊', 'ner': 'PERSON'}]"
下條開台中釜山,下(Nes)　條(Nf)　開(VC)　台中(Nc)　釜山(Nc),"[{'word': '台中', 'ner': 'GPE'}, {'word': '釜山', 'ner': 'GPE'}]"
九州不管從哪裡進旅行社都很好操作,九州(Nc)　不管(Cbb)　從(P)　哪裡(Ncd)　進(VCL)　旅行社(Nc)　都(D)　很(Dfa)　好(VH)　操作(VC),"[{'word': '九州', 'ner': 'GPE'}]"
太棒了,太(Dfa)　棒(VH)　了(T),[]
旅行社機票包起來,旅行社(Nc)　機票(Na)　包起來(D),[]
載人客機載晶片客機,載(VC)　人(Na)　客機(Na)　載(VC)　晶片(Na)　客機(Na),[]
高雄何時直飛鳳凰城,高雄(Nc)　何時(Nd)　直飛(VCL)　鳳凰城(Nc),"[{'word': '高雄', 'ner': 'GPE'}, {'word': '鳳凰城', 'ner': 'ORG'}]"
星宇熊本台積讚啦,星宇(Nb)　熊本(Nc)　台積(Nb)　讚(VH)　啦(T),"[{'word': '星宇', 'ner': 'ORG'}]"
高雄國際航班數,高雄(Nc)　國際(Nc)　航班(Na)　數(VC),"[{'word': '高雄', 'ner': 'GPE'}]"
與員工年終獎金月數為高度正相關精品沒飛高雄,與(P)　員工(Na)　年終(Nd)　獎金(Na)　月數(Na)　為(VG)　高度(Na)　正(D)　相關(VH)　精品(Na)　沒(D)　飛(VA)　高雄(Nc),"[{'word': '高雄', 'ner': 'GPE'}]"
損失太多公司獲利和員工年終獎金了,損失(VJ)　太多(Neqa)　公司(Nc)　獲利(Na)　和(Caa)　員工(Na)　年終(Nd)　獎金(VA)　了(T),[]
看不上的台中星宇賺爽爽,看不上(VC)　的(DE)　台中(Nc)　星宇(Na)　賺(VC)　爽爽(VH),"[{'word': '台中', 'ner': 'GPE'}, {'word': '星宇', 'ner': 'ORG'}]"
九州的中進中出,九州(Nc)　的(DE)　中(Ncd)　進(VCL)　中(Ng)　出(VCL),[]
台中星宇真的選的好董懂選,台中(Nc)　星宇(Nb)　真的(D)　選(VC)　的(DE)　好(VH)　董(Nb)　懂(VK)　選(VC),"[{'word': '星宇', 'ner': 'ORG'}, {'word': '好董', 'ner': 'PERSON'}]"
月暑假旺季視交機情況應該還有架可以期待熱門航點開出來,月(Na)　暑假(Nd)　旺季(Nd)　視(P)　交機(VD)　情況(Na)　應該(D)　還(D)　有(V_2)　架(Nf)　可以(D)　期待(VK)　熱門(VH)　航點(Na)　開出來(VC),[]
飛熊本值比福岡高太多了,飛(VA)　熊本值(Na)　比(P)　福岡(Nc)　高(VH)　太多(VH)　了(T),"[{'word': '福岡', 'ner': 'GPE'}]"
台中棒棒,台中(Nc)　棒棒(Nc),"[{'word': '台中', 'ner': 'GPE'}]"
高雄番仔又出來狗叫了嘻嘻,高雄(Nc)　番仔(Na)　又(D)　出來(VA)　狗(Na)　叫(VE)　了(Di)　嘻嘻(D),"[{'word': '高雄', 'ner': 'NORP'}]"
人體晶片,人體(Na)　晶片(Na),[]
台中這樣算有被養起來嗎,台中(Nc)　這樣(VH)　算(VG)　有(V_2)　被(P)　養(VC)　起來(Di)　嗎(T),"[{'word': '台中', 'ner': 'GPE'}]"
能直增加新航線算有吧,能(D)　直(D)　增加(VHC)　新(VH)　航線(Na)　算(VG)　有(V_2)　吧(T),[]
甚至快要比高雄的長榮航線還多了高雄長榮只有七個航線而已,甚至(D)　快要(D)　比(P)　高雄(Nc)　的(DE)　長榮(Nb)　航線(Na)　還(D)　多(VH)　了(Di)　高雄(Nc)　長榮(Nb)　只(Da)　有(V_2)　七(Neu)　個(Nf)　航線(Na)　而已(T),"[{'word': '高雄', 'ner': 'GPE'}, {'word': '高雄', 'ner': 'GPE'}, {'word': '長榮', 'ner': 'LOC'}, {'word': '七', 'ner': 'CARDINAL'}]"
許願再個曼谷,許願(VA)　再(D)　個(Nf)　曼谷(Nc),"[{'word': '曼谷', 'ner': 'GPE'}]"
真的有賺爽爽嗎,真的(D)　有(V_2)　賺(VC)　爽爽(VH)　嗎(T),[]
日本在開個北海道和仙台大概就完美了,日本(Nc)　在(P)　開(VC)　個(Nf)　北海道(Nc)　和(Caa)　仙台(Nc)　大概(D)　就(D)　完美(VH)　了(T),"[{'word': '日本', 'ner': 'GPE'}, {'word': '北海道', 'ner': 'FAC'}, {'word': '仙台', 'ner': 'GPE'}]"
去年架時其實蠻浪費都擺在地上現在第四架來運能極大化開沖繩晚班機又開宮古島以票價來說載客率衝高就能歸在金雞母了,去年(Nd)　架(VC)　時(Ng)　其實(D)　蠻(Dfa)　浪費(VH)　都(D)　擺(VC)　在(P)　地上(Nc)　現在(Nd)　第四(Neu)　架(Nf)　來運能(D)　極大化(VHC)　開(VC)　沖繩(Nc)　晚(VH)　班機(Na)　又(D)　開(VC)　宮古島(Nc)　以(P)　票價(Na)　來(D)　說(VE)　載客率(Na)　衝高(VH)　就(D)　能(D)　歸(VJ)　在(P)　金(Na)　雞母(Na)　了(T),"[{'word': '去年', 'ner': 'DATE'}, {'word': '第四', 'ner': 'ORDINAL'}, {'word': '沖繩', 'ner': 'GPE'}, {'word': '古島', 'ner': 'LOC'}]"
支援專機,支援(VC)　專機(Na),[]
高雄仔又要悲憤了,高雄仔(Nb)　又(D)　要(D)　悲憤(VH)　了(T),"[{'word': '高雄仔', 'ner': 'NORP'}]"
台中還是蠻辛苦有宵禁,台中(Nc)　還是(D)　蠻(Dfa)　辛苦(VHC)　有(V_2)　宵禁(Na),"[{'word': '台中', 'ner': 'GPE'}]"
時間不好串,時間(Na)　不(D)　好(VH)　串(VC),[]
不過光沖繩神戶就夠賺了,不過(Cbb)　光(Da)　沖繩(Nc)　神戶(Nc)　就(D)　夠(VH)　賺(VC)　了(Di),"[{'word': '沖繩', 'ner': 'GPE'}]"
不知道有沒有機會開開紅眼曼谷,不(D)　知道(VK)　有(V_2)　沒(D)　有(V_2)　機會(Na)　開開(VC)　紅眼(VH)　曼谷(Nc),"[{'word': '曼谷', 'ner': 'GPE'}]"
宵禁前飛出去賺錢只不過回程應該不好賣,宵禁(Na)　前(Ng)　飛出去(VA)　賺錢(VA)　只不過(Da)　回程(Na)　應該(D)　不(D)　好(VH)　賣(VD),[]
時間太差了,時間(Na)　太(Dfa)　差(VH)　了(T),[]
不知只噢兩年後還有了,不(D)　知(VK)　只(Da)　噢(I)　兩(Neu)　年(Nf)　後(Ng)　還(D)　有(V_2)　了(Di),"[{'word': '兩年後', 'ner': 'DATE'}]"
請問星宇的跟晚上都是在機坪睡覺嗎,請問(VE)　星宇(Nb)　的(DE)　跟(Caa)　晚上(Nd)　都(D)　是(SHI)　在(P)　機坪(Nc)　睡覺(VA)　嗎(T),"[{'word': '星宇', 'ner': 'ORG'}, {'word': '晚上', 'ner': 'TIME'}]"
有沒有出去賺錢的可能,有沒有(D)　出去(VA)　賺錢(VA)　的(DE)　可能(Na),[]
這樣星宇台中就有沖繩四國九州關西關東的航點,這樣(VH)　星宇(Nb)　台中(Nc)　就(D)　有(V_2)　沖繩(Nc)　四國(Neu)　九州(Nc)　關西(Nc)　關東(Nc)　的(DE)　航點(Na),"[{'word': '星宇台', 'ner': 'FAC'}, {'word': '沖繩', 'ner': 'GPE'}]"
根本只差北海道就日本大滿貫了,根本(D)　只(Da)　差(VH)　北海道(Nc)　就(P)　日本(Nc)　大滿貫(Na)　了(T),"[{'word': '北海道', 'ner': 'GPE'}, {'word': '日本', 'ner': 'GPE'}]"
明顯是為了台中熊本跟你各位百姓無關,明顯(VH)　是(SHI)　為了(P)　台中(Nc)　熊本(Nb)　跟(P)　你(Nh)　各位(Nes)　百姓(Na)　無關(VH),"[{'word': '台中', 'ner': 'GPE'}]"
希望能開個台中仙台或青森,希望(VK)　能(D)　開(VC)　個(Di)　台中(Nc)　仙台(Nc)　或(Caa)　青森(Nc),"[{'word': '台中', 'ner': 'GPE'}, {'word': '青森', 'ner': 'GPE'}]"
商務艙給尊貴的護國神山高階工程師經濟艙給剛畢業菜鳥工程師跟平民,商務艙(Na)　給(VD)　尊貴(VH)　的(DE)　護國神山(VC)　高階(A)　工程師(Na)　經濟艙(Na)　給(VD)　剛(D)　畢業(VH)　菜鳥(Na)　工程師(Na)　跟(P)　平民(Na),[]
九州也不是爽開啦看唬航倒堆宮崎的票出來就知道了,九州(Nc)　也(D)　不(D)　是(SHI)　爽開(VH)　啦(T)　看(VC)　唬航(VA)　倒(VC)　堆(VC)　宮崎(Nc)　的(DE)　票(Na)　出來(VA)　就(D)　知道(VK)　了(T),"[{'word': '九州', 'ner': 'GPE'}, {'word': '宮崎', 'ner': 'GPE'}]"
唬在台中只有名古屋威脅不了北海道搭挺累的吧,唬(VC)　在(P)　台中(Nc)　只有(Da)　名古屋(Nc)　威脅不了(VC)　北海道(Nc)　搭(VC)　挺(Dfa)　累(VHC)　的(T)　吧(T),"[{'word': '台中', 'ner': 'GPE'}, {'word': '北海道', 'ner': 'FAC'}]"
搞不好老虎看到星宇台中爽賺跑回來搶食也不定前陣子聽說有在考慮不知道最終決定如何,搞不好(D)　老虎(Na)　看到(VE)　星宇(Nb)　台中(Nc)　爽(VH)　賺(VC)　跑回來(VA)　搶食(VC)　也(D)　不定(VH)　前(Nes)　陣子(Nd)　聽說(VE)　有(V_2)　在(D)　考慮(VE)　不(D)　知道(VK)　最終(D)　決定(VE)　如何(D),"[{'word': '星宇', 'ner': 'ORG'}, {'word': '台中', 'ner': 'GPE'}]"
開個青森或函館吧,開(VC)　個(Nf)　青森(Nc)　或(Caa)　函館(Nc)　吧(T),"[{'word': '青森', 'ner': 'GPE'}]"
新千歲太多了,新(Na)　千(Neu)　歲(Nf)　太多(VH)　了(T),"[{'word': '新千歲', 'ner': 'DATE'}]"
函館不錯,函館(Nc)　不錯(VH),[]
防守範圍遍及北海道和東北還有台中星宇達成日本全滿貫的指標意義,防守(Nv)　範圍(Na)　遍及(VJ)　北海道(Nc)　和(Caa)　東北(Nc)　還(D)　有(V_2)　台中(Nc)　星宇(Nb)　達成(VC)　日本(Nc)　全滿貫(Na)　的(DE)　指標(Na)　意義(Na),"[{'word': '北海道', 'ner': 'FAC'}, {'word': '東北', 'ner': 'GPE'}, {'word': '台中星宇', 'ner': 'ORG'}, {'word': '日本', 'ner': 'GPE'}]"
要大滿貫我覺得札幌福岡名古屋比較適合仙台太遠只能趟又偏冷門福岡名古屋回來有機會第二趟仙台這種單程小時的不如飛新加坡養商務客或把觀光為主的檳城在台中開回來,要(D)　大滿貫(Na)　我(Nh)　覺得(VK)　札幌(Nc)　福岡(Nc)　名古屋(Na)　比較(Dfa)　適合(VH)　仙台(Nc)　太(Dfa)　遠(VH)　只(Da)　能(D)　趟(Nf)　又(D)　偏(VJ)　冷門(VH)　福岡(Nc)　名古屋(Nc)　回來(VA)　有(V_2)　機會(Na)　第二(Neu)　趟(Nf)　仙台(Nc)　這(Nep)　種(Nf)　單程(Na)　小時(Na)　的(DE)　不如(VJ)　飛(VA)　新加坡(Nc)　養(VC)　商務客(Na)　或(Caa)　把(P)　觀光(VA)　為主(VI)　的(DE)　檳城(Nc)　在(P)　台中(Nc)　開回來(VA),"[{'word': '札幌', 'ner': 'GPE'}, {'word': '福岡', 'ner': 'GPE'}, {'word': '名古屋', 'ner': 'GPE'}, {'word': '仙台', 'ner': 'GPE'}, {'word': '福岡', 'ner': 'GPE'}, {'word': '名古屋', 'ner': 'GPE'}, {'word': '第二', 'ner': 'ORDINAL'}, {'word': '仙台', 'ner': 'GPE'}, {'word': '新加坡', 'ner': 'GPE'}, {'word': '檳城', 'ner': 'GPE'}, {'word': '台中', 'ner': 'GPE'}]"
比還要遠,比(P)　還要(Dfa)　遠(VH),[]
再來呢,再來(Cbb)　呢(T),[]
台中機場上限就是這樣了嗎,台中(Nc)　機場(Nc)　上限(Na)　就(D)　是(SHI)　這樣(VH)　了(T)　嗎(T),"[{'word': '台中機場', 'ner': 'FAC'}]"
離緊繃還差多少,離(P)　緊繃(VHC)　還(D)　差(VH)　多少(Neqa),[]
極限看可以清多少台出來啊,極限(Na)　看(VC)　可以(D)　清(VH)　多少(Neqa)　台(Nf)　出來(VA)　啊(T),[]
弄遠端機坪加接駁車,弄(VC)　遠端(Nc)　機坪(Nc)　加(VC)　接駁車(VC),[]
也能飛,也(D)　能(D)　飛(VA),[]
暑假期間星宇天最多有班單週最多班與長榮在高雄的量體差不多,暑假(Nd)　期間(Na)　星宇天(Nb)　最多(Da)　有(V_2)　班(Nf)　單週(A)　最多(VH)　班(Nf)　與(Caa)　長榮(Nb)　在(P)　高雄(Nc)　的(DE)　量體(Na)　差不多(D),"[{'word': '長榮', 'ner': 'ORG'}, {'word': '高雄', 'ner': 'GPE'}]"
台中成田暑假確定天天飛台中的東南亞航線最缺的是曼谷跟新加坡,台中(Nc)　成田(Nc)　暑假(Nd)　確定(VK)　天天(D)　飛(VA)　台中(Nc)　的(DE)　東南亞(Nc)　航線(Na)　最(Dfa)　缺(VJ)　的(DE)　是(SHI)　曼谷(Nc)　跟(Caa)　新加坡(Nc),"[{'word': '台中', 'ner': 'GPE'}, {'word': '成田', 'ner': 'GPE'}, {'word': '暑假', 'ner': 'DATE'}, {'word': '台中', 'ner': 'GPE'}, {'word': '東南亞', 'ner': 'LOC'}, {'word': '曼谷', 'ner': 'GPE'}, {'word': '新加坡', 'ner': 'GPE'}]"
飛吉隆吧吧,飛(VA)　吉隆(Nc)　吧(T)　吧(T),"[{'word': '吉隆', 'ner': 'GPE'}]"
但我還是很懷疑需求量有這麼大嗎,但(Cbb)　我(Nh)　還是(D)　很(Dfa)　懷疑(VK)　需求量(Na)　有(V_2)　這麼(Dfa)　大(VH)　嗎(T),[]
但以星宇現在的處境好像也沒辦法就是了,但(Cbb)　以(P)　星宇(Nb)　現在(Nd)　的(DE)　處境(Na)　好像(D)　也(D)　沒辦法(VI)　就是了(VH),[]
中部七百萬人飛日本東京神戶熊本札幌應該算最賺錢航線了中部五百萬人飛日本東京神戶熊本札幌應該算最賺錢航線了五百萬才對更正,中部(Ncd)　七百萬(Neu)　人(Na)　飛(VA)　日本(Nc)　東京(Nc)　神戶(Nc)　熊本(Nc)　札幌(Nc)　應該(D)　算(VG)　最(Dfa)　賺錢(Nv)　航線(Na)　了(T)　中部(Ncd)　五百萬(Neu)　人(Na)　飛(VA)　日本(Nc)　東京(Nc)　神戶(Nc)　熊本(Nc)　札幌(Nc)　應該(D)　算(VG)　最(Dfa)　賺錢(Nv)　航線(Na)　了(T)　五百萬(Neu)　才(Da)　對(P)　更正(VC),"[{'word': '七百萬人', 'ner': 'QUANTITY'}, {'word': '日本', 'ner': 'GPE'}, {'word': '東京神戶熊本札幌', 'ner': 'GPE'}, {'word': '日本', 'ner': 'GPE'}, {'word': '東京', 'ner': 'GPE'}, {'word': '熊本札幌', 'ner': 'GPE'}, {'word': '五百萬', 'ner': 'CARDINAL'}]"
那個台中機場客流量總共也才萬國內線還佔了快半,那(Nep)　個(Nf)　台中(Nc)　機場(Nc)　客流量(Na)　總共(Da)　也(D)　才(Da)　萬(Neu)　國內線(Na)　還(D)　佔(VJ)　了(Di)　快(D)　半(Neqa),"[{'word': '台中機場', 'ner': 'FAC'}, {'word': '萬', 'ner': 'CARDINAL'}, {'word': '快半', 'ner': 'CARDINAL'}]"
新加坡難,新加坡(Nc)　難(VH),"[{'word': '新加坡', 'ner': 'GPE'}]"
跟札幌差不多遠,跟(P)　札幌(Nc)　差不多(D)　遠(VH),"[{'word': '札幌', 'ner': 'GPE'}]"
但沒札幌的觀光優勢,但(Cbb)　沒(VJ)　札幌(Nc)　的(DE)　觀光(VA)　優勢(Na),"[{'word': '札幌', 'ner': 'GPE'}]"
最近熊本機場開好多航線飛台灣哦,最近(Nd)　熊本(Nc)　機場(Nc)　開(VC)　好多(Neqa)　航線(Na)　飛(VA)　台灣(Nc)　哦(T),"[{'word': '熊本機場', 'ner': 'FAC'}, {'word': '台灣', 'ner': 'GPE'}]"
比較意外不先開福岡,比較(Dfa)　意外(VK)　不(D)　先(D)　開(VC)　福岡(Nc),"[{'word': '福岡', 'ner': 'GPE'}]"
跟台積電比較有關吧札幌仙台再開開,跟(P)　台積電(Nb)　比較(Dfa)　有關(VJ)　吧(T)　札幌(Nc)　仙台(Nc)　再(D)　開開(VC),"[{'word': '台積電', 'ner': 'ORG'}, {'word': '札幌', 'ner': 'GPE'}, {'word': '仙台', 'ner': 'GPE'}]"
對台中而言,對(P)　台中(Nc)　而言(Cbb),"[{'word': '台中', 'ner': 'GPE'}]"
去日本航線就會好很多了,去(VCL)　日本(Nc)　航線(Na)　就(D)　會(D)　好(VH)　很多(Neqa)　了(T),"[{'word': '日本', 'ner': 'GPE'}]"
台中今年總運量將近萬了,台中(Nc)　今年(Nd)　總運量(Na)　將近(Da)　萬(Neu)　了(T),"[{'word': '台中', 'ner': 'GPE'}, {'word': '今年', 'ner': 'DATE'}, {'word': '萬', 'ner': 'CARDINAL'}]"
成長幅度大又快,成長(VH)　幅度(Na)　大(VH)　又(Caa)　快(D),[]
明年要過萬應該不是問題,明年(Nd)　要(D)　過(VCL)　萬(Neu)　應該(D)　不(D)　是(SHI)　問題(Na),"[{'word': '明年', 'ner': 'DATE'}, {'word': '過萬', 'ner': 'CARDINAL'}]"
日本人轉機返鄉新選擇,日本人(Na)　轉機(VA)　返鄉(VA)　新(VH)　選擇(VC),"[{'word': '日本人', 'ner': 'NORP'}]"
福岡的時間帶也滿的關係吧,福岡(Nc)　的(DE)　時間帶(Na)　也(D)　滿(VH)　的(DE)　關係(Na)　吧(T),"[{'word': '福岡', 'ner': 'GPE'}]"
追夢夢旅行紀錄不專業分享,追(VC)　夢(Na)　夢(Na)　旅行(Nv)　紀錄(Na)　不(D)　專業(VH)　分享(VJ),[]
這是我第次獨旅去看夢夢演唱會,這(Nep)　是(SHI)　我(Nh)　第(Neu)　次(Nf)　獨旅(D)　去(D)　看(VC)　夢夢(Na)　演唱會(Na),"[{'word': '第次', 'ner': 'ORDINAL'}, {'word': '夢夢演唱會', 'ner': 'ORG'}]"
也是我第次去日本看演唱會,也(D)　是(SHI)　我(Nh)　第(Neu)　次(Nf)　去(VCL)　日本(Nc)　看(VC)　演唱會(Na),"[{'word': '日本', 'ner': 'GPE'}]"
去程廉航,去程(Na)　廉航(VA),[]
捷星的時間很好可以省晚住宿,捷星(Nb)　的(DE)　時間(Na)　很(Dfa)　好(VH)　可以(D)　省(VH)　晚(Nd)　住宿(VA),"[{'word': '捷星', 'ner': 'PRODUCT'}]"
反正我獨旅也怕個人睡,反正(D)　我(Nh)　獨旅(D)　也(D)　怕(VK)　個人(Nh)　睡(VA),[]
神戶回台中很方便,神戶(Nc)　回(VCL)　台中(Nc)　很(Dfa)　方便(VH),"[{'word': '神戶', 'ner': 'GPE'}, {'word': '台中', 'ner': 'GPE'}]"
高鐵票跟我搭從機場回家差不多,高鐵票(Na)　跟(P)　我(Nh)　搭(VC)　從(P)　機場(Nc)　回家(VA)　差不多(D),[]
我還不用大包小包搭機捷去桃園高鐵站,我(Nh)　還(D)　不用(D)　大(Na)　包(Na)　小包(Na)　搭(VC)　機捷(VH)　去(VCL)　桃園(Nc)　高鐵站(Nc),"[{'word': '桃園高鐵站', 'ner': 'FAC'}]"
然後再從台中高鐵站搭車回家笑,然後(D)　再(D)　從(P)　台中(Nc)　高鐵站(Nc)　搭(VC)　車(Na)　回家(VA)　笑(VA),"[{'word': '台中高鐵站', 'ner': 'FAC'}]"
空巴,空巴(Nc),[]
位子配置,位子(Na)　配置(Nv),[]
手提加購托運行李,手提(A)　加購(VC)　托運(VC)　行李(Na),[]
開櫃,開櫃(VA),[]
櫃檯和飛成田的起,櫃檯(Na)　和(Caa)　飛(Nb)　成田(Nc)　的(DE)　起(Na),"[{'word': '成田', 'ner': 'GPE'}]"
排了很多人但是櫃檯開很多,排(VC)　了(Di)　很多(Neqa)　人(Na)　但是(Cbb)　櫃檯(Na)　開(VC)　很多(Neqa),[]
我大概點開始排排了半小時,我(Nh)　大概(D)　點(Dfb)　開始(VL)　排排(VC)　了(Di)　半(Neqa)　小時(Na),"[{'word': '半小時', 'ner': 'TIME'}]"
劃位時有詢問可以靠窗嗎,劃位(VA)　時(Ng)　有(V_2)　詢問(VE)　可以(D)　靠(VJ)　窗(Na)　嗎(T),[]
地勤就問我會日文或英文嗎,地勤(Na)　就(D)　問(VE)　我(Nh)　會(VL)　日文(Na)　或(Caa)　英文(Na)　嗎(T),"[{'word': '地勤', 'ner': 'PERSON'}, {'word': '日文', 'ner': 'LANGUAGE'}, {'word': '英文', 'ner': 'LANGUAGE'}]"
我不會日文英文很破,我(Nh)　不(D)　會(VL)　日文(Na)　英文(Na)　很(Dfa)　破(VHC),"[{'word': '日文', 'ner': 'LANGUAGE'}, {'word': '英文', 'ner': 'LANGUAGE'}]"
地勤說位置是電腦選的,地勤(Na)　說(VE)　位置(Na)　是(SHI)　電腦(Na)　選(VC)　的(DE),[]
後來我很幸運坐靠窗,後來(Nd)　我(Nh)　很(Dfa)　幸運(VH)　坐(VA)　靠(VJ)　窗(Na),[]
機上位子空間真的很小,機(Na)　上(Ncd)　位子(Na)　空間(Na)　真的(D)　很(Dfa)　小(VH),[]
還好我只有哈,還好(D)　我(Nh)　只有(D)　哈(D),[]
的碼,的(DE)　碼(Na),[]
等領完行李後又會再去機器操作掃次碼,等(P)　領完(VC)　行李(Na)　後(Ng)　又(D)　會(D)　再(D)　去(VCL)　機器(Na)　操作(VC)　掃(VC)　次碼(Na),[]
我是不大懂為什麼,我(Nh)　是(SHI)　不大(Dfa)　懂(VK)　為什麼(D),[]
不過入境還滿快的就是了,不過(Cbb)　入境(VA)　還(D)　滿(Dfa)　快(VH)　的(DE)　就是了(VH),[]
我還化完妝等點要吃包子,我(Nh)　還(D)　化完(VC)　妝(Na)　等(Cab)　點(Na)　要(D)　吃(VC)　包子(Na),[]
結果要點才有蒸熟的包子可以吃,結果(Dk)　要點(D)　才(Da)　有(V_2)　蒸熟(VH)　的(DE)　包子(Na)　可以(D)　吃(VC),[]
不過晚上在心齋橋吃到了哈,不過(Cbb)　晚上(Nd)　在(P)　心齋橋(Nc)　吃到(VC)　了(Di)　哈(D),"[{'word': '晚上', 'ner': 'TIME'}, {'word': '心齋橋', 'ner': 'LOC'}]"
肉餡很像港式蒸餃吃到最後有肉味,肉餡(Na)　很(Dfa)　像(VG)　港式(Na)　蒸餃(Na)　吃到(VC)　最後(Nd)　有(V_2)　肉味(Na),[]
空巴,空巴(Nc),[]
位子配置,位子(Na)　配置(Nv),[]
起飛前選位和選餐,起飛(VA)　前(Ng)　選(VC)　位(Na)　和(Caa)　選(VA)　餐(Na),[]
我大概點初搭電車到,我(Nh)　大概(D)　點(Dfb)　初(D)　搭(VC)　電車(Na)　到(P),[]
要從樓下到樓往外走才會到,要(D)　從(P)　樓下(Nc)　到(VCL)　樓(Nc)　往(P)　外(Ncd)　走(VA)　才(Da)　會(D)　到(VCL),[]
外剛好有郵筒趕快寄我的明信片,外(Ncd)　剛好(Da)　有(V_2)　郵筒(Na)　趕快(D)　寄(VD)　我(Nh)　的(DE)　明信片(Na),[]
公斤多,公斤(Nf)　多(Neqb),"[{'word': '公斤', 'ner': 'QUANTITY'}]"
但是有順利,但是(Cbb)　有(V_2)　順利(VH),[]
神戶機場候機有區間免稅店,神戶(Nc)　機場(Nc)　候機(VA)　有(V_2)　區間(Na)　免稅店(Nc),"[{'word': '神戶機場', 'ner': 'FAC'}]"
其中間有薯條兄弟和神戶布丁,其中間(Nep)　有(V_2)　薯條(Na)　兄弟(Na)　和(Caa)　神戶(Nc)　布丁(Na),[]
所以我又多了袋伴手禮,所以(Cbb)　我(Nh)　又(D)　多(VH)　了(Di)　袋(Nf)　伴手禮(Na),[]
很甜但普可以不用買,很(Dfa)　甜(VH)　但(Cbb)　普(VH)　可以(D)　不用(D)　買(VC),[]
很小瓶喝起來很般,很(Dfa)　小(VH)　瓶(Nf)　喝起來(D)　很(Dfa)　般(Ng),[]
搭巴士到飛機旁,搭(VC)　巴士(Na)　到(P)　飛機(Na)　旁(Ncd),[]
沒有特別好吃就還行,沒有(VJ)　特別(VH)　好吃(VH)　就(D)　還(D)　行(VH),[]
然後沒有特調,然後(D)　沒有(VJ)　特調(Na),[]
音樂更新了,音樂(Na)　更新(VC)　了(T),[]
但沒有夢夢的歌了桑心,但(Cbb)　沒有(VJ)　夢(Na)　夢(Na)　的(DE)　歌(Na)　了(T)　桑心(Na),[]
神戶到台中大概成滿,神戶(Nc)　到(VCL)　台中(Nc)　大概(D)　成滿(VH),"[{'word': '台中', 'ner': 'GPE'}]"
我旁邊個位置是空的,我(Nh)　旁邊(Ncd)　個(DE)　位置(Na)　是(SHI)　空(VHC)　的(DE),[]
如果住台中要去神戶大阪,如果(Cbb)　住(VCL)　台中(Nc)　要(D)　去(VCL)　神戶(Nc)　大阪(Nc),"[{'word': '台中', 'ner': 'GPE'}, {'word': '神戶大阪', 'ner': 'GPE'}]"
從台中飛真的很不錯,從(P)　台中(Nc)　飛(VA)　真的(D)　很(Dfa)　不錯(VH),"[{'word': '台中', 'ner': 'GPE'}]"
而且月的時候有波促銷,而且(Cbb)　月(Na)　的(DE)　時候(Na)　有(V_2)　波(Nf)　促銷(VC),[]
星宇大概萬有找,星宇(Nb)　大概(D)　萬有(D)　找(VC),[]
只是我不知道買單程是不會有促銷的,只是(Cbb)　我(Nh)　不(D)　知道(VK)　買(VC)　單程(Na)　是(SHI)　不會(D)　有(V_2)　促銷(VC)　的(DE),[]
結果還又買貴了左右,結果(Dk)　還(D)　又(D)　買貴(VC)　了(Di)　左右(Ng),[]
日本是免稅不是免費,日本(Nc)　是(SHI)　免稅(VH)　不(D)　是(SHI)　免費(VH),"[{'word': '日本', 'ner': 'GPE'}]"
超推薦西珍妮來日本看夢秀,超(Dfa)　推薦(VC)　西珍妮(Nb)　來(VA)　日本(Nc)　看(VC)　夢秀(Nb),"[{'word': '西珍妮', 'ner': 'PERSON'}, {'word': '日本', 'ner': 'GPE'}]"
以後可以買星宇下地島來回搭配天馬航空來回,以後(Nd)　可以(D)　買(VC)　星宇(Na)　下(Ng)　地島(Na)　來回(VCL)　搭配(VC)　天馬(Nc)　航空(Na)　來回(VCL),[]
這樣來回好像才萬初頭,這樣(VH)　來回(VCL)　好像(D)　才(Da)　萬(Neu)　初頭(Nd),[]
但應該只有我們航空迷會這麼瘋不過我剛剛去看神戶直飛來回可以壓到已經好讚了,但(Cbb)　應該(D)　只有(Da)　我們(Nh)　航空迷(Na)　會(D)　這麼(Dfa)　瘋(VH)　不過(Cbb)　我(Nh)　剛剛(D)　去(D)　看(VC)　神戶(Nc)　直飛(VCL)　來回(VCL)　可以(D)　壓到(VC)　已經(D)　好(Dfa)　讚(VH)　了(T),[]
紅眼班機,紅眼(VH)　班機(Na),[]
看了就累,看(VC)　了(Di)　就(D)　累(VHC),[]
整夜沒睡吧,整(Neqa)　夜(Nd)　沒(D)　睡(VA)　吧(T),"[{'word': '整夜', 'ner': 'TIME'}]"
可能是我年紀大了覺得星宇的餐都很鹹很重口味,可能(D)　是(SHI)　我(Nh)　年紀(Na)　大(VH)　了(Di)　覺得(VK)　星宇(Nb)　的(DE)　餐(Na)　都(D)　很(Dfa)　鹹(VH)　很(Dfa)　重(VH)　口味(Na),[]
如果董個人獨資經營真的覺得很辛苦的話,如果(Cbb)　董(Nb)　個人(Nh)　獨資(VA)　經營(VC)　真的(D)　覺得(VK)　很(Dfa)　辛苦(VHC)　的話(Cba),[]
要不要考慮讓出股權引入外資共同經營,要不要(D)　考慮(VE)　讓出(VD)　股權(Na)　引入(VC)　外資(Na)　共同(A)　經營(VC),[]
反正董之前也想過要加入寰宇家,反正(D)　董(Nb)　之前(Ng)　也(D)　想(VE)　過(Di)　要(D)　加入(VC)　寰宇家(Na),"[{'word': '寰宇家', 'ner': 'ORG'}]"
不如就試試看找國泰航空入股,不如(Cbb)　就(D)　試試(VE)　看(Di)　找(VC)　國泰(Nb)　航空(Na)　入股(VH),"[{'word': '國泰航空', 'ner': 'ORG'}]"
但我猜我國政府定會不同意,但(Cbb)　我(Nh)　猜(VE)　我國(Nc)　政府(Na)　定(D)　會(D)　不(D)　同意(VK),[]
因為國泰航空會被視為港資香港太古集團或陸資中國國航,因為(Cbb)　國泰(Nb)　航空(Na)　會(D)　被(P)　視為(VG)　港資(Na)　香港(Nc)　太古(Nd)　集團(Na)　或(Caa)　陸資(Na)　中國(Nc)　國航(Na),"[{'word': '國泰航空', 'ner': 'EVENT'}, {'word': '港資', 'ner': 'NORP'}, {'word': '香港太古集團', 'ner': 'ORG'}, {'word': '中國國航', 'ner': 'ORG'}]"
那不如就請董試試要不要找國泰航空背後的大股東英國集團投資,那(Dk)　不如(Cbb)　就(D)　請(VF)　董(Nb)　試試(VF)　要不要(D)　找(VC)　國泰(Nb)　航空(Na)　背後(Nc)　的(DE)　大(VH)　股東(Na)　英國(Nc)　集團(Na)　投資(VC),"[{'word': '國泰航空', 'ner': 'ORG'}, {'word': '英國集團', 'ner': 'ORG'}]"
反正現階段好像只持有國泰航空約左右的股權而已,反正(D)　現階段(Nd)　好像(D)　只(Da)　持有(VJ)　國泰(Nb)　航空(Na)　約(Da)　左右(Ng)　的(DE)　股權(Na)　而已(T),"[{'word': '國泰航空約', 'ner': 'ORG'}]"
並非全資持有國泰航空,並非(D)　全資(D)　持有(VJ)　國泰(Nb)　航空(Na),"[{'word': '國泰航空', 'ner': 'ORG'}]"
如果手上有多餘銀彈的話,如果(Cbb)　手(Na)　上(Ncd)　有(V_2)　多餘(A)　銀彈(Na)　的話(Cba),[]
來投資下台灣新興的精品航空似乎也是個不錯的選擇,來(D)　投資(VC)　下(Nes)　台灣(Nc)　新興(A)　的(DE)　精品(Na)　航空(Na)　似乎(D)　也(D)　是(SHI)　個(Nf)　不錯(VH)　的(DE)　選擇(VC),"[{'word': '台灣', 'ner': 'GPE'}]"
這樣以後星宇航空說不定也能用亞洲萬里通點數換機票,這樣(VH)　以後(Ng)　星宇(Nb)　航空(Na)　說不定(D)　也(D)　能(D)　用(P)　亞洲(Nc)　萬里(Nc)　通(Na)　點數(Na)　換(VC)　機票(Na),"[{'word': '星宇航空', 'ner': 'ORG'}, {'word': '亞洲', 'ner': 'LOC'}, {'word': '萬里', 'ner': 'QUANTITY'}]"
不知道這樣的建議如何,不(D)　知道(VK)　這樣(VH)　的(DE)　建議(Na)　如何(D),[]
已經上市公司了,已經(D)　上市(VH)　公司(Nc)　了(T),[]
直接增資就好,直接(VH)　增資(VC)　就(D)　好(VH),[]
直接賣給當國泰子公司好了,直接(VH)　賣給(VD)　當(VG)　國泰(Nb)　子公司(Nc)　好了(T),"[{'word': '國泰子公司', 'ner': 'ORG'}]"
不要整天想吃豆腐,不要(D)　整(Neqa)　天(Nf)　想(VE)　吃豆腐(VA),[]
國泰航空是什麼咖,國泰(Nb)　航空(Na)　是(SHI)　什麼(Nep)　咖(Na),[]
想入資星宇,想(VE)　入(VCL)　資星宇(Nb),[]
還不夠格,還(D)　不(D)　夠格(VH),[]
入股,入股(VH),[]
難度很高,難度(Na)　很(Dfa)　高(VH),[]
國泰沒空,國泰(Nb)　沒空(VH),[]
太古集團幹嘛投資家純競爭對手,太古(Nd)　集團(Na)　幹嘛(D)　投資家(Na)　純(VH)　競爭(Na)　對手(Na),"[{'word': '太古集團', 'ner': 'ORG'}]"
我記得開始不就有員工也跟著入股嗎,我(Nh)　記得(VK)　開始(VH)　不(D)　就(D)　有(V_2)　員工(Na)　也(D)　跟著(D)　入股(VH)　嗎(T),[]
你不知道單外資禁止持有國內民航業超過股份,你(Nh)　不(D)　知道(VK)　單(A)　外資(Na)　禁止(VE)　持有(VJ)　國內(Nc)　民航業(Na)　超過(VJ)　股份(Na),[]
國泰我是啥很賤的東西嗎,國泰(Nb)　我(Nh)　是(SHI)　啥(Nep)　很(Dfa)　賤(VH)　的(DE)　東西(Na)　嗎(T),"[{'word': '國泰', 'ner': 'PERSON'}]"
直意淫跟張國煒是台灣航空界的經營之神,直(VH)　意淫(Na)　跟(P)　張國煒(Nb)　是(SHI)　台灣(Nc)　航空界(Nc)　的(DE)　經營(VC)　之(DE)　神(Na),"[{'word': '張國煒', 'ner': 'PERSON'}, {'word': '台灣', 'ner': 'GPE'}]"
只有人家來求星宇幫忙的,只有(Cbb)　人家(Nh)　來(D)　求(VF)　星宇(Na)　幫忙(VC)　的(DE),[]
沒有星宇去找人幫忙的道理,沒有(VJ)　星宇(Na)　去(D)　找(VC)　人(Na)　幫忙(VC)　的(DE)　道理(Na),[]
懂嗎,懂(VK)　嗎(T),[]
看你開頭就是連基本常識都沒有的人,看(VC)　你(Nh)　開頭(Nd)　就(D)　是(SHI)　連(Cbb)　基本(A)　常識(Na)　都(D)　沒有(VJ)　的(DE)　人(Na),[]
可以找國產他們有豐富的經驗,可以(D)　找(VC)　國產(A)　他們(Nh)　有(V_2)　豐富(VHC)　的(DE)　經驗(Na),[]
本來就不是獨資,本來(D)　就(D)　不(D)　是(SHI)　獨資(VA),[]
有病,有病(V_2),[]
笑死相關規定先看看行不行尤其證交法,笑死(VHC)　相關(VH)　規定(Na)　先(D)　看看(VE)　行不行(D)　尤其(D)　證交法(Na),[]
國泰家大業大,國(Nb)　泰(Nb)　家(Nc)　大業(Na)　大(VH),[]
星語有的我都有,星語(Na)　有的(Neqa)　我(Nh)　都(D)　有(V_2),[]
買它幹嘛呢,買(VC)　它(Nh)　幹嘛(VA)　呢(T),[]
賣給比較實際,賣給(VD)　比較(Dfa)　實際(VH),[]
根本看不上,根本(D)　看不(VJ)　上(VJ),[]
合併差不多,合併(VC)　差不多(D),[]
星宇又不是張國煒自己獨資別鬧了,星宇(Nb)　又(D)　不(D)　是(SHI)　張國煒(Nb)　自己(Nh)　獨資(VA)　別(D)　鬧(VC)　了(Di),"[{'word': '星宇', 'ner': 'ORG'}, {'word': '張國煒', 'ner': 'PERSON'}]"
粉絲人張,粉絲人(Na)　張(Nb),[]
獨資經營,獨資(VA)　經營(VC),[]
要也是賣給美國吧,要(D)　也(D)　是(SHI)　賣給(VD)　美國(Nc)　吧(T),"[{'word': '美國', 'ner': 'GPE'}]"
英國人在香港經營那麼久了,英國人(Na)　在(P)　香港(Nc)　經營(VC)　那麼(D)　久(VH)　了(T),"[{'word': '英國人', 'ner': 'NORP'}, {'word': '香港', 'ner': 'GPE'}]"
肯定變成是商業對手吧,肯定(VK)　變成(VG)　是(SHI)　商業(Na)　對手(Na)　吧(T),[]
員工每人出個月的月薪聯合報說是,員工(Na)　每(Nes)　人(Na)　出(VC)　個(Nf)　月(Na)　的(DE)　月薪(Na)　聯合報(Nb)　說(VE)　是(SHI),[]
這樣,這樣(VH),[]
名員工只能湊到億元,名(Nf)　員工(Na)　只(Da)　能(D)　湊到(VC)　億(Neu)　元(Nf),"[{'word': '億元', 'ner': 'MONEY'}]"
還不夠買架,還(D)　不(D)　夠(VH)　買架(VA),[]
星宇航空的股東還有能率集團不是獨資,星宇(Nb)　航空(Na)　的(DE)　股東(Na)　還(D)　有(V_2)　能率(Na)　集團(Na)　不(D)　是(SHI)　獨資(VA),"[{'word': '星宇航空', 'ner': 'ORG'}]"
不如去找入資,不如(Cbb)　去(D)　找(VC)　入資(Nv),[]
各位朋友今年航空業會有大變動尤其是南美地區以及密切注意澳洲航空的動向反正這次收購案將會是讓三大勢力版圖重整但開始星宇有聽說被銀行抽銀根長榮的航線就是防堵星宇開美東如果沒意外大中華不能飛,各位(Nh)　朋友(Na)　今年(Nd)　航空業(Na)　會(D)　有(V_2)　大(VH)　變動(VHC)　尤其(D)　是(SHI)　南美(Nc)　地區(Nc)　以及(Caa)　密切(VH)　注意(VK)　澳洲(Nc)　航空(Na)　的(DE)　動向(Na)　反正(D)　這(Nep)　次(Nf)　收購案(Na)　將(D)　會(D)　是(SHI)　讓(VL)　三(Neu)　大(VH)　勢力(Na)　版圖(Na)　重整(VC)　但(Cbb)　開始(VH)　星宇(Nc)　有(V_2)　聽說(VE)　被(P)　銀行(Nc)　抽(VC)　銀根(Na)　長榮(Nb)　的(DE)　航線(Na)　就是(D)　防堵(VC)　星宇(Nb)　開(VC)　美東(Nc)　如果(Cbb)　沒(VJ)　意外(Na)　大中華(Nb)　不能(D)　飛(VA),"[{'word': '今年', 'ner': 'DATE'}, {'word': '南美', 'ner': 'LOC'}, {'word': '澳洲', 'ner': 'GPE'}, {'word': '三', 'ner': 'CARDINAL'}, {'word': '星宇', 'ner': 'ORG'}, {'word': '長榮', 'ner': 'ORG'}, {'word': '星宇', 'ner': 'ORG'}, {'word': '美東', 'ner': 'GPE'}, {'word': '大中華', 'ner': 'NORP'}]"
但可以飛澳洲然後大陸市場或許將會產生新業者反正各位就注意密切動向就對了尤其是拉美地區在航空業的前輩應該知道我在說什麼兩岸航線不再是天合壟斷也要分杯羹了,但(Cbb)　可以(D)　飛(VA)　澳洲(Nc)　然後(D)　大陸(Nc)　市場(Nc)　或許(D)　將(D)　會(D)　產生(VHC)　新(VH)　業者(Na)　反正(D)　各位(Nh)　就(D)　注意(VK)　密切(VH)　動向(Na)　就(D)　對了(VH)　尤其(D)　是(SHI)　拉美(Nc)　地區(Nc)　在(P)　航空業(Na)　的(DE)　前輩(Na)　應該(D)　知道(VK)　我(Nh)　在(P)　說(VE)　什麼(Nep)　兩岸(Nc)　航線(Na)　不再(D)　是(SHI)　天(Na)　合(VH)　壟斷(VC)　也(D)　要(D)　分杯羹(VB)　了(Di),"[{'word': '澳洲', 'ner': 'GPE'}, {'word': '大陸', 'ner': 'GPE'}, {'word': '拉美', 'ner': 'LOC'}, {'word': '兩岸', 'ner': 'GPE'}]"
南美的航點都在巴西,南美(Nc)　的(DE)　航點(Na)　都(D)　在(P)　巴西(Nc),"[{'word': '南美', 'ner': 'LOC'}, {'word': '巴西', 'ner': 'GPE'}]"
被收購後算是站穩歐洲巴西網路不過南美的老大還是背後達美啊,被(P)　收購(VC)　後(Ng)　算是(VG)　站穩(VA)　歐洲(Nc)　巴西(Nc)　網路(Na)　不過(Cbb)　南美(Nc)　的(DE)　老大(Na)　還是(D)　背後(Nc)　達美(Nb)　啊(T),"[{'word': '歐洲', 'ner': 'LOC'}, {'word': '巴西', 'ner': 'GPE'}, {'word': '南美', 'ner': 'LOC'}]"
短期內難以撼動地位若以美東航點先飛先贏視之,短期(Na)　內(Ng)　難以(D)　撼動(VC)　地位(Na)　若(Cbb)　以(P)　美東(Nc)　航點(Na)　先(D)　飛(VA)　先(D)　贏(VD)　視(P)　之(DE),"[{'word': '美東', 'ner': 'LOC'}]"
那星宇不就剩下可以考量或者先去飛美南也是方案不過若是被德航或法航集團買走,那(Nep)　星宇(Nb)　不(D)　就(D)　剩下(VJ)　可以(D)　考量(VE)　或者(Caa)　先(D)　去(D)　飛(VA)　美南(Nc)　也(D)　是(SHI)　方案(Na)　不過(Cbb)　若是(Cbb)　被(P)　德航(Nb)　或(Caa)　法航(Nb)　集團(Na)　買走(VC),"[{'word': '星宇', 'ner': 'ORG'}, {'word': '美南', 'ner': 'GPE'}, {'word': '德航', 'ner': 'ORG'}, {'word': '法航集團', 'ner': 'ORG'}]"
那南美局勢又很不樣了,那(Nep)　南美(Nc)　局勢(Na)　又(D)　很(Dfa)　不樣(VH)　了(T),"[{'word': '南美', 'ner': 'LOC'}]"
是聯合的大本營應該本來就興趣缺缺煙霧彈的成分高倒是華航增班如果本來有考慮可能會因此延後看看大家載客率再說反正美東順位顯然會在歐洲之後,是(SHI)　聯合(VC)　的(DE)　大本營(Na)　應該(D)　本來(D)　就(D)　興趣缺缺(Na)　煙霧彈(Na)　的(DE)　成分(Na)　高(VH)　倒是(D)　華航(Nc)　增班(VJ)　如果(Cbb)　本來(D)　有(V_2)　考慮(VE)　可能(D)　會(D)　因此(Cbb)　延後(VC)　看看(VE)　大家(Nh)　載客率(Na)　再(D)　說(VE)　反正(D)　美東(Nc)　順位(Na)　顯然(D)　會(D)　在(P)　歐洲(Nc)　之後(Ng),"[{'word': '華航', 'ner': 'ORG'}, {'word': '美東', 'ner': 'LOC'}, {'word': '歐洲', 'ner': 'LOC'}]"
我點到為止阿根廷航空會不會覺得是以前的南航而是現在的東航,我(Nh)　點到為止(VC)　阿根廷(Nc)　航空(Na)　會不會(D)　覺得(VK)　是(SHI)　以前(Nd)　的(DE)　南航(Nc)　而是(Cbb)　現在(Nd)　的(DE)　東航(Nc),"[{'word': '阿根廷', 'ner': 'GPE'}, {'word': '東航', 'ner': 'ORG'}]"
想要收購失敗漢莎居然跳出來反對之後跟在倫敦設立總部倫敦是誰的地盤呢,想要(VE)　收購(VC)　失敗(VH)　漢莎(Nb)　居然(D)　跳出來(VA)　反對(VE)　之後(Ng)　跟(P)　在(P)　倫敦(Nc)　設立(VC)　總部(Nc)　倫敦(Nc)　是(SHI)　誰(Nh)　的(DE)　地盤(Na)　呢(T),"[{'word': '漢莎', 'ner': 'PERSON'}, {'word': '倫敦', 'ner': 'GPE'}, {'word': '倫敦', 'ner': 'GPE'}]"
我就點到這裡為止然後恭喜華航來了南方來的兩位新盟友,我(Nh)　就(D)　點到(VC)　這裡(Ncd)　為止(Ng)　然後(D)　恭喜(VJ)　華航(Nc)　來(VA)　了(Di)　南方(Ncd)　來(VA)　的(DE)　兩(Neu)　位(Nf)　新(VH)　盟友(Na),"[{'word': '華航', 'ner': 'ORG'}, {'word': '兩', 'ner': 'CARDINAL'}]"
你是又從哪裡看了些很嗨的預測,你(Nh)　是(SHI)　又(D)　從(P)　哪裡(Ncd)　看(VC)　了(Di)　些(Nf)　很(Dfa)　嗨(I)　的(DE)　預測(Na),[]
然後馬上過來分享,然後(D)　馬上(D)　過來(VA)　分享(VJ),[]
慢慢看看久就條線只能這樣說另外的股權是這次併購案中最大的籌碼喔,慢慢(VH)　看看(VC)　久(VH)　就(D)　條(Na)　線(Na)　只(Da)　能(D)　這樣(VH)　說(VE)　另外(Da)　的(DE)　股權(Na)　是(SHI)　這(Nep)　次(Nf)　併購案(Na)　中(Ng)　最(Dfa)　大(VH)　的(DE)　籌碼(Na)　喔(T),[]
樓說星宇有聽說被銀行抽銀根,樓(Nc)　說(VE)　星宇(Nb)　有(V_2)　聽說(VE)　被(P)　銀行(Nc)　抽(VC)　銀根(Na),[]
這話千萬不能亂講啊,這(Nep)　話(Na)　千萬(D)　不能(D)　亂(VH)　講(VE)　啊(T),[]
未確定消息請小心翻車,未(D)　確定(VK)　消息(Na)　請(VF)　小心(VK)　翻車(VH),[]
精品最會經營了,精品(Na)　最(Dfa)　會(D)　經營(VC)　了(Di),[]
這銀行怎麼可以抽他的銀根,這(Nep)　銀行(Nc)　怎麼(D)　可以(D)　抽(VC)　他(Nh)　的(DE)　銀根(Na),[]
個人倒是覺得設立總部在倫敦旗下,個人(Nh)　倒是(D)　覺得(VK)　設立(VC)　總部(Nc)　在(P)　倫敦(Nc)　旗下(Nc),"[{'word': '倫敦', 'ner': 'GPE'}]"
只是籌資考量居多,只是(Cbb)　籌資(VA)　考量(VE)　居多(VI),[]
未來甚至可能改去美國只能說,未來(Nd)　甚至(D)　可能(D)　改去(VCL)　美國(Nc)　只(Da)　能(D)　說(VE),"[{'word': '美國', 'ner': 'GPE'}]"
大家都拉幫結派,大家(Nh)　都(D)　拉幫結派(VA),[]
企圖壯大集團,企圖(VF)　壯大(VHC)　集團(Na),[]
南美的票價可比擬台日高含金量航線,南美(Nc)　的(DE)　票價(Na)　可(D)　比擬(VE)　台(Nc)　日(Nc)　高(VH)　含金量(Na)　航線(Na),"[{'word': '南美', 'ner': 'LOC'}, {'word': '台日', 'ner': 'GPE'}]"
新聞來源日期,新聞(Na)　來源(Na)　日期(Na),[]
關鍵,關鍵(Na),[]
新聞標題,新聞(Na)　標題(Na),[]
年終獎金只發個月是經營不善嗎,年終(Nd)　獎金(Na)　只(Da)　發(VD)　個(Nf)　月(Na)　是(SHI)　經營(VC)　不善(VH)　嗎(T),[]
星宇精品航空商業模式盲點解析,星宇(Nb)　精品(Na)　航空(Na)　商業(Na)　模式(Na)　盲點(Na)　解析(VC),"[{'word': '星宇', 'ner': 'ORG'}]"
內文,內文(Na),[]
年月日,年(Na)　月(Na)　日(Na),[]
星宇航空揭曉台北跨年光雕展演,星宇(Na)　航空(Na)　揭曉(VE)　台北(Nc)　跨年(A)　光雕(Na)　展演(VC),"[{'word': '星宇航空', 'ner': 'ORG'}, {'word': '台北', 'ner': 'GPE'}]"
大大展望來年持續擴編機隊增,大大(VH)　展望(VJ)　來年(Nd)　持續(VL)　擴編(VC)　機隊(Na)　增(VJ),"[{'word': '來年', 'ner': 'DATE'}]"
開條歐洲航線並評估紐澳航線,開(VC)　條(Nf)　歐洲(Nc)　航線(Na)　並(Cbb)　評估(VE)　紐(Nc)　澳(Nc)　航線(Na),"[{'word': '歐洲', 'ner': 'LOC'}, {'word': '紐澳', 'ner': 'GPE'}]"
從企業願景來看,從(P)　企業(Na)　願景(Na)　來(D)　看(VC),[]
這是條充滿企圖心的成長藍圖,這(Nep)　是(SHI)　條(Nf)　充滿(VJ)　企圖心(Na)　的(DE)　成長(VH)　藍圖(Na),[]
且在星宇最拿手的宣傳攻勢下,且(Cbb)　在(P)　星宇(Nb)　最(Dfa)　拿手(VI)　的(DE)　宣傳(VC)　攻勢(Na)　下(Ng),"[{'word': '星宇', 'ner': 'ORG'}]"
許多消費者對星宇充滿期待,許多(Neqa)　消費者(Na)　對(P)　星宇(Na)　充滿(VJ)　期待(VK),[]
但短短幾天後,但(Cbb)　短短(VH)　幾(Neu)　天(Nf)　後(Ng),"[{'word': '幾天後', 'ner': 'DATE'}]"
日封內部信卻讓星宇員工炸鍋,日封(Na)　內部(Ncd)　信(Na)　卻(D)　讓(VL)　星宇(Nb)　員工(Na)　炸鍋(Na),"[{'word': '星宇', 'ner': 'ORG'}]"
當執行長翟建華宣布發放年終獎金,當(P)　執行長(Na)　翟建華(Nb)　宣布(VE)　發放(VD)　年終(Nd)　獎金(Na),"[{'word': '翟建華', 'ner': 'PERSON'}]"
個月,個(Nf)　月(Na),"[{'word': '個月', 'ner': 'DATE'}]"
所有人都想問星宇有錢大做公關買幾十架飛機,所有人(Na)　都(D)　想(VE)　問(VE)　星宇(Nb)　有錢(VH)　大做(VC)　公關(Na)　買(VC)　幾十(Neu)　架(Nf)　飛機(Na),"[{'word': '幾十', 'ner': 'CARDINAL'}]"
為什麼連像樣的薪酬都發不出,為什麼(D)　連(Cbb)　像樣(VH)　的(DE)　薪酬(Na)　都(D)　發(VD)　不(D)　出(VC),[]
財務與產業結構角度,財務(Na)　與(Caa)　產業(Na)　結構(Na)　角度(Na),[]
市場的反應更是退縮,市場(Nc)　的(DE)　反應(Na)　更(Dfa)　是(SHI)　退縮(VA),[]
甚至開始質疑星宇是否在進行盲目擴張,甚至(D)　開始(VL)　質疑(VE)　星宇(Na)　是否(D)　在(P)　進行(VC)　盲目(VH)　擴張(VHC),[]
竟星宇的商業模式出了什麼問題,竟(D)　星宇(Nb)　的(DE)　商業(Na)　模式(Na)　出(VC)　了(Di)　什麼(Nep)　問題(Na),"[{'word': '星宇', 'ner': 'ORG'}]"
年損益轉折已暗示星宇財報災難,年(Na)　損益(Na)　轉折(Na)　已(D)　暗示(VE)　星宇(Nb)　財報(Na)　災難(Na),"[{'word': '星宇', 'ner': 'ORG'}]"
若單從營收成長來看,若(Cbb)　單(Da)　從(P)　營收(Na)　成長(Nv)　來(D)　看(VC),[]
星宇仍能講出不錯的故事,星宇(Nb)　仍(D)　能(D)　講出(VC)　不錯(VH)　的(DE)　故事(Na),[]
但資本市場真正關注的,但(Cbb)　資本(Na)　市場(Nc)　真正(D)　關注(VJ)　的(DE),[]
是獲利能否跟,是(SHI)　獲利(VH)　能否(D)　跟(P),[]
從走勢觀察,從(P)　走勢(Na)　觀察(VE),[]
年星宇呈現相當明確的前高後低型態,年星宇(Na)　呈現(VJ)　相當(Dfa)　明確(VH)　的(DE)　前(Ncd)　高(VH)　後(Ncd)　低(VH)　型態(Na),"[{'word': '年星宇', 'ner': 'PERSON'}]"
全年營收億元年增,全(Neqa)　年(Nf)　營收(Na)　億(Neu)　元(Nf)　年增(Na),"[{'word': '全年', 'ner': 'DATE'}, {'word': '億元', 'ner': 'MONEY'}]"
年第季仍維持正向,年(Nf)　第(Neu)　季(Nd)　仍(D)　維持(VJ)　正向(VH),"[{'word': '年第季', 'ner': 'DATE'}]"
表現,表現(VC),[]
第二季已接近不賺不賠,第二季(Neu)　已(D)　接近(VC)　不(D)　賺(VC)　不(D)　賠(VD),"[{'word': '第二季', 'ner': 'DATE'}]"
第三季轉為虧損,第三(Neu)　季(Nd)　轉為(VG)　虧損(Na),"[{'word': '第三季', 'ner': 'DATE'}]"
季度變化顯示星宇獲利動能並非短期波動,季度(Na)　變化(Na)　顯示(VK)　星宇(Nb)　獲利(Na)　動能(Na)　並非(D)　短期(Na)　波動(VAC),[]
而是已出現新的結構性壓力,而是(Cbb)　已(D)　出現(VH)　新(VH)　的(DE)　結構性(Na)　壓力(Na),[]
目前看來,目前(Nd)　看來(D),[]
由於,由於(Cbb),[]
第四季客運市場不振,第四(Neu)　季(Nd)　客運(Na)　市場(Nc)　不振(VH),"[{'word': '第四季', 'ner': 'DATE'}]"
星宇高機率再次繳出虧損財報,星宇(Nb)　高(VH)　機率(Na)　再次(D)　繳出(VC)　虧損(Na)　財報(Na),"[{'word': '星宇', 'ner': 'ORG'}]"
若是第四季虧損幅度維持在至之間,若是(Cbb)　第四(Neu)　季(Nd)　虧損(Na)　幅度(Na)　維持(VJ)　在(P)　至(P)　之間(Ng),[]
全年尚能勉強保持損平,全(Neqa)　年(Nf)　尚(D)　能(D)　勉強(VH)　保持(VJ)　損平(Nv),"[{'word': '全年', 'ner': 'DATE'}]"
若虧損惡化趨勢不變,若(Cbb)　虧損(Na)　惡化(VH)　趨勢(Na)　不變(VH),[]
第四季虧損大於,第四(Neu)　季(Nd)　虧損(Na)　大於(VJ),"[{'word': '第四季', 'ner': 'DATE'}]"
星宇將會重新陷入全年虧損的窘境,星宇(Nb)　將(D)　會(D)　重新(D)　陷入(VCL)　全(Neqa)　年(Nf)　虧損(Na)　的(DE)　窘境(Na),"[{'word': '星宇', 'ner': 'ORG'}, {'word': '全年', 'ner': 'DATE'}]"
更糟的是,更(D)　糟(VH)　的(DE)　是(SHI),[]
雖然星宇在年第二季高調宣布,雖然(Cbb)　星宇(Nb)　在(P)　年(Na)　第二(Neu)　季(Nd)　高調(Na)　宣布(VE),"[{'word': '星宇', 'ner': 'ORG'}, {'word': '年第二季', 'ner': 'DATE'}]"
疫情期間累積的百億元虧損已經全部打平,疫情(Na)　期間(Na)　累積(VC)　的(DE)　百億(Neu)　元(Nf)　虧損(Na)　已經(D)　全部(Neqa)　打平(VH),"[{'word': '百億元', 'ner': 'MONEY'}]"
但投資人皆知,但(Cbb)　投資人(Na)　皆知(VK),[]
星宇填補累積虧損的主要財源是多元上市籌措而來的億元,星宇(Nb)　填補(VC)　累積(VC)　虧損(Na)　的(DE)　主要(A)　財源(Na)　是(SHI)　多元(A)　上市(VH)　籌措(VC)　而(Cbb)　來(VA)　的(DE)　億(Neu)　元(Nf),"[{'word': '星宇', 'ner': 'ORG'}, {'word': '億元', 'ner': 'MONEY'}]"
其本,其(Nep)　本(Nf),[]
業獲利表現仍然步履顢頇,業(Na)　獲利(VH)　表現(VC)　仍然(D)　步履(Na)　顢(VH)　頇(ETCCATEGORY),[]
折舊攀升支出高漲,折舊(VH)　攀升(VCL)　支出(Na)　高漲(VH),[]
吃光成長空間,吃光(VC)　成長(Nv)　空間(Na),[]
航空業向來是重資本易破產的行業,航空業(Na)　向來(D)　是(SHI)　重(VH)　資本(Na)　易(VH)　破產(VH)　的(DE)　行業(Na),[]
原因之就是養飛機很燒錢,原因(Na)　之(Nh)　就(Cbb)　是(SHI)　養(VC)　飛機(Na)　很(Dfa)　燒錢(VH),[]
其他開銷成本同樣所,其他(Neqa)　開銷(Na)　成本(Na)　同樣(VH)　所(D),[]
費不貲,費不(VH)　貲(ETCCATEGORY),[]
而且缺乏彈性,而且(Cbb)　缺乏(VJ)　彈性(Na),[]
從成本結構來看,從(P)　成本(Na)　結構(Na)　來(D)　看(VC),[]
上半年折舊攤銷成本佔比,上(Ncd)　半(Neqa)　年(Nf)　折舊(VH)　攤銷(VC)　成本(Na)　佔(VJ)　比(P),"[{'word': '上半年', 'ner': 'DATE'}]"
用人成本,用人(VA)　成本(Na),[]
燃油成本,燃油(Na)　成本(Na),[]
場站成本,場站(Nc)　成本(Na),[]
維修,維修(VC),[]
成本,成本(Na),[]
旅客服務成本,旅客(Na)　服務(Nv)　成本(Na),[]
年月折舊攤銷成本佔比,年(Na)　月(Na)　折舊(VH)　攤銷(Nv)　成本(Na)　佔(VJ)　比(P),[]
用人成本,用人(VA)　成本(Na),[]
燃油成本,燃油(Na)　成本(Na),[]
場站成本,場站(Nc)　成本(Na),[]
維修,維修(VC),[]
成本,成本(Na),[]
旅客服務成本,旅客(Na)　服務(Nv)　成本(Na),[]
整體成本結構幾乎不變,整體(Na)　成本(Na)　結構(Na)　幾乎(Da)　不變(VH),[]
然而星宇的收支規模已經大幅成長,然而(Cbb)　星宇(Nb)　的(DE)　收支(Na)　規模(Na)　已經(D)　大幅(D)　成長(VH),"[{'word': '星宇', 'ner': 'ORG'}]"
代表星宇的各項固定成本迅,代表(VK)　星宇(Nb)　的(DE)　各(Nes)　項(Nf)　固定(VH)　成本(Na)　迅(VH),[]
速攀升,速(VH)　攀升(VCL),[]
年虧損顯示星宇單位收益承壓,年(Nf)　虧損(Na)　顯示(VK)　星宇(Nb)　單位(Na)　收益(Na)　承壓(VC),"[{'word': '星宇', 'ner': 'ORG'}]"
無法創造盈餘,無法(D)　創造(VC)　盈餘(Na),[]
白話來說,白話(VH)　來(D)　說(VE),[]
當報復性旅遊退燒,當(P)　報復性(Na)　旅遊(VA)　退燒(VH),[]
票價快速回落,票價(Na)　快速(VH)　回落(VA),[]
每張票的成本卻不會下降,每(Nes)　張(Nf)　票(Na)　的(DE)　成本(Na)　卻(D)　不會(D)　下降(VA),[]
因此利潤被大,因此(Cbb)　利潤(Na)　被(P)　大(VH),[]
幅壓縮,幅(Na)　壓縮(VC),[]
難怪星宇在營收仍成長的情況下,難怪(D)　星宇(Nb)　在(P)　營收(Na)　仍(D)　成長(VH)　的(DE)　情況(Na)　下(Ng),"[{'word': '星宇', 'ner': 'ORG'}]"
獲利竟率先轉弱,獲利(Na)　竟(D)　率先(D)　轉弱(VH),[]
甚至出現虧損了,甚至(D)　出現(VH)　虧損(VJ)　了(Di),[]
這虧損的發生,這(Nep)　虧損(Na)　的(DE)　發生(VJ),[]
凸顯出公司對疫後復甦過度樂觀,凸顯出(VK)　公司(Nc)　對(P)　疫(Na)　後(Ng)　復甦(VH)　過度(Dfa)　樂觀(VH),[]
年星宇全機隊規模架,年星宇(Nb)　全(Neqa)　機隊(Na)　規模(Na)　架(VC),"[{'word': '星宇', 'ner': 'ORG'}]"
光是今年新增的飛機折舊已經讓星宇陷入單季虧損,光(Da)　是(SHI)　今年(Nd)　新增(VJ)　的(DE)　飛機(Na)　折舊(VH)　已經(D)　讓(VL)　星宇(Nb)　陷入(VCL)　單季(Nd)　虧損(Na),"[{'word': '今年', 'ner': 'DATE'}, {'word': '星宇', 'ner': 'ORG'}]"
前景更不樂觀,前景(Na)　更(D)　不(D)　樂觀(VH),[]
星宇預備增加架新飛機,星宇(Nb)　預備(VF)　增加(VHC)　架(Nf)　新(VH)　飛機(Na),"[{'word': '星宇', 'ner': 'ORG'}]"
機隊規模將達到架,機隊(Na)　規模(Na)　將(D)　達到(VJ)　架(VC),[]
架新飛機必然帶來可觀的營收成長,架(Nf)　新(VH)　飛機(Na)　必然(D)　帶來(VC)　可觀(VH)　的(DE)　營收(Na)　成長(Nv),[]
然而隨之而來的鉅額折舊與人事成本,然而(Cbb)　隨之(D)　而(Cbb)　來(VA)　的(DE)　鉅額(Na)　折舊(Nv)　與(Caa)　人事(Na)　成本(Na),[]
卻是星宇頭,卻(D)　是(SHI)　星宇頭(Na),[]
上的緊箍咒,上(Ncd)　的(DE)　緊箍咒(Na),[]
現在已經可以預見年的星宇財報不可能好看,現在(Nd)　已經(D)　可以(D)　預見(VE)　年(Nd)　的(DE)　星宇(Nb)　財報(Na)　不可能(D)　好看(VH),[]
缺乏貨運支撐,缺乏(VJ)　貨運(Na)　支撐(Nv),[]
商業模式風險放大,商業(Na)　模式(Na)　風險(Na)　放大(VC),[]
另個關鍵,另(Nes)　個(Nf)　關鍵(Na),[]
在於星宇的營運結構,在於(VK)　星宇(Nb)　的(DE)　營運(Nv)　結構(Na),"[{'word': '星宇', 'ner': 'ORG'}]"
與國內其他航空公司存在本質差異,與(P)　國內(Nc)　其他(Neqa)　航空(Na)　公司(Nc)　存在(VA)　本質(Na)　差異(Na),[]
台灣是海島型貿易大國,台灣(Nc)　是(SHI)　海島型(Na)　貿易(Na)　大國(Nc),"[{'word': '台灣', 'ner': 'GPE'}]"
航空業不僅從人流賺錢,航空業(Na)　不僅(Cbb)　從(P)　人流(Na)　賺錢(VA),[]
物流更是大營運支柱,物流(Na)　更(D)　是(SHI)　大(VH)　營運(Nv)　支柱(Na),[]
疫情期間,疫情(Na)　期間(Na),[]
便客運景氣轉弱,便(D)　客運(Na)　景氣(Na)　轉弱(VH),[]
貨運仍能提供相對穩定的現金流緩衝,貨運(Na)　仍(D)　能(D)　提供(VD)　相對(VH)　穩定(VHC)　的(DE)　現金流(Na)　緩衝(VC),[]
在年全球超級週期刺,在(P)　年(Na)　全球(Nc)　超級(A)　週期(Na)　刺(VC),[]
激下,激(VC)　下(Ng),[]
華航與長榮的貨運業務更是賺得盆滿鉢滿,華航(Nc)　與(Caa)　長榮(Nb)　的(DE)　貨運(Na)　業務(Na)　更(D)　是(SHI)　賺(VC)　得(DE)　盆滿(VH)　鉢滿(VH),"[{'word': '華航', 'ner': 'ORG'}, {'word': '長榮', 'ner': 'ORG'}]"
星宇目前的營收結構高度集中於客運,星宇(Nb)　目前(Nd)　的(DE)　營收(Na)　結構(Na)　高度(Na)　集中(VC)　於(P)　客運(Na),"[{'word': '星宇', 'ner': 'ORG'}]"
首架全貨機還要等到年才會交機,首(Nes)　架(Nf)　全(Neqa)　貨機(Na)　還要(Dfa)　等到(P)　年(Na)　才(Da)　會(D)　交(VD)　機(Na),"[{'word': '首', 'ner': 'ORDINAL'}, {'word': '年', 'ner': 'DATE'}]"
對客運景氣,對(P)　客運(Na)　景氣(Na),[]
循環的敏感度自然更高,循環(Na)　的(DE)　敏感度(Na)　自然(D)　更(D)　高(VH),[]
這並不只是經營能力的問題,這(Nep)　並(D)　不只(Da)　是(SHI)　經營(Nv)　能力(Na)　的(DE)　問題(Na),[]
同時也是商業模式選擇所帶來的結果,同時(Nd)　也(D)　是(SHI)　商業(Na)　模式(Na)　選擇(VC)　所(D)　帶來(VC)　的(DE)　結果(Na),[]
星宇自詡為精品航,星宇(Nb)　自詡為(VG)　精品(Na)　航(VA),"[{'word': '星宇', 'ner': 'ORG'}]"
下重本購買大量新飛機提升客艙硬體與備品水準,下(VC)　重本(VH)　購買(VC)　大量(Neqa)　新(VH)　飛機(Na)　提升(VC)　客艙(Na)　硬體(Na)　與(Caa)　備品(Na)　水準(Na),[]
這決策本質上是商業豪賭,這(Nep)　決策(Na)　本質(Na)　上(Ncd)　是(SHI)　商業(Na)　豪賭(VA),[]
然而航空業的競爭強度顯然超出董事會原本的預期,然而(Cbb)　航空業(Na)　的(DE)　競爭(Na)　強度(Na)　顯然(D)　超出(VJ)　董事會(Na)　原本(A)　的(DE)　預期(Na),[]
星宇賭錯了,星宇(Na)　賭錯(VE)　了(Di),"[{'word': '星宇', 'ner': 'ORG'}]"
商業模式決定星宇客運成本居高不下,商業(Na)　模式(Na)　決定(VE)　星宇(Nb)　客運(Na)　成本(Na)　居高不下(VH),[]
且創業前十年都沒有餘裕發展貨運業務,且(Cbb)　創業(VA)　前(Nes)　十(Neu)　年(Nf)　都(D)　沒有(VJ)　餘裕(Na)　發展(VC)　貨運(Na)　業務(Na),"[{'word': '前十年', 'ner': 'DATE'}]"
即使星宇,即使(Cbb)　星宇(Na),[]
目前運用客機機腹進行少量的貨運業務,目前(Nd)　運用(VC)　客機(Na)　機腹(Na)　進行(VC)　少量(Neqa)　的(DE)　貨運(Na)　業務(Na),[]
其財報也說明了殘酷的現實貨運營收來自,其(Nep)　財報(Na)　也(D)　說明(VE)　了(Di)　殘酷(VH)　的(DE)　現實(Na)　貨運(Na)　營收(Na)　來自(VJ),[]
北美航線,北美(Nc)　航線(Na),"[{'word': '北美', 'ner': 'LOC'}]"
目前星宇的營運結構,目前(Nd)　星宇(Nb)　的(DE)　營運(Nv)　結構(Na),"[{'word': '星宇', 'ner': 'ORG'}]"
註定無法迅速提高北美貨運業務,註定(VK)　無法(D)　迅速(VH)　提高(VC)　北美(Nc)　貨運(Na)　業務(Na),"[{'word': '北美', 'ner': 'LOC'}]"
星宇年客運五成營收來自日,星宇(Nb)　年(Na)　客運(Na)　五成(Neqa)　營收(Na)　來自(VJ)　日(Nd),"[{'word': '星宇', 'ner': 'ORG'}, {'word': '五成', 'ner': 'PERCENT'}, {'word': '日', 'ner': 'GPE'}]"
本航線,本(Nes)　航線(Na),[]
今年第三季法說會也再次確認,今年(Nd)　第三(Neu)　季(Nd)　法說會(Na)　也(D)　再次(D)　確認(VE),"[{'word': '今年第三季', 'ner': 'DATE'}]"
目前星宇每週個航班,目前(Nd)　星宇(Nb)　每(Nes)　週(Nf)　個(Nf)　航班(Na),"[{'word': '星宇', 'ner': 'ORG'}]"
有是往來日本,有(D)　是(SHI)　往來(VCL)　日本(Nc),"[{'word': '日本', 'ner': 'GPE'}]"
明年計畫要開啟個歐洲航點,明年(Nd)　計畫(VF)　要(D)　開啟(VC)　個(Nf)　歐洲(Nc)　航點(Na),"[{'word': '明年', 'ner': 'DATE'}, {'word': '歐洲', 'ner': 'LOC'}]"
而且高雄台中也會增班,而且(Cbb)　高雄(Nc)　台中(Nc)　也(D)　會(D)　增班(VJ),"[{'word': '高雄台中', 'ner': 'GPE'}]"
星宇已經宣布增加台中東京,星宇(Nb)　已經(D)　宣布(VE)　增加(VHC)　台中(Nc)　東京(Nc),"[{'word': '星宇', 'ner': 'ORG'}, {'word': '台中', 'ner': 'GPE'}, {'word': '東京', 'ner': 'GPE'}]"
成田航線,成田(Nc)　航線(Na),"[{'word': '成田', 'ner': 'GPE'}]"
預計擴編的架新機機型,預計(VE)　擴編(VC)　的(DE)　架(VC)　新機(VH)　機型(Na),[]
有半數是短程用的窄體客機,有(V_2)　半數(Neqa)　是(SHI)　短程用(Na)　的(DE)　窄體(VH)　客機(Na),"[{'word': '半數', 'ner': 'CARDINAL'}]"
由此推論星宇新飛機,由(P)　此(Nep)　推論(Na)　星宇(Nb)　新(VH)　飛機(Na),"[{'word': '星宇', 'ner': 'ORG'}]"
必定先投入日本市場,必定(D)　先(D)　投入(VC)　日本(Nc)　市場(Nc),"[{'word': '日本', 'ner': 'GPE'}]"
另外半數廣體長程客機會被歐洲線分散掉,另外(Cbb)　半數(Neqa)　廣體(VH)　長程(A)　客機(Na)　會(D)　被(P)　歐洲線(Na)　分散掉(VHC),"[{'word': '半數', 'ner': 'CARDINAL'}]"
僅增加少許北美線,僅(Da)　增加(VHC)　少許(Neqa)　北美線(Na),"[{'word': '北美', 'ner': 'LOC'}]"
因此星宇勢必繼續仰賴客運單支柱,因此(Cbb)　星宇(Nb)　勢必(D)　繼續(VF)　仰賴(VJ)　客運(Na)　單(Na)　支柱(Na),[]
雖有客運金雞母日本線,雖(Cbb)　有(V_2)　客運(Na)　金雞母(Na)　日本線(Na),[]
但歐洲線大飛機營運成本,但(Cbb)　歐洲線(Na)　大(VH)　飛機(Na)　營運(Nv)　成本(Na),"[{'word': '歐洲', 'ner': 'LOC'}]"
可觀,可觀(VH),[]
只要歐洲線載客率或機票價格不理想,只要(Cbb)　歐洲線(Na)　載客率(Na)　或(Caa)　機票(Na)　價格(Na)　不(D)　理想(VH),"[{'word': '歐洲', 'ner': 'LOC'}]"
星宇的財報就會進步惡化,星宇(Nb)　的(DE)　財報(Na)　就(D)　會(D)　進步(VH)　惡化(VH),"[{'word': '星宇', 'ner': 'ORG'}]"
個月年終的重大警訊,個(Neqa)　月(Na)　年終(Nd)　的(DE)　重大(VH)　警訊(Na),[]
市場之所以不看好星宇,市場(Nc)　之所以(Cbb)　不(D)　看好(VJ)　星宇(Nb),"[{'word': '星宇', 'ner': 'ORG'}]"
並不是否定星宇的品牌或長期企圖,並(D)　不(D)　是(SHI)　否定(VC)　星宇(Nb)　的(DE)　品牌(Na)　或(Caa)　長期(Na)　企圖(VF),[]
而是基於嚴謹財報分析所揭,而是(Cbb)　基於(P)　嚴謹(VH)　財報(Na)　分析(VC)　所(D)　揭(VC),[]
示的現實,示(VE)　的(DE)　現實(Na),[]
對擴張速度與風險承受能力是否匹配提出疑問,對(P)　擴張(VHC)　速度(Na)　與(Caa)　風險(Na)　承受(VC)　能力(Na)　是否(D)　匹配(VH)　提出(VC)　疑問(Na),[]
新航線在初期往往需要時間培養需求,新(VH)　航線(Na)　在(P)　初期(Nd)　往往(D)　需要(VK)　時間(Na)　培養(VC)　需求(Na),[]
短期內難以貢獻正向獲利,短期(Na)　內(Ng)　難以(D)　貢獻(VC)　正向(VH)　獲利(VH),[]
新增機隊新增航線則,新增(VJ)　機隊(Na)　新增(VJ)　航線(Na)　則(D),[]
立即推升折舊維修人力與場站成本,立即(D)　推升(VC)　折舊(VH)　維修(VC)　人力(Na)　與(Caa)　場站(Nc)　成本(Na),[]
華麗廣告奢華內裝是無法粉飾疲軟財報的,華麗(VH)　廣告(Na)　奢華(VH)　內裝(Na)　是(SHI)　無法(D)　粉飾(VC)　疲軟(VH)　財報(Na)　的(DE),[]
家上市企業獲利不明,家(Nf)　上市(VH)　企業(Na)　獲利(Na)　不明(VH),[]
成本攀升,成本(Na)　攀升(VCL),[]
這樣的,這樣(VH)　的(DE),[]
財務結構如何讓市場安心,財務(Na)　結構(Na)　如何(D)　讓(VL)　市場(Nc)　安心(VH),[]
不只投資人有疑問,不只(Da)　投資人(Na)　有(V_2)　疑問(Na),[]
連商務旅客現有員工也有疑問,連(Cbb)　商務(Na)　旅客(Na)　現有(A)　員工(Na)　也(D)　有(V_2)　疑問(Na),[]
年內擴編架機隊,年(Nf)　內(Ng)　擴編(VC)　架(VC)　機隊(Na),"[{'word': '年內', 'ner': 'DATE'}]"
機師維修技師與空服從何而來,機師(Na)　維修(VC)　技師(Na)　與(Caa)　空服(Na)　從(P)　何(Nes)　而(Cbb)　來(VA),[]
不論空勤地勤,不論(Cbb)　空勤(Na)　地勤(Na),[]
培養航空從業人,培養(VC)　航空(Na)　從業人(Na),[]
員都極為費時,員(Na)　都(D)　極為(Dfa)　費時(VH),[]
若要靠挖角填補人力,若要(Cbb)　靠(P)　挖角(VA)　填補(VC)　人力(Na),[]
勢必需要更高薪酬吸引人才,勢必(D)　需要(VK)　更(D)　高(VH)　薪酬(Na)　吸引(VJ)　人才(Na),[]
星宇年只發得出個月年終獎金,星宇年(Nd)　只(Da)　發(VJ)　得(DE)　出(VC)　個(Nf)　月(Na)　年終(Nd)　獎金(Na),"[{'word': '星宇', 'ner': 'ORG'}]"
明年又有鉅額新飛機新場站硬體成本,明年(Nd)　又(D)　有(V_2)　鉅額(Na)　新(VH)　飛機(Na)　新(VH)　場站(Nc)　硬體(Na)　成本(Na),"[{'word': '明年', 'ner': 'DATE'}]"
星宇拿得,星宇(Na)　拿(VC)　得(DE),"[{'word': '星宇', 'ner': 'ORG'}]"
出更高薪酬請人嗎,出(VJ)　更(D)　高(VH)　薪酬(Na)　請(VF)　人(Na)　嗎(T),[]
會不會是現職員工承受更多壓力,會不會(D)　是(SHI)　現職(Nv)　員工(Na)　承受(VC)　更多(Neqa)　壓力(Na),[]
人力不足,人力(Na)　不足(VH),[]
又如何保障安全提供,又(D)　如何(D)　保障(VC)　安全(VH)　提供(VD),[]
精品級服務呢,精品級(Na)　服務(VC)　呢(T),[]
航空業的競爭,航空業(Na)　的(DE)　競爭(Na),[]
從來不是比誰飛得最快,從來(D)　不(D)　是(SHI)　比(P)　誰(Nh)　飛(VA)　得(DE)　最(Dfa)　快(VH),[]
而是比誰能在景氣起伏中維持現金流與獲利韌性,而是(Cbb)　比(P)　誰(Nh)　能(D)　在(P)　景氣(Na)　起伏(VA)　中(Ng)　維持(VJ)　現金流(Na)　與(Caa)　獲利(Na)　韌性(Na),[]
對星宇而言,對(P)　星宇(Na)　而言(Ng),"[{'word': '星宇', 'ner': 'PERSON'}]"
真正的考驗絕不在於能否再開幾條航線買幾架飛機打出多少吸睛廣告,真正(A)　的(DE)　考驗(Na)　絕不(D)　在於(VK)　能否(D)　再(D)　開(VC)　幾(Neu)　條(Nf)　航線(Na)　買(VC)　幾(Neu)　架(Nf)　飛機(Na)　打出(VC)　多少(Neqa)　吸睛(VH)　廣告(Na),[]
而是能不能提供穩定的飛安與服務品質,而是(Cbb)　能不能(D)　提供(VD)　穩定(VHC)　的(DE)　飛安(Na)　與(Caa)　服務(VC)　品質(Na),[]
否則在營收獲利失衡的殘酷現實下,否則(Cbb)　在(P)　營收(Na)　獲利(Na)　失衡(VH)　的(DE)　殘酷(VH)　現實(Na)　下(Ng),[]
星宇可能只,星宇(Na)　可能(D)　只(Da),[]
是下個破產的航空公司,是(SHI)　下(Nes)　個(Nf)　破產(VH)　的(DE)　航空(Na)　公司(Nc),[]
原文連結,原文(Na)　連結(VC),[]
還好當初張榮發沒有讓張國煒經營長榮,還好(D)　當初(Nd)　張榮發(Nb)　沒有(D)　讓(VL)　張國煒(Nb)　經營(VC)　長榮(Nb),"[{'word': '張榮發', 'ner': 'PERSON'}, {'word': '張國煒', 'ner': 'PERSON'}]"
星黑看到人家領個月氣噗噗,星黑(Na)　看到(VE)　人家(Nh)　領(VC)　個(Nf)　月氣(Na)　噗噗(D),"[{'word': '星黑', 'ner': 'ORG'}, {'word': '個月氣', 'ner': 'DATE'}]"
上面有人說是成長中公司要共體時艱,上面(Ncd)　有(V_2)　人(Na)　說(VE)　是(SHI)　成長(VH)　中(Ng)　公司(Nc)　要(D)　共體時艱(VA),[]
這篇說是營收獲利失衡,這(Nep)　篇(Nf)　說(VE)　是(SHI)　營收(Na)　獲利(Na)　失衡(VH),[]
到底星宇將會何去何從呢,到底(D)　星宇(Na)　將(D)　會(D)　何去何從(VA)　呢(T),[]
聽說星宇工會想找張國煒談也被無聲卡到底是誰說張國煒在長榮對待員工很好的,聽說(VE)　星宇(Nb)　工會(Nc)　想(VE)　找(VC)　張國煒(Nb)　談(VE)　也(D)　被(P)　無聲卡(Na)　到底(D)　是(SHI)　誰(Nh)　說(VE)　張國煒(Nb)　在(P)　長榮(Nb)　對待(VC)　員工(Na)　很(Dfa)　好(VH)　的(DE),"[{'word': '星宇工會', 'ner': 'ORG'}, {'word': '張國煒', 'ner': 'PERSON'}, {'word': '張國煒', 'ner': 'PERSON'}]"
當初不就是要他接總裁只是被股權多數的大房和老臣擋下來他們應該更清楚他的經營能力,當初(Nd)　不(D)　就(D)　是(SHI)　要(VE)　他(Nh)　接(VC)　總裁(Na)　只是(D)　被(P)　股權(Na)　多數(Neqa)　的(DE)　大房(Na)　和(Caa)　老臣(VH)　擋下來(VB)　他們(Nh)　應該(D)　更(D)　清楚(VK)　他(Nh)　的(DE)　經營(Nv)　能力(Na),[]
因為星宇沒開高雄,因為(Cbb)　星宇(Nb)　沒(D)　開(VC)　高雄(Nc),"[{'word': '高雄', 'ner': 'GPE'}]"
張國煒很喜歡說自己靠爸,張國煒(Nb)　很(Dfa)　喜歡(VK)　說(VE)　自己(Nh)　靠(VJ)　爸(Na),"[{'word': '張國煒', 'ner': 'PERSON'}]"
不過就算遺產全部送給他,不過(Cbb)　就算(Cbb)　遺產(Na)　全部(Neqa)　送給(VD)　他(Nh),[]
星宇的財務狀況也不會好轉多少吧,星宇(Nb)　的(DE)　財務(Na)　狀況(Na)　也(D)　不會(D)　好轉(VH)　多少(Neqa)　吧(T),"[{'word': '星宇', 'ner': 'ORG'}]"
反正對員工來說,反正(D)　對(P)　員工(Na)　來(D)　說(VE),[]
領個月有領個月的態度,領(VC)　個(Nf)　月(Na)　有(V_2)　領(VC)　個(Nf)　月(Na)　的(DE)　態度(Na),"[{'word': '領個月', 'ner': 'DATE'}, {'word': '領個月', 'ner': 'DATE'}]"
領六個月有領六個月的態度,領(VC)　六(Neu)　個(Nf)　月(Na)　有(V_2)　領(VC)　六(Neu)　個(Nf)　月(Na)　的(DE)　態度(Na),"[{'word': '六個月', 'ner': 'DATE'}, {'word': '六個月', 'ner': 'DATE'}]"
年人力成本,年(Na)　人力(Na)　成本(Na),[]
去年前三季的人事成本,去年(Nd)　前(Nes)　三(Neu)　季(Nd)　的(DE)　人事(Na)　成本(Na),[]
說好的新飛機前置人事成本去哪裡了呢,說(VE)　好(VH)　的(DE)　新(VH)　飛機(Na)　前置(A)　人事(Na)　成本(Na)　去(VCL)　哪裡(Ncd)　了(T)　呢(T),[]
這就是我不會搭星宇的原因,這(Nep)　就(D)　是(SHI)　我(Nh)　不會(D)　搭(VC)　星宇(Na)　的(DE)　原因(Na),[]
員工福利最直接就是看薪資,員工(Na)　福利(Na)　最(Dfa)　直接(VH)　就(Cbb)　是(SHI)　看(VC)　薪資(Na),[]
用這種樣子對待員工,用(P)　這(Nep)　種(Nf)　樣子(Na)　對待(VC)　員工(Na),[]
也不用期待會有什麼好的飛安跟服務,也(D)　不用(D)　期待(VK)　會(D)　有(V_2)　什麼(Nep)　好(VH)　的(DE)　飛安(Na)　跟(P)　服務(VC),[]
航點選擇就有很大問題,航點(Na)　選擇(VC)　就(D)　有(V_2)　很(Dfa)　大(VH)　問題(Na),[]
不是傳統航線,不(D)　是(SHI)　傳統(VH)　航線(Na),[]
還沒站穩又去搶的,還(D)　沒(D)　站穩(VA)　又(D)　去(D)　搶(VD)　的(DE),[]
現在屁股又癢準備搶的,現在(Nd)　屁股(Na)　又(D)　癢(VH)　準備(VF)　搶(VD)　的(DE),[]
不想想歐洲出狀況,不(D)　想想(VE)　歐洲(Nc)　出(VC)　狀況(Na),"[{'word': '歐洲', 'ner': 'LOC'}]"
沒有盟友幫忙載就準備吃吧當初應該直接開德州,沒有(VJ)　盟友(Na)　幫忙(VC)　載(VC)　就(D)　準備(VF)　吃(VC)　吧(T)　當初(Nd)　應該(D)　直接(VH)　開(VC)　德州(Nc),"[{'word': '德州', 'ner': 'GPE'}]"
跟機腹都很穩,跟(P)　機腹(Nc)　都(D)　很(Dfa)　穩(VH),[]
卻為了避開,卻(D)　為了(P)　避開(VC),[]
就標準跟屁蟲,就(D)　標準(VH)　跟屁蟲(Na),[]
就貨運載貨比較賺錢載人要養那些台女又不賺錢,就(P)　貨運(Na)　載貨(VA)　比較(Dfa)　賺錢(VA)　載(VC)　人(Na)　要(D)　養(VC)　那些(Neqa)　台女(Na)　又(D)　不(D)　賺錢(VA),"[{'word': '台女', 'ner': 'NORP'}]"
從財報就可以知道發個月真的沒什麼好意外的,從(P)　財報(Na)　就(D)　可以(D)　知道(VK)　發(VD)　個(Di)　月(Na)　真的(D)　沒(VJ)　什麼(Nep)　好(VH)　意外(Na)　的(T),"[{'word': '發個月', 'ner': 'DATE'}]"
記者怎麼會用步履顢頇,記者(Na)　怎麼(D)　會(D)　用(P)　步履(Na)　顢(ETCCATEGORY)　頇(ETCCATEGORY),[]
是蹣跚吧,是(SHI)　蹣跚(VH)　吧(T),[]
沒賺錢就只能這樣囉被讀者投書罵也要乖乖立正看是挺過挑戰轉骨航空精品新星還是越賠越多變成下個遠東復興五年後回頭看就會有答案,沒(D)　賺錢(VA)　就(D)　只(Da)　能(D)　這樣(VH)　囉(T)　被(P)　讀者(Na)　投書(VC)　罵(VC)　也(D)　要(D)　乖乖(VH)　立正(VA)　看(VE)　是(SHI)　挺過(VC)　挑戰(VC)　轉骨(Na)　航空(Na)　精品(Na)　新星(Na)　還是(D)　越(D)　賠(VD)　越(D)　多(D)　變成(VG)　下(Nes)　個(Nf)　遠東(Nc)　復興(VC)　五(Neu)　年(Nf)　後(Ng)　回頭(D)　看(VC)　就(D)　會(D)　有(V_2)　答案(Na),"[{'word': '五年', 'ner': 'DATE'}]"
口口聲聲說要加入,口口(D)　聲聲(D)　說(VE)　要(D)　加入(VC),[]
卻不飛有跟貨的順便幫鞏固地盤,卻(D)　不(D)　飛(VA)　有(V_2)　跟(P)　貨(Na)　的(DE)　順便(D)　幫(VC)　鞏固(VHC)　地盤(Na),[]
有錢不賺然後發個月,有錢(V_2)　不(D)　賺(VC)　然後(D)　發(VD)　個(Nf)　月(Na),[]
還站旁看著家裡失火,還(D)　站(VA)　旁(Ncd)　看(VC)　著(Di)　家(Nc)　裡(Ncd)　失火(VH),[]
老想著不要跟自家人打對台,老(VH)　想(VE)　著(Di)　不要(D)　跟(P)　自家人(Na)　打對台(VA),[]
那乾脆併回去算了也是,那(Nep)　乾脆(VH)　併回去(VC)　算了(VH)　也(D)　是(SHI),[]
說要開,說(VE)　要(D)　開(VC),[]
就沒下文了,就(D)　沒(VJ)　下文(Na)　了(T),[]
轉頭去搶,轉頭(VA)　去(D)　搶(VD),[]
搶不算錯誤但搶了又不願放下高昂的就詭異了,搶(VD)　不(D)　算(VG)　錯誤(Na)　但(Cbb)　搶(VD)　了(Di)　又(D)　不(D)　願(VK)　放下(VC)　高昂(VH)　的(DE)　就(D)　詭異(VH)　了(T),[]
座凳第四季,座凳(Na)　第四(Neu)　季(Nd),"[{'word': '第四', 'ner': 'ORDINAL'}]"
沒有請去規劃航點是不是錯了,沒有(D)　請去(VF)　規劃(VC)　航點(Na)　是(SHI)　不(D)　是(SHI)　錯(VH)　了(T),[]
讓他氣到每篇都噴,讓(VL)　他(Nh)　氣(VK)　到(P)　每(Nes)　篇(Nf)　都(D)　噴(VC),[]
繼續專注在公關聯名搞噱頭不務正業,繼續(VF)　專注(VH)　在(P)　公關(Na)　聯名(D)　搞(VA)　噱頭(Na)　不務正業(VA),[]
這家公司早晚完蛋,這(Nep)　家(Nf)　公司(Nc)　早晚(D)　完蛋(VH),[]
要減班了啊運能移去開鳳凰城了,要(D)　減班(VJ)　了(T)　啊(T)　運能(Na)　移(VC)　去(D)　開(VC)　鳳凰城(Nc)　了(T),"[{'word': '鳳凰城', 'ner': 'ORG'}]"
其實精品路線就不該走量但公司看起來還是想走量與規模來支撐航空相關配套就要撐起相當的規模比擬另家,其實(D)　精品(Na)　路線(Na)　就(D)　不(D)　該(D)　走(VA)　量(Na)　但(Cbb)　公司(Nc)　看起來(D)　還是(D)　想(VE)　走量(Na)　與(Caa)　規模(Na)　來(D)　支撐(VC)　航空(Na)　相關(VH)　配套(VA)　就(D)　要(D)　撐起(VC)　相當(VH)　的(DE)　規模(Na)　比擬(VE)　另(Nes)　家(Nf),[]
小很不重視貨運在長榮剩五台差點被他賣光光,小(VH)　很(Dfa)　不(D)　重視(VJ)　貨運(Na)　在(P)　長榮(Nb)　剩(VJ)　五(Neu)　台(Nf)　差點(D)　被(P)　他(Nh)　賣光光(VC),"[{'word': '長榮', 'ner': 'ORG'}, {'word': '五', 'ner': 'CARDINAL'}]"
很辛苦的主因之是窄體機隊太小,很(Dfa)　辛苦(VHC)　的(DE)　主因(Na)　之(DE)　是(SHI)　窄體(Na)　機隊(Na)　太(Dfa)　小(VH),[]
四爺好像很討厭貨機跟豪華經濟艙,四爺(Nb)　好像(D)　很(Dfa)　討厭(VK)　貨機(Na)　跟(P)　豪華(VH)　經濟艙(Na),[]
的也沒增加,的(DE)　也(D)　沒(D)　增加(VHC),[]
星宇已站穩腳步,星宇(Nb)　已(D)　站穩(VA)　腳步(Na),"[{'word': '星宇', 'ner': 'ORG'}]"
不易被擊倒,不易(VH)　被(P)　擊倒(VC),[]
日本線可穩定獲利,日本線(Na)　可(D)　穩定(VHC)　獲利(VH),[]
北美東南亞雖為紅海,北美(Nc)　東南亞(Nc)　雖(Cbb)　為(VG)　紅海(Nc),"[{'word': '北美', 'ner': 'LOC'}, {'word': '東南亞', 'ner': 'LOC'}]"
但商務客仍有成長空間,但(Cbb)　商務客(Na)　仍(D)　有(V_2)　成長(VH)　空間(Na),[]
歐洲線以旅遊客為主,歐洲線(Na)　以(P)　旅遊客(Na)　為主(VI),"[{'word': '歐洲', 'ner': 'LOC'}]"
未必處於劣勢,未必(D)　處於(VJ)　劣勢(Na),[]
兩大航司提前卡位美東與歐洲線,兩(Neu)　大(VH)　航司(Na)　提前(VB)　卡位(VA)　美東(Nc)　與(Caa)　歐洲線(Na),"[{'word': '兩', 'ner': 'CARDINAL'}, {'word': '美東', 'ner': 'LOC'}, {'word': '歐洲', 'ner': 'LOC'}]"
反而顯示對星宇搶市的忌憚,反而(Cbb)　顯示(VK)　對(P)　星宇(Nb)　搶市(VA)　的(DE)　忌憚(VJ),[]
長榮在疫情期間靠那五台貨機保命,長榮(Nb)　在(P)　疫情(Na)　期間(Na)　靠(P)　那(Nep)　五(Neu)　台(Nf)　貨機(Na)　保命(VA),"[{'word': '長榮', 'ner': 'ORG'}, {'word': '五', 'ner': 'CARDINAL'}]"
豪經艙不是四爺發明的嗎,豪經艙(Na)　不(D)　是(SHI)　四爺(Nb)　發明(VC)　的(DE)　嗎(T),[]
怎麼會討厭,怎麼(D)　會(D)　討厭(VK),[]
豪經是他爸發明的,豪經(Nb)　是(SHI)　他(Nh)　爸(Na)　發明(VC)　的(DE),[]
長榮客艙他爸發明的吧,長榮(Nb)　客艙(Na)　他(Nh)　爸(Na)　發明(VC)　的(DE)　吧(T),[]
開始根本沒規劃,開始(VH)　根本(D)　沒(VJ)　規劃(VC),[]
區域線主力也是甚至,區域線(Na)　主力(Na)　也(D)　是(SHI)　甚至(D),[]
航點選擇會很有限,航點(Na)　選擇(VC)　會(D)　很(Dfa)　有限(VH),[]
也沒規劃夜班,也(D)　沒(D)　規劃(VC)　夜班(Na),[]
每晚躺在折舊租賃成本不少,每(Nes)　晚(Nf)　躺(VA)　在(P)　折舊(VH)　租賃(VC)　成本(Na)　不少(VH),[]
繼續共體時艱,繼續(VF)　共體時艱(VA),[]
劃夜班到時候連鎖造成白班日本線取消,劃(VC)　夜班(Na)　到時候(D)　連鎖(VA)　造成(VG)　白班(Nc)　日本線(Na)　取消(VC),[]
跟又會出文章說機隊不足了,跟(P)　又(D)　會(D)　出(VC)　文章(Na)　說(VE)　機隊(Na)　不足(VH)　了(Di),[]
撰文者是誰,撰文(VA)　者(Na)　是(SHI)　誰(Nh),[]
只是個化名的文章,只(Da)　是(SHI)　個(Nf)　化名(Na)　的(DE)　文章(Na),[]
那問題又不是只有出包會造成連鎖,那(Dk)　問題(Na)　又(D)　不是(D)　只有(D)　出包(VD)　會(D)　造成(VG)　連鎖(A),[]
只要出包兩台也是樣會造成區域線連鎖取消,只要(Cbb)　出包(VD)　兩(Neu)　台(Nf)　也(D)　是(SHI)　樣(Na)　會(D)　造成(VG)　區域線(Na)　連鎖(A)　取消(VC),"[{'word': '兩', 'ner': 'CARDINAL'}]"
就像日航台被撞也是造成其他航線取消或換機,就(D)　像(P)　日(Nc)　航台(Na)　被(P)　撞(VC)　也(D)　是(SHI)　造成(VK)　其他(Neqa)　航線(Na)　取消(VC)　或(Caa)　換(VC)　機(Na),[]
也不是每架都拿出去飛夜班現在可能已經少到沒有了,也(D)　不(D)　是(SHI)　每(Nes)　架(Nf)　都(D)　拿出去(VC)　飛(VA)　夜班(Na)　現在(Nd)　可能(D)　已經(D)　少(VH)　到(P)　沒有(VJ)　了(Di),[]
全部都,全部(Neqa)　都(D),[]
現在還有台可以出包沒有這種寬裕吧,現在(Nd)　還(D)　有(V_2)　台(Nc)　可以(D)　出包(VD)　沒有(VJ)　這(Nep)　種(Nf)　寬裕(VH)　吧(T),[]
放在結果還不能當的長程備用機,放(VC)　在(P)　結果(Na)　還(D)　不能(D)　當(VG)　的(DE)　長程(A)　備用機(Na),[]
被別人出文章又如何,被(P)　別人(Nh)　出(VC)　文章(Na)　又(D)　如何(D),[]
還不是代打澳洲線,還不是(D)　代打(VB)　澳洲線(Na),"[{'word': '澳洲', 'ner': 'GPE'}]"
被嫌也是有賺錢,被(P)　嫌(VK)　也(D)　是(SHI)　有(V_2)　賺錢(VA),[]
這篇是關鍵評論網的讀者投書每個網友如果對星宇有意見都可以像這位樣寫篇文章去投稿筆名就你愛怎麼取名都可以所以不用去管作者是誰,這(Nep)　篇(Nf)　是(SHI)　關鍵(Na)　評論網(Na)　的(DE)　讀者(Na)　投書(VC)　每(Nes)　個(Nf)　網友(Na)　如果(Cbb)　對(P)　星宇(Nb)　有(V_2)　意見(Na)　都(D)　可以(D)　像(P)　這(Nep)　位(Nf)　樣(Na)　寫(VC)　篇(Na)　文章(Na)　去(D)　投稿(VA)　筆名(Na)　就(D)　你(Nh)　愛(VL)　怎麼(D)　取名(VG)　都(D)　可以(D)　所以(Cbb)　不用(D)　去(D)　管(VE)　作者(Na)　是(SHI)　誰(Nh),"[{'word': '星宇', 'ner': 'PERSON'}]"
解封後搭過次就網紅航空,解封(VB)　後(Ng)　搭(VC)　過(Di)　次(Nf)　就(P)　網紅(Nb)　航空(Na),[]
你們這些星黑,你們(Nh)　這些(Neqa)　星(VH)　黑(VH),[]
整天在網路上散播仇恨言論,整(Neqa)　天(Nf)　在(P)　網路(Na)　上(Ncd)　散播(VC)　仇恨(Na)　言論(Na),[]
是不是家庭不溫暖還是有什麼難言之隱董仔明明就又會開飛機又會修飛機,是(SHI)　不(D)　是(SHI)　家庭(Na)　不(D)　溫暖(VHC)　還是(Caa)　有(V_2)　什麼(Nep)　難言之隱(Na)　董仔(Nb)　明明(D)　就(D)　又(D)　會(D)　開(VC)　飛機(Na)　又(D)　會(D)　修(VC)　飛機(Na),[]
又已經給了個月,又(D)　已經(D)　給(VD)　了(Di)　個(Nf)　月(Na),"[{'word': '個月', 'ner': 'DATE'}]"
你各位就閉上嘴,你(Nh)　各位(Nh)　就(D)　閉上(VC)　嘴(Na),[]
別人領個月關你什麼事在精品大家庭裡面,別人(Nh)　領(VC)　個(Nf)　月(Na)　關(VJ)　你(Nh)　什麼(Nep)　事(Na)　在(P)　精品(Na)　大(VH)　家庭(Na)　裡面(Ncd),[]
大家是不會在乎年終獎金這幾個臭錢的個月或個月,大家(Nh)　是(SHI)　不會(D)　在乎(VK)　年終(Nd)　獎金(Na)　這(Nep)　幾(Neu)　個(Nf)　臭錢(VH)　的(DE)　個(Nf)　月(Na)　或(Caa)　個(Nf)　月(Na),[]
不就只是個月或個月的臭錢,不(D)　就(D)　只(Da)　是(SHI)　個(Nf)　月(Na)　或(Caa)　個(Nf)　月(Na)　的(DE)　臭錢(Na),[]
不值顧就已經傍晚了,不(VH)　值顧(VH)　就(D)　已經(D)　傍晚(Nd)　了(T),"[{'word': '傍晚', 'ner': 'TIME'}]"
還要那些自稱不是員工的晚上來這裡加班害人家不但要看推文回推文,還(Dfa)　要(VE)　那些(Neqa)　自稱(VG)　不(D)　是(SHI)　員工(Na)　的(DE)　晚上(Nd)　來(VA)　這裡(Ncd)　加班(VA)　害(VC)　人家(Nh)　不但(Cbb)　要(D)　看(VC)　推文(Na)　回(VD)　推文(Na),"[{'word': '晚上', 'ner': 'TIME'}]"
還要寫文章去洗地你各位這樣是不是太殘忍了,還(Dfa)　要(D)　寫(VC)　文章(Na)　去(D)　洗(VC)　地(Na)　你(Nh)　各位(Nh)　這樣(VH)　是(SHI)　不(D)　是(SHI)　太(Dfa)　殘忍(VH)　了(T),[]
薪水薄了親情厚了,薪水(Na)　薄(VH)　了(Di)　親情(Na)　厚(VH)　了(T),[]
啊大家都知道亂買飛機是會導致航空公司倒閉的重要因素,啊(I)　大家(Nh)　都(D)　知道(VK)　亂(VC)　買(VC)　飛機(Na)　是(SHI)　會(D)　導致(VL)　航空(Na)　公司(Nc)　倒閉(VH)　的(DE)　重要(VH)　因素(Na),[]
星粉又不敢罵擴張太快,星粉(Na)　又(D)　不(D)　敢(VL)　罵(VC)　擴張(VHC)　太(Dfa)　快(VH),[]
張國煒耶,張國煒(Nb)　耶(T),"[{'word': '張國煒', 'ner': 'PERSON'}]"
粉絲都吹成台灣航空業的經營之神了,粉絲(Na)　都(D)　吹成(VG)　台灣(Nc)　航空業(Na)　的(DE)　經營(VC)　之(DE)　神(Na)　了(T),"[{'word': '台灣', 'ner': 'GPE'}]"
怎麼會有錯呢,怎麼(D)　會(D)　有(V_2)　錯(Na)　呢(T),[]
甚至造成自稱不是員工的,甚至(D)　造成(VG)　自稱(VG)　不(D)　是(SHI)　員工(Na)　的(DE),[]
氣到直找人要賭被車撞,氣(VK)　到(P)　直(D)　找(VC)　人(Na)　要(D)　賭(VE)　被(P)　車(Na)　撞(VC),[]
真的恐怖,真的(D)　恐怖(VH),[]
賭車撞真的好難看還到處嗆人,賭車(VA)　撞(VC)　真的(D)　好(Dfa)　難看(VH)　還(D)　到處(D)　嗆(VH)　人(Na),[]
沒關係,沒關係(VH),[]
星宇級棒,星宇(Na)　級棒(Na),[]
對員工最好的五星級航空公司,對(P)　員工(Na)　最(Dfa)　好(VH)　的(DE)　五星級(Na)　航空(Na)　公司(Nc),"[{'word': '五', 'ner': 'CARDINAL'}]"
這到底什麼黑粉宗教集團,這(Nep)　到底(D)　什麼(Nep)　黑粉(Na)　宗教(Na)　集團(Na),[]
好不容易開始正面討論又開始出來噁心不敢對賭乖乖閉上嘴到處潑糞不敢負責,好不容易(D)　開始(VL)　正面(Na)　討論(VE)　又(D)　開始(VL)　出來(VA)　噁心(VH)　不(D)　敢(VL)　對(P)　賭(VE)　乖乖(VH)　閉上(VC)　嘴(Na)　到處(D)　潑(VC)　糞(Na)　不(D)　敢(VL)　負責(VL),[]
跟你嗆賭又說難看,跟(P)　你(Nh)　嗆賭(VE)　又(D)　說(VE)　難看(VH),[]
講話都不敢負責的人,講話(VA)　都(D)　不(D)　敢(VL)　負責(VL)　的(DE)　人(Na),[]
沒擔當又讓人看不起,沒(D)　擔當(VC)　又(Caa)　讓(VL)　人(Na)　看不起(VJ),[]
單純看經營有這麼多新的廣體機還是正的就算成功,單純(VH)　看(VC)　經營(VC)　有(V_2)　這麼多(Neqa)　新(VH)　的(DE)　廣體機(Na)　還是(D)　正(VH)　的(DE)　就算(Cbb)　成功(VH),[]
難道最近貨機不好賺嗎,難道(D)　最近(Nd)　貨機(Na)　不(D)　好(VH)　賺(VC)　嗎(T),[]
廣體機隊太大會更辛苦看看當年復興怎麼倒的,廣體(Na)　機隊(Na)　太(Dfa)　大(VH)　會(D)　更(Dfa)　辛苦(VHC)　看看(VE)　當年(Nd)　復興(Nb)　怎麼(D)　倒(VC)　的(DE),[]
貨機如果好賺的話,貨機(Na)　如果(Cbb)　好(VH)　賺(VC)　的話(DE),[]
難道是董仔買錯飛機了嗎,難道(D)　是(SHI)　董仔(Nb)　買錯(VC)　飛機(Na)　了(T)　嗎(T),"[{'word': '董仔', 'ner': 'PERSON'}]"
你們這些星黑,你們(Nh)　這些(Neqa)　星(VH)　黑(VH),[]
董仔最會選飛機了,董仔(Nb)　最(Dfa)　會(D)　選(VC)　飛機(Na)　了(T),[]
怎麼會買錯,怎麼(D)　會(D)　買錯(VC),[]
當年復興會買廣體機不就是為了想進軍美國航線市場嗎,當年(Nd)　復興(Nb)　會(D)　買(VC)　廣體機(Na)　不(D)　就(Cbb)　是(SHI)　為(P)　了(Di)　想(VE)　進軍(VCL)　美國(Nc)　航線(Na)　市場(Nc)　嗎(T),"[{'word': '復興會', 'ner': 'ORG'}, {'word': '美國', 'ner': 'GPE'}]"
貨運應該是想以客機載貨模式經營吧,貨運(Na)　應該(D)　是(SHI)　想(VE)　以(P)　客機(Na)　載貨(Nv)　模式(Na)　經營(VC)　吧(T),[]
不許這樣說話,不許(D)　這樣(VH)　說話(VA),[]
其實疫情不是只有那五架老的椅子全都拆了,其實(D)　疫情(Na)　不(D)　是(SHI)　只有(Cbb)　那(Nep)　五(Neu)　架(Nf)　老(VH)　的(DE)　椅子(Na)　全(Neqa)　都(D)　拆(VC)　了(Di),"[{'word': '五', 'ner': 'CARDINAL'}]"
當然是客機載客才是精品航空啊,當然(D)　是(SHI)　客機(Na)　載客(VA)　才(Da)　是(SHI)　精品(Na)　航空(Na)　啊(T),[]
貨物會自己拍照打卡嗎,貨物(Na)　會(D)　自己(Nh)　拍照(VB)　打卡(VA)　嗎(T),[]
會寫體驗文嗎,會(D)　寫(VC)　體驗文(Na)　嗎(T),[]
會有網路流量嗎,會(D)　有(V_2)　網路(Na)　流量(Na)　嗎(T),[]
星宇除了外晚上都是休好休滿,星宇(Na)　除了(P)　外(Ncd)　晚上(Nd)　都(D)　是(SHI)　休好(VC)　休滿(VC),"[{'word': '星宇', 'ner': 'ORG'}, {'word': '外晚上', 'ner': 'TIME'}]"
連白天的航班都沒辦法賺到什麼錢的話,連(Cbb)　白天(Nd)　的(DE)　航班(Na)　都(D)　沒辦法(VI)　賺到(VC)　什麼(Nep)　錢(Na)　的話(Cba),"[{'word': '白天', 'ner': 'TIME'}]"
飛紅眼的還得了,飛(VH)　紅(VH)　眼(Na)　的(DE)　還(D)　得了(VH),[]
躺在還不如來看澳洲搶生意,躺(VA)　在(P)　還不如(Na)　來(D)　看(VC)　澳洲(Nc)　搶(VD)　生意(Na),"[{'word': '澳洲', 'ner': 'GPE'}]"
桃園澳洲等下變成紅海,桃園(Nc)　澳洲(Nc)　等下(D)　變成(VG)　紅海(Nc),"[{'word': '桃園澳洲', 'ner': 'LOC'}, {'word': '紅海', 'ner': 'LOC'}]"
搞到自己虧損增加高雄澳洲才是海闊天空的藍海市場呀,搞(VC)　到(P)　自己(Nh)　虧損(Na)　增加(VHC)　高雄(Nc)　澳洲(Nc)　才(Da)　是(SHI)　海闊天空(VH)　的(DE)　藍海(Na)　市場(Nc)　呀(T),"[{'word': '高雄', 'ner': 'GPE'}, {'word': '澳洲', 'ner': 'GPE'}]"
不信的話,不(D)　信(VK)　的話(Cba),[]
你去問賴瑞隆市長,你(Nh)　去(D)　問(VE)　賴瑞隆(Nb)　市長(Na),"[{'word': '賴瑞隆', 'ner': 'PERSON'}]"
隨便用寫篇文章也可以這麼會經營還需要匿名投書,隨便(VH)　用(P)　寫(VC)　篇(Na)　文章(Na)　也(D)　可以(D)　這麼(D)　會(D)　經營(VC)　還(D)　需要(VK)　匿名(VH)　投書(VC),[]
董的經營能力應該是毋庸置疑再拚幾年絕對是台灣之光,董(Nb)　的(DE)　經營(VC)　能力(Na)　應該(D)　是(SHI)　毋庸置疑(VH)　再(D)　拚(VC)　幾(Neu)　年(Nf)　絕對(D)　是(SHI)　台灣(Nc)　之(DE)　光(Na),"[{'word': '幾年', 'ner': 'DATE'}, {'word': '台灣', 'ner': 'NORP'}]"
貨機如果現在飛北美的應該滿賺的吧,貨機(Na)　如果(Cbb)　現在(Nd)　飛(VA)　北美(Nc)　的(DE)　應該(D)　滿(Dfa)　賺(VC)　的(T)　吧(T),"[{'word': '北美', 'ner': 'LOC'}]"
星宇可以飛印度啊,星宇(Na)　可以(D)　飛(VA)　印度(Nc)　啊(T),"[{'word': '印度', 'ner': 'GPE'}]"
我以前在復興航空遇過個月,我(Nh)　以前(Nd)　在(P)　復興(Nb)　航空(Na)　遇(VK)　過(Di)　個(Nf)　月(Na),"[{'word': '復興航空', 'ner': 'EVENT'}, {'word': '個月', 'ner': 'DATE'}]"
看是願意領個月但忍受被霸凌還是領個月就好,看(VE)　是(SHI)　願意(VK)　領(VC)　個(Nf)　月(Na)　但(Cbb)　忍受(VK)　被(P)　霸凌(VC)　還是(D)　領(VC)　個(Nf)　月(Na)　就(D)　好(VH),"[{'word': '領個月', 'ner': 'DATE'}, {'word': '領個月', 'ner': 'DATE'}]"
虧損被股東罵也不行嗎,虧損(Na)　被(P)　股東(Na)　罵(VC)　也(D)　不行(VH)　嗎(T),[]
確定領個月的都沒有被霸凌嗎,確定(VK)　領(VC)　個(Nf)　月(Na)　的(DE)　都(D)　沒有(D)　被(P)　霸凌(VC)　嗎(T),"[{'word': '領個月', 'ner': 'DATE'}]"
到底會不會倒阿,到底(D)　會不會(D)　倒(VC)　阿(Nb),[]
其實從財報早就可以預測年終了,其實(D)　從(P)　財報(Na)　早(D)　就(D)　可以(D)　預測(VE)　年終(Nd)　了(Di),[]
就亂噴啊,就(D)　亂(VC)　噴(VC)　啊(T),[]
的就客滿,的(DE)　就(D)　客滿(VH),[]
哪有什麼站不站穩的問題,哪(Ncd)　有(V_2)　什麼(Nep)　站(VA)　不(D)　站穩(VA)　的(DE)　問題(Na),[]
大家是想知道為什麼獲利不好,大家(Nh)　是(SHI)　想(VE)　知道(VK)　為什麼(D)　獲利(VH)　不(D)　好(VH),[]
不要老愛帶奇怪的風向,不要(D)　老(D)　愛(VL)　帶(VC)　奇怪(VH)　的(DE)　風向(Na),[]
請算算今年架交機,請(VF)　算算(VE)　今年(Nd)　架(VC)　交機(VD),"[{'word': '今年', 'ner': 'DATE'}]"
加上折舊還有其他成本,加上(Cbb)　折舊(VH)　還(D)　有(V_2)　其他(Neqa)　成本(Na),[]
載客率要多少才能打平了就知道載客率,載客率(Na)　要(VC)　多少(Neqa)　才(Da)　能(D)　打平(VH)　了(Di)　就(D)　知道(VK)　載客率(Na),[]
說都客滿耶,說(VE)　都(D)　客滿(VH)　耶(T),[]
怎麼可能不賺錢啊可是班班客滿,怎麼(D)　可能(D)　不(D)　賺錢(VA)　啊(T)　可是(Cbb)　班班(Neqa)　客滿(VH),[]
飛機出去,飛機(Na)　出去(VA),[]
營收進來,營收(Na)　進來(VA),[]
員工發大財,員工(Na)　發(VC)　大(VH)　財(Na),[]
印度還真的是個很適合飛的點,印度(Nc)　還(D)　真的(D)　是(SHI)　個(Nf)　很(Dfa)　適合(VH)　飛(VA)　的(DE)　點(Na),"[{'word': '印度', 'ner': 'GPE'}]"
但三家都不想飛,但(Cbb)　三(Neu)　家(Nf)　都(D)　不(D)　想(VE)　飛(VA),"[{'word': '三', 'ner': 'CARDINAL'}]"
沒特別喜歡星宇但有些人急著否定也很白癡難道兩年賺不多就代表這個企業沒有價值嗎,沒(D)　特別(VH)　喜歡(VK)　星宇(Nb)　但(Cbb)　有(V_2)　些(Nf)　人(Na)　急(VH)　著(Di)　否定(VC)　也(D)　很(Dfa)　白癡(Na)　難道(D)　兩(Neu)　年(Nf)　賺(VC)　不(D)　多(VH)　就(D)　代表(VK)　這(Nep)　個(Nf)　企業(Na)　沒有(VJ)　價值(Na)　嗎(T),"[{'word': '星宇', 'ner': 'ORG'}, {'word': '兩年', 'ner': 'DATE'}]"
德州還有美國南科沒有開啊哈哈,德州(Nc)　還(D)　有(V_2)　美國(Nc)　南科(Nc)　沒有(D)　開(VC)　啊(T)　哈(D)　哈(D),"[{'word': '德州', 'ner': 'GPE'}, {'word': '美國南科', 'ner': 'ORG'}]"
甚麼粉的黑的真的智能有問題公司你家的嗎,甚麼(Nep)　粉(VH)　的(DE)　黑(VH)　的(DE)　真的(D)　智能(Na)　有(V_2)　問題(Na)　公司(Nc)　你(Nh)　家(Nc)　的(DE)　嗎(T),[]
還是有股,還是(D)　有(V_2)　股(Na),[]
消費者就看需求選服務公司賺不賺錢是他家的事至於買網軍造經營之神更免了富家子喜歡開公司隨他去不過就是個庸才拿家族經驗開公司,消費者(Na)　就(D)　看(VE)　需求(Na)　選(VC)　服務(VC)　公司(Nc)　賺(VC)　不(D)　賺錢(VA)　是(SHI)　他(Nh)　家(Nc)　的(DE)　事(Na)　至於(P)　買(VC)　網軍(Na)　造(VC)　經營(VC)　之(DE)　神(Na)　更(Dfa)　免(VJ)　了(Di)　富家子(Na)　喜歡(VK)　開(VC)　公司(Nc)　隨(P)　他(Nh)　去(D)　不過(Cbb)　就(D)　是(SHI)　個(Nf)　庸才(Na)　拿(VC)　家族(Na)　經驗(Na)　開(VC)　公司(Nc),[]
又沒有什麼創新吹成那樣真的大可不必,又(D)　沒有(VJ)　什麼(Nep)　創新(VC)　吹成(VG)　那樣(VH)　真的(D)　大可不必(D),[]
董仔當然是經營之神啊,董仔(Nb)　當然(D)　是(SHI)　經營(VC)　之(DE)　神(Na)　啊(T),[]
不許你跟樣壞壞,不許(VF)　你(Nh)　跟樣(VH)　壞壞(VH),[]
成立快八年了,成立(VC)　快(D)　八(Neu)　年(Nf)　了(T),"[{'word': '快八年', 'ner': 'DATE'}]"
連續七年虧損,連續(D)　七(Neu)　年(Nf)　虧損(Na),"[{'word': '七年', 'ner': 'DATE'}]"
不用輕描淡寫兩年虧損富不過三代,不用(D)　輕描淡寫(VA)　兩(Neu)　年(Nf)　虧損(Na)　富(VJ)　不過(Da)　三代(Nd),"[{'word': '兩年', 'ner': 'DATE'}]"
因為第二代就虧光了,因為(Cbb)　第二(Neu)　代(Na)　就(D)　虧光(VJ)　了(T),"[{'word': '第二', 'ner': 'ORDINAL'}]"
這邊解釋重點就是黑這篇說第四季市場不振真的是笑話,這邊(Ncd)　解釋(VE)　重點(Na)　就(D)　是(SHI)　黑(VH)　這(Nep)　篇(Nf)　說(VE)　第四(Neu)　季(Nd)　市場(Nc)　不振(VH)　真的(D)　是(SHI)　笑話(Na),"[{'word': '第四', 'ner': 'ORDINAL'}]"
去看看每家營收幾乎都最高好嗎,去(D)　看看(VE)　每(Nes)　家(Nf)　營收(Na)　幾乎(Da)　都(D)　最(Dfa)　高(VH)　好(VH)　嗎(T),[]
更有白痴說人家經營年,更(D)　有(V_2)　白痴(Na)　說(VE)　人家(Nh)　經營(VC)　年(Na),[]
疫情跟草創時期不用算,疫情(Na)　跟(Caa)　草創(VC)　時期(Na)　不用(D)　算(VG),[]
所以才來這邊看有什麼卦只耳聞到什麼簽約的,所以(Cbb)　才(Da)　來(D)　這邊(Ncd)　看(VC)　有(V_2)　什麼(Nep)　卦(Na)　只(Da)　耳聞到(VE)　什麼(Nep)　簽約(VA)　的(DE),[]
結果又是那幾個空口在那邊吹的,結果(Dk)　又(D)　是(SHI)　那(Nep)　幾(Neu)　個(Nf)　空口(Na)　在(P)　那邊(Ncd)　吹(VC)　的(DE),[]
沒有星宇另外兩間只會是坨大便,沒有(VJ)　星宇(Na)　另外(Da)　兩(Neu)　間(Nf)　只(Da)　會(D)　是(SHI)　坨(Nf)　大便(Na),"[{'word': '兩', 'ner': 'CARDINAL'}]"
該說還好長榮沒讓他經營嗎,該(D)　說(VE)　還好(D)　長榮(Nb)　沒(D)　讓(VL)　他(Nh)　經營(VC)　嗎(T),"[{'word': '長榮', 'ner': 'PERSON'}]"
那沒發的呢,那(Dk)　沒(D)　發(VH)　的(DE)　呢(T),[]
重點就是幾乎沒賺錢的貨運,重點(Na)　就(Cbb)　是(SHI)　幾乎(Da)　沒(D)　賺錢(VA)　的(DE)　貨運(Na),[]
其他不用看了,其他(Neqa)　不用(D)　看(VC)　了(Di),[]
領個月就用個月態度工作,領(VC)　個(Nf)　月(Na)　就(D)　用(P)　個(Nf)　月(Na)　態度(Na)　工作(VA),"[{'word': '領個月', 'ner': 'DATE'}]"
另方面想沒有星宇競爭大航機票價格會更貴吧,另方面(Cbb)　想(VE)　沒有(VJ)　星宇(Nc)　競爭(Na)　大航(VH)　機票(Na)　價格(Na)　會(D)　更(Dfa)　貴(VH)　吧(T),"[{'word': '星宇', 'ner': 'ORG'}]"
自己爽住麻布台之丘然後員工年終個月就共體時艱真是鬼話連篇被看破手腳了吧,自己(Nh)　爽住(VH)　麻布台(Na)　之(DE)　丘(Na)　然後(D)　員工(Na)　年終(Nd)　個(Nf)　月(Na)　就(D)　共體時艱(VA)　真是(D)　鬼話連篇(VH)　被(P)　看破(VJ)　手腳(Na)　了(T)　吧(T),"[{'word': '個月', 'ner': 'DATE'}]"
公司決策只看老闆喜好完全無專業可言真的不知道有什麼前景,公司(Nc)　決策(Na)　只(Da)　看(VC)　老闆(Na)　喜好(Na)　完全(D)　無(VJ)　專業(Na)　可(D)　言(VE)　真的(D)　不(D)　知道(VK)　有(V_2)　什麼(Nep)　前景(Na),[]
每次來這個版都固定有幾隻星宇舔狗帳號看起來星宇年終都花在這些帳號上了,每(Nes)　次(Nf)　來(VA)　這(Nep)　個(Nf)　版(Na)　都(D)　固定(VH)　有(V_2)　幾(Neu)　隻(Nf)　星宇(Na)　舔(VC)　狗(Na)　帳號(Na)　看起來(D)　星宇(Na)　年終(Nd)　都(D)　花(VC)　在(P)　這些(Neqa)　帳號(Na)　上(VCL)　了(T),"[{'word': '星宇', 'ner': 'ORG'}]"
有幾個帳號遇到人家說星宇的不對,有(V_2)　幾(Neu)　個(Nf)　帳號(Na)　遇到(VC)　人家(Nh)　說(VE)　星宇(Nb)　的(DE)　不(D)　對(VH),[]
馬上都要對嗆,馬上(D)　都(D)　要(D)　對嗆(VH),[]
好可怕,好(Dfa)　可怕(VH),[]
還有對賭被車撞死的沒有考慮去看個醫生嗎,還(D)　有(V_2)　對(P)　賭(VE)　被(P)　車(Na)　撞死(VC)　的(DE)　沒有(D)　考慮(VE)　去(D)　看(VC)　個(Nf)　醫生(Na)　嗎(T),[]
樓上講話不敢指名道姓這麼沒擔當,樓上(Nc)　講話(VA)　不(D)　敢(VL)　指名道姓(VA)　這麼(D)　沒(D)　擔當(VC),[]
不用看醫生直接重新做人比較快某些帳號例如看到星宇新聞就很興奮像是某種動物看到火車樣狂叫,不用(D)　看醫生(VA)　直接(VH)　重新(D)　做人(VA)　比較(Dfa)　快(VH)　某些(Neqa)　帳號(Na)　例如(P)　看到(VE)　星宇(Na)　新聞(Na)　就(D)　很(Dfa)　興奮(VH)　像是(SHI)　某(Nes)　種(Nf)　動物(Na)　看到(VE)　火車(Na)　樣(Ng)　狂叫(VE),"[{'word': '星宇新聞', 'ner': 'WORK_OF_ART'}]"
這樣要報工傷了吧,這樣(VH)　要(D)　報(VC)　工傷(Na)　了(T)　吧(T),[]
勞勞何苦相逼呀,勞勞(VH)　何苦(D)　相(D)　逼(VF)　呀(T),[]
想想辛苦了整年但期待落空的同事們,想想(VE)　辛苦(VHC)　了(Di)　整(Neqa)　年(Nf)　但(Cbb)　期待(VK)　落空(VH)　的(DE)　同事(Na)　們(Na),[]
笑了這麼有擔當怎麼只能整天在這裡哭哭啼啼呢,笑(VA)　了(Di)　這麼(Dfa)　有(V_2)　擔當(VC)　怎麼(D)　只(Da)　能(D)　整(Neqa)　天(Nf)　在(P)　這裡(Ncd)　哭哭啼啼(VA)　呢(T),[]
沒人哭哭啼啼只有看到某群在狗叫,沒(VJ)　人(Na)　哭哭啼啼(VA)　只有(D)　看到(VE)　某(Nes)　群(Nf)　在(P)　狗(Na)　叫(VA),[]
樓上講話不敢指名道姓這麼沒擔當,樓上(Nc)　講話(VA)　不(D)　敢(VL)　指名道姓(VA)　這麼(D)　沒(D)　擔當(VC),[]
不用看醫生直接重新做人比較快,不用(D)　看醫生(VA)　直接(VH)　重新(D)　做人(VA)　比較(Dfa)　快(VH),[]
前幾天第次搭星宇新加坡男空服有待加強發玩具給小小孩正眼不瞧眼以後應該不會再選星宇,前(Nes)　幾(Neu)　天(Nf)　第次(Neu)　搭(VC)　星宇(Nb)　新加坡(Nc)　男(Na)　空服(Na)　有待(VK)　加強(VC)　發(VD)　玩具(Na)　給(VD)　小小孩(Na)　正(D)　眼(Na)　不(D)　瞧(VC)　眼(Na)　以後(Ng)　應該(D)　不會(D)　再(D)　選(VC)　星宇(Na),"[{'word': '前幾天', 'ner': 'DATE'}, {'word': '第次', 'ner': 'ORDINAL'}, {'word': '星宇', 'ner': 'ORG'}, {'word': '新加坡', 'ner': 'GPE'}, {'word': '星宇', 'ner': 'ORG'}]"
這兩週已有很多重複貼重複洗的文章,這(Nep)　兩(Neu)　週(Nf)　已(D)　有(V_2)　很多(Neqa)　重複(VC)　貼(VC)　重複(D)　洗(VC)　的(DE)　文章(Na),"[{'word': '這兩週', 'ner': 'DATE'}]"
就不在貼內文,就(D)　不(D)　在(P)　貼(VC)　內文(Na),[]
因為大家已經看到爛了,因為(Cbb)　大家(Nh)　已經(D)　看到(VE)　爛(VH)　了(T),[]
這邊正面討論以及說說真話,這邊(Ncd)　正面(D)　討論(VE)　以及(Caa)　說說(VE)　真話(Na),[]
年終獎金,年終(Nd)　獎金(Na),[]
說真的,說真的(Dk),[]
都已經是非常態薪資了,都(D)　已經(D)　是(SHI)　非(Dfa)　常態(Na)　薪資(Na)　了(T),[]
也更不應該跟營運穩定的公司做比較,也(D)　更(D)　不(D)　應該(D)　跟(P)　營運(VA)　穩定(VHC)　的(DE)　公司(Nc)　做(VC)　比較(Dfa),[]
在公司面來說,在(P)　公司面(Nc)　來(D)　說(VE),[]
交機期是面臨龐大的現金流,交機期(Na)　是(SHI)　面臨(VK)　龐大(VH)　的(DE)　現金流(Na),[]
尤其驗收交機階段,尤其(D)　驗收(VC)　交機(VD)　階段(Na),[]
但對員工來說這可能不是藉口,但(Cbb)　對(P)　員工(Na)　來(D)　說(VE)　這(Nep)　可能(D)　不(D)　是(SHI)　藉口(Na),[]
過事實就擺在眼前,過(Na)　事實(Na)　就(D)　擺在(VC)　眼前(Nc),[]
航空業少了貨運這塊本來就少了很大部分營收與盈利,航空業(Na)　少(VH)　了(Di)　貨運(Na)　這(Nep)　塊(Nf)　本來(D)　就(D)　少(VH)　了(Di)　很(Dfa)　大部分(Neqa)　營收(Na)　與(Caa)　盈利(Na),[]
如果以公司,如果(Cbb)　以(P)　公司(Nc),[]
治理來說我現在發的讓大家爽,治理(VC)　來(D)　說(VE)　我(Nh)　現在(Nd)　發(VC)　的(DE)　讓(VL)　大家(Nh)　爽(VH),[]
結果後面財務狀況出問題員工對公司更不能理解,結果(Dk)　後面(Ncd)　財務(Na)　狀況(Na)　出(VC)　問題(Na)　員工(Na)　對(P)　公司(Nc)　更(D)　不能(D)　理解(VK),[]
這段我也不需要幫公司洗地,這(Nep)　段(Nf)　我(Nh)　也(D)　不(D)　需要(VK)　幫(P)　公司(Nc)　洗(VC)　地(Na),[]
問題是你選擇了家剛起步的公司,問題(Na)　是(SHI)　你(Nh)　選擇(VC)　了(Di)　家(Nf)　剛(D)　起步(VA)　的(DE)　公司(Nc),[]
你當然是做個長期,你(Nh)　當然(D)　是(SHI)　做(VC)　個(Nf)　長期(Nd),[]
投資的準備,投資(VC)　的(DE)　準備(Nv),[]
又或者是擴張中有很多升遷機會,又(D)　或者(Caa)　是(SHI)　擴張(VHC)　中(Ng)　有(V_2)　很多(Neqa)　升遷(Nv)　機會(Na),[]
求職時也沒有人跟你說年終保證幾個月,求職(VA)　時(Ng)　也(D)　沒有(VJ)　人(Na)　跟(P)　你(Nh)　說(VE)　年終(Nd)　保證(VE)　幾(Neu)　個(Nf)　月(Na),"[{'word': '幾個月', 'ner': 'DATE'}]"
因為那是恩惠性給予,因為(Cbb)　那(Nep)　是(SHI)　恩惠性(Na)　給予(VD),[]
講白點不爽不要做如果真的這麼在意年終就應該將長榮華,講(VE)　白(VH)　點(Dfb)　不(D)　爽(VH)　不要(D)　做(VC)　如果(Cbb)　真的(D)　這麼(D)　在意(VK)　年終(Nd)　就(D)　應該(D)　將(P)　長榮華(Nb),"[{'word': '榮華', 'ner': 'FAC'}]"
航列為你的志願而不是這還在買飛機的發育中公司,航(Na)　列為(VG)　你(Nh)　的(DE)　志願(Na)　而(Cbb)　不(D)　是(SHI)　這(Nep)　還(D)　在(P)　買(VC)　飛機(Na)　的(DE)　發育(VH)　中(Ng)　公司(Nc),[]
但到底是網友在不爽還是真員工在不,但(Cbb)　到底(D)　是(SHI)　網友(Na)　在(P)　不(D)　爽(VH)　還是(D)　真(VH)　員工(Na)　在(P)　不(D),[]
爽呢,爽(VH)　呢(T),[]
所以不知道某些人到底在酸什麼,所以(Cbb)　不(D)　知道(VK)　某些(Neqa)　人(Na)　到底(D)　在(P)　酸(VH)　什麼(Nep),[]
長榮航空,長榮(Nb)　航空(Na),[]
華航民營化,華航(Nc)　民營化(VHC),"[{'word': '華航', 'ner': 'ORG'}]"
華航子公司虎航,華航(Nc)　子公司(Nc)　虎航(Nb),"[{'word': '華航', 'ner': 'ORG'}]"
跟年以上的公司來比公平嗎,跟(P)　年(Na)　以上(Ng)　的(DE)　公司(Nc)　來(D)　比(VC)　公平(VH)　嗎(T),[]
比較的基礎樣嗎,比較(VC)　的(DE)　基礎(Na)　樣(Na)　嗎(T),[]
跟虎航比更好笑,跟(P)　虎航(Nb)　比(VC)　更(D)　好笑(VH),"[{'word': '虎航', 'ner': 'PERSON'}]"
虎航有沒有母公司間接轉租談好的飛機,虎航(Nb)　有(V_2)　沒(D)　有(V_2)　母公司(Nc)　間接(A)　轉租(VD)　談好(VE)　的(DE)　飛機(Na),"[{'word': '虎航', 'ner': 'ORG'}]"
虎航有沒有母公司拿下好的,虎航(Nb)　有(V_2)　沒有(D)　母公司(Nc)　拿下(VC)　好(VH)　的(DE),"[{'word': '虎航', 'ner': 'ORG'}]"
貸款條件,貸款(Na)　條件(Na),[]
虎航有在積極擴增航網嗎,虎航(Nb)　有(V_2)　在(D)　積極(VH)　擴增(VJ)　航網(Na)　嗎(T),"[{'word': '虎航', 'ner': 'ORG'}]"
虎航經營策略跟星宇航空樣嗎,虎航(Nb)　經營(Nv)　策略(Na)　跟(P)　星宇(Na)　航空(Na)　樣(VH)　嗎(T),"[{'word': '虎航', 'ner': 'ORG'}]"
贊助演唱會,贊助(VD)　演唱會(Na),[]
在企業治理,在(P)　企業(Na)　治理(VC),[]
廣告行銷是不可或缺的重要存在,廣告(Na)　行銷(Na)　是(SHI)　不可或缺(A)　的(DE)　重要(VH)　存在(VA),[]
如果連你是什麼公司,如果(Cbb)　連(Cbb)　你(Nh)　是(SHI)　什麼(Nep)　公司(Nc),[]
平民百姓都不知道了,平民(Na)　百姓(Na)　都(D)　不(D)　知道(VK)　了(T),[]
他們又為什麼會買你的產品,他們(Nh)　又(D)　為什麼(D)　會(D)　買(VC)　你(Nh)　的(DE)　產品(Na),[]
所以在百工百,所以(Cbb)　在(P)　百工(Nb)　百(Nb),[]
業沒有家不廣告不行銷,業(Na)　沒有(VJ)　家(Nc)　不(D)　廣告(VC)　不(D)　行銷(VCL),[]
因為你的產品就算真的超好,因為(Cbb)　你(Nh)　的(DE)　產品(Na)　就算(Cbb)　真的(D)　超好(VH),[]
沒人知道的話,沒(VJ)　人(Na)　知道(VK)　的話(DE),[]
根本沒有任何用,根本(D)　沒有(VJ)　任何(Neqa)　用(P),[]
以廣告為例,以(P)　廣告(Na)　為(VG)　例(Na),[]
這種特殊時段的廣告幾百萬跑不掉,這(Nep)　種(Nf)　特殊(VH)　時段(Na)　的(DE)　廣告(Na)　幾百萬(Neu)　跑(VA)　不(D)　掉(VA),"[{'word': '幾百萬', 'ner': 'CARDINAL'}]"
抓寬裕點萬好了,抓(VC)　寬裕(Na)　點(Dfb)　萬(Neu)　好了(T),[]
假設,假設(VE),[]
這個錢拿來發給員工大約多位每人領約,這(Nep)　個(Nf)　錢(Na)　拿來(VC)　發給(VD)　員工(Na)　大約(Da)　多(Neqa)　位(Nf)　每(Nes)　人(Na)　領(VC)　約(Da),[]
大家會覺得不無小補,大家(Nh)　會(D)　覺得(VK)　不無小補(VH),[]
但是廣告創,但是(Cbb)　廣告(Na)　創(VC),[]
造的效益是萬人次的瀏覽投放,造(VC)　的(DE)　效益(Na)　是(SHI)　萬(Neu)　人次(Na)　的(DE)　瀏覽(VC)　投放(VC),[]
只要有的人成為消費者,只要(Cbb)　有的(Neqa)　人(Na)　成為(VG)　消費者(Na),[]
你是老闆會覺得拿來,你(Nh)　是(SHI)　老闆(Na)　會(D)　覺得(VK)　拿來(VC),[]
發掉還是拿來廣告行銷,發掉(VC)　還是(D)　拿來(VC)　廣告(Na)　行銷(Na),[]
金句,金句(Na),[]
飛機買太多發不出年終哇這句話乍聽真有道理,飛機(Na)　買(VC)　太多(Neqa)　發(VC)　不(D)　出(VC)　年終(Nd)　哇(I)　這(Nep)　句(Nf)　話(Na)　乍(D)　聽(VE)　真(D)　有(V_2)　道理(Na),[]
但是套用在台積電分紅獎,但是(Cbb)　套用(VC)　在(P)　台積電(Nb)　分紅獎(VC),"[{'word': '台積電', 'ner': 'ORG'}]"
金個月設備廠房蓋太多獎金發太少,金(Na)　個(Nf)　月(Na)　設備(Na)　廠房(Nc)　蓋(VC)　太多(Neqa)　獎金(Na)　發(VD)　太少(VH),[]
懂的人就懂,懂(VK)　的(DE)　人(Na)　就(D)　懂(VK),[]
裝睡的人叫不醒,裝睡(VA)　的(DE)　人(Na)　叫(VE)　不(D)　醒(VA),[]
結語,結語(Na),[]
我認為這些年終議題根本與航空無關,我(Nh)　認為(VE)　這些(Neqa)　年終(Nd)　議題(Na)　根本(D)　與(P)　航空(Na)　無關(VH),[]
討論個篇,討論(VE)　個(Nf)　篇(Na),[]
真正業內的人會不能理解嗎,真正(A)　業(Na)　內(Ng)　的(DE)　人(Na)　會(D)　不能(D)　理解(VK)　嗎(T),[]
但是,但是(Cbb),[]
版上就有人見縫插針,版(Na)　上(Ng)　就(D)　有(V_2)　人(Na)　見(VE)　縫(Na)　插(VC)　針(Na),[]
甚至到喪心病狂了,甚至(D)　到(P)　喪心病狂(VH)　了(T),[]
我都懷疑是不是張國煒是不是有對你做什麼傷,我(Nh)　都(D)　懷疑(VK)　是(SHI)　不(D)　是(SHI)　張國煒(Nb)　是(SHI)　不(D)　是(SHI)　有(D)　對(P)　你(Nh)　做(VC)　什麼(Nep)　傷(Na),"[{'word': '張國煒', 'ner': 'PERSON'}]"
天害理的事情,天(Na)　害(VC)　理(Na)　的(DE)　事情(Na),[]
讓你在鋪天蓋地的洗,讓(VL)　你(Nh)　在(P)　鋪天蓋地(VC)　的(DE)　洗(VC),[]
理性討論的話還好,理性(Na)　討論(VE)　的話(Cba)　還好(VH),[]
這麼多篇下來就,這麼多(Neqa)　篇(Nf)　下來(Ng)　就(D),[]
那幾個在興風作浪,那(Nep)　幾(Neu)　個(Nf)　在(D)　興風作浪(VA),[]
對於重複性議題版主也是繼續裝作看不見,對於(P)　重複性(Na)　議題(Na)　版主(Na)　也(D)　是(SHI)　繼續(VF)　裝作(VF)　看(VE)　不(D)　見(VE),[]
理性討論歡迎留言,理性(Na)　討論(VE)　歡迎(VJ)　留言(VA),[]
要開口閉口什麼粉粉,要(D)　開口(VA)　閉口(VA)　什麼(Nep)　粉粉(Na),[]
不然就是反串,不然(Cbb)　就(D)　是(SHI)　反串(VC),[]
當個堂堂正正的人,當(VG)　個(Di)　堂堂正正(VH)　的(DE)　人(Na),[]
謝謝大家收看,謝謝(VJ)　大家(Nh)　收看(VC),[]
喔對了不用再來洗謝謝,喔(I)　對了(I)　不用(D)　再(D)　來(D)　洗(VC)　謝謝(VJ),[]
星宇除了椅子寬機體新以外服務真滴爛服務連虎航免稅店都不如,星宇(Nb)　除了(P)　椅子(Na)　寬(VH)　機體(Na)　新(VH)　以外(Ng)　服務(Nv)　真(D)　滴(VC)　爛(VH)　服務(VC)　連(Cbb)　虎航(Nb)　免稅店(Nc)　都(D)　不如(VJ),"[{'word': '星宇', 'ner': 'ORG'}, {'word': '虎航', 'ner': 'ORG'}]"
服務目前還是覺得像是在開盲盒另外家也是,服務(Nv)　目前(Nd)　還是(D)　覺得(VK)　像是(SHI)　在(P)　開(VC)　盲盒(VH)　另外(Cbb)　家(Nc)　也(D)　是(SHI),[]
今年已經訂了張星宇機票期待,今年(Nd)　已經(D)　訂(VC)　了(Di)　張星宇(Nb)　機票(Na)　期待(VK),"[{'word': '今年', 'ner': 'DATE'}, {'word': '張星宇', 'ner': 'PERSON'}]"
服務爛是定的啦都沒有完善培訓就拉上來很多本來在窄門外的擠進去就覺得自己不可世,服務(VC)　爛(VH)　是(SHI)　定(VC)　的(DE)　啦(T)　都(D)　沒有(VJ)　完善(VH)　培訓(VC)　就(D)　拉上來(VB)　很多(Neqa)　本來(D)　在(P)　窄門(Na)　外(Ncd)　的(DE)　擠進去(VCL)　就(D)　覺得(VK)　自己(Nh)　不可(VH)　世(Na),[]
三家除了在航線上對打,三(Neu)　家(Nc)　除了(P)　在(P)　航線(Na)　上(Ng)　對打(VA),"[{'word': '三', 'ner': 'CARDINAL'}]"
在年終上也在對打,在(P)　年終(Nd)　上(Ng)　也(D)　在(P)　對打(VA),[]
終於有比較符合現狀的文,終於(D)　有(V_2)　比較(Dfa)　符合(VJ)　現狀(Na)　的(DE)　文(Na),[]
我們吃麵的都沒說話了,我們(Nh)　吃(VC)　麵(Na)　的(DE)　都(D)　沒(D)　說話(VA)　了(Di),[]
外面的是在喊燒什麼,外面(Ncd)　的(DE)　是(SHI)　在(P)　喊(VE)　燒(VC)　什麼(Nep),[]
今年差個幾個月那又怎樣,今年(Nd)　差(VH)　個(Di)　幾(Neu)　個(Nf)　月(Na)　那(Nep)　又(D)　怎樣(VH),"[{'word': '今年', 'ner': 'DATE'}, {'word': '幾個月', 'ner': 'DATE'}]"
想清楚自己要什麼吧,想清楚(VE)　自己(Nh)　要(VC)　什麼(Nep)　吧(T),[]
在寫啥,在(P)　寫(VC)　啥(Nep),[]
不然你以為是什麼,不然(Cbb)　你(Nh)　以為(VE)　是(SHI)　什麼(Nep),[]
中肯而且之前幫客戶詢過價沒那麼貴,中肯(VH)　而且(Cbb)　之前(Nd)　幫(P)　客戶(Na)　詢(VE)　過(Di)　價(Na)　沒(D)　那麼(D)　貴(VH),[]
會被酸爆不就是平時塑造太多英雄形象,會(D)　被(P)　酸爆(VH)　不(D)　就(D)　是(SHI)　平時(Nd)　塑造(VC)　太多(Neqa)　英雄(Na)　形象(Na),[]
其實,其實(D),[]
正常人都能理解,正常人(Na)　都(D)　能(D)　理解(VK),[]
我絕對不會說你說的是那個什麼高雄仔,我(Nh)　絕對(D)　不會(D)　說(VE)　你(Nh)　說(VE)　的(DE)　是(SHI)　那(Nep)　個(Nf)　什麼(Nep)　高雄仔(Na),"[{'word': '高雄', 'ner': 'NORP'}]"
好了啦不爽不要去星宇端盤子,好了(T)　啦(T)　不(D)　爽(VH)　不要(D)　去(VCL)　星宇(Nc)　端(Ncd)　盤子(Na),"[{'word': '星宇', 'ner': 'ORG'}]"
以為空服員跟店員缺很大嗎不就職業的稀缺性所以長榮學姊搞吞下去星宇年終少吞下去華航飛安紀錄差吞下去台灣就是個小市場又職缺供給遠少於求職者堆空姐補習班上課的等上岸,以為(VE)　空服員(Na)　跟(P)　店員(Na)　缺(VJ)　很(Dfa)　大(VH)　嗎(T)　不(D)　就(P)　職業(Na)　的(DE)　稀缺性(Na)　所以(Cbb)　長榮(Nb)　學姊(Na)　搞(VC)　吞下去(VB)　星宇(Nb)　年終(Nd)　少(D)　吞下去(VB)　華航(Nc)　飛安(Na)　紀錄(Na)　差(VH)　吞下去(VB)　台灣(Nc)　就(Cbb)　是(SHI)　個(Nf)　小(VH)　市場(Nc)　又(Caa)　職缺(Na)　供給(VD)　遠(Dfa)　少於(VJ)　求職(VA)　者(Na)　堆(VC)　空姐(Na)　補習班(Nc)　上課(VA)　的(DE)　等(VC)　上岸(VA),"[{'word': '星宇', 'ner': 'ORG'}, {'word': '華航', 'ner': 'ORG'}, {'word': '台灣', 'ner': 'GPE'}]"
以科技業外商來說,以(P)　科技業(Na)　外商(Na)　來(D)　說(VE),[]
我們都是彼此羨慕對方的公司,我們(Nh)　都(D)　是(SHI)　彼此(Nh)　羨慕(VJ)　對方(Nh)　的(DE)　公司(Nc),[]
不會因為自己拿的比較多就瞧不起別人,不會(D)　因為(Cbb)　自己(Nh)　拿(VC)　的(DE)　比較(Dfa)　多(VH)　就(D)　瞧不起(VJ)　別人(Nh),[]
接著上網攻擊對方的公司,接著(D)　上網(VA)　攻擊(VC)　對方(Nh)　的(DE)　公司(Nc),[]
像我就有認識的說羨慕我們的在某個領域的市佔率因為他是,像(P)　我(Nh)　就(D)　有(V_2)　認識(VJ)　的(DE)　說(VE)　羨慕(VJ)　我們(Nh)　的(DE)　在(P)　某(Nes)　個(Nf)　領域(Na)　的(DE)　市佔率(Na)　因為(Cbb)　他(Nh)　是(SHI),[]
但我也羨慕他們的業界有名福利,但(Cbb)　我(Nh)　也(D)　羨慕(VJ)　他們(Nh)　的(DE)　業界(Nc)　有名(VH)　福利(Na),[]
我們也都有彼此要打好關係,我們(Nh)　也(D)　都(D)　有(V_2)　彼此(Nh)　要(D)　打好(VC)　關係(Na),[]
有機會跳槽的時候就可以請對方內推,有(V_2)　機會(Na)　跳槽(VA)　的(DE)　時候(Na)　就(D)　可以(D)　請(VF)　對方(Nh)　內(Ncd)　推(VC),[]
我就不懂航空業員工,我(Nh)　就(D)　不(D)　懂(VK)　航空業(Na)　員工(Na),[]
就算不是公關單位也很愛上網互相攻擊,就算(Cbb)　不(D)　是(SHI)　公關(Na)　單位(Na)　也(D)　很(Dfa)　愛(VL)　上網(VA)　互相(D)　攻擊(VC),[]
好像這麼做會升遷加薪樣,好像(D)　這麼(D)　做(VC)　會(D)　升遷(VC)　加薪(VB)　樣(Na),[]
確實,確實(VH),[]
其實張也是蠻可憐,其實(D)　張(Nb)　也(D)　是(SHI)　蠻(Dfa)　可憐(VHC),[]
被外界過度造神,被(P)　外界(Ncd)　過度(Dfa)　造(VC)　神(Na),[]
導致出點小包就被放大檢視,導致(VL)　出(VC)　點(Nf)　小包(Na)　就(D)　被(P)　放大(VC)　檢視(VC),[]
沒差吧他看起來就副痞痞的但星宇我覺得有在進步,沒(D)　差(VH)　吧(T)　他(Nh)　看起來(D)　就(D)　副(A)　痞痞(VH)　的(DE)　但(Cbb)　星宇(Nb)　我(Nh)　覺得(VK)　有(V_2)　在(P)　進步(VH),"[{'word': '星宇', 'ner': 'PERSON'}]"
推這篇,推(VC)　這(Nep)　篇(Nf),[]
他點都不可憐,他(Nh)　點(Nf)　都(D)　不(D)　可憐(VHC),[]
因為是他在造神自己,因為(Cbb)　是(SHI)　他(Nh)　在(P)　造(VC)　神(Na)　自己(Nh),[]
有進步但是年只有,有(V_2)　進步(VH)　但是(Cbb)　年(Na)　只(Da)　有(V_2),[]
哈哈哈,哈(D)　哈(D)　哈(D),[]
講再多,講(VE)　再(D)　多(D),[]
個月年終就真的只是基本啊,個(Nf)　月(Na)　年終(Nd)　就(D)　真的(D)　只(Da)　是(SHI)　基本(Na)　啊(T),[]
這公司看來顯然不願再多分點給員工,這(Nep)　公司(Nc)　看來(D)　顯然(D)　不(D)　願(VK)　再(D)　多(D)　分(VD)　點(Nf)　給(VD)　員工(Na),[]
洗地文就不用裝理性討論了,洗地文(Na)　就(D)　不用(D)　裝(VC)　理性(Na)　討論(VE)　了(Di),[]
不能接受就離開阿反正你各位只是打工仔公司根本不在乎,不能(D)　接受(VC)　就(D)　離開(VC)　阿(T)　反正(D)　你(Nh)　各位(Nh)　只(D)　是(SHI)　打工仔(VA)　公司(Nc)　根本(D)　不(D)　在乎(VK),[]
在星宇大家庭裡面大家對於未來是很有憧憬的真的不知道外面的人為什麼要直唱衰個月或個月真正的星宇人是不會在乎這些的而那些支持星宇的旅客們也是很體諒星宇空服員的辛勞這樣才是個良性循環,在(P)　星宇(Na)　大(VH)　家庭(Na)　裡面(Ncd)　大家(Nh)　對於(P)　未來(Nd)　是(SHI)　很(Dfa)　有(V_2)　憧憬(VK)　的(DE)　真的(D)　不(D)　知道(VK)　外面(Ncd)　的(DE)　人(Na)　為什麼(D)　要(D)　直(D)　唱衰(VHC)　個(Nf)　月(Na)　或(Caa)　個(Nf)　月(Na)　真正(A)　的(DE)　星宇人(Na)　是(SHI)　不會(D)　在乎(VK)　這些(Neqa)　的(DE)　而(Cbb)　那些(Neqa)　支持(VC)　星宇(Na)　的(DE)　旅客(Na)　們(Na)　也(D)　是(SHI)　很(Dfa)　體諒(VK)　星宇(Na)　空服員(Na)　的(DE)　辛勞(VH)　這樣(VH)　才(Da)　是(SHI)　個(Nf)　良性(A)　循環(Na),[]
小董不要直放話對星宇才是好事,小董(Nb)　不要(D)　直(D)　放話(VA)　對(P)　星宇(Nb)　才(Da)　是(SHI)　好事(Na),"[{'word': '星宇', 'ner': 'PERSON'}]"
而不是靠年終獎金這幾個臭錢就想讓人家空服員甘心付出,而(Cbb)　不(D)　是(SHI)　靠(P)　年終(Nd)　獎金(Na)　這(Nep)　幾(Neu)　個(Nf)　臭錢(Na)　就(D)　想(VE)　讓(VL)　人家(Nh)　空服員(Na)　甘心(VK)　付出(VC),[]
大概因為科技業不會有人造神造到部分粉絲跟邪教徒樣吧,大概(D)　因為(Cbb)　科技業(Na)　不會(D)　有(V_2)　人造神(Na)　造(VC)　到(P)　部分(Neqa)　粉絲(Na)　跟(P)　邪教徒(Na)　樣(Na)　吧(T),[]
張國煒沒做什麼傷天害理的事,張國煒(Nb)　沒(D)　做(VC)　什麼(Nep)　傷天害理(VH)　的(DE)　事(Na),"[{'word': '張國煒', 'ner': 'PERSON'}]"
只不過是養堆星粉親衛隊在洗地而已,只不過(Da)　是(SHI)　養堆星粉(VC)　親衛隊(Na)　在(P)　洗(VC)　地(Na)　而已(T),[]
他有錢是你們親衛隊說的,他(Nh)　有錢(VH)　是(SHI)　你們(Nh)　親衛隊(Na)　說(VE)　的(DE),"[{'word': '親衛隊', 'ner': 'ORG'}]"
他會經營也是你們親衛隊吹的,他(Nh)　會(D)　經營(VC)　也(D)　是(SHI)　你們(Nh)　親衛隊(Na)　吹(VC)　的(DE),"[{'word': '親衛隊', 'ner': 'ORG'}]"
敢吹就要敢被酸,敢(VL)　吹(VC)　就(D)　要(D)　敢(VL)　被(P)　酸(VH),[]
還什麼跟虎航比很好笑,還(D)　什麼(Nep)　跟(P)　虎航(Nb)　比(Dfa)　很(Dfa)　好笑(VH),"[{'word': '虎航', 'ner': 'PERSON'}]"
同樣的說法,同樣(VH)　的(DE)　說法(Na),[]
是有誰要星宇現在就擴張成這個樣子,是(SHI)　有(V_2)　誰(Nh)　要(VC)　星宇(Na)　現在(Nd)　就(D)　擴張成(VG)　這(Nep)　個(Nf)　樣子(Na),[]
民航局是有逼星宇明年不擴張長程機隊就扣牌嗎,民航局(Nc)　是(SHI)　有(V_2)　逼(VF)　星宇(Nb)　明年(Nd)　不(D)　擴張(VHC)　長程(A)　機隊(Na)　就(D)　扣牌(VC)　嗎(T),"[{'word': '民航局', 'ner': 'ORG'}, {'word': '星宇', 'ner': 'ORG'}, {'word': '明年', 'ner': 'DATE'}]"
家還在成長的公司本來就不可能發多少年終這是常識,家(Nc)　還(D)　在(P)　成長(VH)　的(DE)　公司(Nc)　本來(D)　就(D)　不可能(D)　發(VD)　多少(Neqa)　年終(Nd)　這(Nep)　是(SHI)　常識(Na),[]
星宇軟體這麼差,星宇(Nb)　軟體(Na)　這麼(Dfa)　差(VH),"[{'word': '星宇', 'ner': 'ORG'}]"
還不投資,還(D)　不(D)　投資(VC),[]
這篇中肯推其他系列文大多偏激了,這(Nep)　篇(Nf)　中肯(Ng)　推(VC)　其他(Neqa)　系列(Na)　文(Na)　大多(D)　偏激(VH)　了(T),[]
誰說科技業沒人在造神的,誰(Nh)　說(VE)　科技業(Na)　沒(VJ)　人(Na)　在(P)　造(VC)　神(Na)　的(DE),[]
某幾間的老闆還不是被吹上天了,某(Nes)　幾(Neu)　間(Nf)　的(DE)　老闆(Na)　還不是(D)　被(P)　吹上天(VB)　了(T),[]
平常有看新聞都知道啊但我們不會因為某間老闆被媒體直吹,平常(Nd)　有(V_2)　看(VC)　新聞(Na)　都(D)　知道(VK)　啊(T)　但(Cbb)　我們(Nh)　不會(D)　因為(Cbb)　某(Nes)　間(Nf)　老闆(Na)　被(P)　媒體(Na)　直(VC)　吹(VC),[]
我們就跑去攻擊那間公司,我們(Nh)　就(D)　跑去(VCL)　攻擊(VC)　那(Nep)　間(Nf)　公司(Nc),[]
實在是太無聊了,實在(D)　是(SHI)　太(Dfa)　無聊(VH)　了(T),[]
自家員工誰會因為新聞就亂噴自己家的人,自家(Nc)　員工(Na)　誰(Nh)　會(D)　因為(Cbb)　新聞(Na)　就(D)　亂(D)　噴(VC)　自己(Nh)　家(Nc)　的(DE)　人(Na),[]
董是真的辛苦,董(Nb)　是(SHI)　真的(D)　辛苦(VHC),[]
還要被這些網軍搞,還要(Dfa)　被(P)　這些(Neqa)　網軍(Na)　搞(VC),[]
不要被騙去買就好,不要(D)　被(P)　騙(VC)　去(D)　買(VC)　就(D)　好(VH),[]
誰愛搭就去搭沒意見冀望新飛機就跟等史坦納進攻樣可笑桃園這個這輩子就這樣了,誰(Nh)　愛(VL)　搭(VC)　就(D)　去(D)　搭(VC)　沒(VJ)　意見(Na)　冀望(VK)　新(VH)　飛機(Na)　就(D)　跟(P)　等(VC)　史坦納(Nb)　進攻(VCL)　樣(Ng)　可笑(VH)　桃園(Nc)　這(Nep)　個(Nf)　這(Nep)　輩子(Na)　就(D)　這樣(VH)　了(T),"[{'word': '史坦納', 'ner': 'PERSON'}, {'word': '桃園', 'ner': 'GPE'}]"
拿買飛機說嘴很好笑,拿(VC)　買(VC)　飛機(Na)　說(VA)　嘴(Na)　很(Dfa)　好笑(VH),[]
華航跟長榮沒有買飛機,華航(Nc)　跟(Caa)　長榮(Nb)　沒有(D)　買(VC)　飛機(Na),"[{'word': '華航', 'ner': 'ORG'}, {'word': '長榮', 'ner': 'ORG'}]"
不如大方承認自己賺錢方面就是跟不上兩家比較老實好嗎,不如(Cbb)　大方(VH)　承認(VE)　自己(Nh)　賺錢(Nv)　方面(Na)　就是(D)　跟(VC)　不(D)　上(VC)　兩(Neu)　家(Nf)　比較(Dfa)　老實(VH)　好(VH)　嗎(T),"[{'word': '兩', 'ner': 'CARDINAL'}]"
人身攻擊都出來了星宇黑成根本不用星黑粉絲抹成黑晶成立年了還在草創沒看草都長多高了忌妒別人進得去花球而你被刷掉那是你能力不足阿點負面聲音都無法接納這種公司會倒得比飛得還快,人身攻擊(Na)　都(D)　出來(VA)　了(Di)　星宇(Nb)　黑成(VG)　根本(D)　不(D)　用(VC)　星黑(Na)　粉絲(Na)　抹成(VG)　黑晶(Na)　成立年(VC)　了(T)　還(D)　在(P)　草創(VC)　沒(D)　看(VC)　草(Na)　都(D)　長(VH)　多(Dfa)　高(VH)　了(T)　忌妒(VJ)　別人(Nh)　進(VC)　得(DE)　去(VCL)　花球(Na)　而(Cbb)　你(Nh)　被(P)　刷掉(VC)　那(Nep)　是(SHI)　你(Nh)　能力(Na)　不足(VH)　阿點(Nb)　負面(Na)　聲音(Na)　都(D)　無法(D)　接納(VC)　這(Nep)　種(Nf)　公司(Nc)　會(D)　倒(VC)　得(DE)　比(P)　飛(VA)　得(DE)　還(Dfa)　快(VH),"[{'word': '星宇', 'ner': 'ORG'}]"
這篇確實中肯,這(Nep)　篇(Nf)　確實(D)　中肯(VH),[]
年確實沒有很久,年(Na)　確實(D)　沒有(VJ)　很(Dfa)　久(VH),[]
家年成立,家(Na)　年(Na)　成立(VC),[]
年才熬出頭,年(Na)　才(Da)　熬出頭(VC),[]
這條路足足走了年,這(Nep)　條(Nf)　路(Na)　足足(Da)　走(VA)　了(Di)　年(Nf),[]
中間還歷經好幾次倒閉危機,中間(Ncd)　還(D)　歷經(VJ)　好幾(Neu)　次(Nf)　倒閉(VH)　危機(Na),[]
科技業都如此辛苦了,科技業(Na)　都(D)　如此(Dfa)　辛苦(VHC)　了(T),[]
更何況高成本低毛利的航空業有些人說另外兩家也有買飛機啊,更何況(Cbb)　高成本(Na)　低(Na)　毛利(Na)　的(DE)　航空業(Na)　有(Neqa)　些(Nf)　人(Na)　說(VE)　另外(Da)　兩(Neu)　家(Nc)　也(D)　有(V_2)　買(VC)　飛機(Na)　啊(T),"[{'word': '兩', 'ner': 'CARDINAL'}]"
建議去了解固定成本與折舊的概念,建議(VE)　去(D)　了解(VK)　固定(VH)　成本(Na)　與(Caa)　折舊(VH)　的(DE)　概念(Na),[]
還有變動成本的規模經濟概念去做理解,還(D)　有(V_2)　變動(VHC)　成本(Na)　的(DE)　規模(Na)　經濟(Na)　概念(Na)　去(D)　做(VC)　理解(VK),[]
不懂兩家底子差別的樂子人又亂酸了,不(D)　懂(VK)　兩(Neu)　家(Nf)　底子(Na)　差別(Na)　的(DE)　樂子(Na)　人(Na)　又(D)　亂(VH)　酸(VH)　了(Di),"[{'word': '兩', 'ner': 'CARDINAL'}]"
這些經濟學與會計學基本觀念,這些(Neqa)　經濟學(Na)　與(Caa)　會計學(Na)　基本(A)　觀念(Na),[]
大概個下午的時間就能了解與活用了,大概(D)　個(Nf)　下午(Nd)　的(DE)　時間(Na)　就(D)　能(D)　了解(VK)　與(Caa)　活用(VC)　了(Di),"[{'word': '下午', 'ner': 'TIME'}]"
如果想討論的更深而不是流於表面上的酸與攻擊,如果(Cbb)　想(VE)　討論(VE)　的(DE)　更深(VH)　而(Cbb)　不(D)　是(SHI)　流於(VL)　表面(Na)　上(Ng)　的(DE)　酸(Nv)　與(Caa)　攻擊(Nv),[]
真心建議去提升下這方面的知識,真心(VH)　建議(VE)　去(D)　提升(VC)　下(Ng)　這(Nep)　方面(Na)　的(DE)　知識(Na),[]
你是什麼行業的啊我想知道可以嗎,你(Nh)　是(SHI)　什麼(Nep)　行業(Na)　的(Ng)　啊(T)　我(Nh)　想(VE)　知道(VK)　可以(VH)　嗎(T),[]
我就不懂跳槽家新成立又保證有龐大負債的公司的人有啥好期待年終的當股東銀行吃素的,我(Nh)　就(D)　不(D)　懂(VK)　跳槽(Na)　家(Nc)　新(D)　成立(VC)　又(Caa)　保證(VE)　有(V_2)　龐大(VH)　負債(VH)　的(DE)　公司(Nc)　的(DE)　人(Na)　有(V_2)　啥(Nep)　好(Dfa)　期待(VK)　年終(Nd)　的(DE)　當(VG)　股東(Na)　銀行(Nc)　吃素(VA)　的(DE),[]
員工沒說什麼的話外人說再多也沒什麼用,員工(Na)　沒(D)　說(VE)　什麼(Nep)　的話(DE)　外人(Na)　說(VE)　再(D)　多(VH)　也(D)　沒(VJ)　什麼(Nep)　用(Na),[]
有什麼問題護衛隊是三小我喜歡的品牌在有言論自由的環境下我讚賞這樣變護衛隊,有(V_2)　什麼(Nep)　問題(Na)　護衛隊(Na)　是(SHI)　三(Neu)　小(VH)　我(Nh)　喜歡(VK)　的(DE)　品牌(Na)　在(P)　有(V_2)　言論(Na)　自由(Na)　的(DE)　環境(Na)　下(Ng)　我(Nh)　讚賞(VJ)　這樣(VH)　變(VG)　護衛隊(Na),"[{'word': '三', 'ner': 'CARDINAL'}]"
護衛隊當然是三小阿連小三都不是只有董事長有小三,護衛隊(Na)　當然(D)　是(SHI)　三(Neu)　小(VH)　阿(Nb)　連(Cbb)　小三(Nb)　都(D)　不(D)　是(SHI)　只有(D)　董事長(Na)　有(V_2)　小三(Nb),"[{'word': '三', 'ner': 'CARDINAL'}, {'word': '三', 'ner': 'CARDINAL'}, {'word': '三', 'ner': 'CARDINAL'}]"
錢發不夠,錢(Na)　發(VC)　不(D)　夠(VH),[]
唯支持快逃,唯(Da)　支持(VC)　快(VA)　逃(VA),[]
不爽就跳槽啊,不(D)　爽(VH)　就(D)　跳槽(VA)　啊(T),[]
個人搭乘星宇的體驗很棒軟硬體都有到位飛機餐也可口與史努比的聯名商品體現在許多細節上,個人(Nh)　搭乘(VC)　星宇(Nb)　的(DE)　體驗(VC)　很(Dfa)　棒(VH)　軟硬體(Na)　都(D)　有(V_2)　到位(VCL)　飛機餐(Na)　也(D)　可口(VH)　與(Caa)　史努比(Nb)　的(DE)　聯名(D)　商品(Na)　體現(VJ)　在(P)　許多(Neqa)　細節(Na)　上(Ncd),"[{'word': '星宇', 'ner': 'ORG'}]"
依星宇現在的知名度,依(P)　星宇(Nb)　現在(Nd)　的(DE)　知名度(Na),"[{'word': '星宇', 'ner': 'PERSON'}]"
我是覺得不是針對特定商品或是航線的廣宣費用可以取消,我(Nh)　是(SHI)　覺得(VK)　不(D)　是(SHI)　針對(P)　特定(A)　商品(Na)　或是(Caa)　航線(Na)　的(DE)　廣宣(Na)　費用(Na)　可以(D)　取消(VC),[]
長榮在台北跨年廣宣也是下重本大公司都不懈怠了要星宇不廣宣不太可能吧,長榮(Nb)　在(P)　台北(Nc)　跨年(A)　廣宣(Na)　也(D)　是(SHI)　下(Nes)　重本(VH)　大(VH)　公司(Nc)　都(D)　不(D)　懈怠(VH)　了(Di)　要(D)　星宇(Nb)　不(D)　廣宣(VC)　不(D)　太(Dfa)　可能(VH)　吧(T),"[{'word': '長榮', 'ner': 'ORG'}, {'word': '台北', 'ner': 'GPE'}, {'word': '星宇', 'ner': 'ORG'}]"
我比較不懂星宇哪裡服務不好,我(Nh)　比較(Dfa)　不(D)　懂(VK)　星宇(Na)　哪裡(Ncd)　服務(VC)　不(D)　好(VH),[]
我坐好幾次並沒有感受到所謂的不好,我(Nh)　坐(VA)　好幾(Neu)　次(Nf)　並(D)　沒有(D)　感受到(VK)　所謂(VK)　的(DE)　不(D)　好(VH),[]
能舉例嗎,能(D)　舉例(VA)　嗎(T),[]
還是說長榮華航是多好,還是(Caa)　說(VE)　長榮(Nb)　華航(Nc)　是(SHI)　多(Dfa)　好(VH),"[{'word': '長榮華航', 'ner': 'ORG'}]"
難道除了收送餐倒飲料還有什麼隱藏服務我沒有享受到的,難道(D)　除了(P)　收送(VC)　餐(Na)　倒(VC)　飲料(Na)　還(D)　有(V_2)　什麼(Nep)　隱藏(Nv)　服務(Nv)　我(Nh)　沒有(D)　享受到(VJ)　的(DE),[]
我是真的不懂,我(Nh)　是(SHI)　真的(D)　不(D)　懂(VK),[]
求解謝謝,求解(VB)　謝謝(VJ),[]
脆上面在講的人,脆(VH)　上面(Ncd)　在(D)　講(VE)　的(DE)　人(Na),[]
看了下他們的個人資料,看(VC)　了下(Di)　他們(Nh)　的(DE)　個人(Nh)　資料(Na),[]
的確絕大部分都是員工曼谷到處都是的招牌看了好煩,的確(D)　絕大部分(Neqa)　都(D)　是(SHI)　員工(Na)　曼谷(Nc)　到處(D)　都(D)　是(SHI)　的(DE)　招牌(Na)　看(VC)　了(Di)　好(VH)　煩(VHC),"[{'word': '曼谷', 'ner': 'GPE'}]"
麥香奶茶廣告,麥香(Nb)　奶茶(Na)　廣告(Na),"[{'word': '麥香奶茶', 'ner': 'PRODUCT'}]"
年沒看到了,年(Na)　沒(D)　看到(VE)　了(Di),[]
麥香紅茶奶茶廣告的是商品,麥香(Nb)　紅茶(Na)　奶茶(Na)　廣告(Na)　的(DE)　是(SHI)　商品(Na),[]
而我看到的投影是偏企業形象的部份,而(Cbb)　我(Nh)　看到(VE)　的(DE)　投影(Na)　是(SHI)　偏(VJ)　企業(Na)　形象(Na)　的(DE)　部份(Neqa),[]
這部份以目前星宇的知名度我個人是覺得不必要未來財務狀況不需要共體時艱時再來做都還不遲比起投放這類廣告,這(Nep)　部份(Neqa)　以(P)　目前(Nd)　星宇(Nb)　的(DE)　知名度(Na)　我(Nh)　個人(Nh)　是(SHI)　覺得(VK)　不(D)　必要(VH)　未來(Nd)　財務(Na)　狀況(Na)　不(D)　需要(VK)　共體時艱(VA)　時(Ng)　再(D)　來(D)　做(VC)　都(D)　還(D)　不(D)　遲(VH)　比起(P)　投放(VC)　這(Nep)　類(Nf)　廣告(Na),[]
更有效的是提升會員服務,更(D)　有效(VH)　的(DE)　是(SHI)　提升(VC)　會員(Na)　服務(Nv),[]
我的會員權益比我還要差,我(Nh)　的(DE)　會員(Na)　權益(Na)　比(P)　我(Nh)　還要(Dfa)　差(VH),[]
都已經關櫃了在貴賓室要個沒人坐的逃生出口位也不給,都(D)　已經(D)　關(VC)　櫃(Na)　了(Di)　在(P)　貴賓室(Nc)　要(VC)　個(Nf)　沒(VJ)　人(Na)　坐(VA)　的(DE)　逃生(VA)　出口位(Nc)　也(D)　不(D)　給(VD),[]
因為這點我去年至少就跳過了腿的次數不坐星宇改坐國泰了,因為(Cbb)　這(Nep)　點(Nf)　我(Nh)　去年(Nd)　至少(Da)　就(D)　跳過(VCL)　了(Di)　腿(Na)　的(DE)　次數(Na)　不(D)　坐(VA)　星宇(Na)　改(VC)　坐(VA)　國泰(Nb)　了(T),"[{'word': '去年', 'ner': 'DATE'}]"
更別說貴賓室的水準也有待加強,更(D)　別(D)　說(VE)　貴賓室(Nc)　的(DE)　水準(Na)　也(D)　有待(VK)　加強(VC),[]
不是啊哥日航這麼有名了也是得找大谷翔平航空公司本來就行銷不能斷損益表要好看只能等貨運機隊站起來吧,不(D)　是(SHI)　啊(T)　哥(Nb)　日航(Nb)　這麼(Dfa)　有名(VH)　了(T)　也(D)　是(SHI)　得(D)　找(VC)　大谷翔平(Nb)　航空(Na)　公司(Nc)　本來(D)　就(D)　行銷(Na)　不能(D)　斷(VHC)　損益表(Na)　要(D)　好看(VH)　只(Da)　能(D)　等(VC)　貨運(Na)　機隊(Na)　站起來(VA)　吧(T),"[{'word': '日航', 'ner': 'ORG'}, {'word': '大谷翔平航空公司', 'ner': 'ORG'}]"
我覺得跳槽被挖過去的沒有資格抱怨如果是新人就算了不知道這個產業的,我(Nh)　覺得(VK)　跳槽(VA)　被(P)　挖(VB)　過去(VA)　的(DE)　沒有(VJ)　資格(Na)　抱怨(VE)　如果(Cbb)　是(SHI)　新人(Na)　就(Cbb)　算(VH)　了(T)　不(D)　知道(VK)　這(Nep)　個(Nf)　產業(Na)　的(DE),[]
以星宇的載客率來說應該是不差個想凹免費位子的客人就好像如果覺得年終只有個月很爛的員工隨時歡迎跳槽,以(P)　星宇(Nb)　的(DE)　載客率(Na)　來(D)　說(VE)　應該(D)　是(SHI)　不(D)　差(VH)　個(Nf)　想(VE)　凹(VH)　免費(VH)　位子(Na)　的(DE)　客人(Na)　就(D)　好像(D)　如果(Cbb)　覺得(VK)　年終(Nd)　只(Da)　有(V_2)　個(Nf)　月(Na)　很(Dfa)　爛(VH)　的(DE)　員工(Na)　隨時(D)　歡迎(VJ)　跳槽(VA),"[{'word': '星宇', 'ner': 'ORG'}, {'word': '個月', 'ner': 'DATE'}]"
沒有人說廣告行銷不對但是錢要花在更有效的地方上,沒有(VJ)　人(Na)　說(VE)　廣告(Na)　行銷(Na)　不(D)　對(VH)　但是(Cbb)　錢(Na)　要(D)　花(VC)　在(P)　更(D)　有效(VH)　的(DE)　地方(Na)　上(Ng),[]
不花錢就可以獲得營收的手段不做,不(D)　花錢(VA)　就(D)　可以(D)　獲得(VJ)　營收(Na)　的(DE)　手段(Na)　不(D)　做(VC),[]
而花錢去做實際效果不知的廣告行銷,而(Cbb)　花錢(VA)　去(D)　做(VC)　實際(VH)　效果(Na)　不(D)　知(VK)　的(DE)　廣告(Na)　行銷(Na),[]
再來說載客率很高不缺凹免費位子的客人,再來(Dk)　說(VE)　載客率(Na)　很(Dfa)　高(VH)　不(D)　缺(VJ)　凹(VH)　免費(VH)　位子(Na)　的(DE)　客人(Na),[]
這叫搞笑,這(Nep)　叫(VG)　搞笑(VA),[]
贊助演唱會,贊助(VD)　演唱會(Na),[]
那些經費用來邀請他航高卡客不是更好嗎,那些(Neqa)　經費(Na)　用來(VL)　邀請(VC)　他航(Nh)　高卡客(Na)　不(D)　是(SHI)　更(D)　好(VH)　嗎(T),[]
反正有人要我建議累積哪間航空公司會籍我概不推星宇就是囉大,反正(D)　有(V_2)　人(Na)　要(D)　我(Nh)　建議(VE)　累積(VC)　哪(Nep)　間(Nf)　航空(Na)　公司(Nc)　會籍(Na)　我(Nh)　概(D)　不(D)　推(VC)　星宇(Nb)　就(D)　是(SHI)　囉(T)　大(VH),"[{'word': '星宇', 'ner': 'ORG'}]"
日航沒錢的時候應該不會請大谷打廣告吧,日航(Nb)　沒(VJ)　錢(Na)　的(DE)　時候(Na)　應該(D)　不會(D)　請(VF)　大谷(Nb)　打廣告(VA)　吧(T),"[{'word': '日航', 'ner': 'ORG'}, {'word': '大谷', 'ner': 'ORG'}]"
有錢的時候錢要怎麼花當然都,有錢(VH)　的(DE)　時候(Na)　錢(Na)　要(D)　怎麼(D)　花(VC)　當然(D)　都(D),[]
沒錢的時候還是要把錢花在有意義的地方啦,沒(VJ)　錢(Na)　的(DE)　時候(Na)　還是(D)　要(D)　把(P)　錢(Na)　花(VC)　在(P)　有(V_2)　意義(Na)　的(DE)　地方(Na)　啦(T),[]
那我尊重你的想法我是傾向要直靠行銷及公關費用支撐營運的尤其每年都要增加不少運力又沒貨機沒聯盟只能多賣點多賺點,那(Dk)　我(Nh)　尊重(VJ)　你(Nh)　的(DE)　想法(Na)　我(Nh)　是(SHI)　傾向(VK)　要(D)　直(D)　靠(VJ)　行銷(Na)　及(Caa)　公關(Na)　費用(Na)　支撐(VC)　營運(VA)　的(DE)　尤其(D)　每(Nes)　年(Nf)　都(D)　要(D)　增加(VHC)　不少(Neqa)　運力(Na)　又(D)　沒(VJ)　貨機(Na)　沒(VJ)　聯盟(Na)　只(Da)　能(D)　多(D)　賣(VD)　點(Nf)　多(D)　賺(VC)　點(Nf),[]
應該說,應該(D)　說(VE),[]
我覺得星宇之前需要這麼做,我(Nh)　覺得(VK)　星宇(Na)　之前(Ng)　需要(VK)　這麼(D)　做(VC),[]
但是現在知名度夠了,但是(Cbb)　現在(Nd)　知名度(Na)　夠(VH)　了(T),[]
所以廣宣的預算可以撥點去做別的事了,所以(Cbb)　廣宣(Na)　的(DE)　預算(Na)　可以(D)　撥(VC)　點(Nf)　去(D)　做(VC)　別的(Neqa)　事(Na)　了(T),[]
至於像我上述的會員福利,至於(P)　像(P)　我(Nh)　上述(Na)　的(DE)　會員(Na)　福利(Na),[]
明明是免費的攬客手段卻不做,明明(D)　是(SHI)　免費(VH)　的(DE)　攬(VA)　客(Na)　手段(Na)　卻(D)　不(D)　做(VC),[]
我真心好奇為什麼,我(Nh)　真心(VH)　好奇(VH)　為什麼(D),[]
求解,求解(VB),[]
知名度沒有夠的天,知名度(Na)　沒有(D)　夠(VH)　的(DE)　天(Na),[]
因為不可能全球億人都知道你的航空公司,因為(Cbb)　不可能(D)　全球(Nc)　億(Neu)　人(Na)　都(D)　知道(VK)　你(Nh)　的(DE)　航空(Na)　公司(Nc),"[{'word': '億', 'ner': 'CARDINAL'}]"
間在台灣的航空公司不需要全球億人都知道你,間在(Ng)　台灣(Nc)　的(DE)　航空(Na)　公司(Nc)　不(D)　需要(VK)　全球(Nc)　億(Neu)　人(Na)　都(D)　知道(VK)　你(Nh),"[{'word': '台灣', 'ner': 'GPE'}, {'word': '億', 'ner': 'CARDINAL'}]"
讓億名員工對公司有更多向心力,讓(VL)　億(Neu)　名(Nf)　員工(Na)　對(P)　公司(Nc)　有(V_2)　更多(Neqa)　向心力(Na),"[{'word': '億', 'ner': 'CARDINAL'}]"
更為重要,更為(Dfa)　重要(VH),[]
星宇的目標不僅僅是台灣第董的願景是你無法想像的,星宇(Nb)　的(DE)　目標(Na)　不僅僅(Da)　是(SHI)　台灣(Nc)　第董(Na)　的(DE)　願景(Na)　是(SHI)　你(Nh)　無法(D)　想像(VK)　的(DE),"[{'word': '星宇', 'ner': 'ORG'}, {'word': '台灣', 'ner': 'GPE'}, {'word': '第董', 'ner': 'ORDINAL'}]"
洗地的真多,洗(VC)　地(Na)　的(DE)　真(D)　多(VH),[]
老板的鴻圖大業跟員工的年終是兩件事,老板(Na)　的(DE)　鴻圖大業(Na)　跟(P)　員工(Na)　的(DE)　年終(Nd)　是(SHI)　兩(Neu)　件(Nf)　事(Na),"[{'word': '兩', 'ner': 'CARDINAL'}]"
今天要員工共體時煎,今天(Nd)　要(D)　員工(Na)　共體時煎(VA),"[{'word': '今天', 'ner': 'DATE'}]"
又沒有保證未來補償,又(D)　沒有(D)　保證(VE)　未來(Nd)　補償(VD),[]
拿目前獲利開拓老板的疆土已經先犧牲員工利益,拿(VC)　目前(Nd)　獲利(VH)　開拓(VC)　老板(Na)　的(DE)　疆土(Na)　已經(D)　先(D)　犧牲(VJ)　員工(Na)　利益(Na),[]
不是慣老闆是什麼,不(D)　是(SHI)　慣(VH)　老闆(Na)　是(SHI)　什麼(Nep),[]
真有誠意和信心,真(D)　有(V_2)　誠意(Na)　和(Caa)　信心(Na),[]
就發股票選擇權,就(D)　發(VD)　股票(Na)　選擇權(Na),[]
不用公司拿現金,不用(D)　公司(Nc)　拿(VC)　現金(Na),[]
未來有成長全體同獲利,未來(Nd)　有(V_2)　成長(VH)　全體(Na)　同(D)　獲利(VH),[]
這都做不到,這(Nep)　都(D)　做(VE)　不(D)　到(VE),[]
只喊共體時奸,只(Da)　喊(VE)　共體時奸(Da),[]
就是情勒的慣老闆而已,就是(Cbb)　情(Na)　勒(VC)　的(DE)　慣(VH)　老闆(Na)　而已(T),[]
撇開員工的投資人的股利呢,撇開(VC)　員工(Na)　的(DE)　投資人(Na)　的(DE)　股利(Na)　呢(T),[]
股票選擇權本身也是稀釋股權犧牲股東權益即使我不喜歡星吹但有沒有想過股東的意見,股票(Na)　選擇權(Na)　本身(Nh)　也(D)　是(SHI)　稀釋(VC)　股權(Na)　犧牲(VJ)　股東(Na)　權益(Na)　即使(Cbb)　我(Nh)　不(D)　喜歡(VK)　星吹(Nb)　但(Cbb)　有沒有(D)　想(VE)　過(Di)　股東(Na)　的(DE)　意見(Na),[]
整天在那沒獲利就想要搞或員工福利股東第個起來把你換掉,整(Neqa)　天(Nf)　在(P)　那(Nep)　沒(D)　獲利(VH)　就(D)　想要(VE)　搞(VC)　或(Caa)　員工(Na)　福利(Na)　股東(Na)　第(Neu)　個(Nf)　起來(VA)　把(P)　你(Nh)　換掉(VC),[]
反正股價死魚成這樣員工認購稀釋也沒關係啦誤,反正(D)　股價(Na)　死(VH)　魚(Na)　成(VG)　這樣(VH)　員工(Na)　認購(VC)　稀釋(VC)　也(D)　沒關係(VH)　啦(T)　誤(VA),[]
本來就是選新公司升遷速度也會比較快選老公司制度已建立前人種樹這到底有什麼好靠北,本來(D)　就是(D)　選(VC)　新(VH)　公司(Nc)　升遷(Nv)　速度(Na)　也(D)　會(D)　比較(Dfa)　快(VH)　選(VC)　老(VH)　公司(Nc)　制度(Na)　已(D)　建立(VC)　前人(Na)　種樹(VA)　這(Nep)　到底(D)　有(V_2)　什麼(Nep)　好(VH)　靠(P)　北(Ncd),[]
我很想知道不花錢就可以增加營收的手段是什麼,我(Nh)　很(Dfa)　想(VE)　知道(VK)　不(D)　花錢(VA)　就(D)　可以(D)　增加(VHC)　營收(Na)　的(DE)　手段(Na)　是(SHI)　什麼(Nep),[]
要賺錢真的就學虎航只飛短程日本就好東南亞票價太低的通通別開但東南亞不飛北美轉機市場就不用玩了北美也不用開了所以說到底就是不可能除非星宇只想當區域型航空不然就是咬牙把過渡期撐過去現在錢真的沒賺那麼多就認命乖乖立正被酸民罵吧,要(D)　賺錢(VA)　真的(D)　就(D)　學(VC)　虎航(Nb)　只(Da)　飛(VA)　短程(Na)　日本(Nc)　就(D)　好(VH)　東南亞(Nc)　票價(Na)　太(Dfa)　低(VH)　的(DE)　通通(D)　別(D)　開(VC)　但(Cbb)　東南亞(Nc)　不(D)　飛(VA)　北美(Nc)　轉機(Na)　市場(Nc)　就(D)　不用(D)　玩(VC)　了(Di)　北美(Nc)　也(D)　不用(D)　開(VC)　了(Di)　所以(Cbb)　說(VE)　到底(D)　就是(Cbb)　不可能(D)　除非(Cbb)　星宇(Nb)　只(Da)　想(VE)　當(VG)　區域型(Na)　航空(Na)　不然(Cbb)　就是(Cbb)　咬牙(VA)　把(P)　過渡期(Na)　撐(VC)　過去(VA)　現在(Nd)　錢(Na)　真的(D)　沒(D)　賺(VC)　那麼多(Neqa)　就(D)　認命(VH)　乖乖(VH)　立正(D)　被(P)　酸民(Na)　罵(VC)　吧(T),"[{'word': '學虎航', 'ner': 'ORG'}, {'word': '日本', 'ner': 'GPE'}, {'word': '東南亞', 'ner': 'LOC'}, {'word': '東南亞', 'ner': 'LOC'}, {'word': '北美', 'ner': 'LOC'}, {'word': '北美', 'ner': 'LOC'}]"
如果不是資方的人還護航成這樣,如果(Cbb)　不(D)　是(SHI)　資方(Na)　的(DE)　人(Na)　還(D)　護航成(VG)　這樣(VH),[]
腦子還好嗎,腦子(Na)　還好(VH)　嗎(T),[]
富二代開公司不好好開學什麼政黨養網軍吹噓,富二代(Na)　開(VC)　公司(Nc)　不(D)　好好(VH)　開學(VH)　什麼(Nep)　政黨(Na)　養網軍(VC)　吹噓(VE),"[{'word': '富二代開公司', 'ner': 'ORG'}]"
結果年終比別家只有五分之,結果(Dk)　年終(Nd)　比(P)　別(Nes)　家(Nc)　只(D)　有(V_2)　五分之(Neqa),[]
富二代紈褲子弟,富二代(VJ)　紈褲子弟(Na),[]
被網軍造神成經營之神,被(P)　網軍(Na)　造(VC)　神(Na)　成(VG)　經營(VC)　之(DE)　神(Na),[]
中肯推,中肯(VH)　推(VC),[]
也可能員工年輕人多,也(D)　可能(VH)　員工(Na)　年輕人(Na)　多(VH),[]
企業發展這個眼界還沒被激發吧,企業(Na)　發展(Nv)　這(Nep)　個(Nf)　眼界(Na)　還(D)　沒(D)　被(P)　激發(VC)　吧(T),[]
不然老屁股在簽約的時候本來就沒有期望這種新創公司能有什麼年終了吧,不然(Cbb)　老屁股(VH)　在(P)　簽約(VA)　的(DE)　時候(Na)　本來(D)　就(D)　沒有(D)　期望(VK)　這(Nep)　種(Nf)　新創(Nv)　公司(Nc)　能(D)　有(V_2)　什麼(Nep)　年終了(VH)　吧(T),[]
更多的是職位好不好升才是重點吧,更多(Neqa)　的(DE)　是(SHI)　職位(Na)　好(VH)　不(D)　好(VH)　升(VG)　才(Da)　是(SHI)　重點(Na)　吧(T),[]
某些留言過了上班時間就會消失,某些(Neqa)　留言(Na)　過(VCL)　了(Di)　上班(VA)　時間(Na)　就(D)　會(D)　消失(VA),[]
其實不用太認真,其實(D)　不用(D)　太(Dfa)　認真(VH),[]
不投廣告更慘而已,不(D)　投(VC)　廣告(Na)　更(D)　慘(VH)　而已(T),[]
動不動就賭是有多低端,動不動(D)　就(D)　賭(VE)　是(SHI)　有(V_2)　多(Dfa)　低端(VH),[]
正常人評論大公司大老板會像狂粉樣,正常人(Na)　評論(VC)　大(VH)　公司(Nc)　大(VH)　老板(Na)　會(D)　像(P)　狂粉(VH)　樣(Na),[]
張國煒又沒發錢給我,張國煒(Nb)　又(D)　沒(D)　發(VD)　錢(Na)　給(P)　我(Nh),"[{'word': '張國煒', 'ner': 'PERSON'}]"
他公司年終發不贏別家,他(Nh)　公司(Nc)　年終(Nd)　發(VC)　不(D)　贏(VD)　別(Nes)　家(Nc),[]
為什麼我要幫他擦脂抹粉,為什麼(D)　我(Nh)　要(D)　幫(P)　他(Nh)　擦脂抹粉(VA),[]
還寫長篇大論,還(D)　寫(VC)　長篇大論(Na),[]
遇反對意見還找人對賭,遇(VK)　反對(Nv)　意見(Na)　還(D)　找(VC)　人(Na)　對賭(P),[]
所以我問你腦子還正常嗎,所以(Cbb)　我(Nh)　問(VE)　你(Nh)　腦子(Na)　還(D)　正常(VH)　嗎(T),[]
有些人就是羨慕妒忌董吧,有(V_2)　些(Nf)　人(Na)　就是(D)　羨慕(VJ)　妒忌(VJ)　董(Nb)　吧(T),[]
路過吃瓜,路過(VCL)　吃(VC)　瓜(Na),[]
氣到要賭被車撞有點恐怖,氣(VK)　到(P)　要(D)　賭(VE)　被(P)　車(Na)　撞(VC)　有點(Dfa)　恐怖(VH),[]
我覺得再怎麼急著搶市占也不能這樣虧待大家明年再不發的話人心思變啊,我(Nh)　覺得(VK)　再(D)　怎麼(D)　急(VH)　著(Di)　搶(VD)　市占(VC)　也(D)　不能(D)　這樣(VH)　虧待(VC)　大家(Nh)　明年(Nd)　再(D)　不(D)　發(VD)　的話(Cba)　人心思(Na)　變(VH)　啊(T),"[{'word': '明年', 'ner': 'DATE'}]"
那你可以發股權啊,那(Dk)　你(Nh)　可以(D)　發(VD)　股權(Na)　啊(T),[]
今年做的都功德,今年(Nd)　做(VC)　的(DE)　都(D)　功德(Na),"[{'word': '今年', 'ner': 'DATE'}]"
員工認股上市前已經弄過了其實餅就那麼大要嘛發個月或發股票但可能股東就沒得發股利,員工(Na)　認股(VA)　上市(VH)　前(Ng)　已經(D)　弄(VC)　過(Di)　了(Di)　其實(D)　餅(Na)　就(D)　那麼(D)　大(VH)　要(D)　嘛(T)　發(VD)　個(Nf)　月(Na)　或(Caa)　發(VD)　股票(Na)　但(Cbb)　可能(VH)　股東(Na)　就(D)　沒(D)　得(D)　發(VD)　股利(Na),"[{'word': '發個月', 'ner': 'DATE'}]"
要嘛員工不發那今年可能就發點點股利,要(D)　嘛(T)　員工(Na)　不(D)　發(VD)　那(Dk)　今年(Nd)　可能(D)　就(D)　發(VC)　點點(Neqa)　股利(Na),"[{'word': '今年', 'ner': 'DATE'}]"
或者是現在折衷版員工個月今年也有機會發點點點股利種不管選哪個其實都有人有意見啦,或者(Caa)　是(SHI)　現在(Nd)　折衷版(Na)　員工(Na)　個(Nf)　月(Na)　今年(Nd)　也(D)　有(V_2)　機會(Na)　發(VD)　點(Neqa)　點點(Neqa)　股利種(Na)　不管(Cbb)　選(VC)　哪(Nep)　個(Nf)　其實(D)　都(D)　有(V_2)　人(Na)　有(V_2)　意見(Na)　啦(T),"[{'word': '個月', 'ner': 'DATE'}, {'word': '今年', 'ner': 'DATE'}]"
小以前在長榮差點賣光所有貨機還好還剩五台他非常不重視貨運是事實,小(VH)　以前(Nd)　在(P)　長榮(Nb)　差點(D)　賣光(VC)　所有(Neqa)　貨機(Na)　還好(D)　還(D)　剩(VJ)　五(Neu)　台(Nf)　他(Nh)　非常(Dfa)　不(D)　重視(VJ)　貨運(Na)　是(SHI)　事實(Na),"[{'word': '長榮', 'ner': 'ORG'}, {'word': '五', 'ner': 'CARDINAL'}]"
星粉又崩潰了還跟人對賭自己不是資方呢,星粉(Na)　又(D)　崩潰(VH)　了(Di)　還(D)　跟(P)　人(Na)　對賭(VB)　自己(Nh)　不(D)　是(SHI)　資方(Na)　呢(T),[]
他第波要賭不是員工,他(Nh)　第(Neu)　波(Nf)　要(D)　賭(VE)　不(D)　是(SHI)　員工(Na),"[{'word': '第波', 'ner': 'ORDINAL'}]"
後來改成要賭不是資方資方才幾個人,後來(Nd)　改成(VG)　要(D)　賭(VE)　不(D)　是(SHI)　資方(Na)　資方(Na)　才(Da)　幾(Neu)　個(Nf)　人(Na),[]
這範圍很小欸,這(Nep)　範圍(Na)　很(Dfa)　小(VH)　欸(I),[]
因為都不是啊笑死,因為(Cbb)　都(D)　不(D)　是(SHI)　啊(T)　笑死(VHC),[]
不敢對賭嘴巴閉閉繼續寫稿找新聞去,不(D)　敢(VL)　對賭(P)　嘴巴(Na)　閉閉(VC)　繼續(VF)　寫稿(VA)　找(VC)　新聞(Na)　去(VCL),[]
你版主嗎,你(Nh)　版主(Na)　嗎(T),[]
這個版上堆經營之神,這(Nep)　個(Nf)　版(Na)　上(Ncd)　堆(Nf)　經營(VC)　之(DE)　神(Na),[]
品牌形象強調高端奢華對自己人有夠小氣成立六七年了還在共體時艱上市以來股價直直落這麼有前景股價怎麼這麼可憐看你這也是每篇都在護航狂洗只能祝福你全家年終也都只有個月吃老闆大餅吃到飽這麼喜歡吃餅祝福你這麼有前景你了沒對帳單下啊員工年薪中位數才萬左右這有誰會想認真提供高端服務笑死人領不到萬還蠻懷熱情的只能說餅吃的很飽也是美滋滋總結下你扯那麼多講的冒泡股價這種反應未來的東西才是真的啦奉勸星語員想想要必要繼續共體時艱吃大餅修正下看起來薪資中位數有但也是樣慘啦,品牌(Na)　形象(Na)　強調(VE)　高端(VH)　奢華(VH)　對(P)　自己人(Na)　有夠(V_2)　小氣(VH)　成立(VC)　六七(Neu)　年(Nf)　了(T)　還(D)　在(P)　共體時艱(VA)　上市(VH)　以來(Ng)　股價(Na)　直直(VH)　落(VA)　這麼(D)　有(V_2)　前景(Na)　股價(Na)　怎麼(D)　這麼(D)　可憐(VHC)　看(VC)　你(Nh)　這(Nep)　也(D)　是(SHI)　每(Nes)　篇(Nf)　都(D)　在(P)　護航(VB)　狂(VC)　洗(VC)　只(Da)　能(D)　祝福(VC)　你(Nh)　全(Neqa)　家(Nf)　年終(Nd)　也(D)　都(D)　只有(Da)　個(Nf)　月(Na)　吃(VC)　老闆(Na)　大(Na)　餅(Na)　吃(VC)　到(P)　飽(VH)　這麼(D)　喜歡(VK)　吃(VC)　餅(Na)　祝福(VC)　你(Nh)　這麼(D)　有(V_2)　前景(Na)　你(Nh)　了(T)　沒(D)　對帳單(P)　下(Ng)　啊(T)　員工(Na)　年薪(Na)　中位數(Na)　才(Da)　萬(Neu)　左右(Ng)　這(Nep)　有(V_2)　誰(Nh)　會(D)　想(VE)　認真(VH)　提供(VD)　高端(Na)　服務(VC)　笑死(VHC)　人(Na)　領(VC)　不(D)　到(VC)　萬(Neu)　還(D)　蠻(Dfa)　懷(VJ)　熱情(Na)　的(DE)　只(Da)　能(D)　說(VE)　餅(Na)　吃(VC)　的(DE)　很(Dfa)　飽(VH)　也(D)　是(SHI)　美滋滋(VH)　總結下(VC)　你(Nh)　扯(VC)　那麼多(D)　講(VE)　的(DE)　冒泡(VC)　股價(Na)　這(Nep)　種(Nf)　反應(Na)　未來(Nd)　的(DE)　東西(Na)　才(Da)　是(SHI)　真(D)　的(DE)　啦(T)　奉勸(VF)　星語員(Na)　想想(VE)　要必(D)　要(D)　繼續(VF)　共體時艱(VA)　吃(VC)　大餅(Na)　修正(VC)　下(Ng)　看起來(D)　薪資(Na)　中位數(Ng)　有(V_2)　但(Cbb)　也(D)　是(SHI)　樣(Na)　慘(VH)　啦(T),"[{'word': '六七年', 'ner': 'DATE'}]"
看你這麼氣比較像你全家都領不到個月,看(VE)　你(Nh)　這麼(D)　氣(Na)　比較(Dfa)　像(VG)　你(Nh)　全(Neqa)　家(Nc)　都(D)　領(VC)　不(D)　到(VC)　個(Nf)　月(Na),"[{'word': '個月', 'ner': 'DATE'}]"
不是啊你講得這間公司這麼有前景但我在跟你說市場不認同啊不為董的大餅買單你懂嗎洗他媽七年的共體時艱要洗幾年台灣的勞工權益就是被這種老闆玩壞就你在護航你自己也知道另個月很可憐那在護航啥鬼市場不認同員工薪資中位數遠低同業我不知道你通篇護航的理由是什麼總之勸你虧心事少做點有前景的新創公司表現不會是這樣啦你這個股東沒賺錢員工也難過的公司看你要繼續洗幾年的共體時艱囉接下來還有可怕的資本折舊費用呢嘻嘻,不(D)　是(SHI)　啊(T)　你(Nh)　講(VE)　得(DE)　這(Nep)　間(Nf)　公司(Nc)　這麼(D)　有(V_2)　前景(Na)　但(Cbb)　我(Nh)　在(P)　跟(P)　你(Nh)　說(VE)　市場(Nc)　不(D)　認同(VJ)　啊(T)　不(D)　為(P)　董(Nb)　的(DE)　大(Na)　餅(Na)　買單(VA)　你(Nh)　懂(VK)　嗎(T)　洗(VC)　他(Nh)　媽(Na)　七(Neu)　年(Nf)　的(DE)　共體時艱(VA)　要(D)　洗(VC)　幾(Neu)　年(Nf)　台灣(Nc)　的(DE)　勞工(Na)　權益(Na)　就是(D)　被(P)　這(Nep)　種(Nf)　老闆(Na)　玩壞(VC)　就(D)　你(Nh)　在(P)　護航(VB)　你(Nh)　自己(Nh)　也(D)　知道(VK)　另(Nes)　個(Nf)　月(Na)　很(Dfa)　可憐(VHC)　那(Nep)　在(P)　護航(VB)　啥(Nep)　鬼(Na)　市場(Nc)　不(D)　認同(VJ)　員工(Na)　薪資(Na)　中位數(Ncd)　遠(Dfa)　低(VH)　同業(Na)　我(Nh)　不(D)　知道(VK)　你(Nh)　通(D)　篇(Na)　護航(VB)　的(DE)　理由(Na)　是(SHI)　什麼(Nep)　總之(Dk)　勸(VF)　你(Nh)　虧心事(VC)　少(VH)　做(VC)　點(Nf)　有(V_2)　前景(Na)　的(DE)　新創(Nv)　公司(Nc)　表現(VC)　不會(D)　是(SHI)　這樣(VH)　啦(T)　你(Nh)　這(Nep)　個(Nf)　股東(Na)　沒(D)　賺錢(VA)　員工(Na)　也(D)　難過(VK)　的(DE)　公司(Nc)　看(VC)　你(Nh)　要(D)　繼續(VF)　洗(VC)　幾(Neu)　年(Nf)　的(DE)　共體時艱(VA)　囉(T)　接下來(D)　還(D)　有(V_2)　可怕(VH)　的(DE)　資本(Na)　折舊(VH)　費用(Na)　呢(T)　嘻嘻(D),"[{'word': '七年', 'ner': 'DATE'}, {'word': '幾年', 'ner': 'DATE'}, {'word': '台灣', 'ner': 'GPE'}, {'word': '幾年', 'ner': 'DATE'}]"
勞勞何苦相逼呀,勞勞(VH)　何苦(D)　相(D)　逼(VF)　呀(T),[]
星宇人看的是未來,星宇人(Na)　看(VC)　的(DE)　是(SHI)　未來(Nd),[]
不會為了那點點年終就覺得公司不好工作氛圍跟公司文化才是最重要的,不會(D)　為了(P)　那(Nep)　點點(Neqa)　年終(Nd)　就(D)　覺得(VK)　公司(Nc)　不(D)　好(VH)　工作(VA)　氛圍(Na)　跟(P)　公司(Nc)　文化(Na)　才(Da)　是(SHI)　最(Dfa)　重要(VH)　的(DE),[]
你這邏輯就像別人帶頭爛你怎麼不去嘴砲別人樣可憐就你這種死忠的遇到別人否定只會無腦跳針什麼草創什麼共體時艱資方才會有恃無恐我就回你回到底讓大家看看你的邏輯跟嘴臉還有你要用什麼理由繼續瞎挺你被桶這麼多次版規都看不懂跟我講中文能力你說廣告是打造知名度台灣誰不知道星宇花大錢換來什麼你有算過,你(Nh)　這(Nep)　邏輯(Na)　就(D)　像(P)　別人(Nh)　帶頭(VA)　爛(VH)　你(Nh)　怎麼(D)　不(D)　去(VCL)　嘴砲(Na)　別人(Nh)　樣(Na)　可憐(VHC)　就(D)　你(Nh)　這(Nep)　種(Nf)　死忠(VH)　的(DE)　遇到(VC)　別人(Nh)　否定(VC)　只(Da)　會(D)　無(VJ)　腦(Na)　跳針(Na)　什麼(Nep)　草創(VC)　什麼(Nep)　共體時艱(VA)　資方(Na)　才(Da)　會(D)　有恃無恐(VH)　我(Nh)　就(D)　回(VCL)　你(Nh)　回(VCL)　到(D)　底(Ncd)　讓(VL)　大家(Nh)　看看(VC)　你(Nh)　的(DE)　邏輯(Na)　跟(Caa)　嘴臉(Na)　還(D)　有(V_2)　你(Nh)　要(D)　用(P)　什麼(Nep)　理由(Na)　繼續(VF)　瞎(VH)　挺(VC)　你(Nh)　被(P)　桶(Na)　這麼多(Neqa)　次(Nf)　版規(Na)　都(D)　看(VJ)　不(D)　懂(VJ)　跟(P)　我(Nh)　講(VE)　中文(Na)　能力(Na)　你(Nh)　說(VE)　廣告(Na)　是(SHI)　打造(VC)　知名度(Na)　台灣(Nc)　誰(Nh)　不(D)　知道(VK)　星宇(Nb)　花(VC)　大錢(Na)　換來(VC)　什麼(Nep)　你(Nh)　有(V_2)　算(VE)　過(Di),"[{'word': '中文', 'ner': 'LANGUAGE'}, {'word': '台灣', 'ner': 'GPE'}, {'word': '星宇', 'ner': 'ORG'}]"
講的好像定有賺錢公司財務都吃緊了股東看到花錢買廣告你以為他們會認同喔不講前景只講大餅啊,講(VE)　的(DE)　好像(D)　定(D)　有(V_2)　賺錢(Nv)　公司(Nc)　財務(Na)　都(D)　吃緊(VH)　了(Di)　股東(Na)　看到(VE)　花錢(VA)　買(VC)　廣告(Na)　你(Nh)　以為(VE)　他們(Nh)　會(D)　認同(VJ)　喔(T)　不(D)　講(VE)　前景(Na)　只(Da)　講(VE)　大餅(Na)　啊(T),[]
你要員工共體時艱幾個年跟你講啦這樣資本支出明年年終也好不到哪裡去員工的青春有幾個七年老闆大餅吃年換來什麼沒賺錢誰去逼他自己要擴張那麼快買堆客機告訴你啦不管少發年終贊助擴增資本支出買新聞做公關獲利能力差切都是泡影員工盲目跟隨代價就是浪費年浪費年甚至更久你懂,你(Nh)　要(D)　員工(Na)　共體時艱(VA)　幾(Neu)　個(Nf)　年(Na)　跟(P)　你(Nh)　講(VE)　啦(T)　這樣(VH)　資本(Na)　支出(Na)　明年(Nd)　年終(Nd)　也(D)　好(VH)　不(D)　到(VCL)　哪裡(Ncd)　去(VCL)　員工(Na)　的(DE)　青春(Na)　有(V_2)　幾(Neu)　個(Nf)　七(Neu)　年(Nf)　老闆(Na)　大(Na)　餅(Na)　吃(VC)　年(Nd)　換來(VC)　什麼(Nep)　沒(D)　賺錢(VA)　誰(Nh)　去(D)　逼(VF)　他(Nh)　自己(Nh)　要(D)　擴張(VHC)　那麼(D)　快(VH)　買(VC)　堆(Nf)　客機(Na)　告訴(VE)　你(Nh)　啦(T)　不管(Cbb)　少(D)　發(VD)　年終(Nd)　贊助(VD)　擴增(VJ)　資本(Na)　支出(Na)　買(VC)　新聞(Na)　做(VC)　公關(Na)　獲利(Na)　能力(Na)　差(VH)　切(VC)　都(D)　是(SHI)　泡影(Na)　員工(Na)　盲目(VH)　跟隨(VC)　代價(Na)　就(Cbb)　是(SHI)　浪費(VC)　年(Na)　浪費(VC)　年(Nf)　甚至(D)　更(D)　久(VH)　你(Nh)　懂(VK),"[{'word': '明年', 'ner': 'DATE'}, {'word': '七年', 'ner': 'DATE'}]"
我被桶跟我看不看得懂版規有什麼關聯嗎,我(Nh)　被(P)　桶(Na)　跟(P)　我(Nh)　看(VJ)　不(D)　看(VJ)　得(DE)　懂(VJ)　版規(Na)　有(V_2)　什麼(Nep)　關聯(VI)　嗎(T),[]
邏輯能力真的有問題對公司來說行銷不是花大錢,邏輯(Na)　能力(Na)　真的(D)　有(V_2)　問題(Na)　對(P)　公司(Nc)　來(D)　說(VE)　行銷(Na)　不(D)　是(SHI)　花(VC)　大錢(Na),[]
我也算給你看了,我(Nh)　也(D)　算(VG)　給(VD)　你(Nh)　看(VC)　了(Di),[]
分給員工幾千元的事情,分給(VD)　員工(Na)　幾千(Neu)　元(Nf)　的(DE)　事情(Na),"[{'word': '幾千元', 'ner': 'MONEY'}]"
而且我也不是張國煒我也沒畫給你看,而且(Cbb)　我(Nh)　也(D)　不(D)　是(SHI)　張國煒(Nb)　我(Nh)　也(D)　沒(D)　畫(VD)　給(P)　你(Nh)　看(VC),"[{'word': '張國煒', 'ner': 'PERSON'}]"
就事論事台灣誰不知道星宇,就事論事(VA)　台灣(Nc)　誰(Nh)　不(D)　知道(VK)　星宇(Na),"[{'word': '台灣', 'ner': 'GPE'}]"
你數據哪裡來,你(Nh)　數據(Na)　哪裡(Ncd)　來(VA),[]
員工可以隨時離職沒人綁死他們,員工(Na)　可以(D)　隨時(D)　離職(VH)　沒(VJ)　人(Na)　綁死(VC)　他們(Nh),[]
不要自己愛奴還要怪老闆,不要(D)　自己(Nh)　愛(Na)　奴(Na)　還要(D)　怪(VK)　老闆(Na),[]
笑死就等你這句給星宇的員工看看到沒狂粉都覺得你們奴可憐啊啊你被桶不就代表你連版規都不懂還是你就喜歡吃水桶就你這種腦粉董做什麼都對無腦護航星宇哪會進步,笑死(VHC)　就(D)　等(VC)　你(Nh)　這(Nep)　句(Nf)　給(P)　星宇(Nb)　的(DE)　員工(Na)　看看到(VE)　沒(VJ)　狂粉(VH)　都(D)　覺得(VK)　你們(Nh)　奴(Na)　可憐(VHC)　啊(T)　啊(T)　你(Nh)　被(P)　桶(Na)　不(D)　就(D)　代表(VK)　你(Nh)　連(Cbb)　版規(Na)　都(D)　不(D)　懂(VK)　還是(D)　你(Nh)　就(D)　喜歡(VK)　吃(VC)　水桶(Na)　就(D)　你(Nh)　這(Nep)　種(Nf)　腦粉董(Na)　做(VC)　什麼(Nep)　都(D)　對(P)　無(VJ)　腦(Na)　護航(VB)　星宇(Na)　哪(Ncd)　會(D)　進步(VH),[]
不只星宇員工你也可以貼給其他餐飲業員工看看腦黑有比較好嗎比較優越嗎,不只(Da)　星宇(Nb)　員工(Na)　你(Nh)　也(D)　可以(D)　貼給(VD)　其他(Neqa)　餐飲業(Na)　員工(Na)　看看(VC)　腦黑(Na)　有(V_2)　比較(Dfa)　好(VH)　嗎(T)　比較(Dfa)　優越(VH)　嗎(T),[]
辨識能力都沒有,辨識(Nv)　能力(Na)　都(D)　沒有(VJ),[]
我評論星宇會員福利你裝沒看到,我(Nh)　評論(VC)　星宇(Na)　會員(Na)　福利(Na)　你(Nh)　裝(VC)　沒(D)　看到(VE),[]
因為腦黑就是盡全力往別人身上潑糞加油腦黑繼續噴看星宇會不會因為你在這邊噴糞多發個月,因為(Cbb)　腦(VH)　黑(VH)　就(D)　是(SHI)　盡(D)　全(D)　力(Na)　往(P)　別人(Nh)　身(Na)　上(Ncd)　潑(VC)　糞(Na)　加油(VB)　腦黑(VH)　繼續(VF)　噴(VC)　看(VC)　星宇(Na)　會不會(D)　因為(Cbb)　你(Nh)　在(P)　這邊(Ncd)　噴(VC)　糞(Na)　多(D)　發(VD)　個(Nf)　月(Na),"[{'word': '星宇', 'ner': 'ORG'}]"
又是別人爛怎麼不罵別人的爛邏輯夠了吧我具體講的薪資中位數遠低同業高資本資出確看不到明確前景哪點是潑糞我繼續噴星宇對員工好我當然樂觀其成啊但我知道無腦挺只會蹶不振懂,又(D)　是(SHI)　別人(Nh)　爛(VH)　怎麼(D)　不(D)　罵(VC)　別人(Nh)　的(DE)　爛(VH)　邏輯(Na)　夠(VH)　了(T)　吧(T)　我(Nh)　具體(VH)　講(VE)　的(DE)　薪資(Na)　中位數(Na)　遠(Dfa)　低(VH)　同業(Na)　高(VH)　資本資(Na)　出(VC)　確(D)　看(VE)　不(D)　到(VE)　明確(VH)　前景(Na)　哪(Nep)　點(Nf)　是(SHI)　潑(VC)　糞(Na)　我(Nh)　繼續(VF)　噴(VC)　星宇(Nb)　對(P)　員工(Na)　好(VH)　我(Nh)　當然(D)　樂觀其成(VI)　啊(T)　但(Cbb)　我(Nh)　知道(VK)　無(VJ)　腦(Na)　挺(VC)　只(Da)　會(D)　蹶不振(VH)　懂(VK),[]
週末怎麼人就不回文了是被我嘴到無地自容還是你不是勞工也不是資方其實是行銷公司,週末(Nd)　怎麼(D)　人(Na)　就(D)　不(D)　回文(VB)　了(Di)　是(SHI)　被(P)　我(Nh)　嘴(Na)　到(P)　無地自容(VH)　還是(Caa)　你(Nh)　不(D)　是(SHI)　勞工(Na)　也(D)　不(D)　是(SHI)　資方(Na)　其實(D)　是(SHI)　行銷(Na)　公司(Nc),"[{'word': '週末', 'ner': 'DATE'}]"
廢文,廢文(Na),[]
華航年終個月星宇僅個月張國煒望員工體諒公司財務負擔,華航(Nc)　年終(Nd)　個(Nf)　月(Na)　星宇(Na)　僅(Da)　個(Nf)　月(Na)　張國煒(Nb)　望(VK)　員工(Na)　體諒(VK)　公司(Nc)　財務(Na)　負擔(VC),"[{'word': '華航', 'ner': 'ORG'}, {'word': '個月', 'ner': 'DATE'}, {'word': '張國煒', 'ner': 'PERSON'}]"
風傳媒,風傳媒(Na),[]
星宇航空日前公布今年年終獎金為個月,星宇(Nb)　航空(Na)　日前(Nd)　公布(VE)　今年(Nd)　年終(Nd)　獎金(Na)　為(VG)　個(Nf)　月(Na),"[{'word': '星宇航空', 'ner': 'ORG'}, {'word': '今年', 'ner': 'DATE'}, {'word': '個月', 'ner': 'DATE'}]"
引發部分員工不滿,引發(VC)　部分(Neqa)　員工(Na)　不滿(VK),[]
董事長張國煒受訪表示,董事長(Na)　張國煒(Nb)　受(P)　訪(VC)　表示(VE),"[{'word': '張國煒', 'ner': 'PERSON'}]"
去年就開始籌備今年架新機的交付,去年(Nd)　就(D)　開始(VL)　籌備(VC)　今年(Nd)　架(VC)　新機(Na)　的(DE)　交付(VD),"[{'word': '去年', 'ner': 'DATE'}, {'word': '今年', 'ner': 'DATE'}]"
這是項極大挑戰,這(Nep)　是(SHI)　項(Nf)　極(Dfa)　大(VH)　挑戰(Na),[]
成本壓力相對也很大,成本(Na)　壓力(Na)　相對(VH)　也(D)　很(Dfa)　大(VH),[]
年終部分希望員工諒解,年終(Nd)　部分(Neqa)　希望(VK)　員工(Na)　諒解(VK),[]
對此,對(P)　此(Nep),[]
財經粉專銀行家尼莫直批,財經(Na)　粉專(Nc)　銀行家(Na)　尼莫(Nb)　直(D)　批(VC),"[{'word': '尼莫直', 'ner': 'PERSON'}]"
講白了,講白(VE)　了(Di),[]
張國煒就是,張國煒(Nb)　就(Cbb)　是(SHI),"[{'word': '張國煒', 'ner': 'PERSON'}]"
吃定員工沒選擇,吃定(VC)　員工(Na)　沒(D)　選擇(VC),[]
今年航空業年終獎金陸續公布,今年(Nd)　航空業(Na)　年終(Nd)　獎金(Na)　陸續(D)　公布(VE),"[{'word': '今年', 'ner': 'DATE'}]"
華航發放個月年終,華航(Nc)　發放(VD)　個(Nf)　月(Nf)　年終(Nd),"[{'word': '華航', 'ner': 'ORG'}]"
非主管調薪元,非(Na)　主管(Na)　調薪(VH)　元(Nf),[]
台灣虎航年,台灣(Nc)　虎航(Nb)　年(Na),"[{'word': '台灣', 'ner': 'GPE'}]"
終獎金約個月起跳,終獎金(Na)　約(Da)　個(Nf)　月(Na)　起跳(VA),"[{'word': '約個月', 'ner': 'DATE'}]"
另新增天福利補休假,另(Cbb)　新增(VJ)　天(Na)　福利(Na)　補休假(VC),[]
相比之下,相比(VB)　之下(Ng),[]
星宇航空年終僅個月,星宇(Na)　航空(Na)　年終(Nd)　僅(Da)　個(Nf)　月(Na),"[{'word': '星宇航空', 'ner': 'ORG'}, {'word': '個月', 'ner': 'DATE'}]"
整體,整體(Na),[]
調薪約,調薪(VH)　約(Da),[]
與其他航空公司差距明顯,與(P)　其他(Neqa)　航空(Na)　公司(Nc)　差距(Na)　明顯(VH),[]
引起部分員工不滿,引起(VC)　部分(Neqa)　員工(Na)　不滿(VK),[]
張國煒日前在桃園機場受訪時表示,張國煒(Nb)　日前(Nd)　在(P)　桃園(Nc)　機場(Nc)　受(P)　訪(VC)　時(Ng)　表示(VE),"[{'word': '張國煒', 'ner': 'PERSON'}, {'word': '日前', 'ner': 'DATE'}, {'word': '桃園機場', 'ner': 'FAC'}]"
今年預計交付架新機,今年(Nd)　預計(VE)　交付(VD)　架(Nf)　新機(Na),"[{'word': '今年', 'ner': 'DATE'}]"
是國內首次年內交付如此,是(SHI)　國內(Nc)　首次(Nes)　年(Nf)　內(Ng)　交付(VD)　如此(VH),[]
多飛機,多(Neqa)　飛機(Na),[]
挑戰非常大,挑戰(Na)　非常(Dfa)　大(VH),[]
無論是飛行員還是空服員的訓練,無論(Cbb)　是(SHI)　飛行員(Na)　還是(Caa)　空服員(Na)　的(DE)　訓練(Na),[]
都從去年就開始準備,都(D)　從(P)　去年(Nd)　就(D)　開始(VL)　準備(VC),"[{'word': '去年', 'ner': 'DATE'}]"
因此去年,因此(Cbb)　去年(Nd),"[{'word': '去年', 'ner': 'DATE'}]"
成本壓力龐大,成本(Na)　壓力(Na)　龐大(VH),[]
獲利空間受到擠壓,獲利(VH)　空間(Na)　受到(VJ)　擠壓(VC),[]
張國煒說道,張國煒(Nb)　說道(VE),"[{'word': '張國煒', 'ner': 'PERSON'}]"
我知道大家對年終不滿意,我(Nh)　知道(VK)　大家(Nh)　對(P)　年終(Nd)　不(D)　滿意(VK),[]
但公司正,但(Cbb)　公司(Nc)　正(D),[]
處於快速擴張的投資階段,處於(VJ)　快速(VH)　擴張(VHC)　的(DE)　投資(VC)　階段(Na),[]
希望大家能體諒公司現在的財務負擔,希望(VK)　大家(Nh)　能(D)　體諒(VK)　公司(Nc)　現在(Nd)　的(DE)　財務(Na)　負擔(Na),[]
銀行家尼莫揭星宇航空員工剩條路,銀行家(Na)　尼莫(Nb)　揭(VC)　星宇(Na)　航空(Na)　員工(Na)　剩(VJ)　條(Nf)　路(Na),[]
針對星宇航空的年終獎金引發討論,針對(P)　星宇(Nb)　航空(Na)　的(DE)　年終(Nd)　獎金(Na)　引發(VC)　討論(VE),[]
銀行家尼莫在臉書發文指出,銀行家(Na)　尼莫(Nb)　在(P)　臉書(Na)　發文(VC)　指出(VE),"[{'word': '尼莫', 'ner': 'PERSON'}]"
講白了,講白(VE)　了(Di),[]
張國煒就,張國煒(Nb)　就(D),"[{'word': '張國煒', 'ner': 'PERSON'}]"
是吃定員工沒選擇,是(SHI)　吃定(VC)　員工(Na)　沒(D)　選擇(VC),[]
他提到,他(Nh)　提到(VE),[]
張國煒是留美經濟碩士,張國煒(Nb)　是(SHI)　留美(VA)　經濟(Na)　碩士(Na),"[{'word': '張國煒', 'ner': 'PERSON'}, {'word': '美', 'ner': 'GPE'}]"
曾任長榮航空董事長,曾(D)　任(VG)　長榮(Nb)　航空(Na)　董事長(Na),"[{'word': '長榮航空', 'ner': 'ORG'}]"
不會搞不清,不會(D)　搞(VC)　不清(D),[]
楚年終獎金犒賞員工年辛勞和資本支出支應機隊擴充這兩件事情不能混在起,楚(Nb)　年終(Nd)　獎金(Na)　犒賞(VC)　員工(Na)　年(Na)　辛勞(VH)　和(Caa)　資本(Na)　支出(Na)　支應(VC)　機隊(Na)　擴充(VC)　這(Nep)　兩(Neu)　件(Nf)　事情(Na)　不能(D)　混(VH)　在起(VH),"[{'word': '兩', 'ner': 'CARDINAL'}]"
的基本邏輯,的(DE)　基本(A)　邏輯(Na),[]
銀行家尼莫提到,銀行家(Na)　尼莫(Nb)　提到(VE),"[{'word': '尼莫', 'ner': 'PERSON'}]"
既然如此,既然(Cbb)　如此(VH),[]
還要硬幹,還(D)　要(D)　硬(VA)　幹(VC),[]
當然就是有底氣,當然(D)　就(D)　是(SHI)　有(V_2)　底氣(Na),[]
這個底氣說白了就是在目前台,這(Nep)　個(Nf)　底氣(DE)　說白(VE)　了(Di)　就(D)　是(SHI)　在(P)　目前(Nd)　台(Nc),[]
灣航空就業市場結構下,灣(Nb)　航空(Na)　就業(VA)　市場(Nc)　結構(Na)　下(Ng),"[{'word': '灣', 'ner': 'GPE'}]"
星宇員工想跑也跑不走,星宇(Nb)　員工(Na)　想(VE)　跑(VA)　也(D)　跑(VA)　不(D)　走(VA),"[{'word': '星宇', 'ner': 'ORG'}]"
為什麼,為什麼(D),[]
因為員工若要離開星宇就只剩,因為(Cbb)　員工(Na)　若要(Cbb)　離開(VC)　星宇(Nb)　就(D)　只(Da)　剩(VJ),[]
個選項,個(Nf)　選項(Na),[]
歷史因素長榮不會用星宇員工,歷史(Na)　因素(Na)　長榮(Nb)　不會(D)　用(P)　星宇(Nb)　員工(Na),[]
華航的國營背景會以內部養成為主,華航(Nc)　的(DE)　國營(VH)　背景(Na)　會(D)　以(P)　內部(Ncd)　養成(VC)　為主(VI),"[{'word': '華航', 'ner': 'ORG'}]"
對外來員,對(P)　外來員(Na),[]
工需求也很低,工(Na)　需求(Na)　也(D)　很(Dfa)　低(VH),[]
員工沒選擇怎麼辦,員工(Na)　沒(D)　選擇(VC)　怎麼辦(VH),[]
吞下去,吞下去(VB),[]
或是離開,或是(Caa)　離開(VC),[]
該文曝光後,該(Nes)　文(Na)　曝光(VH)　後(Ng),[]
有網友替星宇打抱不平,有(V_2)　網友(Na)　替(P)　星宇(Nb)　打抱不平(VH),"[{'word': '星宇', 'ner': 'PERSON'}]"
認為今年屬於觀察期,認為(VE)　今年(Nd)　屬於(VG)　觀察期(Na),"[{'word': '今年', 'ner': 'DATE'}]"
畢竟疫情期間星宇是整個,畢竟(D)　疫情(Na)　期間(Na)　星宇(Na)　是(SHI)　整(Neqa)　個(Nf),[]
虧損年,虧損(VJ)　年(Na),[]
忍著撐下來沒倒好不容易迎來春天高峰期去看資料就知道沒賺很多錢,忍(VJ)　著(Di)　撐(VH)　下來(Di)　沒(D)　倒(D)　好不容易(D)　迎來(VC)　春天(Nd)　高峰期(Na)　去(D)　看(VC)　資料(Na)　就(D)　知道(VK)　沒(D)　賺(VC)　很多(Neqa)　錢(Na),"[{'word': '春天', 'ner': 'DATE'}]"
怎麼發十個月,怎麼(D)　發(VD)　十(Neu)　個(Nf)　月(Na),"[{'word': '十個月', 'ner': 'DATE'}]"
但也有人批評張國煒,但(Cbb)　也(D)　有(V_2)　人(Na)　批評(VC)　張國煒(Nb),"[{'word': '張國煒', 'ner': 'PERSON'}]"
就是慣老闆位,就(D)　是(SHI)　慣(VH)　老闆(Na)　位(Na),[]
銀行家尼莫在臉書發文指出,銀行家(Na)　尼莫(Nb)　在(P)　臉書(Na)　發文(VC)　指出(VE),"[{'word': '尼莫', 'ner': 'PERSON'}]"
講白了,講白(VE)　了(Di),[]
張國煒就是吃定員工沒選擇,張國煒(Nb)　就是(Cbb)　吃定(VC)　員工(Na)　沒(D)　選擇(VC),"[{'word': '張國煒', 'ner': 'PERSON'}]"
員工沒選擇怎麼辦,員工(Na)　沒(D)　選擇(VC)　怎麼辦(VH),[]
吞下去,吞下去(VB),[]
或是離開,或是(Caa)　離開(VC),[]
網友認為去看資料就知道沒賺很多錢,網友(Na)　認為(VE)　去(D)　看(VC)　資料(Na)　就(D)　知道(VK)　沒(D)　賺(VC)　很多(Neqa)　錢(Na),[]
怎麼發十個月,怎麼(D)　發(VD)　十(Neu)　個(Nf)　月(Na),"[{'word': '十個月', 'ner': 'DATE'}]"
報導說有人批評張國煒,報導(VE)　說(VE)　有(V_2)　人(Na)　批評(VC)　張國煒(Nb),"[{'word': '張國煒', 'ner': 'PERSON'}]"
就是慣老闆位,就(D)　是(SHI)　慣(VH)　老闆(Na)　位(Na),[]
個月的是長榮,個(Nf)　月(Na)　的(DE)　是(SHI)　長榮(Nb),"[{'word': '個月', 'ner': 'DATE'}]"
不是華航,不(D)　是(SHI)　華航(Nc),"[{'word': '華航', 'ner': 'ORG'}]"
這篇給推,這(Nep)　篇(Nf)　給(P)　推(VC),[]
張國煒完全就是直在畫大餅,張國煒(Nb)　完全(D)　就是(Cbb)　直(D)　在(P)　畫(VC)　大(Na)　餅(Na),"[{'word': '張國煒', 'ner': 'PERSON'}]"
看你星宇員工要不要吃,看(VE)　你(Nh)　星宇(Na)　員工(Na)　要不要(D)　吃(VC),"[{'word': '星宇', 'ner': 'PERSON'}]"
不吃就離開,不(D)　吃(VC)　就(D)　離開(VC),[]
有點社會經驗的人都應該看得出來才對,有(V_2)　點(Nf)　社會(Na)　經驗(Na)　的(DE)　人(Na)　都(D)　應該(D)　看得出來(VE)　才(Da)　對(VH),[]
粉專笑死人管這麼寬,粉專(Nc)　笑死(VHC)　人(Na)　管(VE)　這麼(D)　寬(VH),[]
直再洗版是不用進桶嗎,直(D)　再(D)　洗版(VC)　是(SHI)　不用(D)　進(VCL)　桶(Na)　嗎(T),[]
怎麼都是些外面的人替在星宇裡面的人哇哇叫啊,怎麼(D)　都(D)　是(SHI)　些(Nf)　外面(Ncd)　的(DE)　人(Na)　替(P)　在(P)　星宇(Na)　裡面(Ncd)　的(DE)　人(Na)　哇哇叫(VA)　啊(T),[]
你有看到哪個星宇人在抱怨這個嗎,你(Nh)　有(V_2)　看到(VE)　哪(Nep)　個(Nf)　星宇人(Na)　在(P)　抱怨(VE)　這(Nep)　個(Nf)　嗎(T),[]
大家工作氛圍還是都很愉快大家就像是家人起努力奮鬥希望公司越來越好,大家(Nh)　工作(VA)　氛圍(Na)　還是(D)　都(D)　很(Dfa)　愉快(VH)　大家(Nh)　就(D)　像是(SHI)　家人(Na)　起(VC)　努力(VH)　奮鬥(VA)　希望(Na)　公司(Nc)　越來越(Dfa)　好(VH),[]
要幾篇,要(VE)　幾(Neu)　篇(Nf),[]
好奇年終跟是全薪還是底薪,好奇(VH)　年終(Nd)　跟(P)　是(SHI)　全薪(Na)　還是(D)　底薪(Na),[]
好了啦可撥高雄仔,好(T)　了(T)　啦(T)　可(D)　撥(VC)　高雄仔(Na),"[{'word': '高雄', 'ner': 'GPE'}]"
其它家就會有選擇嗎,其它(Neqa)　家(Nf)　就(D)　會(D)　有(V_2)　選擇(Na)　嗎(T),[]
般來說航空業的年終都是用底薪算,般來說(Dk)　航空業(Na)　的(DE)　年終(Nd)　都(D)　是(SHI)　用(P)　底薪(Na)　算(VE),[]
當然是底薪啊,當然(D)　是(SHI)　底薪(Na)　啊(T),[]
誰會給全薪,誰(Nh)　會(D)　給(VD)　全(Na)　薪(Na),[]
還得了,還得了(D),[]
醫療業有很多都是底薪啊,醫療業(Na)　有(V_2)　很多(Neqa)　都(D)　是(SHI)　底薪(Na)　啊(T),[]
專業加給,專業(VH)　加給(Na),[]
要幾篇,要(VE)　幾(Neu)　篇(Nf),[]
煩不煩,煩(VHC)　不(D)　煩(VHC),[]
陪公子吃餅,陪(VC)　公子(Na)　吃(VC)　餅(Na),[]
為了公司在網路上努力發言的也是大有人在,為了(P)　公司(Nc)　在(P)　網路(Na)　上(Ncd)　努力(VH)　發言(VA)　的(DE)　也(D)　是(SHI)　大有人在(VH),[]
外界不要管這麼多,外界(Ncd)　不要(D)　管(VE)　這麼多(Neqa),[]
都多久了,都(D)　多久(Nd)　了(T),[]
我知道你在吊某人還真的出現在你下面,我(Nh)　知道(VK)　你(Nh)　在(P)　吊(VC)　某人(Na)　還(D)　真的(D)　出現(VH)　在(P)　你(Nh)　下面(Ncd),[]
他在這個版申訴不夠,他(Nh)　在(P)　這(Nep)　個(Nf)　版(Na)　申訴(VE)　不(D)　夠(VH),[]
還跑去版申訴我只能說版主文采斐然,還(D)　跑去(VCL)　版(Na)　申訴(VE)　我(Nh)　只(Da)　能(D)　說(VE)　版主(Na)　文采(Na)　斐然(VH),[]
以及版主辛苦了,以及(Caa)　版主(Na)　辛苦(VHC)　了(T),[]
那篇行雲流水,那(Nep)　篇(Nf)　行雲流水(VH),[]
寫得真好,寫(VC)　得(DE)　真(D)　好(VH),[]
在精品大家庭裡面,在(P)　精品(Na)　大(VH)　家庭(Na)　裡面(Ncd),[]
大家是不會在乎年終獎金這幾個臭錢的個月或個月,大家(Nh)　是(SHI)　不會(D)　在乎(VK)　年終(Nd)　獎金(Na)　這(Nep)　幾(Neu)　個(Nf)　臭錢(VH)　的(DE)　個(Nf)　月(Na)　或(Caa)　個(Nf)　月(Na),[]
不就只是個月或個月的臭錢,不(D)　就(D)　只(Da)　是(SHI)　個(Nf)　月(Na)　或(Caa)　個(Nf)　月(Na)　的(DE)　臭錢(Na),[]
不值顧分享個臭錢的新聞,不值(VH)　顧(VK)　分享(VJ)　個(Di)　臭錢(VH)　的(DE)　新聞(Na),[]
結果被不在乎臭錢的員工氣成這樣,結果(Dk)　被(P)　不(D)　在乎(VK)　臭錢(VH)　的(DE)　員工(Na)　氣成(VG)　這樣(VH),[]
小圈圈們繼續自,小(VH)　圈圈(Na)　們(Na)　繼續(VF)　自(Nh),[]
你要潑髒水就來對賭,你(Nh)　要(D)　潑(VC)　髒(VH)　水(Na)　就(D)　來(D)　對賭(VA),[]
我是員工我明天被車撞死,我(Nh)　是(SHI)　員工(Na)　我(Nh)　明天(Nd)　被(P)　車(Na)　撞死(VC),"[{'word': '明天', 'ner': 'DATE'}]"
我不是員工相反你來承擔如何,我(Nh)　不(D)　是(SHI)　員工(Na)　相反(VH)　你(Nh)　來(D)　承擔(VC)　如何(D),[]
整天在網路上散播仇恨言論,整(Neqa)　天(Nf)　在(P)　網路(Na)　上(Ncd)　散播(VC)　仇恨(Na)　言論(Na),[]
是不是家庭不溫暖還是有什麼難言之隱,是(SHI)　不(D)　是(SHI)　家庭(Na)　不(D)　溫暖(VHC)　還是(Caa)　有(V_2)　什麼(Nep)　難言之隱(Na),[]
你這麼想知道,你(Nh)　這麼(D)　想(VE)　知道(VK),[]
答案在第天就跟你們說了年月日自由財經星宇飛高雄,答案(Na)　在(P)　第天(Neu)　就(D)　跟(P)　你們(Nh)　說(VE)　了(Di)　年(Nf)　月(Na)　日(Na)　自由(VH)　財經(Na)　星宇飛(Na)　高雄(Nc),"[{'word': '第天', 'ner': 'DATE'}, {'word': '年月日', 'ner': 'DATE'}, {'word': '星宇', 'ner': 'PERSON'}, {'word': '高雄', 'ner': 'GPE'}]"
張國煒不會缺席,張國煒(Nb)　不會(D)　缺席(VH),"[{'word': '張國煒', 'ner': 'PERSON'}]"
飛機呢,飛機(Na)　呢(T),[]
航班呢,航班(Na)　呢(T),[]
日期呢,日期(Na)　呢(T),[]
所以你要潑我髒水敢不敢對賭,所以(Cbb)　你(Nh)　要(D)　潑(VC)　我(Nh)　髒(VH)　水(Na)　敢(VL)　不(D)　敢(VL)　對賭(VA),[]
不敢的話就不要亂潑糞你可以去問張國煒你也可以想辦法空降星宇高層主導你有種以上的方法,不(D)　敢(VL)　的話(Cba)　就(D)　不要(D)　亂(VH)　潑(VC)　糞(Na)　你(Nh)　可以(D)　去(D)　問(VE)　張國煒(Nb)　你(Nh)　也(D)　可以(D)　想(VE)　辦法(Na)　空降(VCL)　星宇(Na)　高層(Na)　主導(VC)　你(Nh)　有(V_2)　種(Nf)　以上(Ng)　的(DE)　方法(Na),"[{'word': '張國煒', 'ner': 'PERSON'}]"
但是你在這邊反串洗地,但是(Cbb)　你(Nh)　在(P)　這邊(Ncd)　反(VC)　串(VC)　洗(VC)　地(DE),[]
是在做不可能會成功的嘗試有朝日開航高雄,是(SHI)　在(P)　做(VC)　不可能(D)　會(D)　成功(VH)　的(DE)　嘗試(Na)　有(V_2)　朝日(Na)　開航(VA)　高雄(Nc),"[{'word': '朝', 'ner': 'GPE'}, {'word': '日', 'ner': 'GPE'}, {'word': '高雄', 'ner': 'GPE'}]"
你會變嗎,你(Nh)　會(D)　變(VH)　嗎(T),[]
不會因為你會找下個理由,不會(D)　因為(Cbb)　你(Nh)　會(D)　找(VC)　下(Nes)　個(Nf)　理由(Na),[]
你要我加入精品,你(Nh)　要(D)　我(Nh)　加入(VC)　精品(Na),[]
去主導高雄開航,去(D)　主導(VC)　高雄(Nc)　開航(VA),"[{'word': '高雄', 'ner': 'GPE'}]"
我在其它行業好好的,我(Nh)　在(P)　其它(Neqa)　行業(Na)　好好(VH)　的(DE),[]
沒辦法接受個月呀,沒辦法(VI)　接受(VC)　個(Nf)　月(Na)　呀(T),"[{'word': '個月', 'ner': 'DATE'}]"
這麼愛酸高雄開航後你就不要搭,這麼(Dfa)　愛(VL)　酸(VH)　高雄(Nc)　開航(VA)　後(Ng)　你(Nh)　就(D)　不要(D)　搭(VC),"[{'word': '高雄', 'ner': 'GPE'}]"
那就閉上嘴別人領個月關你什麼事,那(Nep)　就(D)　閉上(VC)　嘴(Na)　別人(Nh)　領(VC)　個(Nf)　月(Na)　關(VJ)　你(Nh)　什麼(Nep)　事(Na),[]
某狂粉洗地的樣子真可悲現在還幫星宇洗地的是有多奴,某(Nes)　狂(VH)　粉(Na)　洗(VC)　地(Na)　的(DE)　樣子(Na)　真(D)　可悲(VH)　現在(Nd)　還(D)　幫(P)　星宇(Na)　洗(VC)　地(Na)　的(DE)　是(SHI)　有(V_2)　多奴(Nb),"[{'word': '星宇', 'ner': 'PERSON'}]"
他自己說他如果是員工的話,他(Nh)　自己(Nh)　說(VE)　他(Nh)　如果(Cbb)　是(SHI)　員工(Na)　的話(Cba),[]
明天會被車撞死他還說講他是員工的人,明天(Nd)　會(D)　被(P)　車(Na)　撞死(VC)　他(Nh)　還(D)　說(VE)　講(VE)　他(Nh)　是(SHI)　員工(Na)　的(DE)　人(Na),"[{'word': '明天', 'ner': 'DATE'}]"
是對他潑糞,是(SHI)　對(P)　他(Nh)　潑(VC)　糞(Na),[]
你繼續黑我看你不敢對賭就知道你只敢在網路上打打字而已,你(Nh)　繼續(VF)　黑(Na)　我(Nh)　看(VE)　你(Nh)　不(D)　敢(VL)　對(VA)　賭(VE)　就(D)　知道(VK)　你(Nh)　只(Da)　敢(VL)　在(P)　網路(Na)　上(Ncd)　打打字(VA)　而已(T),[]
被車撞為什麼要等到明天,被(P)　車(Na)　撞(VC)　為什麼(D)　要(D)　等到(VC)　明天(Nd),"[{'word': '明天', 'ner': 'DATE'}]"
在當天的話,在(P)　當天(Nd)　的話(Cba),[]
還想繼續發言啊,還(D)　想(VE)　繼續(VF)　發言(VA)　啊(T),[]
都默默從賭不是員工,都(D)　默默(D)　從(P)　賭(VE)　不(D)　是(SHI)　員工(Na),[]
改成賭不是資方了,改成(VG)　賭(VE)　不(D)　是(SHI)　資方(Na)　了(T),[]
這篇文已經異教徒小圈圈留言板了嗎我沒有改啊有人說我是員工有人說我是資方所以我兩個都願意賭,這(Nep)　篇(Nf)　文(Na)　已經(D)　異教徒(Na)　小(VH)　圈圈(Na)　留言板(Na)　了(T)　嗎(T)　我(Nh)　沒有(D)　改(VC)　啊(T)　有(V_2)　人(Na)　說(VE)　我(Nh)　是(SHI)　員工(Na)　有(V_2)　人(Na)　說(VE)　我(Nh)　是(SHI)　資方(Na)　所以(Cbb)　我(Nh)　兩(Neu)　個(Nf)　都(D)　願意(VK)　賭(VE),"[{'word': '兩', 'ner': 'CARDINAL'}]"
但是你們好像都沒有勇氣,但是(Cbb)　你們(Nh)　好像(D)　都(D)　沒有(VJ)　勇氣(Na),[]
歐洲航點,歐洲(Nc)　航點(Na),"[{'word': '歐洲', 'ner': 'LOC'}]"
布拉格應該還是最優先,布拉格(Nc)　應該(D)　還是(D)　最(Dfa)　優先(VH),"[{'word': '布拉格', 'ner': 'PERSON'}]"
跟華航競爭有機會,跟(P)　華航(Nc)　競爭(Na)　有(V_2)　機會(Na),"[{'word': '華航', 'ner': 'ORG'}]"
東歐旅行的入口點,東歐(Nc)　旅行(VA)　的(DE)　入口點(Nc),"[{'word': '東歐', 'ner': 'LOC'}]"
跟維也納遙相呼應,跟(P)　維也納(Nc)　遙(VH)　相(D)　呼應(VC),"[{'word': '維也納', 'ner': 'GPE'}]"
倫敦如果是時間帶難拿到,倫敦(Nc)　如果(Cbb)　是(SHI)　時間帶(Na)　難(VH)　拿到(VC),"[{'word': '倫敦', 'ner': 'GPE'}]"
雖然是英航寰宇家大本營,雖然(Cbb)　是(SHI)　英航(Nc)　寰宇家(Na)　大本營(Na),"[{'word': '英航', 'ner': 'ORG'}]"
赫爾辛基,赫爾辛基(Nc),"[{'word': '赫爾辛基', 'ner': 'PERSON'}]"
無法直飛北方俄羅斯航路,無法(D)　直飛(VCL)　北方(Ncd)　俄羅斯(Nc)　航路(Na),"[{'word': '俄羅斯', 'ner': 'GPE'}]"
基本上不可能開航,基本(Na)　上(Ng)　不可能(D)　開航(VA),[]
瑞士,瑞士(Nc),"[{'word': '瑞士', 'ner': 'GPE'}]"
真的很妙,真的(D)　很(Dfa)　妙(VH),[]
亞洲沒幾家開航,亞洲(Nc)　沒(VJ)　幾(Neu)　家(Nc)　開航(VA),"[{'word': '亞洲', 'ner': 'LOC'}]"
跟米蘭也部分重疊,跟(P)　米蘭(Nc)　也(D)　部分(Neqa)　重疊(VH),"[{'word': '米蘭', 'ner': 'ORG'}]"
應該也難,應該(D)　也(D)　難(VH),[]
好奇若星宇飛倫敦拿時間帶會很難拿到嗎,好奇(VH)　若(Cbb)　星宇(Nb)　飛(VA)　倫敦(Nc)　拿(VC)　時間帶(Nc)　會(D)　很(Dfa)　難(VH)　拿到(VC)　嗎(T),"[{'word': '若星宇飛', 'ner': 'PERSON'}, {'word': '倫敦', 'ner': 'GPE'}]"
義大利不是剛修約嗎,義大利(Nc)　不(D)　是(SHI)　剛(D)　修約(VC)　嗎(T),"[{'word': '義大利', 'ner': 'GPE'}]"
希望星宇突然開航威尼斯,希望(VK)　星宇(Nb)　突然(D)　開航(VA)　威尼斯(Nc),"[{'word': '威尼斯', 'ner': 'GPE'}]"
長程線虧損起來很可怕的,長程線(Na)　虧損(VJ)　起來(Di)　很(Dfa)　可怕(VH)　的(T),[]
只有高雄才能協助精品突破個月,只有(Cbb)　高雄(Nc)　才(Da)　能(D)　協助(VC)　精品(Na)　突破(VC)　個(Nf)　月(Na),"[{'word': '高雄', 'ner': 'GPE'}, {'word': '個月', 'ner': 'DATE'}]"
長程航線申請通常不太難不過星宇也沒申請就是,長程(A)　航線(Na)　申請(VF)　通常(D)　不(D)　太(Dfa)　難(VH)　不過(Cbb)　星宇(Nb)　也(D)　沒(D)　申請(VF)　就(D)　是(SHI),"[{'word': '星宇', 'ner': 'ORG'}]"
長榮跟華航復飛都是先飛長距離航程旅客離境好啊,長榮(Nb)　跟(Caa)　華航(Nc)　復飛(VA)　都(D)　是(SHI)　先(D)　飛(VA)　長(VH)　距離(Na)　航程(Na)　旅客(Na)　離境(VA)　好(VH)　啊(T),"[{'word': '長榮', 'ner': 'ORG'}, {'word': '華航', 'ner': 'ORG'}]"
機場稅第名,機場稅(Na)　第名(Neu),"[{'word': '第名', 'ner': 'ORDINAL'}]"
比較期待飛,比較(Dfa)　期待(VK)　飛(VA),[]
樓上海關能設,樓上(Nc)　海關(Nc)　能(D)　設(VC),"[{'word': '上海', 'ner': 'GPE'}]"
航權倫敦只剩班額度,航權(Na)　倫敦(Nc)　只(Da)　剩(VJ)　班(Na)　額度(Na),"[{'word': '倫敦', 'ner': 'GPE'}]"
華航還在爭取飛滿如果星宇硬要飛倫敦,華航(Nc)　還(D)　在(P)　爭取(VC)　飛滿(VCL)　如果(Cbb)　星宇(Nb)　硬(D)　要(D)　飛(VA)　倫敦(Nc),"[{'word': '華航', 'ner': 'ORG'}, {'word': '星宇', 'ner': 'ORG'}, {'word': '倫敦', 'ner': 'GPE'}]"
每週只能飛班,每(Nes)　週(Nf)　只(Da)　能(D)　飛班(VA),[]
成本太高直接賠死,成本(Na)　太(Dfa)　高(VH)　直接(VH)　賠死(VB),[]
高雄日本線的風險,高雄(Nc)　日本線(Na)　的(DE)　風險(Na),"[{'word': '高雄', 'ner': 'GPE'}]"
遠低於桃園倫敦吧,遠(Dfa)　低於(VJ)　桃園(Nc)　倫敦(Nc)　吧(T),"[{'word': '桃園倫敦', 'ner': 'GPE'}]"
推文裡來了個小丑沒人理他,推文(Na)　裡(Ncd)　來(VA)　了(Di)　個(Nf)　小丑(Na)　沒(VJ)　人(Na)　理(VJ)　他(Nh),[]
笑死,笑死(VHC),[]
倫敦那個班次鎖死又拿不到感覺順位就不可能太靠前除非台灣跟英國近期還有再修航約的可能性不然機率比布拉格還低吧,倫敦(Nc)　那(Nep)　個(Nf)　班次(Na)　鎖死(VB)　又(D)　拿(VJ)　不(D)　到(VC)　感覺(Na)　順位(Na)　就(D)　不可能(D)　太(Dfa)　靠前(VH)　除非(Cbb)　台灣(Nc)　跟(P)　英國(Nc)　近期(Nd)　還(D)　有(V_2)　再(D)　修(VC)　航約(Na)　的(DE)　可能性(Na)　不然(Cbb)　機率(Na)　比(P)　布拉格(Nc)　還(Dfa)　低(VH)　吧(T),"[{'word': '倫敦', 'ner': 'GPE'}, {'word': '台灣', 'ner': 'GPE'}, {'word': '英國', 'ner': 'GPE'}, {'word': '布拉格', 'ner': 'PERSON'}]"
之前有去西澳某城市拜訪,之前(Nd)　有(V_2)　去(VCL)　西澳(Nc)　某(Nes)　城市(Nc)　拜訪(VC),"[{'word': '西澳', 'ner': 'LOC'}]"
不知道有沒有關聯,不(D)　知道(VK)　有(V_2)　沒有(D)　關聯(VI),[]
有國際線,有(V_2)　國際線(Na),[]
不過我剛才想到跑道太短了,不過(Cbb)　我(Nh)　剛才(Nd)　想到(VE)　跑道(Na)　太(Dfa)　短(VH)　了(T),[]
沒辦法飛廣體好吧還是期待或是好了,沒辦法(VI)　飛(VA)　廣體(VH)　好(VH)　吧(T)　還是(D)　期待(VK)　或是(Caa)　好了(T),[]
倫敦航權當初是配給,倫敦(Nc)　航權(Na)　當初(Nd)　是(SHI)　配給(VD),"[{'word': '倫敦', 'ner': 'GPE'}]"
沒用完民航局有收回嗎,沒(D)　用完(VC)　民航局(Nc)　有(V_2)　收回(VC)　嗎(T),"[{'word': '民航局', 'ner': 'ORG'}]"
有收回的話應該沒辦法前陣子加到吧,有(V_2)　收回(VC)　的話(Cba)　應該(D)　沒辦法(VI)　前(Nes)　陣子(Nd)　加到(VC)　吧(T),[]
我記得是如果新業者申請了原業者除非馬上飛滿不然民航局就會收回航權改給新申請者,我(Nh)　記得(VK)　是(SHI)　如果(Cbb)　新(VH)　業者(Na)　申請(VF)　了(Di)　原(A)　業者(Na)　除非(Cbb)　馬上(D)　飛(VJ)　滿(VH)　不然(Cbb)　民航局(Nc)　就(D)　會(D)　收回(VC)　航權(Na)　改給(VD)　新(VH)　申請(VF)　者(Na),"[{'word': '民航局', 'ner': 'ORG'}]"
倫敦應該不是華航不想飛,倫敦(Nc)　應該(D)　不(D)　是(SHI)　華航(Nc)　不(D)　想(VE)　飛(VA),"[{'word': '倫敦', 'ner': 'GPE'}, {'word': '華航', 'ner': 'ORG'}]"
是希斯羅沒有時間帶飛不了,是(SHI)　希斯羅(Nb)　沒有(VJ)　時間(Na)　帶(VC)　飛不了(VA),"[{'word': '希斯羅', 'ner': 'PERSON'}]"
如果是這樣,如果(Cbb)　是(SHI)　這樣(VH),[]
民航局收回很怪,民航局(Nc)　收回(VC)　很(Dfa)　怪(VK),"[{'word': '民航局', 'ner': 'ORG'}]"
而且星宇也會有同樣的問題,而且(Cbb)　星宇(Na)　也(D)　會(D)　有(V_2)　同樣(VH)　的(DE)　問題(Na),[]
不過的時間帶是可以租借買的,不過(Cbb)　的(DE)　時間帶(Na)　是(SHI)　可以(D)　租借(VC)　買(VC)　的(DE),[]
願意花錢的話,願意(VK)　花錢(VA)　的話(Cba),[]
的確該讓位,的確(D)　該(D)　讓位(VB),[]
但如果是跟樣都要等配的話,但(Cbb)　如果(Cbb)　是(SHI)　跟(P)　樣(Na)　都(D)　要(D)　等配(VH)　的話(Cba),[]
那航權當然還是的,那(Nep)　航權(Na)　當然(D)　還(D)　是(SHI)　的(T),[]
除非想要去飛逼飛,除非(Cbb)　想要(VE)　去(D)　飛(VA)　逼(VF)　飛(VA),[]
租借也要原本的願意出租,租借(VC)　也(D)　要(D)　原本(A)　的(DE)　願意(VK)　出租(VD),[]
例如最近和租了時段,例如(P)　最近(Nd)　和(P)　租(VD)　了(Di)　時段(Na),[]
時間帶這就是每家各憑本事了吧給了星宇申請不到沒開航年後華航想增班就被收回去而已華航主打直飛應該也是問題像長榮中停泰國就多了不少轉機客源,時間帶(Na)　這(Nep)　就(D)　是(SHI)　每(Nes)　家(Nc)　各(D)　憑(P)　本事(Na)　了(T)　吧(T)　給(VD)　了(Di)　星宇(Nb)　申請(VF)　不(D)　到(VC)　沒(VJ)　開航(Nd)　年後(Nd)　華航(Nc)　想(VE)　增班(VJ)　就(D)　被(P)　收回去(VB)　而已(T)　華航(Nc)　主打(VC)　直飛(VCL)　應該(D)　也(D)　是(SHI)　問題(Na)　像(P)　長榮(Nb)　中停(VH)　泰國(Nc)　就(D)　多(VH)　了(Di)　不少(Neqa)　轉機(Na)　客源(Na),"[{'word': '星宇', 'ner': 'ORG'}, {'word': '年後', 'ner': 'DATE'}, {'word': '華航', 'ner': 'ORG'}, {'word': '華航主', 'ner': 'ORG'}, {'word': '泰國', 'ner': 'GPE'}]"
旅行團應該都是去義大利,旅行團(Na)　應該(D)　都(D)　是(SHI)　去(VCL)　義大利(Nc),"[{'word': '義大利', 'ner': 'GPE'}]"
英國星宇想飛,英國(Nc)　星宇(Nb)　想(VE)　飛(VA),"[{'word': '英國', 'ner': 'GPE'}]"
目前航約只有可飛要不然週飛兩班也是很燒錢,目前(Nd)　航約(Na)　只有(D)　可(D)　飛(VA)　要不然(Cbb)　週(Nf)　飛(VA)　兩(Neu)　班(Nf)　也(D)　是(SHI)　很(Dfa)　燒錢(VH),[]
英國航約,英國(Nc)　航約(Na),[]
想和拉關係還有啊,想(VE)　和(P)　拉關係(VB)　還(D)　有(V_2)　啊(T),[]
布拉格推,布拉格(Nc)　推(VC),"[{'word': '布拉格', 'ner': 'PERSON'}]"
同時飛,同時(Nd)　飛(VA),[]
真想開航還有可考量但個人覺得機率不太高就是,真(D)　想(VE)　開航(VA)　還(D)　有(V_2)　可(D)　考量(VE)　但(Cbb)　個人(Nh)　覺得(VK)　機率(Na)　不(D)　太(Dfa)　高(VH)　就(Cbb)　是(SHI),[]
倫敦現在是台歐最遠只班額度,倫敦(Nc)　現在(Nd)　是(SHI)　台歐(Nc)　最(Dfa)　遠(VH)　只(Da)　班(Na)　額度(Na),"[{'word': '倫敦', 'ner': 'GPE'}, {'word': '台歐', 'ner': 'LOC'}]"
布拉格瑞士,布拉格(Nc)　瑞士(Nc),"[{'word': '布拉格', 'ner': 'PERSON'}, {'word': '瑞士', 'ner': 'GPE'}]"
通常期待開航瑞士的都不是真的會去瑞士的人,通常(D)　期待(VK)　開航(VA)　瑞士(Nc)　的(DE)　都(D)　不(D)　是(SHI)　真的(D)　會(D)　去(VCL)　瑞士(Nc)　的(DE)　人(Na),"[{'word': '瑞士', 'ner': 'GPE'}, {'word': '瑞士', 'ner': 'GPE'}]"
就像期待高雄有長程國際線的大概三年搭趟就偷笑了,就(D)　像(P)　期待(VK)　高雄(Nc)　有(V_2)　長程(A)　國際線(Na)　的(DE)　大概(D)　三(Neu)　年(Nf)　搭(VC)　趟(Nf)　就(D)　偷笑(VA)　了(Di),"[{'word': '高雄', 'ner': 'GPE'}, {'word': '三年', 'ner': 'DATE'}]"
養航線哪裡不燒錢,養(VC)　航線(Na)　哪裡(Ncd)　不(D)　燒錢(VA),[]
沒位置可以養啊,沒(VJ)　位置(Na)　可以(D)　養(VC)　啊(T),[]
當初不也是慢慢開始飛,當初(Nd)　不(D)　也(D)　是(SHI)　慢慢(VH)　開始(VL)　飛(VA),[]
有位置才換過去,有(V_2)　位置(Na)　才(Da)　換過去(VB),[]
不然就燒多點錢直接找別家租借買時間帶,不然(Cbb)　就(D)　燒(VC)　多點(Neqa)　錢(Na)　直接(VH)　找(VC)　別(Nes)　家(Nc)　租借(VC)　買(VC)　時間帶(Na),[]
搶那兩班額度啊,搶(VD)　那(Nep)　兩(Neu)　班(Nf)　額度(Na)　啊(T),"[{'word': '兩', 'ner': 'CARDINAL'}]"
如果真的開航華航會不會增班保衛,如果(Cbb)　真的(D)　開航(VA)　華航(Nc)　會不會(D)　增班(VJ)　保衛(VC),"[{'word': '華航', 'ner': 'ORG'}]"
奧捷旅行團可以讓週兩班塞滿滿,奧捷(Nb)　旅行團(Na)　可以(D)　讓(VL)　週(Nf)　兩(Neu)　班(Nf)　塞滿滿(VC),"[{'word': '奧捷', 'ner': 'GPE'}]"
華航去年十月有公告今年四月開始多飛班布拉格,華航(Nc)　去年(Nd)　十月(Nd)　有(V_2)　公告(VE)　今年(Nd)　四月(Nd)　開始(VL)　多(D)　飛(VA)　班(Nc)　布拉格(Nc),"[{'word': '華航', 'ner': 'ORG'}, {'word': '去年十月', 'ner': 'DATE'}, {'word': '今年四月', 'ner': 'DATE'}, {'word': '班布拉格', 'ner': 'PERSON'}]"
只有日本線是跟手遊樣開設就可以開始賺錢吧,只有(Cbb)　日本線(Na)　是(SHI)　跟(P)　手遊(Na)　樣(Ng)　開設(VC)　就(D)　可以(D)　開始(VL)　賺錢(VA)　吧(T),"[{'word': '日本', 'ner': 'NORP'}]"
養航線怎麼不燒錢,養(VC)　航線(Na)　怎麼(D)　不(D)　燒錢(VA),[]
台積電在德國設廠,台積電(Nb)　在(P)　德國(Nc)　設廠(VA),"[{'word': '台積電', 'ner': 'ORG'}, {'word': '德國', 'ner': 'GPE'}]"
離大概小時以內的車程,離(P)　大概(D)　小時(Na)　以內(Ng)　的(DE)　車程(Na),[]
其實對星宇來說倫敦華航不飛滿確實可以考慮搶下來飛但短期真不需要布拉格蘇黎世威尼斯巴賽隆納或是開放北極航線之後的赫爾辛基都更好甚至目前共掛的布魯塞爾如果想評估插旗西歐有據點後有沒有倫敦巴黎就更不重要除了捷克有台積電考量其他國籍航點擠進去也不定多好賺走自己的路反而更好,其實(D)　對(P)　星宇(Nb)　來(D)　說(VE)　倫敦(Nc)　華航(Nc)　不(D)　飛滿(VA)　確實(D)　可以(D)　考慮(VE)　搶下來(VA)　飛(VA)　但(Cbb)　短期(Na)　真(D)　不(D)　需要(VK)　布拉格(Nc)　蘇黎世(Nc)　威尼斯(Nc)　巴賽隆納(Nc)　或是(Caa)　開放(VC)　北極(Nc)　航線(Na)　之後(Ng)　的(DE)　赫爾辛基(Nc)　都(D)　更(Dfa)　好(VH)　甚至(D)　目前(Nd)　共(VC)　掛(VC)　的(DE)　布魯塞爾(Nc)　如果(Cbb)　想(VE)　評估(VE)　插旗(VA)　西歐(Nc)　有(V_2)　據點(Na)　後(Ng)　有(D)　沒(D)　有(V_2)　倫敦(Nc)　巴黎(Nc)　就(D)　更(Dfa)　不(D)　重要(VH)　除了(P)　捷克(Nc)　有(V_2)　台積電(Nb)　考量(VE)　其他(Neqa)　國籍(Na)　航點(Na)　擠進去(VCL)　也(D)　不定(VH)　多(Dfa)　好(VH)　賺走(VC)　自己(Nh)　的(DE)　路(Na)　反而(Cbb)　更(Dfa)　好(VH),"[{'word': '星宇', 'ner': 'ORG'}, {'word': '倫敦', 'ner': 'GPE'}, {'word': '華航', 'ner': 'ORG'}, {'word': '布拉格蘇黎世威尼斯巴賽隆納', 'ner': 'GPE'}, {'word': '北極', 'ner': 'LOC'}, {'word': '赫爾辛基', 'ner': 'GPE'}, {'word': '布魯塞爾', 'ner': 'GPE'}, {'word': '西歐', 'ner': 'LOC'}, {'word': '倫敦巴黎', 'ner': 'GPE'}, {'word': '捷克', 'ner': 'GPE'}, {'word': '台積電', 'ner': 'ORG'}]"
抱歉純粹好奇為什麼沒看過有航空公司考慮飛西班牙,抱歉(VK)　純粹(D)　好奇(VH)　為什麼(D)　沒(D)　看過(VC)　有(V_2)　航空(Na)　公司(Nc)　考慮(VE)　飛(VA)　西班牙(Nc),"[{'word': '西班牙', 'ner': 'GPE'}]"
波蘭跟芬蘭之後都有機會開航體感覺得去西班牙的人比這兩個國家多可能跟台灣的外交跟商務關係稍弱觀光雖然發達但還是撐不太起來,波蘭(Nc)　跟(Caa)　芬蘭(Nc)　之後(Ng)　都(D)　有(V_2)　機會(Na)　開航(VA)　體感(VK)　覺得(VK)　去(VCL)　西班牙(Nc)　的(DE)　人(Na)　比(P)　這(Nep)　兩(Neu)　個(Nf)　國家(Na)　多(Dfa)　可能(D)　跟(P)　台灣(Nc)　的(DE)　外交(Na)　跟(Caa)　商務(Na)　關係(Na)　稍(D)　弱(VH)　觀光(VA)　雖然(Cbb)　發達(VH)　但(Cbb)　還是(D)　撐(VC)　不(D)　太(Dfa)　起來(Di),"[{'word': '波蘭', 'ner': 'GPE'}, {'word': '芬蘭', 'ner': 'GPE'}, {'word': '西班牙', 'ner': 'GPE'}, {'word': '兩', 'ner': 'CARDINAL'}, {'word': '台灣', 'ner': 'GPE'}]"
只靠觀光定稱不起來,只(Da)　靠(P)　觀光(Na)　定(D)　稱(VH)　不(D)　起來(Di),[]
而且伊比利半島是歐洲離台灣最遠的地方台灣航空公司不能飛越中俄就很難發揮,而且(Cbb)　伊比利半島(Nc)　是(SHI)　歐洲(Nc)　離(P)　台灣(Nc)　最(Dfa)　遠(VH)　的(DE)　地方(Na)　台灣(Nc)　航空(Na)　公司(Nc)　不能(D)　飛越(VCL)　中俄(Nc)　就(D)　很(Dfa)　難(VH)　發揮(VJ),"[{'word': '伊比利半島', 'ner': 'LOC'}, {'word': '歐洲', 'ner': 'LOC'}, {'word': '台灣', 'ner': 'GPE'}, {'word': '台灣航空公司', 'ner': 'ORG'}, {'word': '中', 'ner': 'GPE'}, {'word': '俄', 'ner': 'GPE'}]"
俄國空域要仰賴川普大大結束戰爭不然光有芬蘭航權也沒用,俄國(Nc)　空域(Na)　要(D)　仰賴(VJ)　川普(Nb)　大大(VH)　結束(VHC)　戰爭(Na)　不然(Cbb)　光(Da)　有(V_2)　芬蘭(Nc)　航權(Na)　也(D)　沒用(VH),"[{'word': '俄國', 'ner': 'GPE'}, {'word': '川普', 'ner': 'PERSON'}, {'word': '芬蘭', 'ner': 'GPE'}]"
單純就客人不足吧,單純(VH)　就(P)　客人(Na)　不足(VH)　吧(T),[]
日本韓國還不是有飛西班牙,日本(Nc)　韓國(Nc)　還不是(D)　有(V_2)　飛(VA)　西班牙(Nc),"[{'word': '日本', 'ner': 'GPE'}, {'word': '韓國', 'ner': 'GPE'}, {'word': '西班牙', 'ner': 'GPE'}]"
就是歐洲版地理近點如果星宇還有把進當目標肯定是重點目標,就(D)　是(SHI)　歐洲版(Na)　地理(Na)　近點(Na)　如果(Cbb)　星宇(Na)　還(D)　有(V_2)　把(Nf)　進(VC)　當(P)　目標(Na)　肯定(VK)　是(SHI)　重點(Na)　目標(Na),"[{'word': '歐洲', 'ner': 'LOC'}, {'word': '星宇', 'ner': 'ORG'}]"
的跑道長度比小港還短東亞洲際航班能滿載起降,的(DE)　跑道(Na)　長度(Na)　比(P)　小港(Nc)　還(Dfa)　短(VH)　東亞(Nc)　洲際(Nc)　航班(Na)　能(D)　滿載(VC)　起降(VA),"[{'word': '東亞', 'ner': 'LOC'}]"
倫敦養客拿華航比星宇根本亂比,倫敦(Nc)　養客(VC)　拿(VC)　華航(Nc)　比(P)　星宇(Nb)　根本(D)　亂(VH)　比(P),"[{'word': '倫敦', 'ner': 'GPE'}, {'word': '華航', 'ner': 'ORG'}, {'word': '星宇', 'ner': 'ORG'}]"
華航當初是分配到班,華航(Nc)　當初(Nd)　是(SHI)　分配到(VD)　班(Nc),"[{'word': '華航', 'ner': 'ORG'}]"
怕沒開航被收回改配長榮,怕(VK)　沒(D)　開航(VA)　被(P)　收回(VC)　改配(VC)　長榮(Nb),[]
年開航每週班,年(Na)　開航(VA)　每(Nes)　週(Nf)　班(Na),[]
年暫停年復飛每週班,年(Na)　暫停(VHC)　年(Na)　復飛(D)　每(Nes)　週(Nf)　班(Na),[]
疫情期間移去,疫情(Na)　期間(Na)　移去(VC),[]
現在最多每週班星宇是剩下班拿不拿的到都不知道,現在(Nd)　最多(VH)　每(Nes)　週班(Nf)　星宇(Nb)　是(SHI)　剩下(VJ)　班(Na)　拿(VC)　不(D)　拿(VC)　的(DE)　到(VCL)　都(D)　不(D)　知道(VK),[]
就算拿到了也沒得增班,就算(Cbb)　拿到(VC)　了(Di)　也(D)　沒(D)　得(D)　增班(VJ),[]
不是名人問題,不(D)　是(SHI)　名人(Na)　問題(Na),[]
頭等艙沒人搭,頭等艙(Na)　沒(VJ)　人(Na)　搭(VC),[]
你是機上最高階艙等,你(Nh)　是(SHI)　機(Na)　上(Ncd)　最(Dfa)　高階(A)　艙等(Na),[]
那有機會使用頭等艙的廁所,那(Ncd)　有(V_2)　機會(Na)　使用(VC)　頭等艙(Na)　的(DE)　廁所(Nc),[]
頭等艙有客人,頭等艙(Na)　有(V_2)　客人(Na),[]
你就是第二階客人了,你(Nh)　就(D)　是(SHI)　第二(Neu)　階(Nf)　客人(Na)　了(T),"[{'word': '第二', 'ner': 'ORDINAL'}]"
這樣就只能去商務艙廁所了,這樣(VH)　就(D)　只(Da)　能(D)　去(VCL)　商務艙(Na)　廁所(Nc)　了(T),[]
就像經濟艙不能去上商務艙廁所樣,就(D)　像(P)　經濟艙(Na)　不能(D)　去(D)　上(VCL)　商務艙(Na)　廁所(Nc)　樣(Na),[]
搭郵輪與搭飛機是最能體現人類階級的地方,搭(VC)　郵輪(Na)　與(Caa)　搭(VC)　飛機(Na)　是(SHI)　最(Dfa)　能(D)　體現(VJ)　人類(Na)　階級(Na)　的(DE)　地方(Na),[]
強如冠希哥搭日本航空時遇到比他更高卡的客人還是得讓他先下機,強(VH)　如(P)　冠希哥(Nb)　搭(VC)　日本(Nc)　航空(Na)　時(Ng)　遇到(VC)　比(P)　他(Nh)　更(Dfa)　高卡(VH)　的(DE)　客人(Na)　還是(D)　得(D)　讓(VL)　他(Nh)　先(D)　下機(VA),"[{'word': '冠希哥', 'ner': 'PERSON'}, {'word': '日本', 'ner': 'GPE'}]"
雖然冠希哥很不爽,雖然(Cbb)　冠希哥(Nb)　很(Dfa)　不(D)　爽(VH),[]
就是了,就是了(VH),[]
我記得之前有個網紅在疫情期間搭星宇,我(Nh)　記得(VK)　之前(Ng)　有(V_2)　個(Nf)　網紅(Na)　在(P)　疫情(Na)　期間(Na)　搭(VC)　星宇(Na),[]
所以他碰到張董開飛機,所以(Cbb)　他(Nh)　碰到(VC)　張董(Nb)　開(VC)　飛機(Na),"[{'word': '張董', 'ner': 'PERSON'}]"
他問張董頭等艙的問題,他(Nh)　問(VE)　張董(Nb)　頭等艙(Na)　的(DE)　問題(Na),"[{'word': '張董', 'ner': 'PERSON'}]"
張董回答他其實根本不想設頭等艙,張董(Nb)　回答(VE)　他(Nh)　其實(D)　根本(D)　不(D)　想(VE)　設(VC)　頭等艙(Na),"[{'word': '張董', 'ner': 'PERSON'}]"
忘記是什麼原因,忘記(VK)　是(SHI)　什麼(Nep)　原因(Na),[]
讓他不想設頭等艙但是還是設了頭等艙,讓(VL)　他(Nh)　不(D)　想(VE)　設(VC)　頭等艙(Na)　但是(Cbb)　還是(D)　設(VC)　了(Di)　頭等艙(Na),[]
所以他的頭等艙幾乎裝飾作用只有排好像四個頭等艙而已,所以(Cbb)　他(Nh)　的(DE)　頭等艙(Na)　幾乎(Da)　裝飾(Na)　作用(Na)　只有(D)　排好(VC)　像(VG)　四(Neu)　個(Nf)　頭等艙(Na)　而已(T),"[{'word': '四', 'ner': 'CARDINAL'}]"
但是商務艙設了二十幾個艙,但是(Cbb)　商務艙(Na)　設(VC)　了(Di)　二十幾(Neu)　個(Nf)　艙(Na),"[{'word': '二十幾', 'ner': 'CARDINAL'}]"
雖然頭等艙只有四個,雖然(Cbb)　頭等艙(Na)　只(Da)　有(V_2)　四(Neu)　個(Nf),"[{'word': '四', 'ner': 'CARDINAL'}]"
但是前排三個廁所還是頭等艙專屬,但是(Cbb)　前(Nes)　排(Na)　三(Neu)　個(Nf)　廁所(Nc)　還(D)　是(SHI)　頭等艙(Na)　專屬(VJ),"[{'word': '三', 'ner': 'CARDINAL'}]"
後排的商務艙比其他公司多了好多個,後(Ncd)　排(Na)　的(DE)　商務艙(Na)　比(P)　其他(Neqa)　公司(Nc)　多(VH)　了(Di)　好多(Neqa)　個(Nf),[]
但是單單針對商務艙來看,但是(Cbb)　單單(Da)　針對(P)　商務艙(Na)　來(D)　看(VE),[]
商務艙客戶的人均廁所是不足的,商務艙(Na)　客戶(Na)　的(DE)　人(Na)　均(D)　廁所(Nc)　是(SHI)　不足(VH)　的(DE),[]
所以對照星宇的說法,所以(Cbb)　對照(VJ)　星宇(Na)　的(DE)　說法(Na),[]
沒頭等艙客戶時會把頭等艙廁所給商務艙客戶使用,沒(VJ)　頭等艙(Na)　客戶(Na)　時(Ng)　會(D)　把(P)　頭等艙(Na)　廁所(Nc)　給(VD)　商務艙(Na)　客戶(Na)　使用(VC),[]
這是合理的,這(Nep)　是(SHI)　合理(VH)　的(DE),[]
因為他們增加了好多的商務座位,因為(Cbb)　他們(Nh)　增加(VHC)　了(Di)　好多(Neqa)　的(DE)　商務(Na)　座位(Na),[]
但是廁所數量卻沒增加,但是(Cbb)　廁所(Nc)　數量(Na)　卻(D)　沒(D)　增加(VHC),[]
其實嚴格講,其實(D)　嚴格(VH)　講(VE),[]
這樣的商務艙其實是品質降級的,這樣(VH)　的(DE)　商務艙(Na)　其實(D)　是(SHI)　品質(Na)　降級(VB)　的(DE),[]
雖然頭等艙有客戶,雖然(Cbb)　頭等艙(Na)　有(V_2)　客戶(Na),[]
頭等艙廁所本來就該提供頭等艙客戶使用,頭等艙(Na)　廁所(Nc)　本來(D)　就(D)　該(D)　提供(VD)　頭等艙(Na)　客戶(Na)　使用(VC),[]
其他艙等不該使用,其他(Neqa)　艙等(Na)　不(D)　該(D)　使用(VC),[]
但是星宇給商務艙客戶使用的廁所是不足的,但是(Cbb)　星宇(Nb)　給(P)　商務艙(Na)　客戶(Na)　使用(VC)　的(DE)　廁所(Nc)　是(SHI)　不足(VH)　的(DE),"[{'word': '星宇', 'ner': 'ORG'}]"
因為太多商務座了,因為(Cbb)　太多(Neqa)　商務座(Nb)　了(T),[]
所以如果今天商務艙都沒客人,所以(Cbb)　如果(Cbb)　今天(Nd)　商務艙(Na)　都(D)　沒(VJ)　客人(Na),"[{'word': '今天', 'ner': 'DATE'}]"
經濟艙可以去用商務艙廁所嗎,經濟艙(Na)　可以(D)　去(D)　用(VC)　商務艙(Na)　廁所(Nc)　嗎(T),[]
我不敢欸,我(Nh)　不(D)　敢(VL)　欸(I),[]
以前復興航空商務艙沒人垃圾旅行社領隊通通跑去商務艙等快降落才回來經濟艙馬的連安全門位置也沒再管,以前(Nd)　復興(Nb)　航空(Na)　商務艙(Na)　沒(VJ)　人(Na)　垃圾(Na)　旅行社(Nc)　領隊(Na)　通通(D)　跑去(VCL)　商務艙等(Na)　快(D)　降落(VA)　才(Da)　回來(VA)　經濟艙(Na)　馬的(I)　連(Cbb)　安全門(Na)　位置(Na)　也(D)　沒(D)　再(D)　管(VE),"[{'word': '復興航空', 'ner': 'ORG'}]"
反正就會有人說我之前可以,反正(D)　就(D)　會(D)　有(V_2)　人(Na)　說(VE)　我(Nh)　之前(Ng)　可以(D),[]
為什麼現在不行,為什麼(D)　現在(Nd)　不行(VH),[]
拿特例來要求,拿(VC)　特例(Na)　來(D)　要求(VF),[]
說不定之前只是組員沒注意到,說不定(D)　之前(Ng)　只是(D)　組員(Na)　沒(D)　注意到(VK),[]
你們這些星黑,你們(Nh)　這些(Neqa)　星(VH)　黑(VH),[]
星宇怎麼會商務艙降級怎麼會廁所數不夠,星宇(Nb)　怎麼(D)　會(D)　商務艙(Na)　降級(VB)　怎麼(D)　會(D)　廁所數(Nc)　不(D)　夠(VH),"[{'word': '星宇', 'ner': 'ORG'}]"
廁所前後個吧,廁所(Nc)　前後(Ncd)　個(Nf)　吧(T),[]
只有最前面個啦,只有(Cbb)　最前面(Dfa)　個(Nf)　啦(T),[]
空的時候本來就大家都會去,空(VHC)　的(DE)　時候(Na)　本來(D)　就(D)　大家(Nh)　都(D)　會(D)　去(VCL),[]
沒頭等,沒頭(VJ)　等(VC),[]
有些高級品牌不合作,有(V_2)　些(Nf)　高級(VH)　品牌(Na)　不(D)　合作(VH),[]
董仔說的啦,董仔(Nb)　說(VE)　的(T)　啦(T),"[{'word': '董仔', 'ner': 'PERSON'}]"
不過現在看來,不過(Cbb)　現在(Nd)　看來(D),[]
樓資訊全錯,樓(Nc)　資訊(Na)　全(Neqa)　錯(VH),[]
廁所只有前後,廁所(Nc)　只(Cbb)　有(V_2)　前後(Ncd),[]
商務位只有座,商務位(Na)　只(Da)　有(V_2)　座(Nf),[]
不止沒有比其他家多,不止(Da)　沒有(D)　比(P)　其他(Neqa)　家(Nf)　多(D),[]
甚至是最少的,甚至(D)　是(SHI)　最少(VH)　的(DE),[]
他也算名人嗎丑角個,他(Nh)　也(D)　算(VG)　名人(Na)　嗎(T)　丑角(Na)　個(Nf),[]
就算是丑角,就算(Cbb)　是(SHI)　丑角(Na),[]
也是比你有名氣啊,也(D)　是(SHI)　比(P)　你(Nh)　有(V_2)　名氣(Na)　啊(T),[]
丑角也是有名的丑角,丑角(Na)　也(D)　是(SHI)　有名(VH)　的(DE)　丑角(Na),[]
日本搞笑藝人也是賺很大好嗎,日本(Nc)　搞笑(VA)　藝人(Na)　也(D)　是(SHI)　賺(VC)　很(Dfa)　大(VH)　好(VH)　嗎(T),"[{'word': '日本', 'ner': 'GPE'}]"
竟然有人想批鬥藝人,竟然(D)　有(V_2)　人(Na)　想(VE)　批鬥(VC)　藝人(Na),[]
還丑角勒人家還主持過金鐘獎你是什麼咖,還(D)　丑角(Na)　勒(VC)　人家(Nh)　還(D)　主持(VC)　過(Di)　金鐘獎(Nb)　你(Nh)　是(SHI)　什麼(Nep)　咖(Na),"[{'word': '金鐘獎', 'ner': 'WORK_OF_ART'}]"
浮動式的標準要配合硬體條件星航與便宜行事沒有硬體區隔乘客不知道這躺是能用還不用依賴空服當糾察隊就容易起爭議,浮動式(A)　的(DE)　標準(Na)　要(D)　配合(VC)　硬體(Na)　條件(Na)　星航(Nc)　與(Caa)　便宜行事(VH)　沒有(VJ)　硬體(Na)　區隔(VC)　乘客(Na)　不(D)　知道(VK)　這(Nep)　躺(VA)　是(SHI)　能(D)　用(P)　還(D)　不用(D)　依賴(VK)　空服(Na)　當(VG)　糾察隊(Na)　就(D)　容易(VH)　起(VC)　爭議(Na),[]
要爭議什麼,要(D)　爭議(VE)　什麼(Nep),[]
如果空服當場說不能用,如果(Cbb)　空服(Na)　當場(D)　說(VE)　不能(D)　用(P),[]
那就是不能用了,那(Nep)　就(D)　是(SHI)　不能(D)　用(VC)　了(Di),[]
搭商務艙硬要跟空服吵著要用頭等艙的廁所,搭(VC)　商務艙(Na)　硬(D)　要(D)　跟(P)　空服(Na)　吵(VC)　著(Di)　要(D)　用(P)　頭等艙(Na)　的(DE)　廁所(Nc),[]
還上網公審,還(D)　上網(VA)　公審(VC),[]
是哪來的臉,是(SHI)　哪來(D)　的(DE)　臉(Na),[]
如果經濟艙的都跑去佔用商務艙廁所他就能接受嗎,如果(Cbb)　經濟艙(Na)　的(DE)　都(D)　跑去(VCL)　佔用(VC)　商務艙(Na)　廁所(Nc)　他(Nh)　就(D)　能(D)　接受(VC)　嗎(T),[]
回樓他要些高級的酒跟配料他們只提供給頭等艙,回(VCL)　樓(Nc)　他(Nh)　要(VC)　些(Nf)　高級(VH)　的(DE)　酒(Na)　跟(Caa)　配料(Na)　他們(Nh)　只(Da)　提供給(VD)　頭等艙(Na),[]
某雜誌有訪問啊,某(Nes)　雜誌(Na)　有(V_2)　訪問(VC)　啊(T),[]
為了生意,為(P)　了(Di)　生意(Na),[]
推廣,推廣(VC),[]
以前復興航空商務艙沒人後來倒閉了,以前(Nd)　復興(Nb)　航空(Na)　商務艙(Na)　沒(VJ)　人(Na)　後來(Nd)　倒閉(VH)　了(Di),"[{'word': '復興航空', 'ner': 'ORG'}]"
日本搞笑藝人都娶超明星美女為妻了,日本(Nc)　搞笑(VA)　藝人(Na)　都(D)　娶(VC)　超明星(A)　美女(Na)　為(VG)　妻(Na)　了(T),"[{'word': '日本', 'ner': 'GPE'}]"
賺爛,賺(VC)　爛(VH),[]
出川先生都開保時捷出去逛了,出川(Nb)　先生(Na)　都(D)　開(VC)　保時捷(Na)　出去(VA)　逛(VC)　了(Di),"[{'word': '出川', 'ner': 'PERSON'}]"
人權圖,人權圖(Na),[]
引述時間寶貴之銘言,引述(VC)　時間(Na)　寶貴(VH)　之(DE)　銘言(VE),[]
新聞來源日期聯合新聞網綜合報導,新聞(Na)　來源(Na)　日期(Na)　聯合(VC)　新聞網(Na)　綜合(A)　報導(VE),[]
新聞標題名人優先,新聞(Na)　標題(Na)　名人(Na)　優先(VH),[]
星宇商務艙旅客遇陳漢典如廁遭阻空服員親解規則,星宇(Nb)　商務艙(Na)　旅客(Na)　遇(VK)　陳漢典(Nb)　如廁(VA)　遭(P)　阻(VC)　空服員(Na)　親(D)　解(VC)　規則(Na),"[{'word': '星宇', 'ner': 'ORG'}, {'word': '陳漢典', 'ner': 'PERSON'}]"
內文,內文(Na),[]
陳漢典日前飛往日本富士山拍攝婚紗,陳漢典(Nb)　日前(Nd)　飛往(VCL)　日本(Nc)　富士山(Nc)　拍攝(VC)　婚紗(Na),"[{'word': '陳漢典', 'ner': 'PERSON'}, {'word': '日本', 'ner': 'GPE'}, {'word': '富士山', 'ner': 'LOC'}]"
獲星宇航空董事長張國煒豪氣贈送兩人去,獲(VJ)　星宇(Nb)　航空(Na)　董事長(Na)　張國煒(Nb)　豪氣(Na)　贈送(VD)　兩(Neu)　人(Na)　去(VCL),"[{'word': '星宇航空', 'ner': 'ORG'}, {'word': '張國煒', 'ner': 'PERSON'}, {'word': '兩', 'ner': 'CARDINAL'}]"
本來回頭等艙機票,本來回(D)　頭等艙(Na)　機票(Na),[]
卻有同班機的商務艙旅客抱怨,卻(D)　有(V_2)　同(Nes)　班機(Na)　的(DE)　商務艙(Na)　旅客(Na)　抱怨(VE),[]
想用頭等艙的廁所被制止,想(VE)　用(P)　頭等艙(Na)　的(DE)　廁所(Nc)　被(P)　制止(VC),[]
才發現頭等艙坐著的是和陳漢典,才(Da)　發現(VE)　頭等艙(Na)　坐(VA)　著(Di)　的(DE)　是(SHI)　和(P)　陳漢典(Nb),"[{'word': '陳漢典', 'ner': 'PERSON'}]"
質疑星宇是否有差別待遇,質疑(VE)　星宇(Nb)　是否(D)　有(V_2)　差別(Na)　待遇(Na),[]
名網友昨日在發文指出,名(A)　網友(Na)　昨日(Nd)　在(P)　發文(VC)　指出(VE),"[{'word': '昨日', 'ner': 'DATE'}]"
去年月日搭乘星宇航空東京成田桃,去年(Nd)　月(Nd)　日(Na)　搭乘(VC)　星宇(Nb)　航空(Na)　東京(Nc)　成田(Nc)　桃(Nb),"[{'word': '去年月日', 'ner': 'DATE'}, {'word': '東京', 'ner': 'GPE'}, {'word': '成田桃', 'ner': 'PRODUCT'}]"
商務艙時,商務艙(Na)　時(Ng),[]
欲使用位於駕駛艙後方顯示綠燈的前方洗手間,欲(VK)　使用(VC)　位於(VCL)　駕駛艙(Na)　後方(Ncd)　顯示(VK)　綠燈(Na)　的(DE)　前方(Ncd)　洗手間(Nc),[]
卻遭空服員當場引,卻(D)　遭(P)　空服員(Na)　當場(D)　引(VF),[]
改至後方使用,改(VC)　至(P)　後方(Ncd)　使用(VC),[]
該名旅客表示,該(Nes)　名(Nf)　旅客(Na)　表示(VE),[]
機上未見頭等艙專用或相關標示,機(Na)　上(Ng)　未(D)　見(VE)　頭等艙(Na)　專用(VI)　或(Caa)　相關(VH)　標示(Na),[]
也未即時獲得原,也(D)　未(D)　即時(D)　獲得(VJ)　原(A),[]
說明,說明(VE),[]
事後才得知前排頭等艙旅客是和陳漢典,事(Na)　後(Ng)　才(Da)　得知(VK)　前(Nes)　排(Nf)　頭等艙(Na)　旅客(Na)　是(SHI)　和(P)　陳漢典(Nb),"[{'word': '陳漢典', 'ner': 'PERSON'}]"
陳漢典日前飛往日本拍婚紗,陳漢典(Nb)　日前(Nd)　飛往(VCL)　日本(Nc)　拍(VC)　婚紗(Na),"[{'word': '陳漢典', 'ner': 'PERSON'}, {'word': '日本', 'ner': 'GPE'}]"
獲贈頭等艙機票,獲贈(VC)　頭等艙(Na)　機票(Na),[]
但同班機商務艙旅客卻抱怨,但(Cbb)　同(Nes)　班機(Na)　商務艙(Na)　旅客(Na)　卻(D)　抱怨(VE),[]
想用頭等艙的廁所被制止,想(VE)　用(P)　頭等艙(Na)　的(DE)　廁所(Nc)　被(P)　制止(VC),[]
引發熱議,引發(VC)　熱議(Na),[]
圖擷自,圖(Na)　擷(VC)　自(P),[]
陳漢典日前飛往日本拍婚紗,陳漢典(Nb)　日前(Nd)　飛往(VCL)　日本(Nc)　拍(VC)　婚紗(Na),"[{'word': '陳漢典', 'ner': 'PERSON'}, {'word': '日本', 'ner': 'GPE'}]"
獲贈頭等艙機票,獲贈(VC)　頭等艙(Na)　機票(Na),[]
但同班機商務艙旅客卻抱怨,但(Cbb)　同(Nes)　班機(Na)　商務艙(Na)　旅客(Na)　卻(D)　抱怨(VE),[]
想用頭等艙的廁所被制止,想(VE)　用(P)　頭等艙(Na)　的(DE)　廁所(Nc)　被(P)　制止(VC),[]
引發熱議,引發(VC)　熱議(Na),[]
圖擷自,圖(Na)　擷(VC)　自(P),[]
原表示,原(D)　表示(VE),[]
自己原先曾在機上以寫表揚信肯定空服員服務,自己(Nh)　原先(D)　曾(D)　在(P)　機(Na)　上(Ng)　以(P)　寫(VC)　表揚信(Na)　肯定(VK)　空服員(Na)　服務(Nv),[]
但回國後向星宇客服,但(Cbb)　回國(VA)　後(Ng)　向(P)　星宇(Nb)　客服(Na),"[{'word': '星宇', 'ner': 'ORG'}]"
問前方洗手間是否屬於頭等艙專用,問(VE)　前方(Ncd)　洗手間(Nc)　是否(D)　屬於(VG)　頭等艙(Na)　專用(VI),[]
以及是否存在名人優先情形時,以及(Caa)　是否(D)　存在(VA)　名人(Na)　優先(VH)　情形(Na)　時(Ng),[]
對方回信稱,對方(Nh)　回信(VB)　稱(VE),[]
天有頭等艙旅客,天(Nc)　有(V_2)　頭等艙(Na)　旅客(Na),[]
前方洗手間優先提供頭等艙使用,前方(Ncd)　洗手間(Nc)　優先(D)　提供(VD)　頭等艙(Na)　使用(VC),[]
同時又強調不會因乘客身分提,同時(Nd)　又(D)　強調(VE)　不會(D)　因(Cbb)　乘客(Na)　身分(Na)　提(VE),[]
額外優待,額外(A)　優待(Na),[]
讓他認為官方說法前後矛盾,讓(VL)　他(Nh)　認為(VE)　官方(Na)　說法(Na)　前後(D)　矛盾(VH),[]
因而轉為正式客訴並公開發文,因而(Cbb)　轉為(VG)　正式(VH)　客訴(Na)　並(Cbb)　公開(VHC)　發文(VC),[]
對此,對(P)　此(Nep),[]
當天服務的空服員也在貼文下方回應,當天(Nd)　服務(VC)　的(DE)　空服員(Na)　也(D)　在(P)　貼文(Na)　下方(Ncd)　回應(VC),"[{'word': '當天', 'ner': 'DATE'}]"
表示當頭等艙有乘客時,表示(VE)　當(P)　頭等艙(Na)　有(V_2)　乘客(Na)　時(Ng),[]
引導商務艙旅客,引導(VC)　商務艙(Na)　旅客(Na),[]
用後方洗手間是公司既定流程,用(P)　後方(Ncd)　洗手間(Nc)　是(SHI)　公司(Nc)　既定(A)　流程(Na),[]
但也坦言這個問題已經困擾組員很久,但(Cbb)　也(D)　坦言(VE)　這(Nep)　個(Nf)　問題(Na)　已經(D)　困擾(VHC)　組員(Na)　很(Dfa)　久(VH),[]
因為艙等設計跟,因為(Cbb)　艙等(Na)　設計(Na)　跟(Caa),[]
規問題,規(Na)　問題(Na),[]
造成組員必須要執行此程序,造成(VG)　組員(Na)　必須(D)　要(D)　執行(VC)　此(Nep)　程序(Na),[]
該名空服員表示,該(Nes)　名(Nf)　空服員(Na)　表示(VE),[]
該名乘客起身想用駕駛艙後方的廁所時,該(Nes)　名(Nf)　乘客(Na)　起身(VA)　想(VE)　用(P)　駕駛艙(Na)　後方(Ncd)　的(DE)　廁所(Nc)　時(Ng),[]
頭等艙乘客當時用餐已進入,頭等艙(Na)　乘客(Na)　當時(Nd)　用餐(VA)　已(D)　進入(VCL),[]
點階段,點(Na)　階段(Na),[]
隨時可能會使用洗手間,隨時(D)　可能(D)　會(D)　使用(VC)　洗手間(Nc),[]
且在所有乘客用餐結束後,且(Cbb)　在(P)　所有(Neqa)　乘客(Na)　用餐(VA)　結束(VHC)　後(Ng),[]
都會有波洗手間的使用,都(D)　會(D)　有(V_2)　波(Nf)　洗手間(Nc)　的(DE)　使用(Nv),[]
所以會隨時注意商務艙乘客的動向,所以(Cbb)　會(D)　隨時(D)　注意(VK)　商務艙(Na)　乘客(Na)　的(DE)　動向(Na),[]
主動引導客人至確認過整潔度的洗手間使用,主動(VH)　引導(VC)　客人(Na)　至(P)　確認(VE)　過(Di)　整潔度(Na)　的(DE)　洗手間(Nc)　使用(VC),[]
也說,也(D)　說(VE),[]
未能當下完整說明造成旅客不適,未(D)　能(D)　當下(D)　完整(VH)　說明(VE)　造成(VK)　旅客(Na)　不適(VH),[]
坦言需要檢討改善,坦言(VE)　需要(VK)　檢討(VE)　改善(VC),[]
事件在網路上引發熱議,事件(Na)　在(P)　網路(Na)　上(Ncd)　引發(VC)　熱議(Na),[]
部分網友與曾搭乘星宇頭等艙的乘客表示,部分(Neqa)　網友(Na)　與(Caa)　曾(D)　搭乘(VC)　星宇(Nb)　頭等艙(Na)　的(DE)　乘客(Na)　表示(VE),[]
前方洗手間在有頭,前方(Ncd)　洗手間(Nc)　在(P)　有頭(V_2),[]
艙旅客時,艙(Na)　旅客(Na)　時(Ng),[]
確實以頭等艙優先使用為原則,確實(D)　以(P)　頭等艙(Na)　優先(D)　使用(VC)　為(VG)　原則(Na),[]
屬於艙等權益,屬於(VG)　艙等(Na)　權益(Na),[]
與是否為藝人無關,與(P)　是否(D)　為(VG)　藝人(Na)　無關(VH),[]
人認為優先使用並不等同於完全禁止,人(Na)　認為(VE)　優先(D)　使用(VC)　並(D)　不等同於(D)　完全(D)　禁止(VE),[]
規則若未清楚標示或事前告知,規則(Na)　若(Cbb)　未(D)　清楚(VH)　標示(VC)　或(Caa)　事(Na)　前(Ng)　告知(VE),[]
容易造,容易(VH)　造(VC),[]
誤會,誤會(Na),[]
另有網友指出,另(Nes)　有(V_2)　網友(Na)　指出(VE),[]
星宇不同航班或不同情境下的實務操作,星宇(Na)　不同(VH)　航班(Na)　或(Caa)　不同(VH)　情境(Na)　下(Ng)　的(DE)　實務(Na)　操作(VC),"[{'word': '星宇', 'ner': 'ORG'}]"
與對外說明不夠致,與(P)　對(P)　外(Ncd)　說明(VE)　不(D)　夠(VH)　致(VL),[]
爭議的核心,爭議(Na)　的(DE)　核心(Na),[]
截至目前,截至(P)　目前(Nd),[]
星宇航空尚未對此事件另行發布公開聲明,星宇(Nb)　航空(Na)　尚未(D)　對(P)　此(Nep)　事件(Na)　另行(D)　發布(VE)　公開(VHC)　聲明(Na),"[{'word': '星宇航空', 'ner': 'ORG'}]"
該名旅客則表示,該(Nes)　名(Nf)　旅客(Na)　則(D)　表示(VE),[]
自己關注的重,自己(Nh)　關注(VJ)　的(DE)　重(VJ),[]
並非藝人身分或艙等高低,並非(D)　藝人(Na)　身分(Na)　或(Caa)　艙等(Na)　高低(Nv),[]
而是制度是否清楚致,而是(Cbb)　制度(Na)　是否(D)　清楚(VH)　致(VL),[]
以及航空公司回應是否足以建立乘,以及(Caa)　航空(Na)　公司(Nc)　回應(VC)　是否(D)　足以(VL)　建立(VC)　乘(VC),[]
信任,信任(VJ),[]
原文連結,原文(Na)　連結(VC),[]
應該要投訴當班的空服,應該(D)　要(D)　投訴(VA)　當班(VA)　的(DE)　空服(Na),[]
怎麼可能沒差別,怎麼(D)　可能(D)　沒(VJ)　差別(Na),[]
艙等差別,艙等(Na)　差別(Na),[]
名人差別,名人(Na)　差別(Na),[]
老闆送票差別,老闆(Na)　送(VD)　票(Na)　差別(Na),[]
天差地遠囉,天差地遠(VH)　囉(T),[]
笑死,笑死(VHC),[]
腥風血雨,腥風(VH)　血雨(Na),[]
你這樣叫那些護航搭商務艙滾回去後面的腥粉情何以堪,你(Nh)　這樣(VH)　叫(VL)　那些(Neqa)　護航(VB)　搭(VC)　商務艙(Na)　滾回去(VA)　後面(Ncd)　的(DE)　腥粉(Na)　情(VH)　何以堪(D),[]
你拍的這張照片,你(Nh)　拍(VC)　的(DE)　這(Nep)　張(Nf)　照片(Na),[]
是我看過這個位置最像頭等艙的角度,是(SHI)　我(Nh)　看過(VC)　這(Nep)　個(Nf)　位置(Na)　最(Dfa)　像(VG)　頭等艙(Na)　的(DE)　角度(Na),[]
要不完全不開放要不就沒人的時候開放,要不(Cbb)　完全(D)　不(D)　開放(VC)　要不(Cbb)　就(D)　沒(VJ)　人(Na)　的(DE)　時候(Na)　開放(VC),[]
看來是內部訓練沒想好要怎麼做,看來(D)　是(SHI)　內部(Ncd)　訓練(Na)　沒(D)　想好(VE)　要(D)　怎麼(D)　做(VC),[]
畢竟連簾子都沒有很難管,畢竟(D)　連(VJ)　簾子(Na)　都(D)　沒有(VJ)　很(Dfa)　難(VH)　管(VE),[]
想出讓組員引導商務去後面這人有夠天才,想出(VE)　讓(VL)　組員(Na)　引導(VC)　商務(Na)　去(VCL)　後面(Ncd)　這(Nep)　人(Na)　有夠(V_2)　天才(Na),[]
趟十幾小時你是能攔截幾個,趟(Nf)　十幾(Neu)　小時(Na)　你(Nh)　是(SHI)　能(D)　攔截(VC)　幾(Neu)　個(Nf),"[{'word': '十幾小時', 'ner': 'TIME'}]"
其他事情都不用做了,其他(Neqa)　事情(Na)　都(D)　不用(D)　做(VC)　了(Di),[]
我上次坐商務有人的確被擋,我(Nh)　上(Nes)　次(Nf)　坐(VA)　商務(Na)　有(V_2)　人(Na)　的確(D)　被(P)　擋(VC),[]
你們這些星黑,你們(Nh)　這些(Neqa)　星(VH)　黑(VH),[]
精品航空怎麼會內部訓練沒想好要怎麼做,精品(Na)　航空(Na)　怎麼(D)　會(D)　內部(Ncd)　訓練(Na)　沒(D)　想好(VE)　要(D)　怎麼(D)　做(VC),[]
有時候有擋有時候沒擋,有時候(D)　有(V_2)　擋(VC)　有時候(D)　沒(D)　擋(VC),[]
看來組員也是很難為,看來(D)　組員(Na)　也(D)　是(SHI)　很(Dfa)　難為(VH),[]
趕快加簾子才是正解,趕快(D)　加(VC)　簾子(Na)　才(Da)　是(SHI)　正解(Na),[]
不得不幫組員說話忙碌時真的很難直注意乘客動向乾脆直接常設個組員駐守廁所把關好了,不得不(D)　幫(P)　組員(Na)　說話(VA)　忙碌(VH)　時(Ng)　真的(D)　很(Dfa)　難(VH)　直(D)　注意(VK)　乘客(Na)　動向(Na)　乾脆(VH)　直接(VH)　常設(D)　個(Nf)　組員(Na)　駐守(VCL)　廁所(Nc)　把關(VA)　好了(T),[]
白痴心得沒頭等的客人當然可以調度使用,白痴(Na)　心(Na)　得(DE)　沒(VJ)　頭等(A)　的(DE)　客人(Na)　當然(D)　可以(D)　調度(VC)　使用(VC),[]
有頭等客人空服員當然會非常客氣的跟你說今天頭等有客人請的後面的商務艙廁所使用,有(V_2)　頭等(A)　客人(Na)　空服員(Na)　當然(D)　會(D)　非常(Dfa)　客氣(VH)　的(DE)　跟(P)　你(Nh)　說(VE)　今天(Nd)　頭等(A)　有(V_2)　客人(Na)　請(VF)　的(DE)　後面(Ncd)　的(DE)　商務艙(Na)　廁所(Nc)　使用(VC),"[{'word': '今天', 'ner': 'DATE'}]"
很難理解,很(Dfa)　難(VH)　理解(VK),[]
上次遇到很跩的空服就比較沒在管這個但遇到比較親切的都有引導去後面使用,上(Nes)　次(Nf)　遇到(VC)　很(Dfa)　跩(VH)　的(DE)　空服(Na)　就(D)　比較(Dfa)　沒(D)　在(P)　管(VE)　這(Nep)　個(Nf)　但(Cbb)　遇到(VC)　比較(Dfa)　親切(VH)　的(DE)　都(D)　有(V_2)　引導(VC)　去(VCL)　後面(Ncd)　使用(VC),[]
這心得沒問題啊他就是的頭等艙乘客了還是沒看到有商務艙被擋前方廁所不是嗎,這(Nep)　心得(Na)　沒(VJ)　問題(Na)　啊(T)　他(Nh)　就(D)　是(SHI)　的(DE)　頭等艙(Na)　乘客(Na)　了(T)　還是(D)　沒(D)　看到(VE)　有(V_2)　商務艙(Na)　被(P)　擋(VC)　前方(Ncd)　廁所(Nc)　不(D)　是(SHI)　嗎(T),[]
星宇鐵粉鐵起來連自家頭等艙乘客都能噴呢,星宇(Nb)　鐵粉(Na)　鐵(Na)　起來(Di)　連(Cbb)　自家(Nc)　頭等艙(Na)　乘客(Na)　都(D)　能(D)　噴(VC)　呢(T),"[{'word': '星宇', 'ner': 'ORG'}]"
呵呵,呵呵(D),[]
哈明星光環加成要趕快加簾子惹不過經濟艙也常跑去商務用有時組員真的太忙沒空管,哈明星(Nb)　光環(Na)　加成(VA)　要(D)　趕快(D)　加(VC)　簾子(Na)　惹不過(VC)　經濟艙(Na)　也(D)　常(D)　跑去(VCL)　商務用(Na)　有時(D)　組員(Na)　真的(D)　太(Dfa)　忙(VH)　沒空(VH)　管(VE),[]
名人,名人(Na),[]
我自己遇到的是沒擋,我(Nh)　自己(Nh)　遇到(VC)　的(DE)　是(SHI)　沒(D)　擋(VC),[]
還特別寫信去問廁所區隔這件事情,還(D)　特別(VH)　寫信(VA)　去(D)　問(VE)　廁所(Nc)　區隔(Nv)　這(Nep)　件(Nf)　事情(Na),[]
回覆是要看當班組員的安排,回覆(VD)　是(SHI)　要(D)　看(VC)　當(Nv)　班(Nc)　組員(Na)　的(DE)　安排(Nv),[]
感受上確實就是很沒制度,感受(Na)　上(Ng)　確實(D)　就(D)　是(SHI)　很(Dfa)　沒(VJ)　制度(Na),[]
有圖有推,有(V_2)　圖(Na)　有(V_2)　推(VC),[]
加簾,加(VC)　簾(Na),[]
商務艙沒人,商務艙(Na)　沒(VJ)　人(Na),[]
經濟可以直接去前面廁所,經濟(Na)　可以(D)　直接(VH)　去(VCL)　前面(Ncd)　廁所(Nc),[]
搭星宇商務艙乖乖往後面走去上廁所就是了,搭(VC)　星宇(Nb)　商務艙(Na)　乖乖(VH)　往(P)　後面(Ncd)　走去(VA)　上廁所(VA)　就是了(VH),"[{'word': '星宇', 'ner': 'ORG'}]"
免得被當眾指教,免得(Cbb)　被(P)　當眾(D)　指教(VA),[]
客的心得就是搭還是有的客人去用前面廁所沒檔,客(Na)　的(DE)　心得(Na)　就(D)　是(SHI)　搭(VC)　還是(D)　有的(Neqa)　客人(Na)　去(D)　用(P)　前面(Ncd)　廁所(Nc)　沒(VJ)　檔(Na),[]
結果粉粉直接噴客的心得,結果(Dk)　粉粉(Na)　直接(VH)　噴(Na)　客(Na)　的(DE)　心得(Na),[]
有看懂對方在說什麼嗎,有(V_2)　看懂(VJ)　對方(Nh)　在(P)　說(VE)　什麼(Nep)　嗎(T),[]
只負責先噴再說,只(Da)　負責(VL)　先(D)　噴(VC)　再(D)　說(VE),[]
超鐵的呢,超鐵(Na)　的(DE)　呢(T),[]
只是連自家客都噴呢,只是(Cbb)　連(Cbb)　自家客(Na)　都(D)　噴(VC)　呢(T),[]
感覺是員工來寄信給星宇發言人卯起來連頭等艙乘客都會噴,感覺(VK)　是(SHI)　員工(Na)　來(D)　寄(VD)　信(Na)　給(P)　星宇(Na)　發言人(Na)　卯起來(VH)　連(Cbb)　頭等艙(Na)　乘客(Na)　都(D)　會(D)　噴(VC),"[{'word': '星宇', 'ner': 'ORG'}]"
現代人的閱讀能力到底出了什麼問題,現代人(Na)　的(DE)　閱讀(VC)　能力(Na)　到底(D)　出(VC)　了(Di)　什麼(Nep)　問題(Na),[]
人家不就是搭頭等艙還在那邊說沒人當然可以用,人家(Nh)　不(D)　就(D)　是(SHI)　搭(VC)　頭等艙(Na)　還(D)　在(P)　那邊(Ncd)　說(VE)　沒(VJ)　人(Na)　當然(D)　可以(D)　用(P),[]
看起來好擠,看起來(D)　好(Dfa)　擠(VH),[]
應該不是員工因為員工都對個月不爽中除非是某個浪費堆錢還很大聲的部門那他們就是拿錢辦事了這部門這幾天很努力啊瘋狂買文洗員工貪婪風向,應該(D)　不(D)　是(SHI)　員工(Na)　因為(Cbb)　員工(Na)　都(D)　對(P)　個(Nf)　月(Na)　不(D)　爽(VH)　中(Ng)　除非(Cbb)　是(SHI)　某(Nes)　個(Nf)　浪費(VC)　堆(Nf)　錢(Na)　還(D)　很(Dfa)　大聲(VH)　的(DE)　部門(Na)　那(Dk)　他們(Nh)　就是(Cbb)　拿(VC)　錢(Na)　辦事(VA)　了(Di)　這(Nep)　部門(Na)　這(Nep)　幾(Neu)　天(Nf)　很(Dfa)　努力(VH)　啊(T)　瘋狂(VH)　買(VC)　文洗(Na)　員工(Na)　貪婪(VH)　風向(Na),"[{'word': '個月', 'ner': 'DATE'}, {'word': '這幾天', 'ner': 'DATE'}]"
招待應該會幫忙好評吧,招待(Nv)　應該(D)　會(D)　幫忙(VC)　好評(Na)　吧(T),[]
那個部門的人拿個月還要週末加班,那(Nep)　個(Nf)　部門(Na)　的(DE)　人(Na)　拿(VC)　個(Nf)　月(Na)　還(D)　要(D)　週末(Nd)　加班(VA),"[{'word': '拿個月', 'ner': 'DATE'}, {'word': '週末', 'ner': 'DATE'}]"
實在是辛苦了天啊,實在(D)　是(SHI)　辛苦(VHC)　了(Di)　天(Na)　啊(T),[]
不都是自己同事,不(D)　都(D)　是(SHI)　自己(Nh)　同事(Na),[]
怎麼會瘋狂買文洗員工貪婪風向,怎麼(D)　會(D)　瘋狂(VH)　買(VC)　文洗(Na)　員工(Na)　貪婪(VH)　風向(Na),[]
也算名人嗎不就個丑角浪費時間討論,也(D)　算(VG)　名人(Na)　嗎(T)　不(D)　就(D)　個(Di)　丑角(Na)　浪費(VC)　時間(Na)　討論(VE),[]
重點不是誰坐了頭等艙,重點(Na)　不(D)　是(SHI)　誰(Nh)　坐(VA)　了(Di)　頭等艙(Na),[]
而是有人坐頭等艙以後的商務艙廁所問題呀,而是(Cbb)　有(V_2)　人(Na)　坐(VA)　頭等艙(Na)　以後(Ng)　的(DE)　商務艙(Na)　廁所(Nc)　問題(Na)　呀(T),[]
沒說不能用吧,沒(D)　說(VE)　不能(D)　用(VC)　吧(T),[]
只是剛好有貴賓再用,只是(D)　剛好(Da)　有(V_2)　貴賓(Na)　再(D)　用(P),[]
要等下,要(D)　等下(D),[]
那是頭等艙,那(Nep)　是(SHI)　頭等艙(Na),[]
感覺很普通哪家經濟艙可以去商務艙廁所,感覺(VK)　很(Dfa)　普通(VH)　哪(Nep)　家(Nf)　經濟艙(Na)　可以(D)　去(VCL)　商務艙(Na)　廁所(Nc),[]
快通知大家,快(D)　通知(VC)　大家(Nh),[]
享受,享受(VJ),[]
新聞來源日期聯合新聞網綜合報導,新聞(Na)　來源(Na)　日期(Na)　聯合(VC)　新聞網(Na)　綜合(A)　報導(VE),[]
新聞標題名人優先,新聞(Na)　標題(Na)　名人(Na)　優先(VH),[]
星宇商務艙旅客遇陳漢典如廁遭阻空服員親解規則,星宇(Nb)　商務艙(Na)　旅客(Na)　遇(VK)　陳漢典(Nb)　如廁(VA)　遭(P)　阻(VC)　空服員(Na)　親(D)　解(VC)　規則(Na),"[{'word': '星宇', 'ner': 'ORG'}, {'word': '陳漢典', 'ner': 'PERSON'}]"
內文,內文(Na),[]
陳漢典日前飛往日本富士山拍攝婚紗,陳漢典(Nb)　日前(Nd)　飛往(VCL)　日本(Nc)　富士山(Nc)　拍攝(VC)　婚紗(Na),"[{'word': '陳漢典', 'ner': 'PERSON'}, {'word': '日本', 'ner': 'GPE'}, {'word': '富士山', 'ner': 'LOC'}]"
獲星宇航空董事長張國煒豪氣贈送兩人去日,獲(VJ)　星宇(Nb)　航空(Na)　董事長(Na)　張國煒(Nb)　豪氣(Na)　贈送(VD)　兩(Neu)　人(Na)　去日(Nd),"[{'word': '星宇航空', 'ner': 'ORG'}, {'word': '張國煒', 'ner': 'PERSON'}, {'word': '兩', 'ner': 'CARDINAL'}, {'word': '日', 'ner': 'GPE'}]"
本來回頭等艙機票,本來回(D)　頭等艙(Na)　機票(Na),[]
卻有同班機的商務艙旅客抱怨,卻(D)　有(V_2)　同(Nes)　班機(Na)　的(DE)　商務艙(Na)　旅客(Na)　抱怨(VE),[]
想用頭等艙的廁所被制止,想(VE)　用(P)　頭等艙(Na)　的(DE)　廁所(Nc)　被(P)　制止(VC),[]
後來,後來(Nd),[]
才發現頭等艙坐著的是和陳漢典,才(Da)　發現(VE)　頭等艙(Na)　坐(VA)　著(Di)　的(DE)　是(SHI)　和(P)　陳漢典(Nb),"[{'word': '陳漢典', 'ner': 'PERSON'}]"
質疑星宇是否有差別待遇,質疑(VE)　星宇(Nb)　是否(D)　有(V_2)　差別(Na)　待遇(Na),[]
名網友昨日在發文指出,名(A)　網友(Na)　昨日(Nd)　在(P)　發文(VC)　指出(VE),"[{'word': '昨日', 'ner': 'DATE'}]"
去年月日搭乘星宇航空東京成田桃園,去年(Nd)　月(Nd)　日(Na)　搭乘(VC)　星宇(Nb)　航空(Na)　東京(Nc)　成田(Nc)　桃園(Nc),"[{'word': '去年月日', 'ner': 'DATE'}, {'word': '星宇航空', 'ner': 'ORG'}, {'word': '東京', 'ner': 'GPE'}, {'word': '成田桃園', 'ner': 'GPE'}]"
商務艙時,商務艙(Na)　時(Ng),[]
欲使用位於駕駛艙後方顯示綠燈的前方洗手間,欲(VK)　使用(VC)　位於(VCL)　駕駛艙(Na)　後方(Ncd)　顯示(VK)　綠燈(Na)　的(DE)　前方(Ncd)　洗手間(Nc),[]
卻遭空服員當場引導,卻(D)　遭(P)　空服員(Na)　當場(D)　引導(VC),[]
改至後方使用,改(VC)　至(P)　後方(Ncd)　使用(VC),[]
該名旅客表示,該(Nes)　名(Nf)　旅客(Na)　表示(VE),[]
機上未見頭等艙專用或相關標示,機(Na)　上(Ng)　未(D)　見(VE)　頭等艙(Na)　專用(VI)　或(Caa)　相關(VH)　標示(Na),[]
也未即時獲得原因,也(D)　未(D)　即時(D)　獲得(VJ)　原因(Na),[]
說明,說明(VE),[]
事後才得知前排頭等艙旅客是和陳漢典,事(Na)　後(Ng)　才(Da)　得知(VK)　前(Nes)　排(Nf)　頭等艙(Na)　旅客(Na)　是(SHI)　和(P)　陳漢典(Nb),"[{'word': '陳漢典', 'ner': 'PERSON'}]"
陳漢典日前飛往日本拍婚紗,陳漢典(Nb)　日前(Nd)　飛往(VCL)　日本(Nc)　拍(VC)　婚紗(Na),"[{'word': '陳漢典', 'ner': 'PERSON'}, {'word': '日本', 'ner': 'GPE'}]"
獲贈頭等艙機票,獲贈(VC)　頭等艙(Na)　機票(Na),[]
但同班機商務艙旅客卻抱怨,但(Cbb)　同(Nes)　班機(Na)　商務艙(Na)　旅客(Na)　卻(D)　抱怨(VE),[]
想用頭等艙的廁所被制止,想(VE)　用(P)　頭等艙(Na)　的(DE)　廁所(Nc)　被(P)　制止(VC),[]
引發熱議,引發(VC)　熱議(Na),[]
圖擷自,圖(Na)　擷(VC)　自(P),[]
陳漢典日前飛往日本拍婚紗,陳漢典(Nb)　日前(Nd)　飛往(VCL)　日本(Nc)　拍(VC)　婚紗(Na),"[{'word': '陳漢典', 'ner': 'PERSON'}, {'word': '日本', 'ner': 'GPE'}]"
獲贈頭等艙機票,獲贈(VC)　頭等艙(Na)　機票(Na),[]
但同班機商務艙旅客卻抱怨,但(Cbb)　同(Nes)　班機(Na)　商務艙(Na)　旅客(Na)　卻(D)　抱怨(VE),[]
想用頭等艙的廁所被制止,想(VE)　用(P)　頭等艙(Na)　的(DE)　廁所(Nc)　被(P)　制止(VC),[]
引發熱議,引發(VC)　熱議(Na),[]
圖擷自,圖(Na)　擷(VC)　自(P),[]
原表示,原(D)　表示(VE),[]
自己原先曾在機上以寫表揚信肯定空服員服務,自己(Nh)　原先(D)　曾(D)　在(P)　機(Na)　上(Ng)　以(P)　寫(VC)　表揚信(Na)　肯定(VK)　空服員(Na)　服務(Nv),[]
但回國後向星宇客服詢,但(Cbb)　回國(VA)　後(Ng)　向(P)　星宇(Nb)　客服(Na)　詢(VE),"[{'word': '星宇', 'ner': 'ORG'}]"
問前方洗手間是否屬於頭等艙專用,問(VE)　前方(Ncd)　洗手間(Nc)　是否(D)　屬於(VG)　頭等艙(Na)　專用(VI),[]
以及是否存在名人優先情形時,以及(Caa)　是否(D)　存在(VA)　名人(Na)　優先(VH)　情形(Na)　時(Ng),[]
對方回信稱當,對方(Nh)　回信(VB)　稱(VE)　當(P),[]
天有頭等艙旅客,天(Nc)　有(V_2)　頭等艙(Na)　旅客(Na),[]
前方洗手間優先提供頭等艙使用,前方(Ncd)　洗手間(Nc)　優先(D)　提供(VD)　頭等艙(Na)　使用(VC),[]
同時又強調不會因乘客身分提供,同時(Nd)　又(D)　強調(VE)　不會(D)　因(Cbb)　乘客(Na)　身分(Na)　提供(VD),[]
額外優待,額外(A)　優待(Na),[]
讓他認為官方說法前後矛盾,讓(VL)　他(Nh)　認為(VE)　官方(Na)　說法(Na)　前後(D)　矛盾(VH),[]
因而轉為正式客訴並公開發文,因而(Cbb)　轉為(VG)　正式(VH)　客訴(Na)　並(Cbb)　公開(VHC)　發文(VC),[]
對此,對(P)　此(Nep),[]
當天服務的空服員也在貼文下方回應,當天(Nd)　服務(VC)　的(DE)　空服員(Na)　也(D)　在(P)　貼文(Na)　下方(Ncd)　回應(VC),"[{'word': '當天', 'ner': 'DATE'}]"
表示當頭等艙有乘客時,表示(VE)　當(P)　頭等艙(Na)　有(V_2)　乘客(Na)　時(Ng),[]
引導商務艙旅客使,引導(VC)　商務艙(Na)　旅客(Na)　使(VL),[]
用後方洗手間是公司既定流程,用(P)　後方(Ncd)　洗手間(Nc)　是(SHI)　公司(Nc)　既定(A)　流程(Na),[]
但也坦言這個問題已經困擾組員很久,但(Cbb)　也(D)　坦言(VE)　這(Nep)　個(Nf)　問題(Na)　已經(D)　困擾(VHC)　組員(Na)　很(Dfa)　久(VH),[]
因為艙等設計跟法,因為(Cbb)　艙等(Na)　設計(Na)　跟(Na)　法(Na),[]
規問題,規(Na)　問題(Na),[]
造成組員必須要執行此程序,造成(VG)　組員(Na)　必須(D)　要(D)　執行(VC)　此(Nep)　程序(Na),[]
該名空服員表示,該(Nes)　名(Nf)　空服員(Na)　表示(VE),[]
該名乘客起身想用駕駛艙後方的廁所時,該(Nes)　名(Nf)　乘客(Na)　起身(VA)　想(VE)　用(P)　駕駛艙(Na)　後方(Ncd)　的(DE)　廁所(Nc)　時(Ng),[]
頭等艙乘客當時用餐已進入甜,頭等艙(Na)　乘客(Na)　當時(Nd)　用餐(VA)　已(D)　進入(VCL)　甜(VH),[]
點階段,點(Na)　階段(Na),[]
隨時可能會使用洗手間,隨時(D)　可能(D)　會(D)　使用(VC)　洗手間(Nc),[]
且在所有乘客用餐結束後,且(Cbb)　在(P)　所有(Neqa)　乘客(Na)　用餐(VA)　結束(VHC)　後(Ng),[]
都會有波洗手間的使用高,都(D)　會(D)　有(V_2)　波(Nf)　洗手間(Nc)　的(DE)　使用(VC)　高(A),[]
所以會隨時注意商務艙乘客的動向,所以(Cbb)　會(D)　隨時(D)　注意(VK)　商務艙(Na)　乘客(Na)　的(DE)　動向(Na),[]
主動引導客人至確認過整潔度的洗手間使用,主動(VH)　引導(VC)　客人(Na)　至(P)　確認(VE)　過(Di)　整潔度(Na)　的(DE)　洗手間(Nc)　使用(VC),[]
也說,也(D)　說(VE),[]
未能當下完整說明造成旅客不適,未(D)　能(D)　當下(D)　完整(VH)　說明(VE)　造成(VK)　旅客(Na)　不適(VH),[]
坦言需要檢討改善,坦言(VE)　需要(VK)　檢討(VE)　改善(VC),[]
事件在網路上引發熱議,事件(Na)　在(P)　網路(Na)　上(Ncd)　引發(VC)　熱議(Na),[]
部分網友與曾搭乘星宇頭等艙的乘客表示,部分(Neqa)　網友(Na)　與(Caa)　曾(D)　搭乘(VC)　星宇(Nb)　頭等艙(Na)　的(DE)　乘客(Na)　表示(VE),[]
前方洗手間在有頭等,前方(Ncd)　洗手間(Nc)　在(P)　有(V_2)　頭等(Na),[]
艙旅客時,艙(Na)　旅客(Na)　時(Ng),[]
確實以頭等艙優先使用為原則,確實(D)　以(P)　頭等艙(Na)　優先(D)　使用(VC)　為(VG)　原則(Na),[]
屬於艙等權益,屬於(VG)　艙等(Na)　權益(Na),[]
與是否為藝人無關,與(P)　是否(D)　為(VG)　藝人(Na)　無關(VH),[]
也有,也(D)　有(V_2),[]
人認為優先使用並不等同於完全禁止,人(Na)　認為(VE)　優先(D)　使用(VC)　並(D)　不等同於(D)　完全(D)　禁止(VE),[]
規則若未清楚標示或事前告知,規則(Na)　若(Cbb)　未(D)　清楚(VH)　標示(VC)　或(Caa)　事(Na)　前(Ng)　告知(VE),[]
容易造成,容易(VH)　造成(VK),[]
誤會,誤會(Na),[]
另有網友指出,另(Nes)　有(V_2)　網友(Na)　指出(VE),[]
星宇不同航班或不同情境下的實務操作,星宇(Na)　不同(VH)　航班(Na)　或(Caa)　不同(VH)　情境(Na)　下(Ng)　的(DE)　實務(Na)　操作(VC),"[{'word': '星宇', 'ner': 'ORG'}]"
與對外說明不夠致,與(P)　對(P)　外(Ncd)　說明(VE)　不(D)　夠(VH)　致(VL),[]
爭議的核心,爭議(Na)　的(DE)　核心(Na),[]
截至目前,截至(P)　目前(Nd),[]
星宇航空尚未對此事件另行發布公開聲明,星宇(Nb)　航空(Na)　尚未(D)　對(P)　此(Nep)　事件(Na)　另行(D)　發布(VE)　公開(VHC)　聲明(Na),"[{'word': '星宇航空', 'ner': 'ORG'}]"
該名旅客則表示,該(Nes)　名(Nf)　旅客(Na)　則(D)　表示(VE),[]
自己關注的重點,自己(Nh)　關注(VJ)　的(DE)　重點(Na),[]
並非藝人身分或艙等高低,並非(D)　藝人(Na)　身分(Na)　或(Caa)　艙等(Na)　高低(Nv),[]
而是制度是否清楚致,而是(Cbb)　制度(Na)　是否(D)　清楚(VH)　致(VL),[]
以及航空公司回應是否足以建立乘客,以及(Caa)　航空(Na)　公司(Nc)　回應(VC)　是否(D)　足以(VL)　建立(VC)　乘客(Na),[]
信任,信任(VJ),[]
原文連結,原文(Na)　連結(VC),[]
頗呵商務仔想搶頭等艙廁所,頗(Dfa)　呵(T)　商務仔(Na)　想(VE)　搶(VD)　頭等艙(Na)　廁所(Nc),[]
頭等艙優先不是很正常嗎,頭等艙(Na)　優先(D)　不(D)　是(SHI)　很(Dfa)　正常(VH)　嗎(T),[]
台股三萬點買不起頭等艙應該要檢討自己而不是抱怨而其這人中文有問題吧,台股(Na)　三萬(Neu)　點(Nf)　買不起(VJ)　頭等艙(Na)　應該(D)　要(D)　檢討(VE)　自己(Nh)　而(Cbb)　不(D)　是(SHI)　抱怨(VE)　而(Cbb)　其(Nep)　這(Nep)　人(Na)　中文(Na)　有(V_2)　問題(Na)　吧(T),"[{'word': '台股', 'ner': 'NORP'}, {'word': '三萬', 'ner': 'CARDINAL'}, {'word': '中文', 'ner': 'LANGUAGE'}]"
星宇回覆的那句不因身份指的應該是同艙等下不分名人或般人,星宇(Nb)　回覆(VD)　的(DE)　那(Nep)　句(Nf)　不(D)　因(P)　身份(Na)　指(VG)　的(DE)　應該(D)　是(SHI)　同(Nes)　艙等(Na)　下(Ng)　不(D)　分(VC)　名人(Na)　或(Caa)　般人(Na),"[{'word': '星宇', 'ner': 'ORG'}]"
而不是不同艙等的乘客間而且,而(Cbb)　不(D)　是(SHI)　不同(VH)　艙等(Na)　的(DE)　乘客(Na)　間(Ng)　而且(Cbb),[]
董仔最會設計飛機了,董仔(Nb)　最(Dfa)　會(D)　設計(VC)　飛機(Na)　了(T),[]
怎麼可能會有艙等設計問題,怎麼(D)　可能(D)　會(D)　有(V_2)　艙等(Na)　設計(Na)　問題(Na),[]
頭等旅客已進入甜點階段,頭等(A)　旅客(Na)　已(D)　進入(VCL)　甜點(Na)　階段(Na),[]
當然廁所要先備妥等他們來尿啊想和及漢典平起平坐用廁所的話,當然(D)　廁所(Nc)　要(D)　先(D)　備妥(VC)　等(P)　他們(Nh)　來(D)　尿(VA)　啊(T)　想(VE)　和(Caa)　及(Caa)　漢典(Nb)　平起平坐(VA)　用(VC)　廁所(Nc)　的話(Cba),"[{'word': '漢典', 'ner': 'GPE'}]"
就要先買頭等艙啊,就(D)　要(D)　先(D)　買(VC)　頭等艙(Na)　啊(T),[]
艙等不同有差別待遇不是很正常,艙等(Na)　不同(VH)　有(V_2)　差別(Na)　待遇(Na)　不(D)　是(SHI)　很(Dfa)　正常(VH),[]
不會因為乘客身份額外優待只會因為艙等和出的錢額外優待,不會(D)　因為(Cbb)　乘客(Na)　身份(Na)　額外(A)　優待(Na)　只(Da)　會(D)　因為(Cbb)　艙等(Na)　和(Caa)　出(VC)　的(DE)　錢(Na)　額外(A)　優待(Na),[]
這人中文有問題吧,這(Nep)　人(Na)　中文(Na)　有(V_2)　問題(Na)　吧(T),"[{'word': '中文', 'ner': 'LANGUAGE'}]"
頭等艙優先,頭等艙(Na)　優先(D),[]
跟不會因為人而有差別待遇是兩回事啊,跟(P)　不會(D)　因為(Cbb)　人(Na)　而(Cbb)　有(V_2)　差別(Na)　待遇(Na)　是(SHI)　兩回事(Na)　啊(T),"[{'word': '兩', 'ner': 'CARDINAL'}]"
不過幹嘛不直接禁止,不過(Cbb)　幹嘛(D)　不(D)　直接(VH)　禁止(VE),[]
簾子拉上不能過去區不就好了自己人兩間廁所很夠用啊,簾子(Na)　拉上(VC)　不能(D)　過去(VA)　區(Nc)　不(D)　就(D)　好(VH)　了(T)　自己人(Na)　兩(Neu)　間(Nf)　廁所(Nc)　很(Dfa)　夠(VH)　用(VC)　啊(T),"[{'word': '兩', 'ner': 'CARDINAL'}]"
他們身價自己買頭等艙都很輕鬆吧,他們(Nh)　身價(Na)　自己(Nh)　買(VC)　頭等艙(Na)　都(D)　很(Dfa)　輕鬆(VH)　吧(T),[]
還要送,還(D)　要(D)　送(VD),[]
在發文成以上假的,在(P)　發文(VC)　成(VG)　以上(Ng)　假(VH)　的(DE),[]
我律不看,我(Nh)　律(Na)　不(D)　看(VC),[]
星宇頭等基本都沒人,星宇(Na)　頭等(A)　基本(Na)　都(D)　沒(VJ)　人(Na),[]
蛤商務艙用啥頭等艙廁所,蛤(Na)　商務艙(Na)　用(VC)　啥(Nep)　頭等艙(Na)　廁所(Nc),[]
這不是買不買得起的問題吧就是人家結婚送禮祝賀只是般人送紅包董送機票,這(Nep)　不(D)　是(SHI)　買不買得起(VJ)　的(DE)　問題(Na)　吧(T)　就是(D)　人家(Nh)　結婚(VA)　送(VD)　禮(Na)　祝賀(VC)　只是(D)　般(Na)　人(Na)　送(VD)　紅包(Na)　董(Nb)　送(VD)　機票(Na),[]
飛機上空間小,飛機(Na)　上(Ncd)　空間(Na)　小(VH),[]
資本主義的差距感受不明顯這人要是去搭郵輪,資本主義(Na)　的(DE)　差距(Na)　感受(Na)　不(D)　明顯(VH)　這(Nep)　人(Na)　要是(Cbb)　去(D)　搭(VC)　郵輪(Na),[]
是不是也要抱怨某些區域服務只能高級艙等旅客進入使用,是(SHI)　不(D)　是(SHI)　也(D)　要(D)　抱怨(VE)　某些(Neqa)　區域(Nc)　服務(VC)　只(Da)　能(D)　高級(VH)　艙等(Na)　旅客(Na)　進入(VCL)　使用(VC),[]
頭等艙沒客人會給商務艙用,頭等艙(Na)　沒(VJ)　客人(Na)　會(D)　給(VD)　商務艙(Na)　用(P),[]
頭等艙有客人就頭等艙專用吧,頭等艙(Na)　有(V_2)　客人(Na)　就(P)　頭等艙(Na)　專用(VI)　吧(T),[]
跟他們是買還是送的無關吧,跟(P)　他們(Nh)　是(SHI)　買(VC)　還是(Caa)　送(VD)　的(DE)　無關(VH)　吧(T),[]
今天讓你用,今天(Nd)　讓(VL)　你(Nh)　用(P),"[{'word': '今天', 'ner': 'DATE'}]"
變成頭等艙寫客訴信,變成(VG)　頭等艙(Na)　寫(VC)　客訴(Na)　信(Na),[]
平常給你用還真以為自己是頭等艙喔呵呵,平常(Nd)　給(VD)　你(Nh)　用(VC)　還(D)　真(D)　以為(VE)　自己(Nh)　是(SHI)　頭等艙(Na)　喔(T)　呵呵(I),[]
沒有在中間裝簾子隔板,沒有(D)　在(P)　中間(Ncd)　裝(VC)　簾子(Na)　隔板(Na),[]
都放在旁邊了,都(D)　放(VC)　在(P)　旁邊(Ncd)　了(T),[]
哪來的空間再塞,哪來(D)　的(DE)　空間(Na)　再(D)　塞(VC),[]
這問題在更嚴重,這(Nep)　問題(Na)　在(P)　更(D)　嚴重(VH),[]
數量沒增加,數量(Na)　沒(D)　增加(VHC),[]
沒人就人用,沒(VJ)　人(Na)　就(D)　人(Na)　用(VC),[]
有人就會變成人用,有(V_2)　人(Na)　就(D)　會(D)　變成(VG)　人(Na)　用(VC),[]
唯優勢就都不在座位旁邊,唯(Da)　優勢(Na)　就(D)　都(D)　不(D)　在(P)　座位(Na)　旁邊(Ncd),[]
最後排稍微安靜點,最後(Nd)　排(VC)　稍微(D)　安靜(VH)　點(Dfb),[]
因為頭等艙客人用餐到甜點了,因為(Cbb)　頭等艙(Na)　客人(Na)　用餐(VA)　到(P)　甜點(Na)　了(Di),[]
表示結束後非常有可能會用,表示(VE)　結束(VHC)　後(Ng)　非常(Dfa)　有(V_2)　可能(Na)　會(D)　用(VC),[]
空服員當然要把空出來,空服員(Na)　當然(D)　要(D)　把(P)　空出來(VC),[]
商務艙滾去後面,商務艙(Na)　滾(VA)　去(VCL)　後面(Ncd),[]
就這樣,就(D)　這樣(VH),[]
員工年終個月,員工(Na)　年終(Nd)　個(Nf)　月(Na),[]
但送頭等艙機票給藝人,但(Cbb)　送(VD)　頭等艙(Na)　機票(Na)　給(VD)　藝人(Na),[]
如果前艙想出來拉屎,如果(Cbb)　前艙(Na)　想出來(VB)　拉屎(VA),[]
頭等艙又想使用廁所,頭等艙(Na)　又(D)　想(VE)　使用(VC)　廁所(Nc),[]
那該怎麼辦,那(Nep)　該(D)　怎麼辦(VH),[]
日航可是有兩間廁所喔,日航(Nb)　可是(D)　有(V_2)　兩(Neu)　間(Nf)　廁所(Nc)　喔(T),"[{'word': '日航', 'ner': 'ORG'}, {'word': '兩', 'ner': 'CARDINAL'}]"
不考慮多個聯名尿壺當頭等艙備品嗎,不(D)　考慮(VE)　多(Neqa)　個(Nf)　聯名(D)　尿壺(Na)　當(VG)　頭等艙(Na)　備品(Na)　嗎(T),[]
漲知識,漲(VH)　知識(Na),[]
商務艙旅客抱怨,商務艙(Na)　旅客(Na)　抱怨(VE),[]
想用頭等艙的廁所被制止,想(VE)　用(P)　頭等艙(Na)　的(DE)　廁所(Nc)　被(P)　制止(VC),[]
董事長出來耍個寶,董事長(Na)　出來(VA)　耍(VC)　個(Di)　寶(Na),[]
就消氣了啦,就(D)　消氣(VH)　了(T)　啦(T),[]
空的座位對航空公司來說只有餐點的費用,空(Nc)　的(DE)　座位(Na)　對(P)　航空(Na)　公司(Nc)　來(D)　說(VE)　只(Cbb)　有(V_2)　餐點(Na)　的(DE)　費用(Na),[]
問題還不是出在和之間沒間隔沒布簾,問題(Na)　還不是(D)　出(VC)　在(P)　和(P)　之間(Ng)　沒(VJ)　間隔(Na)　沒(VJ)　布簾(Na),[]
人家商務起來看到在視線範圍內的前方有間廁所走過去用是客人的問題,人家(Nh)　商務(Na)　起來(Di)　看到(VE)　在(P)　視線(Na)　範圍(Na)　內(Ncd)　的(DE)　前方(Ncd)　有(V_2)　間(Nf)　廁所(Nc)　走過去(VA)　用(VC)　是(SHI)　客人(Na)　的(DE)　問題(Na),[]
真的是玻璃心巨嬰,真的(D)　是(SHI)　玻璃心(Na)　巨嬰(Na),[]
廢話頭等艙商務艙差別待遇沒毛病,廢話(Na)　頭等艙(Na)　商務艙(Na)　差別(Na)　待遇(Na)　沒(VJ)　毛病(Na),[]
剛剛再看了下配置圖其實他也可以把第二區的三間廁所都撥給商務,剛剛(D)　再(D)　看(VC)　了下(Di)　配置圖(Na)　其實(D)　他(Nh)　也(D)　可以(D)　把(P)　第二(Neu)　區(Nc)　的(DE)　三(Neu)　間(Nf)　廁所(Nc)　都(D)　撥給(VD)　商務(Na),"[{'word': '第二', 'ner': 'ORDINAL'}, {'word': '三', 'ner': 'CARDINAL'}]"
豪經去後面跟經濟分享廁所就沒問題,豪(Nb)　經(P)　去(VCL)　後面(Ncd)　跟(P)　經濟(Na)　分享(VJ)　廁所(Nc)　就(D)　沒(VJ)　問題(Na),[]
你們這些星黑,你們(Nh)　這些(Neqa)　星(VH)　黑(VH),[]
星宇頭等怎麼可能基本都沒人,星宇(Na)　頭等(A)　怎麼(D)　可能(D)　基本(A)　都(D)　沒(VJ)　人(Na),[]
怎麼沒有淋浴間,怎麼(D)　沒有(VJ)　淋浴間(Nc),[]
我是說我啦,我(Nh)　是(SHI)　說(VE)　我(Nh)　啦(T),[]
有錢人不會不懂,有錢人(Na)　不會(D)　不(D)　懂(VK),[]
樓超愛星宇航空,樓(Nc)　超愛(Nb)　星宇(Na)　航空(Na),[]
超呵,超呵(I),[]
憋不住直接當場脫褲尿在地上好了,憋不住(VH)　直接(VH)　當場(D)　脫褲(VC)　尿(VA)　在(P)　地(Nc)　上(Ncd)　好了(T),[]
董下次拿新台幣砸我,董(Nb)　下(Nes)　次(Nf)　拿(VC)　新台幣(Na)　砸(VC)　我(Nh),[]
直上頭等艙啾咪,直(D)　上(VCL)　頭等艙(Na)　啾咪(D),[]
認同樓,認同(Nc)　樓(Nc),[]
樓因為他們沒裝廉子,樓(Na)　因為(Cbb)　他們(Nh)　沒(D)　裝(VF)　廉子(Na),[]
星宇航空跟商務艙說前面有陳漢典喔,星宇(Na)　航空(Na)　跟(P)　商務艙(Na)　說(VE)　前面(Ncd)　有(V_2)　陳漢典(Nb)　喔(T),"[{'word': '星宇航空', 'ner': 'ORG'}, {'word': '陳漢典', 'ner': 'PERSON'}]"
隱私真棒,隱私(Na)　真(D)　棒(VH),[]
可悲巨嬰,可悲(VH)　巨嬰(Na),[]
沒簾子,沒(VJ)　簾子(Na),[]
魚翅有簾子,魚翅(Na)　有(V_2)　簾子(Na),[]
沒簾子分開,沒(VJ)　簾子(Na)　分開(VHC),[]
但是空服員來勸說並解釋啦,但是(Cbb)　空服員(Na)　來(D)　勸說(VF)　並(Cbb)　解釋(VE)　啦(T),[]
這樣還要硬要使用是怎樣,這樣(VH)　還(Dfa)　要(D)　硬(D)　要(D)　使用(VC)　是(SHI)　怎樣(VH),[]
你客人你就都是對的是不是,你(Nh)　客人(Na)　你(Nh)　就(D)　都(D)　是(SHI)　對(VH)　的(DE)　是(SHI)　不(D)　是(SHI),[]
不可能是空服員說的但可能在機場被粉絲看到了所以商務艙旅客不論空服怎麼解釋就是認定商務艙旅客不能用頭等艙廁所點是星宇給名人的特權結果影響他們真金白銀買商務艙的旅客,不可能(D)　是(SHI)　空服員(Na)　說(VE)　的(T)　但(Cbb)　可能(D)　在(P)　機場(Nc)　被(P)　粉絲(Na)　看到(VE)　了(Di)　所以(Cbb)　商務艙(Na)　旅客(Na)　不論(Cbb)　空服(Na)　怎麼(D)　解釋(VE)　就是(Cbb)　認定(VE)　商務艙(Na)　旅客(Na)　不能(D)　用(P)　頭等艙(Na)　廁所點(Nc)　是(SHI)　星宇(Na)　給(VD)　名人(Na)　的(DE)　特權(Na)　結果(Na)　影響(VC)　他們(Nh)　真金白銀(VH)　買(VC)　商務艙(Na)　的(DE)　旅客(Na),[]
窮人就愛亂叫啊,窮人(Na)　就(D)　愛(VL)　亂(VH)　叫(VE)　啊(T),[]
樓看起來是原下機後自己才看到頭等坐漢典跟的,樓(Nc)　看起來(D)　是(SHI)　原(D)　下機(VA)　後(Ng)　自己(Nh)　才(Da)　看到(VE)　頭等(A)　坐(VA)　漢典(Na)　跟(Caa)　的(DE),[]
名人優先,名人(Na)　優先(VH),[]
也是他的本事啊,也(D)　是(SHI)　他(Nh)　的(DE)　本事(Na)　啊(T),[]
買不起頭等艙就乖乖用你商務艙的廁所很難嗎,買不起(VJ)　頭等艙(Na)　就(D)　乖乖(VH)　用(P)　你(Nh)　商務艙(Na)　的(DE)　廁所(Nc)　很(Dfa)　難(VH)　嗎(T),[]
如果經濟艙的客人通通擠你商務艙的廁所你會說歡迎光臨,如果(Cbb)　經濟艙(Na)　的(DE)　客人(Na)　通通(D)　擠(VC)　你(Nh)　商務艙(Na)　的(DE)　廁所(Nc)　你(Nh)　會(D)　說(VE)　歡迎(VJ)　光臨(VCL),[]
簡單說就是以前的方便當隨便,簡單說(VE)　就(D)　是(SHI)　以前(Nd)　的(DE)　方便(VH)　當(VG)　隨便(VH),[]
當下被說不能用頭等艙廁所,當下(Nd)　被(P)　說(VE)　不能(D)　用(VC)　頭等艙(Na)　廁所(Nc),[]
摸摸鼻子回去用商務艙的就好了,摸摸(VC)　鼻子(Na)　回去(VA)　用(VC)　商務艙(Na)　的(DE)　就(D)　好(VH)　了(T),[]
不懂還上網公審圖的是什麼,不(D)　懂(VK)　還(D)　上網(VA)　公審(VC)　圖(VF)　的(DE)　是(SHI)　什麼(Nep),[]
難道經濟艙的全部跑去上商務艙的,難道(D)　經濟艙(Na)　的(DE)　全部(Neqa)　跑去(VCL)　上(VCL)　商務艙(Na)　的(DE),[]
公審的人會爽嗎,公審(VC)　的(DE)　人(Na)　會(D)　爽(VH)　嗎(T),[]
買商務艙就該知道你上面還有頭等艙,買(VC)　商務艙(Na)　就(D)　該(D)　知道(VK)　你(Nh)　上面(Ncd)　還(D)　有(V_2)　頭等艙(Na),[]
怎麼不買頭等,怎麼(D)　不(D)　買頭(VC)　等(Cab),[]
航空業差別待遇不是很正常,航空業(Na)　差別(Na)　待遇(Na)　不(D)　是(SHI)　很(Dfa)　正常(VH),[]
頭等艙優先登記的時候商務艙跟經濟艙有人上去吵過,頭等艙(Na)　優先(D)　登記(VC)　的(DE)　時候(Na)　商務艙(Na)　跟(P)　經濟艙(Na)　有(V_2)　人(Na)　上去(VA)　吵(VC)　過(Di),[]
不都默認這種階級劃分,不(D)　都(D)　默認(VK)　這(Nep)　種(Nf)　階級(Na)　劃分(Nv),[]
這種垃圾應該公佈出來,這(Nep)　種(Nf)　垃圾(Na)　應該(D)　公佈出來(VB),[]
窮人都有等了富人當然也有分阿,窮人(Na)　都(D)　有(V_2)　等(VC)　了(Di)　富人(Na)　當然(D)　也(D)　有(D)　分(VC)　阿(Nb),[]
坐星宇但沒錢坐頭等艙,坐(VA)　星宇(Na)　但(Cbb)　沒(VJ)　錢(Na)　坐(VA)　頭等艙(Na),[]
你就該知道上廁所必須乖乖往後面走,你(Nh)　就(D)　該(D)　知道(VK)　上廁所(VA)　必須(D)　乖乖(VH)　往(P)　後面(Ncd)　走(VA),[]
自以爲高人等的商務艙巨嬰好玻璃心,自以(VE)　爲(Na)　高(VH)　人等(Na)　的(DE)　商務艙(Na)　巨嬰(Na)　好(VH)　玻璃心(Na),[]
真的,真的(D),[]
精品有頭等,精品(Na)　有(V_2)　頭等(A),[]
精品商務當然是第二等,精品(Na)　商務(Na)　當然(D)　是(SHI)　第二(Neu)　等(Na),"[{'word': '第二', 'ner': 'ORDINAL'}]"
自己要有自覺,自己(Nh)　要(D)　有(V_2)　自覺(Na),[]
丑角個也算什麼名人又不是自己花錢買的,丑角(Na)　個(Nf)　也(D)　算(VG)　什麼(Nep)　名人(Na)　又(D)　不(D)　是(SHI)　自己(Nh)　花錢(VA)　買(VC)　的(DE),[]
重點是有人坐頭等艙以後的商務艙廁所問題呀,重點(Na)　是(SHI)　有(V_2)　人(Na)　坐(VA)　頭等艙(Na)　以後(Ng)　的(DE)　商務艙(Na)　廁所(Nc)　問題(Na)　呀(T),[]
今天他買頭等然後藝人只有買商務的話,今天(Nd)　他(Nh)　買(VA)　頭(Na)　等(VC)　然後(D)　藝人(Na)　只有(D)　買(VC)　商務(Na)　的話(Cba),"[{'word': '今天', 'ner': 'DATE'}]"
應該也是前面廁所保留給他了,應該(D)　也(D)　是(SHI)　前面(Ncd)　廁所(Nc)　保留給(VC)　他(Nh)　了(T),[]
藝人滾去後面,藝人(Na)　滾(VA)　去(VCL)　後面(Ncd),[]
未看先猜台女脆姐,未(D)　看(VC)　先(D)　猜(VE)　台女(Nc)　脆姐(VH),[]
星宇航空札幌台北商務艙紀錄,星宇(Nb)　航空(Na)　札幌(Nc)　台北(Nc)　商務艙(Na)　紀錄(Na),"[{'word': '星宇航空', 'ner': 'ORG'}, {'word': '札幌', 'ner': 'GPE'}, {'word': '台北', 'ner': 'GPE'}]"
波音的寶可夢彩繪機,波音(Nb)　的(DE)　寶可夢(Nb)　彩繪機(Na),[]
右舷那隻黃色的六尾超級吸睛,右(Ncd)　舷(Na)　那(Nep)　隻(Nf)　黃色(Na)　的(DE)　六(Neu)　尾(Nf)　超級(A)　吸睛(A),"[{'word': '六', 'ner': 'CARDINAL'}]"
真的非常幸運,真的(D)　非常(Dfa)　幸運(VH),[]
從國內航廈走到國際航廈大約分鐘,從(P)　國內(Nc)　航廈(Na)　走到(VCL)　國際(Nc)　航廈(Na)　大約(Da)　分鐘(Nf),"[{'word': '分鐘', 'ner': 'TIME'}]"
踏進出發大廳,踏進(VCL)　出發(Nv)　大廳(Nc),[]
有種柳暗花明的感覺,有種(V_2)　柳暗花明(VH)　的(DE)　感覺(Na),[]
挑高設計,挑高(VH)　設計(Na),[]
和大片落地窗,和(Caa)　大(VH)　片(Na)　落地窗(Na),[]
配上滿滿的木質調裝潢,配上(VC)　滿滿(VH)　的(DE)　木質調(Na)　裝潢(Na),[]
整個空間感變得很開闊,整(Neqa)　個(Nf)　空間感(Na)　變(VH)　得(DE)　很(Dfa)　開闊(VHC),[]
非常舒服,非常(Dfa)　舒服(VH),[]
星宇航空的櫃台在區,星宇(Nb)　航空(Na)　的(DE)　櫃台(Na)　在(P)　區(Nc),"[{'word': '星宇航空', 'ner': 'ORG'}]"
從中堂走過去還要再走段路,從(P)　中堂(Nb)　走過去(VA)　還要(Dfa)　再(D)　走(VA)　段(Nf)　路(Na),[]
中途會路過安檢出發口,中途(Nc)　會(D)　路過(VCL)　安檢(Na)　出發口(Nc),[]
新千歲機場的報到櫃台都是岸式,新千歲(VH)　機場(Nc)　的(DE)　報到(VA)　櫃台(Na)　都(D)　是(SHI)　岸式(A),"[{'word': '新千歲機場', 'ner': 'FAC'}]"
區都在同個區域,區(Nc)　都(D)　在(P)　同(Nes)　個(Nf)　區域(Na),[]
星宇跟國泰剛好排在起,星宇(Nb)　跟(P)　國泰(Nb)　剛好(VH)　排(VC)　在(VH)　起(Di),"[{'word': '星宇', 'ner': 'ORG'}, {'word': '國泰', 'ner': 'ORG'}]"
星宇櫃台的螢幕顯示跟台灣樣,星宇(Nb)　櫃台(Na)　的(DE)　螢幕(Na)　顯示(VK)　跟(P)　台灣(Nc)　樣(Na),"[{'word': '星宇櫃台', 'ner': 'FAC'}, {'word': '台灣', 'ner': 'GPE'}]"
都有史努比的圖案,都(D)　有(V_2)　史努比(Nb)　的(DE)　圖案(Na),"[{'word': '史努比', 'ner': 'PERSON'}]"
史努比圖案的登機證,史努比(Nb)　圖案(Na)　的(DE)　登機證(Na),[]
行李標籤也是可愛的史努比圖案,行李(Na)　標籤(Na)　也(D)　是(SHI)　可愛(VH)　的(DE)　史努比(Nb)　圖案(Na),"[{'word': '史努比', 'ner': 'PERSON'}]"
在新千歲機場,在(P)　新千歲(VH)　機場(Nc),"[{'word': '新千歲機場', 'ner': 'FAC'}]"
每家航空公司的商務艙應該都進機場公司營運的,每(Nes)　家(Nf)　航空(Na)　公司(Nc)　的(DE)　商務艙(Na)　應該(D)　都(D)　進(VCL)　機場(Nc)　公司(Nc)　營運(VA)　的(DE),[]
包含了台,包含(VJ)　了(Di)　台(Nc),[]
灣御三家國泰航空等,灣御(Nb)　三(Neu)　家(Nf)　國泰(Nb)　航空(Na)　等(Cab),"[{'word': '灣', 'ner': 'GPE'}, {'word': '三', 'ner': 'CARDINAL'}, {'word': '國泰航空', 'ner': 'ORG'}]"
延伸閱讀皇家貴賓室北海道新千歲機場,延伸(VH)　閱讀(VC)　皇家(Na)　貴賓室(Nc)　北海道(Nc)　新千歲(Nb)　機場(Nc),"[{'word': '皇家貴賓室', 'ner': 'FAC'}, {'word': '北海道', 'ner': 'GPE'}, {'word': '新千歲機場', 'ner': 'FAC'}]"
的食物好不好吃,的(DE)　食物(Na)　好不(VH)　好吃(VH),[]
光是在吧台看到湯咖哩味噌奶油拉麵等北海道,光(Da)　是(SHI)　在(P)　吧台(Na)　看到(VE)　湯(Na)　咖哩(Na)　味噌(Na)　奶油(Na)　拉麵(Na)　等(Cab)　北海道(Nc),"[{'word': '北海道', 'ner': 'GPE'}]"
在地味就很加分,在地味(Na)　就(D)　很(Dfa)　加分(VB),[]
而且還有其它熱食與酒水,而且(Cbb)　還(D)　有(V_2)　其它(Neqa)　熱食(Na)　與(Caa)　酒水(Na),[]
比起那種只有簡單茶水零食的茶水間,比起(P)　那(Nep)　種(Nf)　只(D)　有(V_2)　簡單(VH)　茶水(Na)　零食(Na)　的(DE)　茶水間(Na),[]
好太多了,好(VH)　太多(VH)　了(T),[]
在登機前能來上碗熱騰騰的在地料理,在(P)　登機(VA)　前(Ng)　能(D)　來(VC)　上(VCL)　碗(Na)　熱騰騰(VH)　的(DE)　在地(P)　料理(Na),[]
我個人會給予不錯的評價,我(Nh)　個人(Nh)　會(D)　給予(VD)　不錯(VH)　的(DE)　評價(Na),[]
在貴賓室滑手機滑太認真,在(P)　貴賓室(Nc)　滑(VA)　手機(Na)　滑(VH)　太(Dfa)　認真(VH),[]
晃過神才發現已經開始登機,晃過(VC)　神(Na)　才(Da)　發現(VE)　已經(D)　開始(VL)　登機(VA),[]
匆忙間隨手拍下了候機空間,匆忙(VH)　間(Ng)　隨手(D)　拍下(VC)　了(Di)　候機(Nv)　空間(Na),[]
木色調的地板搭配天花板格柵元素,木(Na)　色調(Na)　的(DE)　地板(Na)　搭配(VC)　天花板(Na)　格柵(Na)　元素(Na),[]
沒有傳統機場的金屬冷冽感,沒有(VJ)　傳統(VH)　機場(Nc)　的(DE)　金屬(Na)　冷冽感(Na),[]
反而給人種溫馨安定,反而(Cbb)　給(VD)　人種(Na)　溫馨(VH)　安定(Nv),[]
的氛圍,的(DE)　氛圍(Na),[]
這次在號登機門登機,這(Nep)　次(Nf)　在(P)　號(Na)　登機門(VA)　登機(VA),[]
我覺得這裡的候機空間蠻有意思的,我(Nh)　覺得(VK)　這裡(Ncd)　的(DE)　候機(Nv)　空間(Na)　蠻(Dfa)　有意思(VH)　的(T),[]
登機門的燈箱設在視線高度,登機門(Nc)　的(DE)　燈箱(Na)　設(VC)　在(P)　視線(Na)　高度(Na),[]
的立柱上,的(DE)　立柱(Na)　上(Ncd),[]
旁還掛著復古時鐘,旁(Ncd)　還(D)　掛(VC)　著(Di)　復古(VH)　時鐘(Na),[]
乍看之下真的有點點點點點像歐式車站的,乍看(VC)　之下(Ng)　真的(D)　有點點(Dfa)　點點點(Neqa)　像(VG)　歐式(A)　車站(Nc)　的(DE),[]
不過也,不過(Cbb)　也(D),[]
因為候機區的縱深不夠,因為(Cbb)　候機區(Nc)　的(DE)　縱深(VH)　不(D)　夠(VH),[]
排隊人潮多,排隊(VA)　人潮(Na)　多(VH),[]
視覺空間瞬間就被填滿,視覺(Na)　空間(Na)　瞬間(Nd)　就(D)　被(P)　填滿(VC),[]
連路過的走道都顯得熱,連(Cbb)　路過(VCL)　的(DE)　走道(Na)　都(D)　顯得(VK)　熱(VHC),[]
鬧非凡笑,鬧(VC)　非凡(VH)　笑(VA),[]
查驗完登機證後,查驗完(VE)　登機證(Na)　後(Ng),[]
要先走下樓梯才能接上空橋,要(D)　先(D)　走下(VCL)　樓梯(Na)　才(Da)　能(D)　接上(VC)　空橋(Na),[]
這環境有點像仁川機場,這(Nep)　環境(Na)　有點(Dfa)　像(VG)　仁川(Nc)　機場(Nc),"[{'word': '仁川機場', 'ner': 'FAC'}]"
星宇航空堪稱是近年台灣航空界的機型先驅,星宇(Nb)　航空(Na)　堪稱(VG)　是(SHI)　近年(Nd)　台灣(Nc)　航空界(Nc)　的(DE)　機型(Na)　先驅(Na),"[{'word': '星宇航空', 'ner': 'ORG'}, {'word': '台灣', 'ner': 'GPE'}]"
除了率先導入,除了(P)　率先(D)　導入(VC),[]
這次我有緣二,這(Nep)　次(Nf)　我(Nh)　有緣(VH)　二(Neu),[]
度搭乘的更是全台首架,度(Nf)　搭乘(VC)　的(DE)　更(Dfa)　是(SHI)　全(Neqa)　台(Nc)　首(Nes)　架(Nf),"[{'word': '台', 'ner': 'GPE'}]"
回顧這架號機的履歷,回顧(VE)　這(Nep)　架(Nf)　號機(Na)　的(DE)　履歷(Na),[]
它於年月交,它(Nh)　於(P)　年(Nf)　月(Na)　交(VD),"[{'word': '年月', 'ner': 'DATE'}]"
付後,付(VD)　後(Ng),[]
歷經四個月的驗證,歷經(VJ)　四(Neu)　個(Nf)　月(Na)　的(DE)　驗證(VE),"[{'word': '四個月', 'ner': 'DATE'}]"
終於在同年月正式投入營運,終於(D)　在(P)　同(Nes)　年(Nf)　月(Na)　正式(VH)　投入(VC)　營運(Nv),"[{'word': '同年月', 'ner': 'DATE'}]"
值得提的是,值得(VH)　提(VE)　的(DE)　是(SHI),[]
就在撰文當下,就(D)　在(P)　撰文(VA)　當下(D),[]
備受矚目的台灣第架也正翱翔在回家的途中,備受(P)　矚目(VB)　的(DE)　台灣(Nc)　第(Neu)　架(Nf)　也(D)　正(D)　翱翔(VA)　在(P)　回家(VA)　的(DE)　途中(Nc),"[{'word': '台灣', 'ner': 'GPE'}, {'word': '第架', 'ner': 'ORDINAL'}]"
註國籍首架於月日時分降落在桃園機場的跑道,註(Na)　國籍(Na)　首(Nes)　架(Nf)　於(P)　月日(Nd)　時(Na)　分(Nf)　降落(VA)　在(P)　桃園(Nc)　機場(Nc)　的(DE)　跑道(Na),"[{'word': '國籍', 'ner': 'NORP'}, {'word': '月日時分', 'ner': 'TIME'}, {'word': '桃園機場', 'ner': 'FAC'}]"
回程我選擇坐在靠窗的座位,回程(Na)　我(Nh)　選擇(VC)　坐(VA)　在(P)　靠(P)　窗(Na)　的(DE)　座位(Na),[]
行經日本本島時,行經(VCL)　日本(Nc)　本島(Nc)　時(Ng),"[{'word': '日本', 'ner': 'GPE'}]"
可以看到沿岸風光,可以(D)　看到(VE)　沿岸(Nc)　風光(Na),[]
也避免太陽西曬,也(D)　避免(VE)　太陽(Na)　西(VH)　曬(VJ),[]
史努比聯名的迎賓畫面,史努比(Nb)　聯名(D)　的(DE)　迎賓(VA)　畫面(Na),"[{'word': '史努比', 'ner': 'PERSON'}]"
安全須知卡,安全(VH)　須知(Na)　卡(Na),[]
跟回程相同的迎賓果汁,跟(P)　回程(Na)　相同(VH)　的(DE)　迎賓(Nb)　果汁(Na),[]
對於日本機坪的印象就是乾淨俐落,對於(P)　日本(Nc)　機坪(Nc)　的(DE)　印象(Na)　就(Cbb)　是(SHI)　乾淨(VH)　俐落(VH),"[{'word': '日本', 'ner': 'NORP'}]"
在時分開始後推,在(P)　時分(Na)　開始(VH)　後(Ng)　推(VC),[]
滑行經過日本兩大航的貨運航廈,滑行(VA)　經過(VCL)　日本(Nc)　兩(Neu)　大(VH)　航(VA)　的(DE)　貨運(Na)　航廈(Na),"[{'word': '日本', 'ner': 'GPE'}, {'word': '兩', 'ner': 'CARDINAL'}]"
發現日航招牌仍掛著舊版,發現(VE)　日航(Nb)　招牌(Na)　仍(D)　掛(VC)　著(Di)　舊版(Na),"[{'word': '日航', 'ner': 'ORG'}]"
由日本春秋代為操作的黑貓航空,由(P)　日本(Nc)　春秋(Nd)　代為(VF)　操作(VC)　的(DE)　黑貓(Nb)　航空(Na),"[{'word': '日本', 'ner': 'GPE'}]"
於時分在跑道滾行起飛,於(P)　時分(Na)　在(P)　跑道(Na)　滾行(VA)　起飛(VA),[]
距表定晚了分鐘,距(P)　表(VE)　定(VC)　晚(VH)　了(Di)　分鐘(Nf),"[{'word': '分鐘', 'ner': 'TIME'}]"
下次再來北海道,下(Nes)　次(Nf)　再(D)　來(VA)　北海道(Nc),"[{'word': '北海道', 'ner': 'FAC'}]"
已是白雪皚皚的時節,已(D)　是(SHI)　白雪(Na)　皚皚(VH)　的(DE)　時節(Na),[]
起飛分鐘,起飛(VA)　分鐘(Nf),[]
飛越道南最大城函館,飛越(VCL)　道南(Nc)　最(Dfa)　大(VH)　城(Na)　函館(Nc),"[{'word': '道南', 'ner': 'GPE'}]"
起飛約分鐘,起飛(VA)　約(Da)　分鐘(Nf),"[{'word': '約分鐘', 'ner': 'TIME'}]"
飛越了津輕海峽,飛越(VCL)　了(Di)　津輕海峽(Nc),"[{'word': '津輕海峽', 'ner': 'LOC'}]"
逐漸接近本州上空,逐漸(D)　接近(VC)　本(Nes)　州(Nc)　上空(Nc),[]
高度來到,高度(VH)　來到(VCL),[]
起初還能俯瞰秋田山形海岸線,起初(D)　還(D)　能(D)　俯瞰(VC)　秋田(Nc)　山形(Na)　海岸線(Na),"[{'word': '秋田山', 'ner': 'LOC'}]"
但隨著飛機持續攀升,但(Cbb)　隨著(P)　飛機(Na)　持續(VL)　攀升(VCL),[]
層轉厚遮蔽了視野,層轉(Na)　厚(VH)　遮蔽(VC)　了(Di)　視野(Na),[]
直至飛離本州空域,直至(P)　飛離(VCL)　本(Nes)　州(Nc)　空域(Na),[]
沿岸風光皆隱沒於雲下,沿岸(Nc)　風光(Na)　皆(D)　隱沒(VH)　於(P)　雲(Na)　下(Ncd),[]
開胃小點跟米果上桌,開胃(VH)　小點(VH)　跟(P)　米果(Na)　上桌(VA),"[{'word': '米果', 'ner': 'PERSON'}]"
接著是期待的用餐時刻,接著(D)　是(SHI)　期待(VK)　的(DE)　用餐(VA)　時刻(Na),[]
不過與去程相比,不過(Cbb)　與(P)　去程(Na)　相比(VB),[]
回程菜單日本僅有項,回程(Na)　菜單(Na)　日本(Nc)　僅(VJ)　有(V_2)　項(Nf),"[{'word': '日本', 'ner': 'GPE'}]"
西式則有兩項可供選,西式(A)　則(D)　有(V_2)　兩(Neu)　項(Nf)　可(D)　供(VF)　選(VC),"[{'word': '兩', 'ner': 'CARDINAL'}]"
鮭魚幽庵燒爐烤蔬菜,鮭魚(Na)　幽庵(Nc)　燒爐(VC)　烤(VC)　蔬菜(Na),"[{'word': '鮭魚幽庵', 'ner': 'FAC'}]"
開胃前菜依序是厚揚豆腐煙燻鮭魚蘿蔔捲山藥秋葵海帶沙拉,開胃(VH)　前菜(Na)　依序(D)　是(SHI)　厚揚(Nb)　豆腐(Na)　煙燻(A)　鮭魚(Na)　蘿蔔捲(Na)　山藥(Na)　秋葵(Na)　海帶(Na)　沙拉(Na),[]
日本餐點所附的什錦鮮菇炊飯真好吃,日本(Nc)　餐點(Na)　所(D)　附(VC)　的(DE)　什錦(A)　鮮菇(Na)　炊飯(Na)　真(D)　好吃(VH),"[{'word': '日本', 'ner': 'GPE'}]"
米飯加熱程度適中,米飯(Na)　加熱(VB)　程度(Na)　適中(VH),[]
口感不會乾硬或軟爛,口感(Na)　不會(D)　乾(VH)　硬(VH)　或(Caa)　軟(VH)　爛(VH),[]
主菜鮭魚幽庵燒爐烤蔬菜就是正常發揮,主菜(Na)　鮭魚(Na)　幽庵(Nc)　燒爐(VC)　烤(VC)　蔬菜(Na)　就(D)　是(SHI)　正常(VH)　發揮(VJ),"[{'word': '幽庵燒爐', 'ner': 'FAC'}]"
沒有腥味,沒有(VJ)　腥味(Na),[]
為了怕鮭魚油膩,為了(P)　怕(VK)　鮭魚(Na)　油膩(VH),[]
佐餐酒選擇白鶴淡雪氣泡清酒,佐餐酒(Na)　選擇(VC)　白鶴(Na)　淡雪(VH)　氣泡(Na)　清酒(Na),[]
清爽好喝啊,清爽(VH)　好喝(VH)　啊(T),"[{'word': '清爽', 'ner': 'PERSON'}]"
甜點是日本豆沙和菓子,甜點(Na)　是(SHI)　日本(Nc)　豆沙(Na)　和菓子(Caa),"[{'word': '日本', 'ner': 'GPE'}]"
搭配招牌銀河碧螺春真是絕配,搭配(VC)　招牌(Na)　銀河(Na)　碧螺春(Nb)　真是(D)　絕配(Na),"[{'word': '銀河碧螺春', 'ner': 'PRODUCT'}]"
另外,另外(Cbb),[]
我也大推那杯加了玄,我(Nh)　也(D)　大推(VC)　那(Nep)　杯(Nf)　加(VC)　了(Di)　玄(Nv),[]
米龍眼酒的橙香迷霧,米(Na)　龍眼酒(Na)　的(DE)　橙香(Na)　迷霧(Na),"[{'word': '米龍眼酒', 'ner': 'PRODUCT'}]"
好喝到讓我又單點了杯純釀,好喝(VH)　到(P)　讓(VL)　我(Nh)　又(D)　單(Da)　點(VC)　了(Di)　杯(Nf)　純(Na)　釀(VC),[]
那香氣真的太迷人了,那(Nep)　香氣(Na)　真的(D)　太(Dfa)　迷人(VH)　了(T),[]
西式餐點的前菜,西式(A)　餐點(Na)　的(DE)　前菜(Na),[]
太座選擇了法式洋蔥清湯,太座(Na)　選擇(VC)　了(Di)　法式(A)　洋蔥(Na)　清湯(Na),"[{'word': '法式', 'ner': 'NORP'}]"
香煎豚肩佐法式獵人醬汁焦糖蘋果芹菜根泥,香煎(Na)　豚肩(Na)　佐(VC)　法式(A)　獵人(Na)　醬汁(Na)　焦糖(Na)　蘋果(Na)　芹菜(Na)　根泥(Na),"[{'word': '法式', 'ner': 'NORP'}]"
西式餐點才有的起司盤,西式(A)　餐點(Na)　才(Da)　有(V_2)　的(DE)　起司盤(Na),[]
甜點是北海道冰淇淋,甜點(Na)　是(SHI)　北海道(Nc)　冰淇淋(Na),"[{'word': '北海道冰淇淋', 'ner': 'FAC'}]"
餐後使用洗手間時,餐(Na)　後(Ng)　使用(VC)　洗手間(Nc)　時(Ng),[]
意外發現捲筒衛生紙已換成了印有桃機北跑道的樣式,意外(VK)　發現(VE)　捲筒(Na)　衛生紙(Na)　已(D)　換成(VG)　了(Di)　印有(VJ)　桃機(Nc)　北(Ncd)　跑道(Na)　的(DE)　樣式(Na),"[{'word': '桃機北跑道', 'ner': 'FAC'}]"
影音系統竟然有阿彌陀佛聖號,影音(Na)　系統(Na)　竟然(D)　有(V_2)　阿彌陀佛(Nb)　聖號(Na),"[{'word': '阿彌陀佛', 'ner': 'PERSON'}]"
真的有人會聽嗎,真的(D)　有(V_2)　人(Na)　會(D)　聽(VE)　嗎(T),[]
飛行途中,飛行(VA)　途中(Nc),[]
經濟艙會放發聯名的紅茶口味蛋捲,經濟艙(Na)　會(D)　放發(VD)　聯名(D)　的(DE)　紅茶(Na)　口味(Na)　蛋捲(Na),[]
降落前的糖果,降落(VA)　前(Ng)　的(DE)　糖果(Na),[]
沿著海岸線掠過台北港,沿(P)　著(Di)　海岸線(Na)　掠過(VCL)　台北港(Nc),"[{'word': '台北港', 'ner': 'FAC'}]"
並於時分順利降落在北跑道,並(Cbb)　於(P)　時分(Na)　順利(VH)　降落(VA)　在(P)　北(Ncd)　跑道(Na),[]
在尖峰時間回來台灣,在(P)　尖峰(A)　時間(Na)　回來(VA)　台灣(Nc),"[{'word': '台灣', 'ner': 'GPE'}]"
拿到手上這張綠色小卡宛如得到快速通關資格樣,拿到(VC)　手(Na)　上(Ncd)　這(Nep)　張(Nf)　綠色(Na)　小卡(Na)　宛如(VG)　得到(VJ)　快速(VH)　通關(VA)　資格(Na)　樣(Na),[]
文末附上的飛行資訊圖,文(Na)　末(Ncd)　附上(VC)　的(DE)　飛行(VA)　資訊圖(Na),[]
起飛影片,起飛(VA)　影片(Na),[]
落地影片,落地(VA)　影片(Na),[]
後記,後記(Na),[]
忍時風平浪靜,忍時(VJ)　風平浪靜(VH),[]
退步越想越氣,退步(VH)　越(D)　想(VE)　越(D)　氣(VK),[]
星宇的代理地勤是日航,星宇(Na)　的(DE)　代理(Nv)　地勤(Na)　是(SHI)　日航(Nb),[]
當天報到時,當天(Nd)　報到(VA)　時(Ng),"[{'word': '當天', 'ner': 'DATE'}]"
地勤問了句我聽不懂的英文,地勤(Na)　問(VE)　了(Di)　句(Nf)　我(Nh)　聽(VK)　不(D)　懂(VK)　的(DE)　英文(Na),"[{'word': '英文', 'ner': 'LANGUAGE'}]"
所以我請她再重複,所以(Cbb)　我(Nh)　請(VF)　她(Nh)　再(D)　重複(VC),[]
但我仍然聽不懂,但(Cbb)　我(Nh)　仍然(D)　聽(VK)　不(D)　懂(VK),[]
對方頓時看了隔壁同事,對方(Nh)　頓時(D)　看(VC)　了(Di)　隔壁(Nc)　同事(Na),[]
並在我面前翻白眼,並(Cbb)　在(P)　我(Nh)　面前(Nc)　翻(VH)　白眼(Na),[]
當下就覺得算了,當下(Nd)　就(D)　覺得(VK)　算了(VH),[]
這是我的問題,這(Nep)　是(SHI)　我(Nh)　的(DE)　問題(Na),[]
我只想快點託運行李,我(Nh)　只(Da)　想(VE)　快點(D)　託運(VC)　行李(Na),[]
但事後越想越氣,但(Cbb)　事(Na)　後(Ng)　越(D)　想(VE)　越(D)　氣(VK),[]
為什麼我承受妳的白眼,為什麼(D)　我(Nh)　承受(VC)　妳(Nh)　的(DE)　白眼(Na),[]
最後雖投了意見反應,最後(Nd)　雖(Cbb)　投(VC)　了(Di)　意見(Na)　反應(Na),[]
想當然爾只會收到罐頭式的回覆,想當然爾(D)　只(Da)　會(D)　收到(VC)　罐頭式(A)　的(DE)　回覆(VD),[]
雖然搭機的好心情受到影響,雖然(Cbb)　搭機(VA)　的(DE)　好(VH)　心情(Na)　受到(VJ)　影響(Na),[]
但星宇的機上服務依讓人稱讚,但(Cbb)　星宇(Nb)　的(DE)　機(Na)　上(Ncd)　服務(VC)　依(P)　讓(VL)　人(Na)　稱讚(VE),"[{'word': '星宇', 'ner': 'ORG'}]"
尤其是座艙長的幽默互動,尤其(D)　是(SHI)　座艙長(Na)　的(DE)　幽默(VH)　互動(VA),[]
為航程增色不少,為(P)　航程(Na)　增色(VH)　不少(VH),[]
此外,此外(Cbb),[]
商務艙的舒適度不輸,商務艙(Na)　的(DE)　舒適度(Na)　不(D)　輸(VD),[]
餐點美味之外,餐點(Na)　美味(VH)　之外(Ng),[]
酒水選擇更,酒水(Na)　選擇(Na)　更(D),[]
是眾多,是(SHI)　眾多(VH),[]
空服員也總是不吝於為主動續杯,空服員(Na)　也(D)　總是(D)　不吝於(D)　為(VG)　主動(VH)　續杯(VA),[]
服務相當到位,服務(VC)　相當(Dfa)　到位(VH),[]
的地勤好的很好,的(DE)　地勤(Na)　好(VH)　的(DE)　很(Dfa)　好(VH),[]
爛的的比工讀生還沒用,爛(VH)　的(DE)　的(DE)　比(P)　工讀生(Na)　還(D)　沒用(VH),[]
仙台遇到的地勤也超高傲,仙台(Nc)　遇到(VC)　的(DE)　地勤(Na)　也(D)　超高傲(Dfa),"[{'word': '仙台', 'ner': 'GPE'}]"
好奇地勤到底問了你什麼,好奇(VH)　地(DE)　勤(VH)　到底(D)　問(VE)　了(Di)　你(Nh)　什麼(Nep),[]
報到會問的問題通常也就那些,報到(VA)　會(D)　問(VE)　的(DE)　問題(Na)　通常(D)　也(D)　就(P)　那些(Neqa),[]
有時候遇到口音重點的真的會聽不太懂但可能是我本身聽力不太好,有時候(D)　遇到(VC)　口音(Na)　重點(Na)　的(DE)　真的(D)　會(D)　聽(VK)　不(D)　太(Dfa)　懂(VK)　但(Cbb)　可能(D)　是(SHI)　我(Nh)　本身(Nh)　聽力(Na)　不(D)　太(Dfa)　好(VH),[]
謝謝分享,謝謝(VJ)　分享(VJ),[]
有看有推,有(V_2)　看(VC)　有(V_2)　推(VC),[]
員工怨星宇年終個月太少張國煒直球回應,員工(Na)　怨(VK)　星宇(Nb)　年終(Nd)　個(Nf)　月(Na)　太少(VH)　張國煒(Nb)　直(Na)　球(Na)　回應(VC),"[{'word': '張國煒', 'ner': 'PERSON'}]"
民報,民報(Nb),"[{'word': '民報', 'ner': 'WORK_OF_ART'}]"
年結束,年(Na)　結束(VHC),[]
台灣航空業迎來報復性旅遊帶來的豐碩成果,台灣(Nc)　航空業(Na)　迎來(VC)　報復性(Na)　旅遊(VA)　帶來(VC)　的(DE)　豐碩(VH)　成果(Na),"[{'word': '台灣', 'ner': 'GPE'}]"
各大航空公司營收紛紛刷新歷,各(Nes)　大(VH)　航空(Na)　公司(Nc)　營收(Na)　紛紛(D)　刷新(VC)　歷(VJ),[]
史紀錄,史(Na)　紀錄(Na),[]
然而在這片看似繁榮的榮景下,然而(Cbb)　在(P)　這(Nep)　片(Nf)　看似(VG)　繁榮(VHC)　的(DE)　榮景(Na)　下(Ng),[]
星宇航空近日卻因發放年終獎金的數額引起軒然,星宇(Nb)　航空(Na)　近日(Nd)　卻(D)　因(Cbb)　發放(VD)　年終(Nd)　獎金(Na)　的(DE)　數額(Na)　引起(VC)　軒然(Na),"[{'word': '星宇航空', 'ner': 'ORG'}]"
大波,大(Nb)　波(Nf),[]
由於星宇在去年前個月的累計營收已逼近億元,由於(Cbb)　星宇(Nb)　在(P)　去年(Nd)　前(Nes)　個(Nf)　月(Na)　的(DE)　累計(VJ)　營收(Na)　已(D)　逼近(VCL)　億(Neu)　元(Nf),"[{'word': '星宇', 'ner': 'ORG'}, {'word': '去年前個月', 'ner': 'DATE'}, {'word': '億元', 'ner': 'MONEY'}]"
展現強勁的成長動能,展現(VC)　強勁(VH)　的(DE)　成長(VH)　動能(Na),[]
但最,但(Cbb)　最(Dfa),[]
終拍板的個月年終獎金卻引發基層員工集體不滿,終(D)　拍板(VA)　的(DE)　個(Nf)　月(Na)　年終(Nd)　獎金(Na)　卻(D)　引發(VC)　基層(A)　員工(Na)　集體(D)　不滿(VK),[]
甚至在社群平台上出現強烈抱怨,甚至(D)　在(P)　社群(Na)　平台(Na)　上(Ncd)　出現(VH)　強烈(VH)　抱怨(VE),[]
聲音,聲音(Na),[]
針對相關情事,針對(P)　相關(VH)　情事(Na),[]
董事長張國煒直言,董事長(Na)　張國煒(Nb)　直言(VE),"[{'word': '張國煒', 'ner': 'PERSON'}]"
隨著新機加入,隨著(P)　新機(Na)　加入(VC),[]
年終獎金不好擴充,年終(Nd)　獎金(Na)　不(D)　好(VH)　擴充(VC),[]
希望員工,希望(VK)　員工(Na),[]
能夠體諒,能夠(D)　體諒(VK),[]
航空年終兩樣情星宇個月慘墊底,航空(Na)　年終(Nd)　兩樣(VH)　情(Na)　星宇(Na)　個(Nf)　月(Na)　慘(VH)　墊底(VH),"[{'word': '個月', 'ner': 'DATE'}]"
對比國籍航空同業,對比(Na)　國籍(Na)　航空(Na)　同業(Na),[]
星宇航空今年的年終獎金確實顯得相對寒酸,星宇(Nb)　航空(Na)　今年(Nd)　的(DE)　年終(Nd)　獎金(Na)　確實(D)　顯得(VK)　相對(VH)　寒酸(VH),"[{'word': '星宇航空', 'ner': 'ORG'}, {'word': '今年', 'ner': 'DATE'}]"
根據公開資料,根據(P)　公開(VHC)　資料(Na),[]
家航空公司年度的獎金發放狀況讓人稱羨,家(Nf)　航空(Na)　公司(Nc)　年度(Na)　的(DE)　獎金(Na)　發放(Nv)　狀況(Na)　讓(VL)　人(Na)　稱羨(VB),[]
其中,其中(Nep),[]
台灣虎航憑藉高毛利的短程航線與,台灣(Nc)　虎航(Nb)　憑藉(VJ)　高毛利(Na)　的(DE)　短程(Na)　航線(Na)　與(Caa),"[{'word': '台灣虎航', 'ner': 'ORG'}]"
靈活策略,靈活(VH)　策略(Na),[]
獲利能力驚人,獲利(VH)　能力(Na)　驚人(VH),[]
年終獎金預估將從個月起跳,年終(Nd)　獎金(Na)　預估(VE)　將(D)　從(P)　個(Nf)　月(Na)　起跳(VA),"[{'word': '個月', 'ner': 'DATE'}]"
成為航空業界的冠軍,成為(VG)　航空(Na)　業界(Nc)　的(DE)　冠軍(Na),[]
長榮航空宣布發放個月的年終獎金,長榮(Nb)　航空(Na)　宣布(VE)　發放(VD)　個(Nf)　月(Na)　的(DE)　年終(Nd)　獎金(Na),"[{'word': '長榮航空', 'ner': 'ORG'}]"
非主管調薪,非(Na)　主管(Na)　調薪(VH),[]
展現傳產龍頭的厚實底氣,展現(VC)　傳產(Na)　龍頭(Na)　的(DE)　厚實(VH)　底氣(Na),[]
華航預計在月日就年終獎金進行勞資協商,華航(Nc)　預計(VE)　在(P)　月(Nd)　日(Nd)　就(P)　年終(Nd)　獎金(Na)　進行(VC)　勞資(Na)　協商(VE),"[{'word': '華航', 'ner': 'ORG'}, {'word': '月日', 'ner': 'DATE'}]"
雖然最終數額尚未揭曉,雖然(Cbb)　最終(A)　數額(Na)　尚未(D)　揭曉(VE),[]
但業界預估將,但(Cbb)　業界(Nc)　預估(VE)　將(D),[]
維持在個月左右的高水準,維持(VJ)　在(P)　個(Nf)　月(Na)　左右(Ng)　的(DE)　高水準(Na),"[{'word': '個月', 'ner': 'DATE'}]"
而星宇航空則拍板發放個月年終,而(Cbb)　星宇(Nb)　航空(Na)　則(D)　拍板(VA)　發放(VD)　個(Nf)　月(Na)　年終(Nd),"[{'word': '星宇航空', 'ner': 'ORG'}]"
此數據出,此(Nep)　數據(Na)　出(VC),[]
立刻在等社群平台引發熱議,立刻(D)　在(P)　等(VC)　社群(Na)　平台(Na)　引發(VC)　熱議(Na),[]
不少星宇員工心寒表示每天加,不少(Neqa)　星宇(Nb)　員工(Na)　心寒(VH)　表示(VE)　每(Nes)　天(Nf)　加(VC),[]
班到爆,班(VCL)　到(P)　爆(VH),[]
看著營收節節攀升,看(VC)　著(Di)　營收(Na)　節節(D)　攀升(VCL),[]
結果年終跟去年樣,結果(Dk)　年終(Nd)　跟(P)　去年(Nd)　樣(Ng),[]
當初帶著夢想進來,當初(Nd)　帶(VC)　著(Di)　夢想(Na)　進來(VA),[]
現在卻發,現在(Nd)　卻(D)　發(VH),[]
現現實很殘酷,現(Nd)　現實(VH)　很(Dfa)　殘酷(VH),[]
更有員工直言,更(D)　有(V_2)　員工(Na)　直言(VE),[]
在物價飛漲的現況下,在(P)　物價(Na)　飛漲(VH)　的(DE)　現況(Na)　下(Ng),[]
個月的獎金讓大家情何以堪,個(Nf)　月(Na)　的(DE)　獎金(Na)　讓(VL)　大家(Nh)　情何以堪(VH),[]
員工心寒炸鍋熱情難敵空虛錢包,員工(Na)　心寒(VH)　炸鍋(Na)　熱情(Na)　難(VH)　敵(VC)　空虛(VH)　錢包(Na),[]
星宇航空直以來以精緻服務與高質感品牌自居,星宇(Nb)　航空(Na)　直(D)　以來(Ng)　以(P)　精緻(VH)　服務(VC)　與(Caa)　高質感(Na)　品牌(Na)　自居(VI),"[{'word': '星宇航', 'ner': 'ORG'}]"
吸引了大批對航空業有熱忱的,吸引(VJ)　了(Di)　大(VH)　批(Nf)　對(P)　航空業(Na)　有(V_2)　熱忱(Na)　的(DE),[]
年輕人加入,年輕人(Na)　加入(VC),[]
然而,然而(Cbb),[]
近期公司在宣傳新機交付與跨洲航網擴張時氣勢恢宏,近期(Nd)　公司(Nc)　在(P)　宣傳(VC)　新機(Na)　交付(VD)　與(Caa)　跨洲(A)　航網(Na)　擴張(VHC)　時(Ng)　氣勢(Na)　恢宏(VH),[]
甚至贊助台北,甚至(D)　贊助(VD)　台北(Nc),"[{'word': '台北', 'ner': 'GPE'}]"
跨年煙火,跨年(A)　煙火(Na),[]
但在員工福利的分配上卻顯得極度保守,但(Cbb)　在(P)　員工(Na)　福利(Na)　的(DE)　分配(Nv)　上(Ng)　卻(D)　顯得(VK)　極度(Dfa)　保守(VH),[]
因此引發員工抱怨,因此(Cbb)　引發(VC)　員工(Na)　抱怨(VE),[]
有員工爆料,有(V_2)　員工(Na)　爆料(VE),[]
公司內部氣氛近期相當低迷,公司(Nc)　內部(Ncd)　氣氛(Na)　近期(Nd)　相當(Dfa)　低迷(VH),[]
尤其是在得知長榮與虎航的獎金數額後,尤其(D)　是(SHI)　在(P)　得知(VK)　長榮(Nb)　與(Caa)　虎航(Nb)　的(DE)　獎金(Na)　數額(Na)　後(Ng),"[{'word': '長榮', 'ner': 'ORG'}, {'word': '虎航', 'ner': 'ORG'}]"
不少,不少(Neqa),[]
人開始考慮跳槽或回鍋前東家,人(Na)　開始(VL)　考慮(VE)　跳槽(VA)　或(Caa)　回(A)　鍋(Na)　前(Nes)　東家(Na),[]
員工認為,員工(Na)　認為(VE),[]
星宇已經過了新創需要共體時艱,星宇(Na)　已經(D)　過(VCL)　了(Di)　新創(VC)　需要(VK)　共體時艱(VA),"[{'word': '星宇', 'ner': 'ORG'}]"
的草創期,的(DE)　草創期(Na),[]
年營收表現既然已創下歷史新高,年(Nf)　營收(Na)　表現(VC)　既然(Cbb)　已(D)　創下(VC)　歷史(Na)　新高(Na),[]
理應給予員工與營收成長相稱的回饋,理應(D)　給予(VD)　員工(Na)　與(Caa)　營收(Na)　成長(VH)　相稱(VH)　的(DE)　回饋(Na),[]
而不是僅以個月獎金敷衍了事,而(Cbb)　不(D)　是(SHI)　僅(Da)　以(P)　個(Nf)　月(Na)　獎金(Na)　敷衍(VC)　了事(VA),[]
董親自釋疑交機高峰期需共體時艱,董(Nb)　親自(D)　釋疑(VA)　交(VD)　機(Na)　高峰期(Na)　需(D)　共體時艱(VA),"[{'word': '董', 'ner': 'PERSON'}]"
面對內部的抱怨與外界的質疑,面對(VC)　內部(Ncd)　的(DE)　抱怨(VE)　與(Caa)　外界(Ncd)　的(DE)　質疑(VE),[]
星宇航空董事長張國煒今日在親自駕駛全台首架,星宇(Nb)　航空(Na)　董事長(Na)　張國煒(Nb)　今日(Nd)　在(P)　親自(D)　駕駛(VC)　全(Neqa)　台(Nc)　首(Nes)　架(Nf),"[{'word': '星宇航空', 'ner': 'ORG'}, {'word': '張國煒', 'ner': 'PERSON'}, {'word': '今日', 'ner': 'DATE'}, {'word': '台', 'ner': 'GPE'}]"
抵台後,抵(VCL)　台(Nc)　後(Ng),"[{'word': '台', 'ner': 'GPE'}]"
針對年終獎金事件首度發聲,針對(P)　年終(Nd)　獎金(Na)　事件(Na)　首度(D)　發聲(VA),[]
他語重心長地指出,他(Nh)　語重心長(VH)　地(DE)　指出(VE),[]
星宇目前正處於最關鍵的,星宇(Nb)　目前(Nd)　正(D)　處於(VJ)　最(Dfa)　關鍵(VH)　的(DE),"[{'word': '星宇', 'ner': 'ORG'}]"
轉骨期,轉骨期(Na),[]
需要員工共體時艱,需要(VK)　員工(Na)　共體時艱(VA),[]
年對星宇而言是極其關鍵的年,年(Na)　對(P)　星宇(Na)　而言(Ng)　是(SHI)　極其(Dfa)　關鍵(VH)　的(DE)　年(Na),[]
機隊規模將迎來爆發式擴張,機隊(Na)　規模(Na)　將(D)　迎來(VC)　爆發式(Na)　擴張(VHC),[]
張國煒強調,張國煒(Nb)　強調(VE),"[{'word': '張國煒', 'ner': 'PERSON'}]"
公司目,公司(Nc)　目(Nd),[]
前已擁有架機隊,前(Ncd)　已(D)　擁有(VJ)　架(Nf)　機隊(Na),[]
包含架架及架,包含(VJ)　架架(Na)　及(Caa)　架(VC),[]
且已訂購架,且(Cbb)　已(D)　訂購(VC)　架(Nf),[]
貨機,貨機(Na),[]
更關鍵的是,更(Dfa)　關鍵(VH)　的(DE)　是(SHI),[]
光是年就預計有架新機陸續到位,光(Da)　是(SHI)　年(Na)　就(D)　預計(VE)　有(V_2)　架(Nf)　新機(VH)　陸續(D)　到位(VA),"[{'word': '年', 'ner': 'DATE'}]"
其中包括今日抵台的旗艦機,其中(Nep)　包括(VK)　今日(Nd)　抵(VCL)　台(Nc)　的(DE)　旗艦(Na)　機(Na),"[{'word': '今日', 'ner': 'DATE'}, {'word': '台', 'ner': 'GPE'}]"
以及後續架同型號飛機,以及(Caa)　後續(Na)　架(VC)　同(Nes)　型號(Na)　飛機(Na),[]
張國煒坦言,張國煒(Nb)　坦言(VE),"[{'word': '張國煒', 'ner': 'PERSON'}]"
自己知道員工對年終獎金不太滿意,自己(Nh)　知道(VK)　員工(Na)　對(P)　年終(Nd)　獎金(Na)　不(D)　太(Dfa)　滿意(VK),[]
但年星宇航空的投資金額龐大,但(Cbb)　年(Nb)　星宇(Nb)　航空(Na)　的(DE)　投資(VC)　金額(Na)　龐大(VH),"[{'word': '星宇航空', 'ner': 'ORG'}]"
應今年架新機交機,應(D)　今年(Nd)　架(VC)　新機(Na)　交機(VD),"[{'word': '今年', 'ner': 'DATE'}]"
自去年起就啟動各項人員準備工作,自(P)　去年(Nd)　起(Ng)　就(D)　啟動(VC)　各(Nes)　項(Nf)　人員(Na)　準備(Nv)　工作(Na),"[{'word': '去年', 'ner': 'DATE'}]"
因此費用相對較高年終獎金,因此(Cbb)　費用(Na)　相對(VH)　較(Dfa)　高(VH)　年終(Nd)　獎金(Na),[]
不好擴充,不(D)　好(VH)　擴充(VC),[]
目前星宇航空處於擴充階段,目前(Nd)　星宇(Nb)　航空(Na)　處於(VJ)　擴充(Nv)　階段(Na),[]
希望同仁能夠體諒,希望(VK)　同仁(Na)　能夠(D)　體諒(VK),[]
星宇員工心寒炸鍋熱情難敵空虛錢包,星宇(Nb)　員工(Na)　心寒(VH)　炸鍋(Na)　熱情(VH)　難(VH)　敵(VC)　空虛(VH)　錢包(Na),[]
不少人開始考慮跳槽或回鍋前東家,不少(Neqa)　人(Na)　開始(VL)　考慮(VE)　跳槽(VA)　或(Caa)　回鍋(VH)　前(Nes)　東家(Na),[]
員工認為星宇已經過了新創需要共體時艱的草創期,員工(Na)　認為(VE)　星宇(Nb)　已經過(D)　了(Di)　新創(VC)　需要(VK)　共體時艱(VA)　的(DE)　草創期(Na),"[{'word': '星宇', 'ner': 'ORG'}]"
不是僅以個月獎金敷衍了事,不(D)　是(SHI)　僅(Da)　以(P)　個(Nf)　月(Nf)　獎金(Na)　敷衍(VC)　了事(VA),[]
星宇目前正處於最關鍵的轉骨期,星宇(Na)　目前(Nd)　正(D)　處於(VJ)　最(Dfa)　關鍵(VH)　的(DE)　轉骨期(Na),"[{'word': '星宇', 'ner': 'ORG'}]"
需要員工共體時艱,需要(VK)　員工(Na)　共體時艱(VA),[]
以及後續架同型號飛機,以及(Caa)　後續(Na)　架(VC)　同(Nes)　型號(Na)　飛機(Na),[]
到底花了幾億,到底(D)　花(VC)　了(Di)　幾億(Neu),"[{'word': '幾億', 'ner': 'CARDINAL'}]"
想離開的人三思啊,想(VE)　離開(VC)　的(DE)　人(Na)　三思(VA)　啊(T),"[{'word': '三思', 'ner': 'CARDINAL'}]"
再過幾年就不是想回來就回得來了現在是最需要各位的幾年,再(D)　過(VCL)　幾(Neu)　年(Nf)　就(D)　不(D)　是(SHI)　想(VE)　回來(VA)　就(D)　回(VA)　得(VI)　來(VA)　了(Di)　現在(Nd)　是(SHI)　最(Dfa)　需要(VK)　各位(Nes)　的(DE)　幾(Neu)　年(Nf),"[{'word': '過幾年', 'ner': 'DATE'}, {'word': '幾年', 'ner': 'DATE'}]"
撐住,撐住(VC),[]
之後的回報是值得的,之後(Nd)　的(DE)　回報(VC)　是(SHI)　值得(VH)　的(T),[]
共體時艱啊,共體時艱(VA)　啊(T),[]
那年不艱,那(Nep)　年(Nf)　不(D)　艱(VH),"[{'word': '那年', 'ner': 'DATE'}]"
大家撐住,大家(Nh)　撐住(VC),[]
如果各位都離開的話,如果(Cbb)　各位(Nh)　都(D)　離開(VC)　的話(Cba),[]
這麼多飛機要進來怎麼辦,這麼多(D)　飛機(Na)　要(D)　進來(VA)　怎麼辦(VH),[]
想走快走,想(VE)　走(VA)　快(D)　走(VA),[]
每年空姐招考都堆人報名,每(Nes)　年(Nf)　空姐(Na)　招考(Nv)　都(D)　堆(Nf)　人(Na)　報名(VA),[]
根本不缺人,根本(D)　不(D)　缺(VJ)　人(Na),[]
長榮跟星宇就不同的營運週期,長榮(Nb)　跟(P)　星宇(Nb)　就(D)　不同(VH)　的(DE)　營運(Nv)　週期(Na),"[{'word': '長榮', 'ner': 'PRODUCT'}, {'word': '星宇', 'ner': 'PRODUCT'}]"
你長榮年時有這樣的年終再來說,你(Nh)　長榮(VH)　年(Na)　時(VJ)　有(V_2)　這樣(VH)　的(DE)　年終(Nd)　再(D)　來(D)　說(VE),[]
共體時艱才能贊助呀,共體時艱(VA)　才(Da)　能(D)　贊助(VD)　呀(T),[]
想走快走,想(VE)　走(VA)　快(D)　走(VA),[]
每年培訓機師都堆人報名,每(Nes)　年(Nf)　培訓(VC)　機師(Na)　都(D)　堆(Nf)　人(Na)　報名(VA),[]
根本不缺人,根本(D)　不(D)　缺(VJ)　人(Na),[]
就算沒發年終人走光光,就算(Cbb)　沒(D)　發(VD)　年終人(Nd)　走光光(VA),[]
還是堆人搶著去面試,還是(D)　堆(Nf)　人(Na)　搶(VD)　著(Di)　去(D)　面試(VC),[]
公司未來絕對不會虧待你,公司(Nc)　未來(Nd)　絕對(D)　不會(D)　虧待(VC)　你(Nh),[]
長榮好像沒有這麼少過,長榮(Nb)　好像(D)　沒有(VJ)　這麼少(VH)　過(Di),[]
長榮成立的時候,長榮(Nb)　成立(VC)　的(DE)　時候(Na),[]
市場上有現在這麼多飛機嗎,市場(Nc)　上(Ncd)　有(V_2)　現在(Nd)　這麼多(Neqa)　飛機(Na)　嗎(T),[]
董仔在市場這麼多飛機的情況下,董仔(Nb)　在(P)　市場(Nc)　這麼多(Neqa)　飛機(Na)　的(DE)　情況(Na)　下(Ng),[]
引進這麼多飛機,引進(VC)　這麼多(D)　飛機(Na),[]
已經夠努力了好嗎,已經(D)　夠(Dfa)　努力(VH)　了(Di)　好(VH)　嗎(T),[]
有本事跳槽就快走啊,有(V_2)　本事(Na)　跳槽(VA)　就(D)　快(D)　走(VA)　啊(T),[]
雖然只有個月,雖然(Cbb)　只(Da)　有(V_2)　個(Nf)　月(Na),"[{'word': '個月', 'ner': 'DATE'}]"
但是餅畫很大,但是(Cbb)　餅(Na)　畫(VC)　很(Dfa)　大(VH),[]
可以吃到退休啊,可以(D)　吃(VC)　到(P)　退休(VH)　啊(T),[]
缺的是外籍機師,缺(VJ)　的(DE)　是(SHI)　外籍(A)　機師(Na),[]
本國的不缺,本(Nes)　國(Nc)　的(DE)　不(D)　缺(VJ),[]
想走快走,想(VE)　走(VA)　快(D)　走(VA),[]
每年培訓機師都堆人報名,每(Nes)　年(Nf)　培訓(VC)　機師(Na)　都(D)　堆(Nf)　人(Na)　報名(VA),[]
根本不缺人,根本(D)　不(D)　缺(VJ)　人(Na),[]
華榮有比較好,華榮(Nb)　有(V_2)　比較(Dfa)　好(VH),"[{'word': '華榮', 'ner': 'ORG'}]"
呵呵,呵呵(D),[]
每年都是新人在做的話問題只會越來越多,每(Nes)　年(Nf)　都(D)　是(SHI)　新人(Na)　在(P)　做(VC)　的話(Cba)　問題(Na)　只(Da)　會(D)　越來越(Dfa)　多(VH),[]
某城市噁心仔每篇都要洗真的很可悲你的根本空穴來風自己腦補跟的你樣,某(Nes)　城市(Nc)　噁心仔(Na)　每(Nes)　篇(Nf)　都(D)　要(D)　洗(VC)　真的(D)　很(Dfa)　可悲(VH)　你(Nh)　的(DE)　根本(D)　空穴來風(VH)　自己(Nh)　腦補(Na)　跟(P)　的(DE)　你(Nh)　樣(Na),[]
其實真的在裡面的人根本沒在那幾個月,其實(D)　真的(D)　在(P)　裡面(Ncd)　的(DE)　人(Na)　根本(D)　沒(D)　在(P)　那(Nep)　幾(Neu)　個(Nf)　月(Na),"[{'word': '幾個月', 'ner': 'DATE'}]"
誰知道那些抱怨的人都來自哪裏,誰(Nh)　知道(VK)　那些(Neqa)　抱怨(VE)　的(DE)　人(Na)　都(D)　來自(VJ)　哪裏(Ncd),[]
工作生活的品質才是重點啊,工作(Na)　生活(Na)　的(DE)　品質(Na)　才(Da)　是(SHI)　重點(Na)　啊(T),[]
怎可能不眼紅年終啦,怎(D)　可能(D)　不(D)　眼紅(VH)　年終(Nd)　啦(T),[]
但是生活品質跟錢有關啊,但是(Cbb)　生活(Na)　品質(Na)　跟(P)　錢(Na)　有關(VJ)　啊(T),[]
星宇為了給顧客最好的體驗不惜重本大家要多體諒真的在星宇裡面的人都是看未來而且以身為星宇人為榮沒在年終是個月還是個月,星宇(Nb)　為了(P)　給(VD)　顧客(Na)　最(Dfa)　好(VH)　的(DE)　體驗(VC)　不惜(VL)　重本(VH)　大家(Nh)　要(D)　多(D)　體諒(VK)　真的(D)　在(P)　星宇(Na)　裡面(Ncd)　的(DE)　人(Na)　都(D)　是(SHI)　看(VC)　未來(Nd)　而且(Cbb)　以(P)　身為(VG)　星宇人(Na)　為榮(VI)　沒(D)　在(P)　年終(Nd)　是(SHI)　個(Nf)　月(Na)　還是(D)　個(Nf)　月(Na),"[{'word': '星宇', 'ner': 'ORG'}]"
不爽可以去其他兩家啊,不(D)　爽(VH)　可以(D)　去(VCL)　其他(Neqa)　兩(Neu)　家(Nf)　啊(T),"[{'word': '兩', 'ner': 'CARDINAL'}]"
洗地的還真多,洗(VC)　地(Na)　的(DE)　還(Dfa)　真(D)　多(VH),[]
樓上好久不見了,樓上(Nc)　好(Dfa)　久(VH)　不見了(VH),[]
你直發的意義是,你(Nh)　直(D)　發(VH)　的(DE)　意義(Na)　是(SHI),[]
飛機比較值錢你員工不爽可以滾,飛機(Na)　比較(Dfa)　值錢(VH)　你(Nh)　員工(Na)　不(D)　爽(VH)　可以(D)　滾(VA),[]
我選虎航沒在年終是個月還是個月,我(Nh)　選(VC)　虎航(Nb)　沒(D)　在(P)　年終(Nd)　是(SHI)　個(Nf)　月(Na)　還是(Caa)　個(Nf)　月(Na),"[{'word': '個月', 'ner': 'DATE'}]"
海運年退休表示,海運(Na)　年退休(Na)　表示(VE),"[{'word': '海運年', 'ner': 'DATE'}]"
最有名的就是李船長啊,最(Dfa)　有名(VH)　的(DE)　就(D)　是(SHI)　李(Nb)　船長(Na)　啊(T),"[{'word': '李', 'ner': 'PERSON'}]"
最好不在意年終個月啦,最好(D)　不(D)　在意(VK)　年終(Nd)　個(Nf)　月(Na)　啦(T),[]
真的是什麼鬼話都說得出來,真的(D)　是(SHI)　什麼(Nep)　鬼話(Na)　都(D)　說(VB)　得(DE)　出來(VB),[]
從大跳星宇的這年應該少領了萬,從(P)　大(VH)　跳(VA)　星宇(Na)　的(DE)　這(Nep)　年(Nf)　應該(D)　少(D)　領(VC)　了(Di)　萬(Neu),"[{'word': '萬', 'ner': 'CARDINAL'}]"
年少領絕對超過萬光年終就差很多,年少(VH)　領(VC)　絕對(D)　超過(VJ)　萬光(Neu)　年終(Nd)　就(D)　差(VH)　很多(Neqa),[]
還有年中喔,還(D)　有(V_2)　年中(Nd)　喔(T),[]
有人說不重要啦笑死人了受薪階級最重要的就是年終好嗎,有(V_2)　人(Na)　說(VE)　不(D)　重要(VH)　啦(T)　笑死(VHC)　人(Na)　了(T)　受薪(VH)　階級(Na)　最(Dfa)　重要(VH)　的(DE)　就(D)　是(SHI)　年終(Nd)　好(VH)　嗎(T),[]
樓上這些人你們小孩出生趕快退去做勞工不然少領年好幾千萬堆鍵盤雲端員工真的好好笑,樓上(Nc)　這些(Neqa)　人(Na)　你們(Nh)　小孩(Na)　出生(VA)　趕快(D)　退去(VAC)　做(VG)　勞工(Na)　不然(Cbb)　少(D)　領(VC)　年(Na)　好幾千萬(Neu)　堆(Nf)　鍵盤(Na)　雲端(Nc)　員工(Na)　真的(D)　好好笑(Dfa),"[{'word': '幾千萬', 'ner': 'CARDINAL'}]"
真員工要不要出來說說話,真(VH)　員工(Na)　要不要(D)　出來(VA)　說說話(VA),[]
真員工忙著準備面試哪有時間,真(VH)　員工(Na)　忙著(VL)　準備(VF)　面試(VC)　哪(Ncd)　有(V_2)　時間(Na),[]
以員工角度而言,以(P)　員工(Na)　角度(Na)　而言(Cbb),[]
在台灣最想去的航空公司應該是華航吧,在(P)　台灣(Nc)　最(Dfa)　想(VE)　去(VCL)　的(DE)　航空(Na)　公司(Nc)　應該(D)　是(SHI)　華航(Nc)　吧(T),"[{'word': '台灣', 'ner': 'GPE'}, {'word': '華航', 'ner': 'ORG'}]"
現在沒有招考吧,現在(Nd)　沒有(D)　招考(VC)　吧(T),[]
目前能逃出的只有這條路,目前(Nd)　能(D)　逃出(VCL)　的(DE)　只(Da)　有(V_2)　這(Nep)　條(Nf)　路(Na),[]
去隔壁的也不少吧雖然薪水也沒多很多年終花紅也差但至少飛得開心,去(VCL)　隔壁(Nc)　的(DE)　也(D)　不少(VH)　吧(T)　雖然(Cbb)　薪水(Na)　也(D)　沒(D)　多(VH)　很多(Neqa)　年終(Nd)　花紅(Na)　也(D)　差(VH)　但(Cbb)　至少(Da)　飛(VA)　得(DE)　開心(VH),[]
長榮集團能回鍋,長榮(Nb)　集團(Na)　能(D)　回鍋(VH),"[{'word': '長榮集團', 'ner': 'ORG'}]"
難吧,難(VH)　吧(T),[]
共體時艱啦,共體時艱(VA)　啦(T),[]
給你們多點,給(VD)　你們(Nh)　多點(Neqa),[]
老闆董事們怎麼換車買房,老闆(Na)　董事(Na)　們(Na)　怎麼(D)　換(VC)　車(Na)　買(VC)　房(Na),[]
現在都賺輸人以後會贏,現在(Nd)　都(D)　賺輸(VC)　人(Na)　以後(Ng)　會(D)　贏(VD),[]
別吹了這麼有自信怎不公開承諾補給大家,別(D)　吹(VC)　了(Di)　這麼(D)　有(V_2)　自信(Na)　怎不(D)　公開(VHC)　承諾(VE)　補給(VD)　大家(Nh),[]
推文裡面反串大堆,推文(Na)　裡面(Ncd)　反串(VC)　大(VH)　堆(Nf),[]
結果有人認真起來了,結果(Dk)　有(V_2)　人(Na)　認真(VH)　起來(Di)　了(T),[]
有夠歡樂,有夠(Dfa)　歡樂(VH),[]
討論區才堆洗地奇葩言論,討論區(Nc)　才(Da)　堆(VC)　洗(VC)　地(Na)　奇葩(Na)　言論(Na),[]
看了當娛樂還覺得挺有趣的,看(VC)　了(Di)　當(VG)　娛樂(Na)　還(D)　覺得(VK)　挺(Dfa)　有趣(VH)　的(T),[]
你希望員工跟公司起成長獲利,你(Nh)　希望(VK)　員工(Na)　跟(P)　公司(Nc)　起(Ng)　成長(VH)　獲利(VH),[]
股票發下去人發五個月發股票總不會動你現金流了,股票(Na)　發(VB)　下去(Di)　人(Na)　發(VD)　五(Neu)　個(Nf)　月(Na)　發(VD)　股票(Na)　總(D)　不會(D)　動(VAC)　你(Nh)　現金(Na)　流(VC)　了(Di),"[{'word': '五個月', 'ner': 'DATE'}]"
發股票會降低,發(VD)　股票(Na)　會(D)　降低(VHC),[]
降低的結果是好幾件事情受負面影響,降低(VHC)　的(DE)　結果(Na)　是(SHI)　好幾(Neu)　件(Nf)　事情(Na)　受(P)　負面(Na)　影響(VC),[]
酸民腦子不意外,酸民(Na)　腦子(Na)　不(D)　意外(VK),[]
個個都是經營之神,個個(Neqa)　都(D)　是(SHI)　經營(VC)　之(DE)　神(Na),[]
星宇張國煒今年架新機加入壓力大年終獎金不好擴充,星宇(Nb)　張國煒(Nb)　今年(Nd)　架(VC)　新機(Na)　加入(VC)　壓力(Na)　大(VH)　年終(Nd)　獎金(Na)　不(D)　好(VH)　擴充(VC),"[{'word': '星宇', 'ner': 'ORG'}, {'word': '張國煒', 'ner': 'PERSON'}, {'word': '今年', 'ner': 'DATE'}]"
經濟日報記者黃淑惠台北即時報導,經濟日報(Nb)　記者(Na)　黃淑惠(Nb)　台北(Nc)　即時(D)　報導(VE),"[{'word': '經濟日報', 'ner': 'ORG'}, {'word': '黃淑惠', 'ner': 'PERSON'}, {'word': '台北', 'ner': 'GPE'}]"
星宇航空全台首架暨星宇航空首架廣體客機由董事長張國煒親駕返台,星宇(Nb)　航空(Na)　全(Neqa)　台(Nc)　首(Nes)　架(Nf)　暨(Caa)　星宇(Nb)　航空(Na)　首(Nes)　架(Nf)　廣體(VH)　客機(Na)　由(P)　董事長(Na)　張國煒(Nb)　親(D)　駕(VC)　返台(VA),"[{'word': '星宇航空', 'ner': 'ORG'}, {'word': '台', 'ner': 'GPE'}, {'word': '星宇航空', 'ner': 'ORG'}, {'word': '張國煒', 'ner': 'PERSON'}, {'word': '台', 'ner': 'GPE'}]"
星宇航空今年將有架新機加入,星宇(Nb)　航空(Na)　今年(Nd)　將(D)　有(V_2)　架(Nf)　新機(Na)　加入(VC),"[{'word': '星宇航空', 'ner': 'ORG'}, {'word': '今年', 'ner': 'DATE'}]"
張國煒說心情很沉重,張國煒(Nb)　說(VE)　心情(Na)　很(Dfa)　沉重(VH),"[{'word': '張國煒', 'ner': 'PERSON'}]"
年年終獎金不好擴充成長,年(D)　年終(Nd)　獎金(Na)　不(D)　好(VH)　擴充(VC)　成長(VH),[]
階段請員工多體諒,階段(Na)　請(VF)　員工(Na)　多(D)　體諒(VK),[]
張國煒表示,張國煒(Nb)　表示(VE),"[{'word': '張國煒', 'ner': 'PERSON'}]"
年新機的加入機隊規模再擴大,年(Nd)　新機(Na)　的(DE)　加入(VC)　機隊(Na)　規模(Na)　再(D)　擴大(VC),[]
將助力星宇航空長程航線布局,將(D)　助力(VF)　星宇(Nb)　航空(Na)　長程(A)　航線(Na)　布局(VA),[]
新機加入,新機(Na)　加入(VC),[]
後約需要個月來完成各項準備工作,後(Ncd)　約(Da)　需要(VK)　個(Nf)　月(Na)　來(D)　完成(VC)　各(Nes)　項(Nf)　準備(Nv)　工作(Na),"[{'word': '個月', 'ner': 'DATE'}]"
所以農曆過年前會率先投入日本線東京線,所以(Cbb)　農曆(Na)　過年(VA)　前(Ng)　會(D)　率先(D)　投入(VC)　日本線(Na)　東京線(Nc),"[{'word': '農曆過年前', 'ner': 'DATE'}, {'word': '日本', 'ner': 'GPE'}]"
廣體客持續加入後,廣體客(Na)　持續(VL)　加入(VC)　後(Ng),[]
將擴大歐洲美東航點布局,將(D)　擴大(VC)　歐洲(Nc)　美東(Nc)　航點(Na)　布局(VA),"[{'word': '歐洲', 'ner': 'LOC'}, {'word': '美東', 'ner': 'LOC'}]"
張國煒首度提及年終獎金,張國煒(Nb)　首度(D)　提及(VE)　年終(Nd)　獎金(Na),"[{'word': '張國煒', 'ner': 'PERSON'}]"
知道員工對於年終獎金不滿意,知道(VK)　員工(Na)　對於(P)　年終(Nd)　獎金(Na)　不(D)　滿意(VK),[]
不過在公司擴充階段也只能請同,不過(Cbb)　在(P)　公司(Nc)　擴充(Nv)　階段(Na)　也(D)　只(Da)　能(D)　請(VF)　同(Nes),[]
仁體諒,仁(Na)　體諒(VK),[]
年整年星宇航空投資金額非常的大,年(Na)　整(Neqa)　年(Nf)　星宇(Nb)　航空(Na)　投資(VC)　金額(Na)　非常(Dfa)　的(DE)　大(VH),"[{'word': '星宇航空', 'ner': 'ORG'}]"
不管是地勤空服,不管(Cbb)　是(SHI)　地勤(Na)　空服(Na),[]
還有各部門的人力都,還(D)　有(V_2)　各(Nes)　部門(Na)　的(DE)　人力(Na)　都(D),[]
在增加當中,在(P)　增加(VHC)　當中(Ng),[]
所以去年的費用相對高,所以(Cbb)　去年(Nd)　的(DE)　費用(Na)　相對(VH)　高(VH),"[{'word': '去年', 'ner': 'DATE'}]"
年營運表現及年終獎金,年(Nf)　營運(Nv)　表現(VC)　及(Caa)　年終(Nd)　獎金(Na),[]
再加上年起新機要大量加入,再(D)　加上(Cbb)　年(Nf)　起(Ng)　新機(Na)　要(D)　大量(Neqa)　加入(VC),"[{'word': '上年', 'ner': 'DATE'}]"
會不會覺得壓力很大,會不會(D)　覺得(VK)　壓力(Na)　很(Dfa)　大(VH),[]
張國,張國(Nb),"[{'word': '張國', 'ner': 'PERSON'}]"
煒說心情很沉重,煒(Nb)　說(VE)　心情(Na)　很(Dfa)　沉重(VH),"[{'word': '煒', 'ner': 'PERSON'}]"
張國煒也進步說明,張國煒(Nb)　也(D)　進步(VH)　說明(VE),"[{'word': '張國煒', 'ner': 'PERSON'}]"
日交機的應該去年年底就要交了,日(Nc)　交(VD)　機(Na)　的(DE)　應該(D)　去年(Nd)　年底(Nd)　就(D)　要(D)　交(VD)　了(Di),"[{'word': '去年年底', 'ner': 'DATE'}]"
因為有些小問題,因為(Cbb)　有(V_2)　些(Nf)　小(VH)　問題(Na),[]
以延到現在才交機,以(Cbb)　延到(VC)　現在(Nd)　才(Da)　交機(VD),[]
今年預計要交架新機,今年(Nd)　預計(VE)　要(D)　交架(VC)　新機(Na),"[{'word': '今年', 'ner': 'DATE'}]"
對星宇航空或是國內航空業者都是首創,對(P)　星宇(Nb)　航空(Na)　或是(Caa)　國內(Nc)　航空(Na)　業者(Na)　都(D)　是(SHI)　首創(VC),[]
國內航空史上第次年之內交這麼多架飛機業者,國內(Nc)　航空史(Na)　上(Ng)　第次(Neu)　年(Nf)　之內(Ng)　交(VD)　這麼多(Neqa)　架(Nf)　飛機(Na)　業者(Na),[]
所以各種壓力隨之而來,所以(Cbb)　各(Nes)　種(Nf)　壓力(Na)　隨之(P)　而(Cbb)　來(VA),[]
星宇航空要因應今年新機交機,星宇(Nb)　航空(Na)　要(D)　因應(VJ)　今年(Nd)　新機(Na)　交機(VD),"[{'word': '星宇航空', 'ner': 'ORG'}, {'word': '今年', 'ner': 'DATE'}]"
不管在機務端航線規劃都要全面性的配套,不管(Cbb)　在(P)　機務(Nc)　端(Ncd)　航線(Na)　規劃(Na)　都(D)　要(D)　全面性(Na)　的(DE)　配套(VA),[]
包括機師,包括(VK)　機師(Na),[]
空服員訓練,空服員(Na)　訓練(Na),[]
都從去年開始各項人員準備工作,都(D)　從(P)　去年(Nd)　開始(VL)　各(Nes)　項(Nf)　人員(Na)　準備(Nv)　工作(Na),"[{'word': '去年', 'ner': 'DATE'}]"
星宇航空立即面臨成本增加,星宇(Nb)　航空(Na)　立即(D)　面臨(VK)　成本(Na)　增加(VHC),"[{'word': '星宇航空', 'ner': 'ORG'}]"
董事長知道員工對於年終獎金不滿意,董事長(Na)　知道(VK)　員工(Na)　對於(P)　年終(Nd)　獎金(Na)　不(D)　滿意(VK),[]
不過在公司擴充階段,不過(Cbb)　在(P)　公司(Nc)　擴充(Nv)　階段(Na),[]
也只能請同仁體諒,也(D)　只(Da)　能(D)　請(VF)　同仁(Na)　體諒(VK),[]
有競爭,有(V_2)　競爭(Na),[]
消費者才有選擇的機會,消費者(Na)　才(Da)　有(V_2)　選擇(VC)　的(DE)　機會(Na),[]
沒事啦今年再忍下明年後年就起飛了兩老準備洗洗睡,沒(VJ)　事(Na)　啦(T)　今年(Nd)　再(D)　忍下(VJ)　明年(Nd)　後(Nes)　年(Nf)　就(D)　起飛(VA)　了(Di)　兩(Neu)　老(Na)　準備(VC)　洗洗(VA)　睡(VA),"[{'word': '今年', 'ner': 'DATE'}, {'word': '明年', 'ner': 'DATE'}, {'word': '後年', 'ner': 'DATE'}, {'word': '兩', 'ner': 'CARDINAL'}]"
今年年再忍下年終獎金嗎,今年(Nd)　年(Nf)　再(D)　忍下(VJ)　年終(Nd)　獎金(Na)　嗎(T),"[{'word': '今年', 'ner': 'DATE'}]"
每年都會是共體時艱,每(Nes)　年(Nf)　都(D)　會(D)　是(SHI)　共體時艱(VA),[]
員工不離職不罷工代表過的很好,員工(Na)　不(D)　離職(VH)　不(D)　罷工(VA)　代表(Na)　過(VCL)　的(DE)　很(Dfa)　好(VH),[]
果然是投入東京看來經典賽期間真的有機會用就差在不確定是飛還,果然(D)　是(SHI)　投入(VC)　東京(Nc)　看來(D)　經典賽(Na)　期間(Na)　真的(D)　有(V_2)　機會(Na)　用(VC)　就(D)　差(VH)　在(P)　不(D)　確定(VK)　是(SHI)　飛(VA)　還(D),"[{'word': '東京', 'ner': 'GPE'}]"
很合理啊再增資然後把錢發年終給員工股東會同意嗎,很(Dfa)　合理(VH)　啊(T)　再(D)　增資(VC)　然後(D)　把(P)　錢(Na)　發(VD)　年終(Nd)　給(VD)　員工(Na)　股東會(Na)　同意(VK)　嗎(T),[]
當然是先放東京這個保證賺的地方先回收些成本,當然(D)　是(SHI)　先(D)　放(VC)　東京(Nc)　這(Nep)　個(Nf)　保證(VE)　賺(VC)　的(DE)　地方(Na)　先(D)　回收(VC)　些(Nf)　成本(Na),"[{'word': '東京', 'ner': 'GPE'}]"
就當花錢搭新機,就(D)　當(P)　花錢(VA)　搭(VC)　新機(Na),[]
公司擴充階段發不了錢就發股票沒有誰跟你共體時艱拿老爸那抹多錢還不是收在口袋,公司(Nc)　擴充(Nv)　階段(Na)　發不了(VD)　錢(Na)　就(D)　發(VD)　股票(Na)　沒有(VJ)　誰(Nh)　跟(P)　你(Nh)　共體時艱(VA)　拿(VC)　老爸(Na)　那(Nep)　抹(Nf)　多(Neqa)　錢(Na)　還不是(D)　收(VC)　在(P)　口袋(Na),[]
可憐哪,可憐(VHC)　哪(T),[]
共體時艱,共體時艱(VA),[]
明後年沒補個月年終,明後年(Nd)　沒(D)　補(VC)　個(Nf)　月(Na)　年終(Nd),[]
我看員工可能要暴動罷工了,我(Nh)　看(VE)　員工(Na)　可能(D)　要(D)　暴動(VA)　罷工(VA)　了(Di),[]
再忍年展望,再(D)　忍(VJ)　年(Na)　展望(VJ),[]
盤子繼續好好的端啊不要降本降在乘客上就好了對員工咋樣降本沒事兒,盤子(Na)　繼續(VF)　好好(VH)　的(DE)　端(VC)　啊(T)　不要(D)　降(VA)　本(Na)　降(VC)　在(P)　乘客(Na)　上(Ncd)　就(D)　好(VH)　了(T)　對(P)　員工(Na)　咋樣(VA)　降(VA)　本(Na)　沒(VJ)　事兒(Na),[]
共體時艱果然很有老傳產的樣子,共體時艱(VA)　果然(D)　很(Dfa)　有(V_2)　老(VH)　傳產(Na)　的(DE)　樣子(Na),[]
老實說進入家擴張速度超級快但本業獲利成長速度有限的新公司本來就不能期待年終當股東佛心來的,老實說(Dk)　進入(VCL)　家(Nc)　擴張(VHC)　速度(Na)　超級(D)　快(VH)　但(Cbb)　本業(Na)　獲利(Na)　成長(Nv)　速度(Na)　有限(VH)　的(DE)　新(VH)　公司(Nc)　本來(D)　就(D)　不能(D)　期待(VK)　年終(Nd)　當(VG)　股東(Na)　佛心(Na)　來(Ng)　的(T),[]
預計至少還要心情繼續沉重年然後年長員工就接近退休線了,預計(VE)　至少(Da)　還要(Dfa)　心情(Na)　繼續(VF)　沉重(VH)　年(Na)　然後(D)　年長(VH)　員工(Na)　就(D)　接近(VC)　退休線(Na)　了(T),[]
原來只有星宇在買飛機,原來(D)　只有(D)　星宇(Nb)　在(D)　買(VC)　飛機(Na),"[{'word': '星宇', 'ner': 'ORG'}]"
其他家都沒買餅繼續畫下去,其他(Neqa)　家(Nc)　都(D)　沒(D)　買(VC)　餅(Na)　繼續(VF)　畫(VC)　下去(Di),[]
讓員工吃飽飽,讓(VL)　員工(Na)　吃飽飽(VH),[]
共體時艱,共體時艱(VA),[]
這次有提到美東線,這(Nep)　次(Nf)　有(D)　提到(VE)　美東線(Nc),[]
上次完全沒提,上(Nes)　次(Nf)　完全(D)　沒(D)　提(VE),[]
如果經典賽會用這台,如果(Cbb)　經典賽(Na)　會(D)　用(P)　這(Nep)　台(Nf),"[{'word': '經典賽', 'ner': 'EVENT'}]"
還真有想換機票試試看,還(D)　真(D)　有(D)　想(VE)　換(VC)　機票(Na)　試試(VC)　看(Di),[]
看來明年更慘了,看來(D)　明年(Nd)　更(Dfa)　慘(VH)　了(T),"[{'word': '明年', 'ner': 'DATE'}]"
同樣台詞明後年可以拿出來繼續用,同樣(VH)　台詞(Na)　明後年(Nd)　可以(D)　拿出來(VB)　繼續(VF)　用(P),"[{'word': '明後年', 'ner': 'DATE'}]"
笑死很官僚,笑死(VHC)　很(Dfa)　官僚(VH),[]
現在共體時艱總有天星宇會讓大家看見台灣的驕傲,現在(Nd)　共體時艱(VA)　總(D)　有(V_2)　天(Nf)　星(Na)　宇(Nc)　會(D)　讓(VL)　大家(Nh)　看見(VE)　台灣(Nc)　的(DE)　驕傲(VH),"[{'word': '台灣', 'ner': 'GPE'}]"
到時候你才來後悔當初為什麼離開就來不及了,到時候(D)　你(Nh)　才(Da)　來(D)　後悔(VL)　當初(Nd)　為什麼(D)　離開(VC)　就(D)　來不及(VH)　了(T),[]
心情很沉重嘻嘻,心情(Na)　很(Dfa)　沉重(VH)　嘻嘻(D),[]
笑死心情沉重拿財產出來分不就好了花錢買心情好多爽,笑死(VHC)　心情(Na)　沉重(VH)　拿(P)　財產(Na)　出來(VA)　分(VD)　不(D)　就(D)　好(T)　了(Di)　花錢(VA)　買(VC)　心情(Na)　好(VH)　多(DE)　爽(VH),[]
他老爸不是最會補發員工薪水的這個好習慣有保留嗎,他(Nh)　老爸(Na)　不(D)　是(SHI)　最(Dfa)　會(D)　補發(VD)　員工(Na)　薪水(Na)　的(DE)　這(Nep)　個(Nf)　好(VH)　習慣(Na)　有(V_2)　保留(VC)　嗎(T),[]
看來年星宇員工也不用期待年終了,看來(D)　年(Nf)　星宇(Nb)　員工(Na)　也(D)　不用(D)　期待(VK)　年終(Nd)　了(Di),[]
不然你要去會的公司嗎,不然(Cbb)　你(Nh)　要(D)　去(D)　會(Na)　的(DE)　公司(Nc)　嗎(T),[]
大家起幫圓夢開公司,大家(Nh)　起(VC)　幫(P)　圓夢(VB)　開(VC)　公司(Nc),[]
公司擴張沒問題,公司(Nc)　擴張(VHC)　沒(VJ)　問題(Na),[]
但要共體時艱就,但(Cbb)　要(D)　共體時艱(VA)　就(D),[]
跟體育協會樣的嘴臉向忍為國,跟(P)　體育(Na)　協會(Nc)　樣(Ng)　的(DE)　嘴臉(Na)　向(P)　忍(VJ)　為(P)　國(Nc),"[{'word': '體育協', 'ner': 'ORG'}]"
等到搶下北美歐洲市場,等到(P)　搶下(VC)　北美(Nc)　歐洲(Nc)　市場(Nc),"[{'word': '北美', 'ner': 'LOC'}, {'word': '歐洲', 'ner': 'LOC'}]"
把其他兩家擠下就海闊天空了,把(P)　其他(Neqa)　兩(Neu)　家(Nf)　擠下(VC)　就(D)　海闊天空(VH)　了(T),"[{'word': '兩', 'ner': 'CARDINAL'}]"
再忍下就好,再(D)　忍下(VJ)　就(D)　好(VH),[]
星宇股票是低點了嗎我只想問這個,星宇(Nb)　股票(Na)　是(SHI)　低點(Na)　了(T)　嗎(T)　我(Nh)　只(Da)　想(VE)　問(VE)　這(Nep)　個(Nf),"[{'word': '星宇', 'ner': 'ORG'}]"
黎明來臨前的夜晚總是最黑暗的,黎明(Nd)　來臨(VA)　前(Ng)　的(DE)　夜晚(Nd)　總是(D)　最(Dfa)　黑暗(VH)　的(DE),[]
飛東京,飛(VA)　東京(Nc),"[{'word': '東京', 'ner': 'GPE'}]"
不飛的話那天就個來回耶,不(D)　飛(VA)　的話(Cba)　那(Nep)　天(Nf)　就(D)　個(Nf)　來回(VCL)　耶(T),[]
組員要培訓多久,組員(Na)　要(D)　培訓(VC)　多久(Nd),[]
如果是飛那回來都沒短程接了,如果(Cbb)　是(SHI)　飛(VA)　那(Nep)　回來(VA)　都(D)　沒(VJ)　短程(Na)　接(VC)　了(Di),[]
不會拿遺產出來發嗎,不會(D)　拿(VC)　遺產(Na)　出來(VA)　發(VD)　嗎(T),[]
年年共體時艱,年年(D)　共體時艱(VA),[]
共體時艱時機若對,共體時艱(VA)　時機(Na)　若(Cbb)　對(P),[]
腦粉天到晚覺得星宇很快會超越華航長榮,腦(Na)　粉天到晚(D)　覺得(VK)　星宇(Nb)　很(Dfa)　快(VH)　會(D)　超越(VC)　華航(Nc)　長榮(Nb),"[{'word': '華航', 'ner': 'ORG'}]"
是當兩家航空公司是吃素的,是(SHI)　當(VG)　兩(Neu)　家(Nf)　航空(Na)　公司(Nc)　是(SHI)　吃素(VA)　的(T),"[{'word': '兩', 'ner': 'CARDINAL'}]"
腦粉真的是活在平行宇宙,腦粉(Na)　真的(D)　是(SHI)　活(VH)　在(P)　平行(VH)　宇宙(Na),[]
人家星粉是要超越國泰新航好不好,人家(Nh)　星粉(Na)　是(SHI)　要(D)　超越(VC)　國泰(Nb)　新航(Nc)　好(VH)　不(D)　好(VH),"[{'word': '國泰新航', 'ner': 'ORG'}]"
長榮華航根本不看在眼裡,長榮(Nb)　華航(Nc)　根本(D)　不(D)　看(VC)　在(P)　眼(Na)　裡(Ng),"[{'word': '長榮華航', 'ner': 'ORG'}]"
人家是要把國泰買下來的餒,人家(Nh)　是(SHI)　要(D)　把(P)　國泰(Nb)　買下來(VB)　的(DE)　餒(Nb),"[{'word': '國泰', 'ner': 'PERSON'}]"
共體時艱的是自願加入及自願留下來的,共體時艱(VA)　的(DE)　是(SHI)　自願(VL)　加入(VC)　及(Caa)　自願(VL)　留下來(VA)　的(DE),[]
你各位不要太不滿,你(Nh)　各位(Nh)　不要(D)　太(Dfa)　不滿(VK),[]
真的發不出錢就發股票,真的(D)　發(VC)　不(D)　出(VC)　錢(Na)　就(D)　發(VD)　股票(Na),[]
共體時艱賺錢你會給多少,共體時艱(VA)　賺錢(VA)　你(Nh)　會(D)　給(VD)　多少(Neqa),[]
多發股票會降低,多(VH)　發(VH)　股票(Na)　會(D)　降低(VHC),[]
降低會影響投資人意願,降低(VHC)　會(D)　影響(VC)　投資人(Na)　意願(Na),[]
員工忍忍吧,員工(Na)　忍忍(VJ)　吧(T),[]
還在吃公司發的大餅,還(D)　在(P)　吃(VC)　公司(Nc)　發(VD)　的(DE)　大餅(VH),[]
就真的社會經驗不足了,就(D)　真的(D)　社會(Na)　經驗(Na)　不足(VH)　了(Di),[]
共體時艱,共體時艱(VA),[]
果然是台灣創業魂,果然(D)　是(SHI)　台灣(Nc)　創業(Nv)　魂(Na),"[{'word': '台灣', 'ner': 'NORP'}]"
星宇就是流量你各位不要太羨慕,星宇(Na)　就(Cbb)　是(SHI)　流量(Na)　你(Nh)　各位(Nh)　不要(D)　太(Dfa)　羨慕(VJ),"[{'word': '星宇', 'ner': 'ORG'}]"
今天的流量都被國泰紀念塗裝給吃掉了吧舊金山下午那班滿滿的阿三,今天(Nd)　的(DE)　流量(Na)　都(D)　被(P)　國泰(Nb)　紀念(Na)　塗裝(VC)　給(P)　吃掉(VC)　了(Di)　吧(T)　舊金山(Nc)　下午(Nd)　那(Nep)　班(Nf)　滿滿(VH)　的(DE)　阿三(Nb),"[{'word': '今天', 'ner': 'DATE'}, {'word': '國泰', 'ner': 'ORG'}, {'word': '舊金山', 'ner': 'GPE'}, {'word': '下午', 'ner': 'TIME'}]"
共體時艱又怎樣,共體時艱(VA)　又(D)　怎樣(VH),[]
有會開飛機的董仔從新機走出來就是帥,有(V_2)　會(D)　開(VC)　飛機(Na)　的(DE)　董仔(Nb)　從(P)　新機(Na)　走出來(VA)　就(Cbb)　是(SHI)　帥(VH),[]
其他航空公司有會開飛機的董仔嗎,其他(Neqa)　航空(Na)　公司(Nc)　有(V_2)　會(D)　開(VC)　飛機(Na)　的(DE)　董仔(Nb)　嗎(T),[]
整天在網路上搞個人形象幹的事情跟傳產慣老闆毫無不同真的看了笑死,整(Neqa)　天(Nf)　在(P)　網路(Na)　上(Ncd)　搞(VC)　個人(Di)　形象(Na)　幹(VC)　的(DE)　事情(Na)　跟(P)　傳產(Na)　慣(VH)　老闆(Na)　毫無(VJ)　不同(VH)　真的(D)　看(VC)　了(Di)　笑死(VHC),[]
怎麼沒有日航前會長前社長植木義晴就是機長出身,怎麼(D)　沒有(VJ)　日航(Nb)　前(Nes)　會長(Na)　前社長(Na)　植木義晴(Nb)　就(D)　是(SHI)　機長(Na)　出身(VJ),"[{'word': '日航', 'ner': 'ORG'}, {'word': '植木義晴', 'ner': 'PERSON'}]"
新創要員工共體時艱的方式都是用股票彌補低薪啦像這種動動嘴皮而已的就是慣老闆,新創(VC)　要(VC)　員工(Na)　共體時艱(VA)　的(DE)　方式(Na)　都(D)　是(SHI)　用(P)　股票(Na)　彌補(VC)　低薪(Na)　啦(T)　像(P)　這(Nep)　種(Nf)　動動嘴皮(VA)　而已(T)　的(DE)　就(D)　是(SHI)　慣(VH)　老闆(Na),[]
樓上說的前陽董座也是幹同樣的事情大家都叫他帥董市佔率本來第後來被另外個陽給幹掉了,樓上(Nc)　說(VE)　的(DE)　前陽(Nb)　董座(Na)　也(D)　是(SHI)　幹(VC)　同樣(VH)　的(DE)　事情(Na)　大家(Nh)　都(D)　叫(VF)　他(Nh)　帥(VH)　董(Nc)　市佔率(Na)　本來(D)　第(Neu)　後來(Nd)　被(P)　另外(Da)　個(Nf)　陽(Na)　給(P)　幹掉(VC)　了(Di),"[{'word': '前陽', 'ner': 'PERSON'}, {'word': '第後', 'ner': 'ORDINAL'}]"
國內就有了啊,國內(Nc)　就(D)　有(V_2)　了(Di)　啊(T),[]
華航目前董事長就是了啊,華航(Nc)　目前(Nd)　董事長(Na)　就是了(VH)　啊(T),"[{'word': '華航', 'ner': 'ORG'}]"
再忍個五年好不好呀,再(D)　忍(VJ)　個(DE)　五(Neu)　年(Nf)　好(VH)　不好(D)　呀(T),"[{'word': '五年', 'ner': 'DATE'}]"
洗洗睡的是誰還不知道,洗洗(VA)　睡(VA)　的(DE)　是(SHI)　誰(Nh)　還(D)　不(D)　知道(VK),[]
有粉絲幫忙罵員工真好,有(V_2)　粉絲(Na)　幫忙(VC)　罵(VC)　員工(Na)　真(D)　好(VH),[]
忍下明年剩半個月,忍下(VJ)　明年(Nd)　剩(VJ)　半(Neqa)　個(Nf)　月(Na),"[{'word': '明年', 'ner': 'DATE'}, {'word': '半個月', 'ner': 'DATE'}]"
又不是減薪或放無薪假,又(D)　不(D)　是(SHI)　減薪(VB)　或(Caa)　放(VC)　無薪假(Na),[]
不算共體時艱吧年終從來就不是有保障的,不(D)　算(VG)　共體時艱(VA)　吧(T)　年終(Nd)　從來(D)　就(D)　不(D)　是(SHI)　有(V_2)　保障(Na)　的(DE),[]
星宇應該也不是以獎金多聞名的發不了錢就發股票那也是給經營層,星宇(Nb)　應該(D)　也(D)　不(D)　是(SHI)　以(P)　獎金(Na)　多(VH)　聞名(VI)　的(DE)　發不了(VD)　錢(Na)　就(D)　發(VD)　股票(Na)　那(Nep)　也(D)　是(SHI)　給(VD)　經營層(Na),"[{'word': '星宇', 'ner': 'ORG'}]"
沒人在發給免洗的基層看是要罷工還是跳華航長榮享受霸凌領高薪都支持,沒(VJ)　人(Na)　在(P)　發給(VD)　免洗(A)　的(DE)　基層(Na)　看(VE)　是(SHI)　要(D)　罷工(VA)　還是(Caa)　跳(VA)　華航(Nc)　長榮(Nb)　享受(VJ)　霸凌(VC)　領(VC)　高薪(Na)　都(D)　支持(VC),"[{'word': '華航', 'ner': 'ORG'}]"
星宇只適合有理想和信念的夥伴,星宇(Nb)　只(Da)　適合(VH)　有(V_2)　理想(Na)　和(Caa)　信念(Na)　的(DE)　夥伴(Na),[]
道不同不相為謀,道(Na)　不同(VH)　不(D)　相(D)　為(VC)　謀(VC),[]
有新飛機就要表演開回來,有(V_2)　新(VH)　飛機(Na)　就(D)　要(D)　表演(VC)　開回來(VC),[]
不覺得做秀過頭了嗎,不(D)　覺得(VK)　做秀(VA)　過頭(VH)　了(T)　嗎(T),[]
其他公司董事長不會開飛機,其他(Neqa)　公司(Nc)　董事長(Na)　不會(D)　開(VC)　飛機(Na),[]
那現在花花董仔是,那(Dk)　現在(Nd)　花花董仔(Nb)　是(SHI),[]
人家還是扎扎實實的升機長哩,人家(Nh)　還是(D)　扎扎實實(VH)　的(DE)　升(VC)　機長(Na)　哩(T),[]
星宇董仔難道不是扎扎實實的升機長嗎,星宇(Nb)　董仔(Nb)　難道(D)　不(D)　是(SHI)　扎扎實實(VH)　的(DE)　升機長(Na)　嗎(T),"[{'word': '星宇', 'ner': 'ORG'}]"
來了新機走了員工就好笑了,來(VA)　了(Di)　新機(Na)　走(VA)　了(Di)　員工(Na)　就(D)　好笑(VH)　了(T),[]
植木前會長在當社長的時候自述事件的時候就已經在日航當機師了,植木(Nb)　前會長(Na)　在(P)　當(VG)　社長(Na)　的(DE)　時候(Na)　自述(VE)　事件(Na)　的(DE)　時候(Na)　就(D)　已經(D)　在(P)　日航(Nb)　當(VG)　機師(Na)　了(T),"[{'word': '植木', 'ner': 'PERSON'}, {'word': '日航', 'ner': 'ORG'}]"
帥都老闆新聞買多少,帥(Nc)　都(D)　老闆(Na)　新聞(Na)　買(VC)　多少(Neqa),[]
員工個月共體時艱,員工(Na)　個(Nf)　月(Na)　共體時艱(VA),[]
說說哥畫大餅,說說(VE)　哥(Na)　畫(VC)　大(VH)　餅(Na),[]
大家陪他玩,大家(Nh)　陪(VC)　他(Nh)　玩(VC),[]
傻子才忍,傻子(Na)　才(Da)　忍(VJ),[]
除非你給明後年可列認的方式,除非(Cbb)　你(Nh)　給(VD)　明後年(Nd)　可(D)　列認(VC)　的(DE)　方式(Na),[]
不然只爽到後來的人,不然(Cbb)　只(Da)　爽(VH)　到(P)　後來(Nd)　的(DE)　人(Na),[]
我先去其他兩家待過幾年再回星宇最佳解,我(Nh)　先(D)　去(VCL)　其他(Neqa)　兩(Neu)　家(Nf)　待(VC)　過(Di)　幾(Neu)　年(Nf)　再(D)　回(VCL)　星宇(Nb)　最佳(A)　解(VC),"[{'word': '兩', 'ner': 'CARDINAL'}, {'word': '幾年', 'ner': 'DATE'}, {'word': '星宇', 'ner': 'ORG'}]"
相對較好的航線,相對(VH)　較(Dfa)　好(VH)　的(DE)　航線(Na),[]
都是原本就已經在飛的會不會之後飛機加下去,都(D)　是(SHI)　原本(D)　就(D)　已經(D)　在(P)　飛(VA)　的(DE)　會不會(D)　之後(Ng)　飛機(Na)　加下去(VB),[]
年終獎金更少了呢,年終(Nd)　獎金(Na)　更少(VH)　了(T)　呢(T),[]
新飛機上塗的,新(VH)　飛機(Na)　上(Ncd)　塗(VC)　的(DE),[]
會不會是今年年終的呢,會不會(D)　是(SHI)　今年(Nd)　年終(Nd)　的(DE)　呢(T),"[{'word': '今年', 'ner': 'DATE'}]"
嘻嘻,嘻嘻(D),[]
怎麼這裡也有機車仔版皇的人喔,怎麼(D)　這裡(Ncd)　也(D)　有(V_2)　機車(Na)　仔(Na)　版皇(Na)　的(DE)　人(Na)　喔(T),[]
腥宇不倒台灣不會好,腥(Nb)　宇(Nc)　不(D)　倒(VA)　台灣(Nc)　不會(D)　好(VH),"[{'word': '台灣', 'ner': 'GPE'}]"
等過幾年星宇也不會想要其他兩家的人了,等(VC)　過(Di)　幾(Neu)　年(Nf)　星宇(Nb)　也(D)　不會(D)　想要(VE)　其他(Neqa)　兩(Neu)　家(Nf)　的(DE)　人(Na)　了(T),"[{'word': '兩', 'ner': 'CARDINAL'}]"
到時候另外兩家還在嗎,到時候(D)　另外(Da)　兩(Neu)　家(Nc)　還(D)　在(VCL)　嗎(T),"[{'word': '兩', 'ner': 'CARDINAL'}]"
星宇有,星宇(Na)　有(V_2),[]
定可以消滅長榮的啦,定(D)　可以(D)　消滅(VC)　長榮(Nb)　的(DE)　啦(T),[]
感謝星宇,感謝(VK)　星宇(Na),"[{'word': '星宇', 'ner': 'PERSON'}]"
讓機票更便宜,讓(VL)　機票(Na)　更(Dfa)　便宜(VH),[]
可憐,可憐(VHC),[]
股票都沒發股利員工還想拿分紅喔,股票(Na)　都(D)　沒(D)　發(VD)　股利(Na)　員工(Na)　還(D)　想(VE)　拿(VC)　分紅(Nv)　喔(T),[]
直在媒體刷形象好,直(D)　在(P)　媒體(Na)　刷(VC)　形象(Na)　好(VH),[]
原來這麼不堪擊,原來(D)　這麼(Dfa)　不堪擊(VH),[]
就看員工有沒有離職了,就(D)　看(VC)　員工(Na)　有沒有(D)　離職(VH)　了(Di),[]
所以月說要發股利是假新聞嗎,所以(Cbb)　月(Na)　說(VE)　要(D)　發(VD)　股利(Na)　是(SHI)　假(VH)　新聞(Na)　嗎(T),[]
要共體時艱你股東怎麼要拿股利呢,要(D)　共體時艱(VA)　你(Nh)　股東(Na)　怎麼(D)　要(D)　拿(VC)　股利(Na)　呢(T),[]
堆財務工程調整認列方式不用硬要員工吞,堆(VC)　財務(Na)　工程(Na)　調整(VC)　認列(Nv)　方式(Na)　不用(D)　硬(D)　要(VE)　員工(Na)　吞(VC),[]
台灣不需要那麼多航空公司可以收收了,台灣(Nc)　不(D)　需要(VK)　那麼多(Neqa)　航空(Na)　公司(Nc)　可以(D)　收收(VC)　了(Di),"[{'word': '台灣', 'ner': 'GPE'}]"
有些人超好笑,有(V_2)　些(Nf)　人(Na)　超(Dfa)　好笑(VH),[]
是要你共體時艱嗎,是(SHI)　要(D)　你(Nh)　共體時艱(VA)　嗎(T),[]
那你去當他們員工好了,那(Dk)　你(Nh)　去(D)　當(VG)　他們(Nh)　員工(Na)　好了(T),[]
少買架錢不就有了,少(D)　買架(VC)　錢(Na)　不(D)　就(D)　有(V_2)　了(Di),[]
絕對不能少買架,絕對(D)　不能(D)　少(D)　買架(VC),[]
精品在年淨增架飛機很重要的,精品(Na)　在(P)　年(Na)　淨增架(VJ)　飛機(Na)　很(Dfa)　重要(VH)　的(DE),[]
不但可以藉此把低票價回饋給消費者,不但(Cbb)　可以(D)　藉(P)　此(Nep)　把(P)　低票價(Na)　回饋給(VD)　消費者(Na),[]
還可以同時把長榮華航的年終獎金拉下來,還可以(D)　同時(Nd)　把(P)　長榮(Nb)　華航(Nc)　的(DE)　年終(Nd)　獎金(Na)　拉下來(VB),"[{'word': '長榮華航', 'ner': 'ORG'}]"
讓所有台灣航空業者和從業人員起加入共體時艱,讓(VL)　所有(Neqa)　台灣(Nc)　航空(Na)　業者(Na)　和(Caa)　從業(VB)　人員(Na)　起(Ng)　加入(VC)　共體時艱(VA),"[{'word': '台灣', 'ner': 'GPE'}]"
根據網站顯示,根據(P)　網站(Nc)　顯示(VK),[]
台灣星宇航空首架,台灣(Nc)　星宇(Nb)　航空(Na)　首(Nes)　架(Nf),"[{'word': '台灣', 'ner': 'GPE'}, {'word': '星宇航空', 'ner': 'PRODUCT'}]"
經過連串測試及試飛後,經過(VCL)　連串(VHC)　測試(VC)　及(Caa)　試飛(VA)　後(Ng),[]
終於在今天正式交機,終於(D)　在(P)　今天(Nd)　正式(VH)　交(VD)　機(Na),"[{'word': '今天', 'ner': 'DATE'}]"
將於台灣時間今天晚上從法國土魯茲起飛,將(D)　於(P)　台灣(Nc)　時間(Na)　今天(Nd)　晚上(Nd)　從(P)　法國(Nc)　土魯茲(Nc)　起飛(VA),"[{'word': '台灣', 'ner': 'GPE'}, {'word': '今天', 'ner': 'DATE'}, {'word': '晚上', 'ner': 'TIME'}, {'word': '法國', 'ner': 'GPE'}, {'word': '土魯茲', 'ner': 'GPE'}]"
預計在明天上午抵達桃園機場北跑道,預計(VE)　在(P)　明天(Nd)　上午(Nd)　抵達(VCL)　桃園(Nc)　機場(Nc)　北(Ncd)　跑道(Na),"[{'word': '明天上午', 'ner': 'TIME'}, {'word': '桃園機場', 'ner': 'FAC'}]"
但仍請依實際飛行狀態為主,但(Cbb)　仍(D)　請(VF)　依(P)　實際(VH)　飛行(Nv)　狀態(Na)　為主(VI),[]
也不排除因北跑道巡檢有降落南跑道的可能,也(D)　不(D)　排除(VC)　因(P)　北(Ncd)　跑道(Na)　巡檢(VC)　有(V_2)　降落(VA)　南(Ncd)　跑道(Na)　的(DE)　可能(VH),[]
回來還要經過幾個禮拜作業才能上線載客執飛不知道會挑哪條航線首航,回來(VA)　還要(Dfa)　經過(VCL)　幾(Neu)　個(Nf)　禮拜(Na)　作業(Na)　才(Da)　能(D)　上線(VA)　載客(VA)　執飛(VC)　不(D)　知道(VK)　會(D)　挑(VC)　哪(Nep)　條(Nf)　航線(Na)　首航(Na),"[{'word': '幾個禮拜', 'ner': 'DATE'}]"
董飛去接了嗎,董飛(Nb)　去(D)　接(VC)　了(Di)　嗎(T),"[{'word': '董飛', 'ner': 'PERSON'}]"
先撈筆,先(D)　撈(VC)　筆(Na),[]
腥風血雨,腥風(VH)　血雨(Na),[]
有機會嗎,有(V_2)　機會(Na)　嗎(T),[]
月不知道有沒有機會,月(Na)　不(D)　知道(VK)　有(V_2)　沒(D)　有(V_2)　機會(Na),[]
星宇員工的年終都在這裡了,星宇(Nb)　員工(Na)　的(DE)　年終(Nd)　都(D)　在(P)　這裡(Ncd)　了(T),[]
果然是台灣之光唯精品星宇航空,果然(D)　是(SHI)　台灣(Nc)　之(DE)　光(Na)　唯(Da)　精品(Na)　星宇(Na)　航空(Na),"[{'word': '台灣', 'ner': 'NORP'}]"
還沒起飛,還(D)　沒(D)　起飛(VA),[]
滑行中,滑行(VA)　中(Ng),[]
會不會飛東京,會不會(D)　飛(VA)　東京(Nc),"[{'word': '東京', 'ner': 'GPE'}]"
有多載點人,有(V_2)　多(Neqa)　載(VC)　點(Nf)　人(Na),[]
出發了,出發(VA)　了(Di),[]
估計明天下午到,估計(VE)　明天(Nd)　下午(Nd)　到(Caa),[]
明天上午到吧,明天(Nd)　上午(Nd)　到(VCL)　吧(T),"[{'word': '明天上午', 'ner': 'TIME'}]"
拿三星摺疊機來拍,拿(VC)　三星(Nb)　摺疊機(Na)　來(D)　拍(VC),"[{'word': '三星', 'ner': 'CARDINAL'}]"
年終都在這了,年終(Nd)　都(D)　在(P)　這(Nep)　了(T),[]
是說的第二台怎麼沒消息啊,是(SHI)　說(VE)　的(DE)　第二台(Na)　怎麼(D)　沒(VJ)　消息(Na)　啊(T),"[{'word': '第二', 'ner': 'ORDINAL'}]"
開始估計現在提早到,開始(VL)　估計(VE)　現在(Nd)　提早到(VL),[]
是世界航空公司的指標了啦誰擁有比較多的就是獲利的領頭羊,是(SHI)　世界(Nc)　航空(Na)　公司(Nc)　的(DE)　指標(Na)　了(T)　啦(T)　誰(Nh)　擁有(VJ)　比較(P)　多(VH)　的(DE)　就(D)　是(SHI)　獲利(VH)　的(DE)　領頭羊(Na),"[{'word': '世界航空公司', 'ner': 'ORG'}]"
想去拍但是住花蓮,想(VE)　去(D)　拍(VC)　但是(Cbb)　住(VCL)　花蓮(Nc),"[{'word': '花蓮', 'ner': 'GPE'}]"
董拿三星機喔,董(Nb)　拿(VC)　三星機(Na)　喔(T),[]
科科,科科(Neqa),[]
獲利的領頭羊,獲利(VH)　的(DE)　領頭羊(Na),[]
會不會前幾批的性能也比較差,會不會(D)　前(Nes)　幾(Neu)　批(Nf)　的(DE)　性能(Na)　也(D)　比較(Dfa)　差(VH),[]
像首批那樣,像(P)　首(Nes)　批(Nf)　那樣(VH),[]
預計到好期待,預計(VE)　到(P)　好(Dfa)　期待(VK),[]
現在已經進入緬甸上空,現在(Nd)　已經(D)　進入(VCL)　緬甸(Nc)　上空(Nc),"[{'word': '緬甸', 'ner': 'GPE'}]"
台灣第架,台灣(Nc)　第(Neu)　架(Nf),"[{'word': '台灣', 'ner': 'GPE'}, {'word': '第架', 'ner': 'ORDINAL'}]"
公關造深神起來,公關(Na)　造深(VA)　神(D)　起來(Di),[]
御駕親征,御駕親征(VH),[]
不喜歡的機機,不(D)　喜歡(VK)　的(DE)　機機(Na),[]
有直播嗎,有(V_2)　直播(VC)　嗎(T),[]
員工的年終在天上飛,員工(Na)　的(DE)　年終(Nd)　在(P)　天(Nc)　上(Ncd)　飛(VA),[]
為什麼飛機雷擊會有影響,為什麼(D)　飛機(Na)　雷擊(Na)　會(D)　有(V_2)　影響(Na),[]
般不是都抗雷擊的嗎,般(Ng)　不(D)　是(SHI)　都(D)　抗(VJ)　雷擊(Na)　的(T)　嗎(T),[]
某家網軍又在高潮了,某(Nes)　家(Nf)　網軍(Na)　又(D)　在(P)　高潮(Na)　了(T),[]
降高度中,降(Na)　高度(Na)　中(Ng),[]
今早真的是台灣航空界的盛事,今早(Nd)　真的(D)　是(SHI)　台灣(Nc)　航空界(Nc)　的(DE)　盛事(Na),"[{'word': '今早', 'ner': 'TIME'}, {'word': '台灣', 'ner': 'GPE'}]"
全台第架抵台,全(Neqa)　台(Nc)　第(Neu)　架(Nf)　抵(VCL)　台(Nc),"[{'word': '台', 'ner': 'GPE'}, {'word': '第架', 'ner': 'ORDINAL'}, {'word': '台', 'ner': 'GPE'}]"
世界上現役最佳機型,世界(Nc)　上(Ncd)　現役(A)　最佳(A)　機型(Na),[]
預計降落,預計(VE)　降落(VA),[]
桃機直播拍到了,桃機(Nb)　直播(VC)　拍到(VC)　了(Di),"[{'word': '桃機', 'ner': 'GPE'}]"
水門迎接,水門(Na)　迎接(VC),[]
等等直接進機棚,等等(Cab)　直接(VH)　進(VCL)　機棚(Na),[]
不錯啊難道你要坐,不錯(VH)　啊(T)　難道(D)　你(Nh)　要(D)　坐(VA),[]
上面刷排接機,上面(Ncd)　刷排(A)　接機(VA),[]
結果點進去看堆假帳號,結果(Dk)　點進去(VB)　看(VC)　堆(Nf)　假(VH)　帳號(Na),[]
今天不管是御三家的哪家,今天(Nd)　不管(Cbb)　是(SHI)　御(Nc)　三(Neu)　家(Nc)　的(DE)　哪(Nep)　家(Nf),"[{'word': '今天', 'ner': 'DATE'}, {'word': '御三', 'ner': 'CARDINAL'}]"
台灣本土的航空公司所屬的第架亮相,台灣(Nc)　本土(Nc)　的(DE)　航空(Na)　公司(Nc)　所屬(A)　的(DE)　第(Neu)　架(Nf)　亮相(VA),"[{'word': '台灣', 'ner': 'GPE'}]"
難道不值得台灣民眾高興嗎,難道(D)　不(D)　值得(VH)　台灣(Nc)　民眾(Na)　高興(VK)　嗎(T),"[{'word': '台灣', 'ner': 'NORP'}]"
如果有第架回來,如果(Cbb)　有(V_2)　第(Neu)　架(Nf)　回來(VA),"[{'word': '第架', 'ner': 'ORDINAL'}]"
相信到時候也是大新聞,相信(VK)　到時候(D)　也(D)　是(SHI)　大(VH)　新聞(Na),[]
年終呢,年終(Nd)　呢(T),[]
要加碼嗎,要(D)　加碼(VA)　嗎(T),[]
大部分台灣民眾應該分不清楚型號航空迷除外,大部分(Neqa)　台灣(Nc)　民眾(Na)　應該(D)　分(VC)　不(D)　清楚(VH)　型號(Na)　航空迷(Na)　除外(VH),"[{'word': '台灣', 'ner': 'GPE'}]"
雀食在那邊之前跟其他朋友聊天根本聽不懂還問我說不是嗎,雀食(Nb)　在(P)　那邊(Ncd)　之前(Ng)　跟(P)　其他(Neqa)　朋友(Na)　聊天(VA)　根本(D)　聽(VK)　不(D)　懂(VK)　還(D)　問(VE)　我(Nh)　說(VE)　不(D)　是(SHI)　嗎(T),[]
是什麼,是(SHI)　什麼(Nep),[]
推台灣首架,推(VC)　台灣(Nc)　首(Nes)　架(Nf),"[{'word': '台灣', 'ner': 'GPE'}]"
感覺會先飛日本線,感覺(VK)　會(D)　先(D)　飛(VA)　日本線(Na),"[{'word': '日本', 'ner': 'GPE'}]"
好想搭搭看,好(Dfa)　想(VE)　搭搭(VC)　看(Di),[]
老闆已經說會先飛東京,老闆(Na)　已經(D)　說(VE)　會(D)　先(D)　飛(VA)　東京(Nc),"[{'word': '東京', 'ner': 'GPE'}]"
董讚啦不得不推,董讚(Nb)　啦(T)　不得不(D)　推(VC),[]
原來已到達帥氣,原來(D)　已(D)　到達(VCL)　帥氣(VH),[]
星宇贊助跨年卻只發個月年終薪資平台恐迎大規模跳槽潮,星宇(Nb)　贊助(VD)　跨年(A)　卻(D)　只(Da)　發(VD)　個(Nf)　月(Na)　年終(Nd)　薪資(Na)　平台(Na)　恐(VK)　迎(VC)　大規模(D)　跳槽潮(Na),"[{'word': '星宇', 'ner': 'ORG'}, {'word': '跨年', 'ner': 'DATE'}, {'word': '個月', 'ner': 'DATE'}]"
財經,財經(Na),[]
星宇航空日前贊助台北跨年光雕秀,星宇(Nb)　航空(Na)　日前(Nd)　贊助(VD)　台北(Nc)　跨年(A)　光雕秀(Na),"[{'word': '星宇航空', 'ner': 'ORG'}, {'word': '台北', 'ner': 'GPE'}]"
內部信卻流出年終僅發放個月,內部(Ncd)　信(Na)　卻(D)　流出(VCL)　年終(Nd)　僅(Da)　發放(VD)　個(Nf)　月(Na),"[{'word': '個月', 'ner': 'DATE'}]"
空服,空服(Na),[]
地勤工程師全炸鍋,地勤(Na)　工程師(Na)　全(Neqa)　炸(Na)　鍋(Na),[]
紛紛在社群媒體砲轟公司,紛紛(D)　在(P)　社群(Na)　媒體(Na)　砲轟(VC)　公司(Nc),[]
對此,對(P)　此(Nep),[]
薪資查詢平台比薪水,薪資(Na)　查詢(VE)　平台(Na)　比(P)　薪水(Na),[]
專家示警,專家(Na)　示警(VB),[]
若企業忽略員工士氣,若(Cbb)　企業(Na)　忽略(VJ)　員工(Na)　士氣(Na),[]
年後恐將面臨波人才流失危機,年(Na)　後(Ng)　恐(VK)　將(D)　面臨(VK)　波(Na)　人才(Na)　流失(VJ)　危機(Na),"[{'word': '年後', 'ner': 'DATE'}]"
根據比薪水資料庫統計,根據(P)　比(Nb)　薪水(Na)　資料庫(Na)　統計(Na),[]
星宇航空年平均月薪約萬,星宇(Nb)　航空(Na)　年(Nf)　平均(VH)　月薪(Na)　約(Da)　萬(Neu),"[{'word': '星宇航空', 'ner': 'ORG'}, {'word': '約萬', 'ner': 'CARDINAL'}]"
平均年薪則落在,平均(VH)　年薪(Na)　則(D)　落在(VCL),[]
萬元,萬(Neu)　元(Nf),"[{'word': '萬元', 'ner': 'MONEY'}]"
儘管公司同步宣布結構調薪,儘管(Cbb)　公司(Nc)　同步(VH)　宣布(VE)　結構(Na)　調薪(VH),[]
並調升餐費與交通津貼,並(Cbb)　調升(VC)　餐費(Na)　與(Caa)　交通(Na)　津貼(Na),[]
卻難以平息基層不滿,卻(D)　難以(D)　平息(VC)　基層(A)　不滿(Nv),[]
此外,此外(Cbb),[]
星宇的軍事化管理風格也引發討論,星宇(Nc)　的(DE)　軍事化(VHC)　管理(VC)　風格(Na)　也(D)　引發(VC)　討論(VE),"[{'word': '星宇', 'ner': 'ORG'}]"
加上公司地點通勤成本高,加上(Cbb)　公司(Nc)　地點(Na)　通勤(Nv)　成本(Na)　高(VH),[]
部分員工開始重,部分(Neqa)　員工(Na)　開始(VL)　重(VL),[]
新考慮職涯,新(D)　考慮(VE)　職涯(Na),[]
比薪水專家分析,比(P)　薪水(Na)　專家(Na)　分析(VC),[]
星宇航空目前正處於成長期,星宇(Na)　航空(Na)　目前(Nd)　正(D)　處於(VJ)　成長期(Na),"[{'word': '星宇航空', 'ner': 'ORG'}]"
需支應培訓營運成本,需(D)　支應(VC)　培訓(VC)　營運(Nv)　成本(Na),[]
短期內獎金,短期(Nd)　內(Ng)　獎金(Na),[]
制度確實難與長榮華航等航空公司相比,制度(Na)　確實(D)　難(VH)　與(P)　長榮(Nb)　華航(Nc)　等(Cab)　航空(Na)　公司(Nc)　相比(VB),"[{'word': '長榮華航', 'ner': 'ORG'}]"
根據平台資料庫,根據(P)　平台(Na)　資料庫(Na),[]
客艙組員底薪萬萬元起跳,客艙(Na)　組員(Na)　底薪(Na)　萬萬(Neu)　元(Nf)　起跳(VA),"[{'word': '萬萬元', 'ner': 'MONEY'}]"
加上各種加給可達萬,加上(Cbb)　各(Nes)　種(Nf)　加給(Na)　可(D)　達(VJ)　萬(Neu),"[{'word': '萬', 'ner': 'CARDINAL'}]"
不過淡季收入落差大,不過(Cbb)　淡季(Nd)　收入(Na)　落差(Na)　大(VH),[]
地勤人員則反應,地勤(Na)　人員(Na)　則(D)　反應(VE),[]
星宇工作強度高,星宇(Na)　工作(Na)　強度(Na)　高(Na),"[{'word': '星宇', 'ner': 'ORG'}]"
人力吃緊,人力(Na)　吃緊(VH),[]
教育訓練曲線對於新鮮人來說不太友善,教育(Na)　訓練(Na)　曲線(Na)　對於(P)　新鮮人(Na)　來(D)　說(VE)　不(D)　太(Dfa)　友善(VH),[]
比薪水認為,比(P)　薪水(Na)　認為(VE),[]
星宇航空品牌形象優質,星宇(Na)　航空(Na)　品牌(Na)　形象(Na)　優質(A),"[{'word': '星宇航空', 'ner': 'ORG'}]"
依然是許多年輕人的夢想企業,依然(D)　是(SHI)　許多(Neqa)　年輕人(Na)　的(DE)　夢想(Na)　企業(Na),[]
然而,然而(Cbb),[]
航空業,航空業(Na),[]
全面復甦搶人大戰白熱化,全面(D)　復甦(VH)　搶(VD)　人(Na)　大戰(Na)　白熱化(VHC),[]
若能提供更具誘因的長期激勵制度,若(Cbb)　能(D)　提供(VD)　更(Dfa)　具(VJ)　誘因(Na)　的(DE)　長期(Na)　激勵(Nv)　制度(Na),[]
將更有利於在人才競爭,將(D)　更(D)　有利於(VK)　在(P)　人才(Na)　競爭(Na),[]
中站穩腳跟,中(Ncd)　站穩(VA)　腳跟(Na),[]
專家提醒,專家(Na)　提醒(VE),[]
企業在成長過程中,企業(Na)　在(P)　成長(VH)　過程(Na)　中(Ng),[]
如何將品牌溢價回饋至員工福利,如何(D)　將(P)　品牌(Na)　溢價(Na)　回饋(VC)　至(P)　員工(Na)　福利(Na),[]
將是留才,將(D)　是(SHI)　留(VC)　才(Na),[]
關鍵,關鍵(Na),[]
你等這新聞很久了齁也記得去更新下,你等(Nh)　這(Nep)　新聞(Na)　很(Dfa)　久(VH)　了(T)　齁(T)　也(D)　記得(VK)　去(D)　更新(VC)　下(Ng),[]
的人事成本是怎麼造成的,的(DE)　人事(Na)　成本(Na)　是(SHI)　怎麼(D)　造成(VK)　的(T),[]
薪資就業界最低不是嗎,薪資(Na)　就業界(P)　最(Dfa)　低(VH)　不(D)　是(SHI)　嗎(T),[]
被虎航屌打,被(P)　虎航(Nb)　屌打(FW),"[{'word': '虎航', 'ner': 'ORG'}]"
反正空服的主業現在是網紅葉配,反正(D)　空服(Na)　的(DE)　主業(Na)　現在(Nd)　是(SHI)　網紅葉(Na)　配(VC),[]
星宇很多是長榮華航進不去的,星宇(Nb)　很多(Neqa)　是(SHI)　長榮(Nb)　華航(Nc)　進(VA)　不(D)　去(VCL)　的(T),"[{'word': '星宇', 'ner': 'ORG'}, {'word': '長榮華航', 'ner': 'ORG'}]"
要跳哪,要(D)　跳(VA)　哪(Nep),[]
有機會趕快走反正航空公司大堆,有(V_2)　機會(Na)　趕快(D)　走(VA)　反正(D)　航空(Na)　公司(Nc)　大堆(VH),[]
因為贊助台北跨年光雕秀年終僅發個月的星宇航空,因為(Cbb)　贊助(VD)　台北(Nc)　跨年(A)　光雕秀(Na)　年終(Nd)　僅(Da)　發(VD)　個(Nf)　月(Na)　的(DE)　星宇(Nb)　航空(Na),"[{'word': '台北', 'ner': 'GPE'}, {'word': '發個月', 'ner': 'DATE'}, {'word': '星宇航空', 'ner': 'ORG'}]"
樓上好慘行銷預算跟人事預算還有盈餘都搞不懂那長榮贊助台北跨年晚會原本可以發更多華航贊助高雄跨年晚會到時候記得加回去失心瘋了吧這位老人,樓上(Nc)　好(Dfa)　慘(VH)　行銷(Na)　預算(Na)　跟(Caa)　人事(Na)　預算(Na)　還(D)　有(V_2)　盈餘(Na)　都(D)　搞(VK)　不(D)　懂(VK)　那(Nep)　長榮(Nb)　贊助(VD)　台北(Nc)　跨年(A)　晚會(Na)　原本(D)　可以(D)　發(VD)　更多(Neqa)　華航(Nc)　贊助(VD)　高雄(Nc)　跨年(A)　晚會(Na)　到時候(D)　記得(VK)　加回去(VC)　失心瘋(VH)　了(T)　吧(T)　這(Nep)　位(Nf)　老人(Na),"[{'word': '台北', 'ner': 'GPE'}, {'word': '華航', 'ner': 'ORG'}, {'word': '高雄', 'ner': 'GPE'}]"
笑死人,笑死(VHC)　人(Na),[]
是要跳去哪,是(SHI)　要(D)　跳(VA)　去(D)　哪(Ncd),[]
太平洋,太平洋(Nc),"[{'word': '太平洋', 'ner': 'LOC'}]"
平均年薪不到真的假的,平均(VH)　年薪(Na)　不(D)　到(P)　真(VH)　的(DE)　假(VH)　的(DE),[]
人不夠最後不開高雄你會比較高興,人(Na)　不(D)　夠(VH)　最後(Nd)　不(D)　開(VC)　高雄(Nc)　你(Nh)　會(D)　比較(Dfa)　高興(VK),"[{'word': '高雄', 'ner': 'GPE'}]"
錢砸到把乾爹名字念出來也是很厲害,錢(Na)　砸到(VC)　把(P)　乾爹(Na)　名字(Na)　念出來(VB)　也(D)　是(SHI)　很(Dfa)　厲害(VH),[]
真的耶如果覺得員工人事成本已經太高那再增加高雄成本不就又再往上加高雄還是先暫緩好了,真的(D)　耶(T)　如果(Cbb)　覺得(VK)　員工(Na)　人事(Na)　成本(Na)　已經(D)　太(Dfa)　高(VH)　那(Dk)　再(D)　增加(VHC)　高雄(Nc)　成本(Na)　不(D)　就(D)　又(D)　再(D)　往(P)　上(Ncd)　加(VC)　高雄(Nc)　還是(D)　先(D)　暫緩(VH)　好了(T),"[{'word': '高雄', 'ner': 'GPE'}, {'word': '高雄', 'ner': 'GPE'}]"
不做就去招外籍組員,不(D)　做(VC)　就(D)　去(D)　招(VC)　外籍(A)　組員(Na),[]
跳去哪笑死,跳去(VA)　哪(Ncd)　笑死(VHC),[]
星宇就是堆其他間考不上的是能去哪啦,星宇(Nb)　就是(Cbb)　堆(Nf)　其他(Neqa)　間(Ng)　考(VC)　不(D)　上(VC)　的(DE)　是(SHI)　能(D)　去(VCL)　哪(Ncd)　啦(T),"[{'word': '星宇', 'ner': 'PERSON'}]"
賠錢還再那裝大氣打燈被笑就不用在那懂不懂了啦,賠錢(VH)　還(D)　再(D)　那(Nep)　裝(VC)　大氣(Na)　打燈(VA)　被(P)　笑(VA)　就(D)　不用(D)　在(P)　那(Nep)　懂(VK)　不懂(D)　了(T)　啦(T),[]
活動發發就好,活動(Na)　發發(VD)　就(D)　好(VH),[]
長榮空服招募中,長榮(Nb)　空服(Na)　招募(VC)　中(Ng),"[{'word': '長榮空服', 'ner': 'ORG'}]"
報名截止日初審面試月報到但不知道長榮會不會不錄取星宇的員工,報名(VA)　截止日(Nd)　初審(VC)　面試(VC)　月(Na)　報到(VA)　但(Cbb)　不(D)　知道(VK)　長榮(Nb)　會不會(D)　不(D)　錄取(VC)　星宇(Nb)　的(DE)　員工(Na),"[{'word': '長榮', 'ner': 'ORG'}, {'word': '星宇', 'ner': 'ORG'}]"
鄉民真有正義感,鄉民(Na)　真(D)　有(V_2)　正義感(Na),[]
航空業普通內勤薪資是真的滿低,航空業(Na)　普通(VH)　內勤(Na)　薪資(Na)　是(SHI)　真的(D)　滿(Dfa)　低(VH),[]
好像很好聽而已,好像(D)　很(Dfa)　好聽(VH)　而已(T),[]
如果長榮有大批錄取星宇的空服,如果(Cbb)　長榮(Nb)　有(V_2)　大(VH)　批(Nf)　錄取(VC)　星宇(Na)　的(DE)　空服(Na),[]
大批移轉會從月開始出現,大(VH)　批(Nf)　移轉(Nv)　會(D)　從(P)　月(Na)　開始(VL)　出現(VH),"[{'word': '月', 'ner': 'DATE'}]"
不然你要去長榮被學姊糟蹋嗎,不然(Cbb)　你(Nh)　要(D)　去(VCL)　長榮(Nb)　被(P)　學姊(Na)　糟蹋(VC)　嗎(T),[]
別講得副你要跳長榮華航就願意收好嗎,別(D)　講(VE)　得(DE)　副(A)　你(Nh)　要(D)　跳(VA)　長榮(Nb)　華航(Nc)　就(D)　願意(VK)　收好(VC)　嗎(T),"[{'word': '榮華航', 'ner': 'PERSON'}]"
年薪個月個月,年薪(Na)　個(Nf)　月(Na)　個(Nf)　月(Na),[]
差異量,差異量(Na),[]
之前不是堆護航的說沒人看年終要看年薪嗎,之前(Nd)　不(D)　是(SHI)　堆(Nf)　護航(VB)　的(DE)　說(VE)　沒(VJ)　人(Na)　看(VC)　年終(Nd)　要(D)　看(VC)　年薪(Na)　嗎(T),[]
笑死,笑死(VHC),[]
星宇的最大貢獻就是讓大家知道原來航空業真的很難做原來長榮華航待遇已經很不錯了,星宇(Nb)　的(DE)　最(Dfa)　大(VH)　貢獻(Na)　就(D)　是(SHI)　讓(VL)　大家(Nh)　知道(VK)　原來(A)　航空業(Na)　真的(D)　很(Dfa)　難(VH)　做(VC)　原來(D)　長榮(Nb)　華航(Nc)　待遇(Na)　已經(D)　很(Dfa)　不錯(VH)　了(T),"[{'word': '星宇', 'ner': 'ORG'}, {'word': '長榮華航', 'ner': 'ORG'}]"
還是堆排隊等著進有差嗎就這種心態,還是(D)　堆(VC)　排隊(VA)　等(VC)　著(Di)　進(VC)　有(V_2)　差(VH)　嗎(T)　就(P)　這(Nep)　種(Nf)　心態(Na),[]
長榮還有年中分紅真的要算不只個月去年個月今年如果比照辦理就是快個月,長榮(Nb)　還(D)　有(V_2)　年中(Nd)　分紅(VB)　真的(D)　要(D)　算(VG)　不只(Da)　個(Nf)　月(Na)　去年(Nd)　個(Nf)　月(Na)　今年(Nd)　如果(Cbb)　比照(P)　辦理(VC)　就(Cbb)　是(SHI)　快(VH)　個(Nf)　月(Na),"[{'word': '今年', 'ner': 'DATE'}]"
因航你學我,因航(Cbb)　你(Nh)　學(VC)　我(Nh),[]
我才是正牌因航,我(Nh)　才(Da)　是(SHI)　正牌(VH)　因(Cbb)　航(VA),[]
星宇的工作強度會高嗎,星宇(Nb)　的(DE)　工作(VA)　強度(Na)　會(D)　高(VH)　嗎(T),"[{'word': '星宇', 'ner': 'ORG'}]"
目前只有做自家航班不是嗎,目前(Nd)　只有(D)　做(VC)　自家(Nc)　航班(Na)　不(D)　是(SHI)　嗎(T),[]
再怎麼樣都比虎航好,再(D)　怎麼樣(VH)　都(D)　比(P)　虎航(Nb)　好(VH),[]
虎航那個年終數加上去會比星宇差,虎航(Nb)　那(Nep)　個(Nf)　年終數(Na)　加上去(VB)　會(D)　比(P)　星宇(Na)　差(VH),"[{'word': '虎航', 'ner': 'ORG'}, {'word': '星宇', 'ner': 'ORG'}]"
這樣的薪資,這樣(VH)　的(DE)　薪資(Na),[]
還期待員工能有怎樣的精品服務,還(D)　期待(VK)　員工(Na)　能(D)　有(V_2)　怎樣(VH)　的(DE)　精品(Na)　服務(VC),[]
等星宇把鳳凰城芬蘭波蘭蘇黎世全部都飛起來,等(Cab)　星宇(Nb)　把(P)　鳳凰城(Nc)　芬蘭(Nc)　波蘭(Nc)　蘇黎世(Nc)　全部(Neqa)　都(D)　飛起來(VA),"[{'word': '芬蘭波蘭蘇黎世', 'ner': 'GPE'}]"
星宇的年終獎金就可以超過長榮了,星宇(Nb)　的(DE)　年終(Nd)　獎金(Na)　就(D)　可以(D)　超過(VJ)　長榮(Nb)　了(T),"[{'word': '星宇', 'ner': 'ORG'}]"
你各位屆時不要後悔沒有跳槽來星宇,你(Nh)　各位(Nh)　屆時(D)　不要(D)　後悔(VL)　沒有(D)　跳槽(VA)　來(VA)　星宇(Na),"[{'word': '星宇', 'ner': 'ORG'}]"
不對的時間做不對的事廣告內部信個月,不(D)　對(VH)　的(DE)　時間(Na)　做(VC)　不(D)　對(VH)　的(DE)　事(Na)　廣告(Na)　內部(Ncd)　信(VK)　個(Nf)　月(Na),"[{'word': '信個月', 'ner': 'DATE'}]"
廣告個月內部信湊在起,廣告(Na)　個(Nf)　月(Na)　內部(Ncd)　信(Na)　湊(VC)　在(VH)　起(Di),"[{'word': '個月', 'ner': 'DATE'}]"
是內部有人要害董仔,是(SHI)　內部(Ncd)　有(V_2)　人(Na)　要害(Nc)　董仔(Nb),[]
笑死某樓支持到腦袋壞掉,笑死(VHC)　某(Nes)　樓(Nc)　支持(VC)　到(P)　腦袋(Na)　壞掉(VH),[]
把整串事情連在起回想,把(P)　整(Neqa)　串(Nf)　事情(Na)　連(Cbb)　在(P)　起(Di)　回(VE)　想(VE),[]
細思極恐呀聶公還在的話,細(VK)　思(VE)　極(Dfa)　恐(VK)　呀(T)　聶公(Nb)　還(D)　在(VCL)　的話(DE),"[{'word': '聶公', 'ner': 'PERSON'}]"
不會這樣出牌吧,不會(D)　這樣(VH)　出(VC)　牌(Na)　吧(T),[]
錢都花在網紅網軍等公關了,錢(Na)　都(D)　花(VC)　在(P)　網紅(Na)　網軍(Na)　等(Cab)　公關(Na)　了(Di),[]
哪來有錢能照顧好員工呢,哪來(D)　有錢(VH)　能(D)　照顧好(VC)　員工(Na)　呢(T),[]
搞大外宣花光了可撥,搞(VC)　大(VH)　外宣(Na)　花光(VC)　了(Di)　可(D)　撥(VC),[]
這就是刷存在感的垃圾,這(Nep)　就(D)　是(SHI)　刷(VC)　存在感(Na)　的(DE)　垃圾(Na),[]
這應該是董本人吧年進航空的,這(Nep)　應該(D)　是(SHI)　董(Nb)　本人(Nh)　吧(T)　年(Na)　進(VCL)　航空(Na)　的(DE),[]
繼續嘴,繼續(VF)　嘴(Na),[]
到時候高雄延後開航你就高興了,到時候(D)　高雄(Nc)　延後(VC)　開航(VA)　你(Nh)　就(D)　高興(VK)　了(Di),"[{'word': '高雄', 'ner': 'GPE'}]"
才發個月就有這麼多死忠的,才(Da)　發(VD)　個(Nf)　月(Na)　就(D)　有(V_2)　這麼多(Neqa)　死忠(VH)　的(DE),[]
董仔應該很高興看來看去有飛高雄的,董仔(Nb)　應該(D)　很(Dfa)　高興(VK)　看來看去(VA)　有(V_2)　飛(VA)　高雄(Nc)　的(DE),"[{'word': '高雄', 'ner': 'GPE'}]"
年終獎金都還不錯,年終(Nd)　獎金(Na)　都(D)　還(D)　不錯(VH),[]
知道虎航多好了吧,知道(VK)　虎航(Nb)　多(Dfa)　好(VH)　了(T)　吧(T),[]
促銷票也不難買我年買趟,促銷票(Na)　也(D)　不(D)　難(VH)　買(VC)　我(Nh)　年(Na)　買(VC)　趟(Nf),[]
廢話你終究要去華航的,廢話(Na)　你(Nh)　終究(D)　要(D)　去(VCL)　華航(Nc)　的(DE),"[{'word': '華航', 'ner': 'ORG'}]"
不廣告業績更差而已,不(D)　廣告(Na)　業績(Na)　更(Dfa)　差(VH)　而已(T),[]
吵廣告真的很好笑新公司不砸錢廣告之後誰知道,吵(VC)　廣告(Na)　真的(D)　很(Dfa)　好笑(VH)　新(VH)　公司(Nc)　不(D)　砸錢(VB)　廣告(Na)　之後(Ng)　誰(Nh)　知道(VK),[]
精品都是口耳相傳的,精品(Na)　都(D)　是(SHI)　口(Na)　耳(Na)　相傳(VE)　的(DE),[]
能跳哪,能(D)　跳(VA)　哪(Nep),[]
航空業不像其他產業年資與經驗很有用,航空業(Na)　不(D)　像(P)　其他(Neqa)　產業(Na)　年資(Na)　與(Caa)　經驗(Na)　很(Dfa)　有用(VH),[]
反而是越年輕越有優勢,反而(Cbb)　是(SHI)　越(D)　年輕(VH)　越(D)　有(V_2)　優勢(Na),[]
以前網傳說星宇進些花跟綠地球的問題分子與考不上的等下補推星宇表面什麼都好很多細節不到位,以前(Nd)　網傳(Na)　說(VE)　星宇(Na)　進(VC)　些(Nf)　花(Na)　跟(P)　綠(Na)　地球(Na)　的(DE)　問題(Na)　分子(Na)　與(Caa)　考(VC)　不(D)　上(VC)　的(DE)　等下(D)　補推(VC)　星宇(Na)　表面(Na)　什麼(Nep)　都(D)　好(VH)　很多(Neqa)　細節(Na)　不(D)　到位(VA),"[{'word': '星宇', 'ner': 'ORG'}, {'word': '星宇', 'ner': 'ORG'}]"
你們這些星黑,你們(Nh)　這些(Neqa)　星(VH)　黑(VH),[]
精品航空怎麼會細節不到位精品員工怎麼會是花跟綠地球的問題分子與考不上的,精品(Na)　航空(Na)　怎麼(D)　會(D)　細節(Na)　不(D)　到位(VA)　精品(Na)　員工(Na)　怎麼(D)　會(D)　是(SHI)　花(Na)　跟(Caa)　綠(Na)　地球(Na)　的(DE)　問題(Na)　分子(Na)　與(Caa)　考(VC)　不(D)　上(VC)　的(DE),[]
推文有人要送你年終欸你不去領下,推文(Na)　有(V_2)　人(Na)　要(D)　送(VD)　你(Nh)　年終(Nd)　欸(I)　你(Nh)　不(D)　去(D)　領下(VC),[]
那個不是網傳説是業內大家都知道的事福利哪間最好大家心知肚明疫情結束還有航空開回鍋缺堆人申請呢,那(Nep)　個(Nf)　不(D)　是(SHI)　網傳(Na)　説(VE)　是(SHI)　業(Na)　內(Ng)　大家(Nh)　都(D)　知道(VK)　的(DE)　事(Na)　福利(Na)　哪(Nep)　間(Nf)　最好(D)　大家(Nh)　心知肚明(VH)　疫情(Na)　結束(VHC)　還(D)　有(V_2)　航空(Na)　開回鍋(VC)　缺(VJ)　堆(Nf)　人(Na)　申請(VF)　呢(T),[]
大規模跳槽,大規模(D)　跳槽(VA),[]
還能找到比星宇更好的航空公司嗎,還(D)　能(D)　找到(VC)　比(P)　星宇(Na)　更(Dfa)　好(VH)　的(DE)　航空(Na)　公司(Nc)　嗎(T),"[{'word': '星宇', 'ner': 'ORG'}]"
沒有社會經驗的才會被這種品牌形象優質的給騙進去啦,沒有(VJ)　社會(Na)　經驗(Na)　的(DE)　才(Da)　會(D)　被(P)　這(Nep)　種(Nf)　品牌(Na)　形象(Na)　優質(A)　的(DE)　給(P)　騙進去(VC)　啦(T),[]
他們只有表面好,他們(Nh)　只有(Cbb)　表面(Na)　好(VH),[]
進去就知道了,進去(VA)　就(D)　知道(VK)　了(T),[]
疫情結束開放時,疫情(Na)　結束(VHC)　開放(VC)　時(Ng),[]
華航找年的考生回鍋,華航(Nc)　找(VC)　年(Na)　的(DE)　考生(Na)　回鍋(VH),"[{'word': '華航', 'ner': 'ORG'}]"
空服員全部離職溜之大吉,空服員(Na)　全部(Neqa)　離職(VH)　溜之大吉(VA),[]
長榮的鬼學姊懶豬,長榮(Nb)　的(DE)　鬼(Na)　學姊(Na)　懶(VH)　豬(Na),[]
中國籍航空疫情期間被裁組員,中國籍(Na)　航空(Na)　疫情(Na)　期間(Na)　被(P)　裁組員(Na),"[{'word': '中國', 'ner': 'GPE'}]"
國泰薪資計算調整後不爽的組員,國泰(Nb)　薪資(Na)　計算(VC)　調整(VC)　後(Ng)　不(D)　爽(VH)　的(DE)　組員(Na),"[{'word': '國泰', 'ner': 'ORG'}]"
卡達不想被關宿舍的組員都來這裡,卡達(Nc)　不(D)　想(VE)　被(P)　關(VC)　宿舍(Nc)　的(DE)　組員(Na)　都(D)　來(VA)　這裡(Ncd),"[{'word': '卡達', 'ner': 'GPE'}]"
如果不贊助跨年攤下來員工可以多多少錢,如果(Cbb)　不(D)　贊助(VD)　跨年(A)　攤下來(VC)　員工(Na)　可以(D)　多(VH)　多少(Neqa)　錢(Na),[]
平均年薪不到真的假的,平均(VH)　年薪(Na)　不(D)　到(P)　真(VH)　的(DE)　假(VH)　的(DE),[]
脆上面護理師耶,脆(VH)　上面(Ncd)　護理師(Na)　耶(T),[]
員工人看廣告費多少下去分,員工(Na)　人(Na)　看(VC)　廣告費(Na)　多少(Neqa)　下去(VA)　分(VD),[]
都兩大不要回收的能跳去哪啦,都(D)　兩(Neu)　大(VH)　不要(D)　回收(VC)　的(DE)　能(D)　跳去(VA)　哪(Ncd)　啦(T),"[{'word': '兩', 'ner': 'CARDINAL'}]"
引述,引述(VC),[]
之銘言,之(DE)　銘言(Nv),[]
星宇航空預計開航台中往返東京成田,星宇(Nb)　航空(Na)　預計(VE)　開航(VA)　台中(Nc)　往返(VCL)　東京(Nc)　成田(Nc),"[{'word': '星宇航空', 'ner': 'ORG'}, {'word': '台中', 'ner': 'GPE'}, {'word': '東京', 'ner': 'GPE'}, {'word': '成田', 'ner': 'GPE'}]"
每週四班,每(Nes)　週(Nf)　四(Neu)　班(Nf),"[{'word': '四', 'ner': 'CARDINAL'}]"
機型,機型(Na),[]
航班時刻,航班(Na)　時刻(Na),[]
每週三四六,每(Nes)　週(Nd)　三(Nd)　四六(Nd),"[{'word': '每週三四六', 'ner': 'DATE'}]"
每週,每(Nes)　週(Nf),[]
每週三四,每(Nes)　週(Nd)　三(Nd)　四(Nd),"[{'word': '每週三四', 'ner': 'DATE'}]"
每週六,每(Nes)　週六(Nd),"[{'word': '每週六', 'ner': 'DATE'}]"
前幾天才開賣,前(Nes)　幾(Neu)　天(Nf)　才(Da)　開賣(VD),"[{'word': '前幾天', 'ner': 'DATE'}]"
今天又公告期間,今天(Nd)　又(D)　公告(VE)　期間(Na),"[{'word': '今天', 'ner': 'DATE'}]"
台中往返成田增至每日班,台中(Nc)　往返(VCL)　成田(Nc)　增至(VJ)　每(Na)　日班(Nf),"[{'word': '台中', 'ner': 'GPE'}, {'word': '成田', 'ner': 'GPE'}]"
每日,每(Nes)　日(Nf),[]
每週,每(Nes)　週(Nf),[]
每週二三四日,每(Nes)　週(Nd)　二(Nd)　三四(Nd)　日(Nd),"[{'word': '每週二三四日', 'ner': 'DATE'}]"
每週五六,每(Nes)　週五(Nd)　六(Nd),"[{'word': '每週五六', 'ner': 'DATE'}]"
才剛開賣就增班,才(Da)　剛(D)　開賣(VA)　就(D)　增班(VJ),[]
看起來目前是暑假季節性增班,看起來(D)　目前(Nd)　是(SHI)　暑假(Nd)　季節性(Na)　增班(VJ),[]
不知道之後會不會常態飛,不(D)　知道(VK)　之後(Ng)　會不會(D)　常態(Na)　飛(VA),[]
因為飛機要進來了,因為(Cbb)　飛機(Na)　要(D)　進來(VA)　了(Di),[]
天班是遲早的,天班(Na)　是(SHI)　遲早(D)　的(T),[]
循序漸進開,循序漸進(VH)　開(VC),[]
飛應該是遲早的事,飛(VA)　應該(D)　是(SHI)　遲早(D)　的(DE)　事(Na),[]
星宇要衝刺日本線了,星宇(Nb)　要(D)　衝刺(VC)　日本線(Na)　了(T),"[{'word': '星宇', 'ner': 'ORG'}, {'word': '日本', 'ner': 'GPE'}]"
之後桃機飛日本應該都會變成廣體了吧多換幾架去台中,之後(Nd)　桃機(Na)　飛(VA)　日本(Nc)　應該(D)　都(D)　會(D)　變成(VG)　廣體(Na)　了(T)　吧(T)　多(D)　換(VC)　幾(Neu)　架(Nf)　去(VCL)　台中(Nc),"[{'word': '桃機', 'ner': 'PRODUCT'}, {'word': '日本', 'ner': 'GPE'}, {'word': '台中', 'ner': 'GPE'}]"
架天就打東京來回這樣會賺嗎,架(VC)　天(Nf)　就(D)　打(VC)　東京(Nc)　來回(VCL)　這樣(VH)　會(D)　賺(VC)　嗎(T),"[{'word': '東京', 'ner': 'GPE'}]"
好賺吧,好(VH)　賺(VC)　吧(T),[]
不然年終要發不出來了,不然(Cbb)　年終(Na)　要(D)　發(VD)　不(D)　出來(VA)　了(Di),[]
賣夠高就賺的回來,賣(VD)　夠(Dfa)　高(VH)　就(D)　賺(VC)　的(DE)　回來(VA),[]
應該會繼續跟日本地勤喬如果能增到月底都卡位住後續冬季班表就有機會持續,應該(D)　會(D)　繼續(VF)　跟(P)　日本(Nc)　地勤喬(Na)　如果(Cbb)　能(D)　增(VJ)　到(P)　月底(Nd)　都(D)　卡位住(VA)　後續(A)　冬季(Nd)　班表(Na)　就(D)　有(V_2)　機會(Na)　持續(VL),"[{'word': '日本', 'ner': 'GPE'}, {'word': '月底', 'ner': 'DATE'}]"
時間帶串第二趟的話要嘛點出發或類似以前華信出發就有機會串飛宮古島沖繩澳門這種航線,時間(Na)　帶(VC)　串(Nf)　第二(Neu)　趟(Nf)　的話(Cba)　要嘛(D)　點(VC)　出發(VA)　或(Caa)　類似(VG)　以前(Nd)　華信(Nc)　出發(VA)　就(D)　有(V_2)　機會(Na)　串飛(VC)　宮古島(Nc)　沖繩(Nc)　澳門(Nc)　這(Nep)　種(Nf)　航線(Na),"[{'word': '第二', 'ner': 'ORDINAL'}, {'word': '宮古島', 'ner': 'LOC'}, {'word': '沖繩', 'ner': 'GPE'}, {'word': '澳門', 'ner': 'GPE'}]"
把原本桃園地勤時間帶分過來應該也可以吧不過可能台中太晚決定了所以時間不好調整,把(P)　原本(D)　桃園(Nc)　地勤(Na)　時間帶(Na)　分過來(VB)　應該(D)　也(D)　可以(VH)　吧(T)　不過(Cbb)　可能(D)　台中(Nc)　太晚(VH)　決定(VE)　了(Di)　所以(Cbb)　時間(Na)　不(D)　好(VH)　調整(VC),"[{'word': '桃園', 'ner': 'GPE'}, {'word': '台中', 'ner': 'GPE'}]"
談到了成田能當然要把握,談到(VE)　了(Di)　成田(Nc)　能(D)　當然(D)　要(D)　把握(VC),"[{'word': '成田', 'ner': 'GPE'}]"
星宇都不飛亞洲紅眼,星宇(Na)　都(D)　不(D)　飛(VA)　亞洲(Nc)　紅(VH)　眼(Na),"[{'word': '星宇', 'ner': 'ORG'}, {'word': '亞洲', 'ner': 'LOC'}]"
要不來可搭台中韓國台中曼谷不過定會有人說這些航線不好賺,要不來(Cbb)　可(D)　搭(VC)　台中(Nc)　韓國(Nc)　台中(Nc)　曼谷(Nc)　不過(Cbb)　定(D)　會(D)　有(V_2)　人(Na)　說(VE)　這些(Neqa)　航線(Na)　不(D)　好(VH)　賺(VC),"[{'word': '台中', 'ner': 'GPE'}, {'word': '韓國', 'ner': 'GPE'}, {'word': '台中', 'ner': 'GPE'}, {'word': '曼谷', 'ner': 'GPE'}]"
可憐的華信,可憐(VHC)　的(DE)　華信(Nb),[]
華航不給飛機看著臺中整碗被星宇端走,華航(Nc)　不(D)　給(VD)　飛機(Na)　看(VC)　著(Di)　臺中(Nc)　整(Neqa)　碗(Na)　被(P)　星宇(Na)　端(VC)　走(VA),"[{'word': '華航', 'ner': 'ORG'}, {'word': '臺中', 'ner': 'GPE'}, {'word': '星宇', 'ner': 'ORG'}]"
然而清泉崗沒有轉機動線,然而(Cbb)　清泉崗(Nc)　沒有(VJ)　轉機(Na)　動線(Na),"[{'word': '清泉崗', 'ner': 'GPE'}]"
很不方便做東北亞東南亞中轉,很(Dfa)　不(D)　方便(VH)　做(VC)　東北亞(Nc)　東南亞(Nc)　中轉(Nv),"[{'word': '東北亞', 'ner': 'LOC'}, {'word': '東南亞', 'ner': 'LOC'}]"
台中機場有宵禁,台中(Nc)　機場(Nc)　有(V_2)　宵禁(Na),"[{'word': '台中機場', 'ner': 'FAC'}]"
怎麼紅眼,怎麼(D)　紅眼(VH),[]
飛曼谷新加坡就剛好可以早回來了,飛(VA)　曼谷(Nc)　新加坡(Nc)　就(D)　剛好(Da)　可以(D)　早(D)　回來(VA)　了(Di),"[{'word': '曼谷', 'ner': 'GPE'}, {'word': '新加坡', 'ner': 'GPE'}]"
成田宵禁還不是有紅眼班機飛出來台灣,成田(Nc)　宵禁(Na)　還不是(D)　有(V_2)　紅眼(VH)　班機(Na)　飛出來(VA)　台灣(Nc),"[{'word': '成田', 'ner': 'GPE'}, {'word': '台灣', 'ner': 'GPE'}]"
當然是宵禁前飛出去,當然(D)　是(SHI)　宵禁(Na)　前(Ng)　飛出去(VA),[]
宵禁完後飛回來呀晚上十點飛出國,宵禁(Na)　完(VH)　後(Ng)　飛回來(VA)　呀(T)　晚上(Nd)　十點(Nd)　飛出(VCL)　國(Nc),"[{'word': '宵禁', 'ner': 'DATE'}, {'word': '晚上十點', 'ner': 'TIME'}]"
隔天早上七點飛回來可以安排距離是三到五小時間的航班,隔天(Nd)　早上(Nd)　七點(Nd)　飛回來(VA)　可以(D)　安排(VE)　距離(Na)　是(SHI)　三(Neu)　到(Caa)　五(Neu)　小時(Na)　間(Ng)　的(DE)　航班(Na),"[{'word': '隔天早上七點', 'ner': 'TIME'}, {'word': '三到五小時間', 'ner': 'TIME'}]"
星宇員工會嗆你懂不懂排班啦,星宇(Nb)　員工(Na)　會(D)　嗆(VH)　你(Nh)　懂(VK)　不懂(D)　排班(VA)　啦(T),"[{'word': '星宇員工會', 'ner': 'ORG'}]"
曼谷新加坡這些點都不錯也沒人飛,曼谷(Nc)　新加坡(Nc)　這些(Neqa)　點(Na)　都(D)　不錯(VH)　也(D)　沒(VJ)　人(Na)　飛(VA),"[{'word': '曼谷', 'ner': 'GPE'}, {'word': '新加坡', 'ner': 'GPE'}]"
也容易轉機他航,也(D)　容易(VH)　轉機(VA)　他航(Nh),[]
星宇連台北都沒有考慮夜班了,星宇(Nb)　連(Cbb)　台北(Nc)　都(D)　沒有(D)　考慮(VE)　夜班(Na)　了(T),"[{'word': '星宇', 'ner': 'ORG'}, {'word': '台北', 'ner': 'GPE'}]"
台中怎麼可能考慮,台中(Nc)　怎麼(D)　可能(D)　考慮(VE),"[{'word': '台中', 'ner': 'GPE'}]"
串聯香港澳門或許可行,串聯(VC)　香港(Nc)　澳門(Nc)　或許(D)　可行(VH),"[{'word': '香港澳門', 'ner': 'GPE'}]"
你把他當成新加坡,你(Nh)　把(P)　他(Nh)　當成(VG)　新加坡(Nc),"[{'word': '新加坡', 'ner': 'GPE'}]"
吉隆坡,吉隆坡(Nc),"[{'word': '吉隆坡', 'ner': 'GPE'}]"
檳城這種,檳城(Nc)　這(Nep)　種(Nf),[]
也是台飛機只能飛個來回,也(D)　是(SHI)　台(Nc)　飛機(Na)　只(Da)　能(D)　飛(VA)　個(Nf)　來回(Nv),[]
票價還更低的就覺得還好啦,票價(Na)　還(D)　更(D)　低(VH)　的(DE)　就(D)　覺得(VK)　還好(VH)　啦(T),[]
這種時間帶貴桃園還是會有人搭,這(Nep)　種(Nf)　時間帶(Na)　貴(VH)　桃園(Nc)　還是(D)　會(D)　有(V_2)　人(Na)　搭(VC),"[{'word': '桃園', 'ner': 'GPE'}]"
華信有什麼好可憐的,華信(Nc)　有(V_2)　什麼(Nep)　好(Dfa)　可憐(VHC)　的(DE),[]
母公司就不重視台中啊,母公司(Nc)　就(D)　不(D)　重視(VJ)　台中(Nc)　啊(T),[]
就因為母公司華航不給資源也不重視台中所以才說華信可憐,就(D)　因為(Cbb)　母公司(Nc)　華航(Nc)　不(D)　給(VD)　資源(Na)　也(D)　不(D)　重視(VJ)　台中(Nc)　所以(Cbb)　才(Da)　說(VE)　華信(Nc)　可憐(VHC),"[{'word': '華航', 'ner': 'ORG'}, {'word': '台中', 'ner': 'GPE'}, {'word': '華信', 'ner': 'ORG'}]"
長期經營台中卻被星宇端走而且證明客源是源源不斷的,長期(Nd)　經營(VC)　台中(Nc)　卻(D)　被(P)　星宇(Nb)　端(VC)　走(VA)　而且(Cbb)　證明(VE)　客源(Na)　是(SHI)　源源不斷(VH)　的(DE),"[{'word': '台中', 'ner': 'GPE'}, {'word': '星宇', 'ner': 'ORG'}]"
因為長榮華航不想經營台中,因為(Cbb)　長榮(Nb)　華航(Nc)　不(D)　想(VE)　經營(VC)　台中(Nc),"[{'word': '長榮華航', 'ner': 'ORG'}, {'word': '台中', 'ner': 'GPE'}]"
所以被星宇逮到機會坐穩市場,所以(Cbb)　被(P)　星宇(Nb)　逮到(VC)　機會(Na)　坐穩(VA)　市場(Nc),"[{'word': '星宇', 'ner': 'ORG'}]"
從台中機場的航線經營可以看出他們夾殺星宇的策略是失敗的,從(P)　台中(Nc)　機場(Nc)　的(DE)　航線(Na)　經營(VC)　可以(D)　看出(VE)　他們(Nh)　夾殺(VC)　星宇(Nb)　的(DE)　策略(Na)　是(SHI)　失敗(VH)　的(DE),"[{'word': '台中機場', 'ner': 'FAC'}]"
新聞來源日期,新聞(Na)　來源(Na)　日期(Na),[]
新聞雲,新聞(Na)　雲(VE),[]
新聞標題,新聞(Na)　標題(Na),[]
星宇航空攜手推聯名睡衣過夜包也將全面改版,星宇(Nb)　航空(Na)　攜手(D)　推(VC)　聯名(D)　睡衣(Na)　過夜包(Na)　也(D)　將(D)　全面(D)　改版(VA),"[{'word': '星宇航空', 'ner': 'ORG'}]"
內文,內文(Na),[]
星宇航空今天宣布,星宇(Nb)　航空(Na)　今天(Nd)　宣布(VE),"[{'word': '星宇航空', 'ner': 'ORG'}, {'word': '今天', 'ner': 'DATE'}]"
明年起攜手英倫高級訂製品牌,明年(Nd)　起(Ng)　攜手(D)　英倫(Nc)　高級(VH)　訂製(VC)　品牌(Na),"[{'word': '明年', 'ner': 'DATE'}, {'word': '英倫', 'ner': 'GPE'}]"
與時尚品牌,與(P)　時尚(Na)　品牌(Na),[]
於長程航線推出全新頭等艙商務,於(P)　長程(A)　航線(Na)　推出(VC)　全新(VH)　頭等艙(Na)　商務(Na),[]
艙睡衣,艙睡衣(Na),[]
並陸續更新豪華經濟艙經濟艙的機上過夜包,並(Cbb)　陸續(D)　更新(VC)　豪華(VH)　經濟艙(Na)　經濟艙(Na)　的(DE)　機(Na)　上(Ncd)　過夜包(Na),[]
宇航空指出,宇航空(Nb)　指出(VE),"[{'word': '宇航空', 'ner': 'PERSON'}]"
創立於年,創立(VC)　於(P)　年(Na),[]
是英國頂級訂製西服,是(SHI)　英國(Nc)　頂級(A)　訂製(VC)　西服(Na),"[{'word': '英國', 'ner': 'GPE'}]"
的經典代表,的(DE)　經典(Na)　代表(Na),[]
此次家居服設計將品牌標誌性的千鳥格紋融入,此(Nep)　次(Nf)　家居服(Na)　設計(Na)　將(P)　品牌(Na)　標誌性(Na)　的(DE)　千(Na)　鳥(Na)　格紋(Na)　融入(VC),[]
服裝與外層布套,服裝(Na)　與(Caa)　外層(Nc)　布套(Na),[]
並以鈕扣信封式包裝呈現,並(Cbb)　以(P)　鈕扣(Na)　信封式(A)　包裝(Na)　呈現(VJ),[]
展現內斂而優,展現(VC)　內斂(VH)　而(Caa)　優(VH),[]
雅的英倫紳士美學,雅(VH)　的(DE)　英倫(Nc)　紳士(Na)　美學(Na),[]
明年起於頭等艙推出,明年(Nd)　起(Ng)　於(P)　頭等艙(Na)　推出(VC),"[{'word': '明年', 'ner': 'DATE'}]"
星宇航空表示,星宇(Nb)　航空(Na)　表示(VE),"[{'word': '星宇航空', 'ner': 'ORG'}]"
商務艙家居服攜手英國時尚品牌,商務艙(Na)　家居服(A)　攜手(D)　英國(Nc)　時尚(Na)　品牌(Na),"[{'word': '英國', 'ner': 'GPE'}]"
以品牌貫設計風格,以(P)　品牌(Na)　貫(VC)　設計(Na)　風格(Na),[]
並選用其標誌性的彩色線條元素,並(Cbb)　選用(VC)　其(Nep)　標誌性(Na)　的(DE)　彩色(A)　線條(Na)　元素(Na),[]
用於上衣腰身兩側褲頭抽繩以及家居服包裝布套等細節,用於(VCL)　上衣(Na)　腰身(Na)　兩(Neu)　側(Ncd)　褲頭(Na)　抽繩(VC)　以及(Caa)　家居服(Na)　包裝(VC)　布套(Na)　等(Cab)　細節(Na),[]
聯名家居服將於明年月日鳳凰城航線首航率先,聯名(D)　家居服(A)　將(D)　於(P)　明年(Nd)　月(Nd)　日(Nd)　鳳凰城(Nc)　航線(Na)　首(Na)　航(VA)　率先(D),"[{'word': '明年月日', 'ner': 'DATE'}, {'word': '鳳凰城', 'ner': 'FAC'}]"
供應,供應(VD),[]
並預計於月底起,並(Cbb)　預計(VE)　於(P)　月底(Nd)　起(Ng),"[{'word': '月底', 'ner': 'DATE'}]"
全面使用於各長程航線,全面(D)　使用(VC)　於(P)　各(Nes)　長程(A)　航線(Na),[]
另外,另外(Cbb),[]
星宇航空指出,星宇(Nb)　航空(Na)　指出(VE),"[{'word': '星宇航空', 'ner': 'ORG'}]"
頭等艙與商務艙化妝室備品明年月起,頭等艙(Na)　與(Caa)　商務艙(Na)　化妝室(Nc)　備品(Na)　明年(Nd)　月(Na)　起(Ng),"[{'word': '明年月', 'ner': 'DATE'}]"
將導入全新香氛系列,將(D)　導入(VC)　全新(VH)　香氛(Na)　系列(Na),[]
由日本知名天,由(P)　日本(Nc)　知名(VH)　天(Nc),"[{'word': '日本', 'ner': 'GPE'}]"
然保養品牌擔任香氛基調設計,然(Cbb)　保養(VC)　品牌(Na)　擔任(VG)　香氛(Na)　基調(Na)　設計(Na),[]
至於豪華經濟艙,至於(P)　豪華(VH)　經濟艙(Na),[]
聯名過夜包,聯名(D)　過夜(VA)　包(VC),[]
星宇航空表示,星宇(Nb)　航空(Na)　表示(VE),"[{'word': '星宇航空', 'ner': 'ORG'}]"
已規劃於明年月底全新改版,已(D)　規劃(VC)　於(P)　明年(Nd)　月(Nd)　底(Ng)　全新(VH)　改版(VA),"[{'word': '明年月底', 'ner': 'DATE'}]"
以海洋藍與悠閒米為主題色系,以(P)　海洋(Na)　藍(VH)　與(Caa)　悠閒(VH)　米(Na)　為(VG)　主題(Na)　色系(Na),[]
另外,另外(Cbb),[]
明年月日起,明年(Nd)　月(Na)　日(Na)　起(Ng),"[{'word': '明年月日', 'ner': 'DATE'}]"
豪華經濟艙也將提供與台灣寢具品牌眠豆腐聯名枕套,豪華(VH)　經濟艙(Na)　也(D)　將(D)　提供(VD)　與(Caa)　台灣(Nc)　寢具(Na)　品牌(Na)　眠豆腐(VA)　聯名(D)　枕套(Na),"[{'word': '台灣', 'ner': 'GPE'}]"
不佔座位空間,不(D)　佔(VJ)　座位(Na)　空間(Na),[]
又可支撐身體,又(Caa)　可(D)　支撐(VC)　身體(Na),[]
專屬拖鞋也將於月起陸續更新,專屬(VJ)　拖鞋(Na)　也(D)　將(D)　於(P)　月(Na)　起(Ng)　陸續(D)　更新(VC),"[{'word': '月起', 'ner': 'DATE'}]"
經濟艙方面,經濟艙(Na)　方面(Na),[]
星宇航空表示,星宇(Nb)　航空(Na)　表示(VE),"[{'word': '星宇航空', 'ner': 'ORG'}]"
明年月中將推出全新過夜包,明年(Nd)　月(Nd)　中(Ng)　將(D)　推出(VC)　全新(VH)　過夜包(Na),"[{'word': '明年月中', 'ner': 'DATE'}]"
布料採用回收材質製作,布料(Na)　採用(VC)　回收(VC)　材質(Na)　製作(VC),[]
外袋針對去程與回程設計不同款,外袋(Na)　針對(P)　去程(Na)　與(Caa)　回程(Na)　設計(VC)　不同(VH)　款(Na),[]
並加入護唇膏,並(Cbb)　加入(VC)　護唇膏(VC),[]
提升旅途實用性,提升(VC)　旅途(Na)　實用性(Na),[]
另外,另外(Cbb),[]
長榮航空今也宣布,長榮(Nb)　航空(Na)　今(Nd)　也(D)　宣布(VE),"[{'word': '長榮航空', 'ner': 'ORG'}]"
全新機上安全影片,全新(VH)　機(Na)　上(Ncd)　安全(VH)　影片(Na),[]
上線,上線(VA),[]
由多次擔綱金曲獎金馬獎視覺統籌的羅申駿,由(P)　多(Neqa)　次(Nf)　擔綱(VA)　金曲獎(Nb)　金馬獎(Nb)　視覺(Na)　統籌(VC)　的(DE)　羅申駿(Nb),"[{'word': '金馬獎', 'ner': 'WORK_OF_ART'}, {'word': '羅申駿', 'ner': 'PERSON'}]"
製作團隊量身打造,製作(VC)　團隊(Na)　量(VC)　身(Na)　打造(VC),[]
邀請金曲獎得主音樂團隊負責音樂製,邀請(VC)　金曲獎(Nb)　得主(Na)　音樂(Na)　團隊(Na)　負責(VL)　音樂(Na)　製(VC),"[{'word': '金曲獎', 'ner': 'WORK_OF_ART'}]"
作歌手史茵茵擔任配音,作(Na)　歌手(Na)　史茵茵(Nb)　擔任(VG)　配音(Nv),"[{'word': '史茵茵', 'ner': 'PERSON'}]"
以安全,以(Cbb)　安全(VH),[]
是趟完美旅程的開端,是(SHI)　趟(Nf)　完美(VH)　旅程(Na)　的(DE)　開端(Na),[]
為概念,為(P)　概念(Na),[]
打造沉浸觀影體驗,打造(VC)　沉浸(VI)　觀影(VA)　體驗(VC),[]
原文連結,原文(Na)　連結(VC),[]
頭等艙睡衣,頭等艙(Na)　睡衣(Na),[]
商務艙睡衣豪經艙,商務艙(Na)　睡衣(Na)　豪經艙(Na),[]
經濟艙的過夜包也會更新,經濟艙(Na)　的(DE)　過夜包(Na)　也(D)　會(D)　更新(VC),[]
這種薩維爾街裁縫品牌就連頭等艙客戶都沒幾個認識,這(Nep)　種(Nf)　薩維爾街(Nc)　裁縫(Na)　品牌(Na)　就(D)　連(VJ)　頭等艙(Na)　客戶(Na)　都(D)　沒(VJ)　幾(Neu)　個(Nf)　認識(VJ),[]
要這樣亂灑錢下次年終剩個月都不奇怪,要(D)　這樣(VH)　亂(VH)　灑錢(VA)　下(Nes)　次(Nf)　年終(Nd)　剩(VJ)　個(Nf)　月(Na)　都(D)　不(D)　奇怪(VH),[]
黔驢技窮,黔驢技窮(VH),[]
好看,好看(VH),[]
你各位給創立年個月的新創公司點空間好嗎,你(Nh)　各位(Nh)　給(VD)　創立(Nd)　年(Nd)　個(Nf)　月(Na)　的(DE)　新創(Nv)　公司(Nc)　點(VC)　空間(Na)　好(VH)　嗎(T),"[{'word': '年個月', 'ner': 'DATE'}]"
再隔兩年就要迎接創立週年紀念了主力飛美國,再(D)　隔(VJ)　兩(Neu)　年(Nf)　就(D)　要(D)　迎接(VC)　創立(VC)　週年(Nf)　紀念(VJ)　了(Di)　主力(Na)　飛(VA)　美國(Nc),"[{'word': '兩年', 'ner': 'DATE'}, {'word': '美國', 'ner': 'GPE'}]"
結果去聯名個美國沒聽過的牌子行銷部門是年終拿太少了,結果(Dk)　去(D)　聯名(D)　個(Di)　美國(Nc)　沒(D)　聽(VE)　過(Di)　的(DE)　牌子(Na)　行銷(Na)　部門(Na)　是(SHI)　年終(Nd)　拿(VC)　太少(VH)　了(T),"[{'word': '美國', 'ner': 'GPE'}]"
挾怨報復公司嗎,挾(VC)　怨(VK)　報復(VC)　公司(Nc)　嗎(T),[]
星宇真的是最懂得如何花錢的航空公司,星宇(Na)　真的(D)　是(SHI)　最(Dfa)　懂得(VK)　如何(D)　花錢(VA)　的(DE)　航空(Na)　公司(Nc),"[{'word': '星宇', 'ner': 'ORG'}]"
很美,很(Dfa)　美(VH),[]
繼續灑錢做公關,繼續(VF)　灑錢(VA)　做(VC)　公關(Na),[]
明年年終繼續共體時艱囉,明年(Nd)　年終(Nd)　繼續(VF)　共體時艱(VA)　囉(T),"[{'word': '明年年', 'ner': 'DATE'}]"
最終還是要靠本業拼的周邊跟聯名只是時的,最終(D)　還是(D)　要(D)　靠(P)　本業(Na)　拼(VC)　的(DE)　周邊(Nc)　跟(P)　聯名(D)　只(Da)　是(SHI)　時(Na)　的(DE),[]
真懂花,真(D)　懂(VK)　花(Na),[]
美國不知道很正常,美國(Nc)　不(D)　知道(VK)　很(Dfa)　正常(VH),"[{'word': '美國', 'ner': 'GPE'}]"
這種高級訂製服本來就只服務少數上流圈內人,這(Nep)　種(Nf)　高級(VH)　訂製服(Na)　本來(D)　就(D)　只(Da)　服務(VC)　少數(Neqa)　上流(A)　圈內人(Na),[]
更何況還是英國牌,更何況(Cbb)　還(D)　是(SHI)　英國牌(Na),"[{'word': '英國牌', 'ner': 'GPE'}]"
星宇拿這個來做過夜包宣傳有點曲高和寡,星宇(Nb)　拿(VC)　這(Nep)　個(Nf)　來(D)　做(VC)　過夜包(Na)　宣傳(Na)　有點(Dfa)　曲高和寡(VH),"[{'word': '星宇', 'ner': 'PERSON'}]"
個月,個(Nf)　月(Na),"[{'word': '個月', 'ner': 'DATE'}]"
個月,個(Nf)　月(Na),"[{'word': '個月', 'ner': 'DATE'}]"
創立於年,創立(VC)　於(P)　年(Na),[]
是英國頂級訂製西服,是(SHI)　英國(Nc)　頂級(A)　訂製(VC)　西服(Na),"[{'word': '英國', 'ner': 'GPE'}]"
跟投影比起來,跟(P)　投影(Na)　比(VC)　起來(Di),[]
我覺得比較浪費錢挑也滿正常的,我(Nh)　覺得(VK)　比較(Dfa)　浪費(VH)　錢(Na)　挑(VC)　也(D)　滿(Dfa)　正常(VH)　的(T),[]
畢竟的人也不會願意花錢搭那個加大的,畢竟(D)　的(DE)　人(Na)　也(D)　不會(D)　願意(VK)　花錢(VA)　搭(VC)　那(Nep)　個(Nf)　加大(VC)　的(DE),[]
定位跟其實也差不多,定位(Na)　跟(VC)　其實(D)　也(D)　差不多(D),[]
星宇航空及臺灣首架,星宇(Nb)　航空(Na)　及(Caa)　臺灣(Nc)　首(Nes)　架(Nf),"[{'word': '星宇航空', 'ner': 'PRODUCT'}, {'word': '臺灣', 'ner': 'GPE'}]"
已於日前完成測試並於昨日改號,已(D)　於(P)　日前(Nd)　完成(VC)　測試(Na)　並(Cbb)　於(P)　昨日(Nd)　改號(VC),"[{'word': '日前', 'ner': 'DATE'}, {'word': '昨日', 'ner': 'DATE'}]"
將於近日完成交機返台,將(D)　於(P)　近日(Nd)　完成(VC)　交機(VD)　返台(VA),"[{'word': '近日', 'ner': 'DATE'}, {'word': '台', 'ner': 'GPE'}]"
網站也完成註冊號的相關建置,網站(Nc)　也(D)　完成(VC)　註冊號(Na)　的(DE)　相關(VH)　建置(VC),[]
董欸又要御駕親征了嗎,董欸(Nb)　又(D)　要(D)　御駕親征(VH)　了(Di)　嗎(T),[]
他上次飛過去結果被雷擊交不了機,他(Nh)　上(Nes)　次(Nf)　飛過去(VA)　結果(Dk)　被(P)　雷(Na)　擊(VC)　交不了(VD)　機(Na),[]
台灣第台,台灣(Nc)　第(Neu)　台(Nf),"[{'word': '台灣', 'ner': 'GPE'}, {'word': '第台', 'ner': 'ORDINAL'}]"
哪時回來我要去拍,哪時(Nd)　回來(VA)　我(Nh)　要(D)　去(D)　拍(VC),[]
目前還沒有資訊喔,目前(Nd)　還(D)　沒有(VJ)　資訊(Na)　喔(T),[]
真要飛瑞士阿,真(D)　要(D)　飛(VA)　瑞士(Nc)　阿(T),"[{'word': '瑞士', 'ner': 'GPE'}]"
之前華航沒起來停了,之前(Nd)　華航(Nc)　沒(D)　起來(VA)　停(VHC)　了(Di),"[{'word': '華航', 'ner': 'ORG'}]"
拿去飛東京大阪比較賺啦,拿去(VC)　飛(VA)　東京(Nc)　大阪(Nc)　比較(Dfa)　賺(VC)　啦(T),"[{'word': '東京', 'ner': 'GPE'}, {'word': '大阪', 'ner': 'GPE'}]"
瑞航直在打廣告,瑞航(Nb)　直(D)　在(P)　打廣告(VA),"[{'word': '瑞航', 'ner': 'GPE'}]"
會不會是兩邊互開,會不會(D)　是(SHI)　兩(Neu)　邊(Ncd)　互開(VC),"[{'word': '兩', 'ner': 'CARDINAL'}]"
這樣就是第個重返台北的漢莎集團了,這樣(VH)　就(Cbb)　是(SHI)　第(Neu)　個(Nf)　重返(VCL)　台北(Nc)　的(DE)　漢莎(Nb)　集團(Na)　了(T),"[{'word': '台北', 'ner': 'GPE'}, {'word': '漢莎集團', 'ner': 'ORG'}]"
雖然粉絲直喊著進寰宇,雖然(Cbb)　粉絲(Na)　直(D)　喊(VE)　著(Di)　進(VCL)　寰宇(Na),"[{'word': '寰宇', 'ner': 'PERSON'}]"
但是還是走了務實路線,但是(Cbb)　還是(D)　走(VA)　了(Di)　務實(VH)　路線(Na),[]
應該不會互開,應該(D)　不會(D)　互開(D),[]
瑞航可能採班機共掛合作,瑞航(Nb)　可能(D)　採(VC)　班機(Na)　共(VC)　掛(VC)　合作(VH),"[{'word': '瑞航', 'ner': 'ORG'}]"
如果共掛成功的話也是個突破,如果(Cbb)　共掛(VC)　成功(VH)　的話(Cba)　也(D)　是(SHI)　個(Nf)　突破(Na),[]
畢竟現在只有和,畢竟(D)　現在(Nd)　只有(Da)　和(P),[]
等下星黑會跑來說瑞士沒有放,等(D)　下(Nes)　星(Nf)　黑(Nd)　會(D)　跑來(VA)　說(VE)　瑞士(Nc)　沒有(D)　放(VC),"[{'word': '下星', 'ner': 'DATE'}, {'word': '黑會', 'ner': 'ORG'}, {'word': '瑞士', 'ner': 'GPE'}]"
星宇與進步共掛到美東城市了與瑞航共掛應該也有可能,星宇(Nb)　與(Caa)　進步(VH)　共(Da)　掛到(VCL)　美東(Nc)　城市(Nc)　了(T)　與(P)　瑞航(Nc)　共(VC)　掛(VC)　應該(D)　也(D)　有(V_2)　可能(Na),"[{'word': '星宇', 'ner': 'ORG'}, {'word': '美東', 'ner': 'LOC'}, {'word': '瑞航', 'ner': 'ORG'}]"
五階段搞定囉,五(Neu)　階段(Na)　搞定(VC)　囉(T),"[{'word': '五', 'ner': 'CARDINAL'}]"
先把新系統搞定吧,先(D)　把(P)　新(VH)　系統(Na)　搞定(VC)　吧(T),[]
別再自動亂退票,別(D)　再(D)　自動(VH)　亂(VH)　退票(VA),[]
讓客人在機場傻眼怎麼堆粉開始幫做決定了,讓(VL)　客人(Na)　在(P)　機場(Nc)　傻眼(VH)　怎麼(D)　堆(VC)　粉(Na)　開始(VL)　幫(P)　做(VC)　決定(Na)　了(Di),[]
是年終個月的,是(SHI)　年終(Nd)　個(Nf)　月(Na)　的(DE),[]
探討可能性就說粉喔,探討(VE)　可能性(Na)　就(D)　說(VE)　粉(Na)　喔(T),[]
啊最近就直在丟廣告,啊(I)　最近(Nd)　就(D)　直(D)　在(P)　丟(VC)　廣告(Na),[]
有聯想很正常吧,有(V_2)　聯想(Na)　很(Dfa)　正常(VH)　吧(T),"[{'word': '聯想', 'ner': 'ORG'}]"
就上次嗆沒放然後就共掛惹,就(D)　上(Nes)　次(Nf)　嗆(VH)　沒(D)　放(VC)　然後(D)　就(D)　共(VC)　掛(VC)　惹(VC),[]
樓上是被人臭的大功臣之,樓上(Nc)　是(SHI)　被(P)　人(Na)　臭(VH)　的(DE)　大(VH)　功臣(Na)　之(DE),[]
繼續哈,繼續(VF)　哈(D),[]
加油因為飛機買太多卻沒營收導致年終只能發個月的星宇航空,加油(VB)　因為(Cbb)　飛機(Na)　買(VC)　太多(Neqa)　卻(D)　沒(VJ)　營收(Na)　導致(VL)　年終(Nd)　只(Da)　能(D)　發(VD)　個(Nf)　月(Na)　的(DE)　星宇(Nb)　航空(Na),"[{'word': '星宇航空', 'ner': 'ORG'}]"
投放廣告觸及率變高,投放(VC)　廣告(Na)　觸及率(Na)　變高(VG),[]
就只是演算法偷吃瀏覽紀錄,就(D)　只是(Da)　演算法(Na)　偷吃(VC)　瀏覽(VC)　紀錄(Na),[]
投放率沒變只是你看得多他們就給你看更多而已,投放率(Na)　沒(D)　變(VH)　只是(Da)　你(Nh)　看(VC)　得(DE)　多(VH)　他們(Nh)　就(D)　給(P)　你(Nh)　看(VC)　更多(Neqa)　而已(T),[]
原機號是,原(A)　機號(Na)　是(SHI),[]
忘了,忘(VK)　了(Di),[]
空巴測試機編號,空巴(Nc)　測試機(Na)　編號(Na),[]
星宇公布年終個月整體調薪有員工抱怨嫌少,星宇(Nb)　公布(VE)　年終(Nd)　個(Nf)　月(Na)　整體(Na)　調薪(VH)　有(V_2)　員工(Na)　抱怨(VE)　嫌(VK)　少(D),"[{'word': '星宇', 'ner': 'ORG'}]"
聯合報記者甘芝萁台北即時報導,聯合報(Nb)　記者(Na)　甘芝萁(Nb)　台北(Nc)　即時(D)　報導(VE),"[{'word': '聯合報', 'ner': 'ORG'}, {'word': '甘芝萁', 'ner': 'PERSON'}, {'word': '台北', 'ner': 'GPE'}]"
年終封關,年終(Nd)　封關(VA),[]
各家航空公司年終獎金陸續公布,各(Nes)　家(Nf)　航空(Na)　公司(Nc)　年終(Nd)　獎金(Na)　陸續(D)　公布(VE),[]
有星宇員工抱怨辛苦整年,有(V_2)　星宇(Nb)　員工(Na)　抱怨(VE)　辛苦(VHC)　整(Neqa)　年(Nf),[]
年終只有個,年終(Nd)　只(Da)　有(V_2)　個(Nf),[]
星宇航空表示,星宇(Nb)　航空(Na)　表示(VE),"[{'word': '星宇航空', 'ner': 'ORG'}]"
在全體同仁持續努力下逐漸擴張,在(P)　全體(Na)　同仁(Na)　持續(VL)　努力(VH)　下(Ng)　逐漸(D)　擴張(VHC),[]
目前機隊數達架航線布局共條,目前(Nd)　機隊(Na)　數(Na)　達(VJ)　架(Nf)　航線(Na)　布局(VA)　共條(Da),[]
考量今年整體營運環境變數較多,考量(VE)　今年(Nd)　整體(Na)　營運(Nv)　環境(Na)　變數(Na)　較多(VH),"[{'word': '今年', 'ner': 'DATE'}]"
客運表現與去年相比有所差異,客運(Na)　表現(VC)　與(Caa)　去年(Nd)　相比(VB)　有所(VJ)　差異(Na),"[{'word': '去年', 'ner': 'DATE'}]"
公司在審慎評估整體營,公司(Nc)　在(P)　審慎(VH)　評估(VE)　整體(D)　營(Nc),[]
長榮航空據了解今年年終個月,長榮(Nb)　航空(Na)　據了解(Dk)　今年(Nd)　年終(Nd)　個(Nf)　月(Na),"[{'word': '長榮航空', 'ner': 'ORG'}, {'word': '今年', 'ner': 'DATE'}]"
並提供彈性上下班制度,並(Cbb)　提供(VD)　彈性(Na)　上下班(Nv)　制度(Na),[]
華航年終尚未公布,華航(Nc)　年終(Nd)　尚未(D)　公布(VE),"[{'word': '華航', 'ner': 'ORG'}]"
預計明,預計(VE)　明(Nd),[]
新聞連結長榮虎航人家也遇到疫情,新聞(Na)　連結(VC)　長榮(Nb)　虎航(Nb)　人家(Nh)　也(D)　遇到(VC)　疫情(Na),[]
星宇在沒起色就不是基層的問題了,星宇(Na)　在(P)　沒(VJ)　起色(Na)　就(D)　不(D)　是(SHI)　基層(A)　的(DE)　問題(Na)　了(T),"[{'word': '星宇', 'ner': 'ORG'}]"
星宇線人員讓我,星宇線(Na)　人員(Na)　讓(VL)　我(Nh),[]
看到那群人對航空業的熱情,看到(VE)　那(Nep)　群(Nf)　人(Na)　對(P)　航空業(Na)　的(DE)　熱情(Na),[]
好好照顧線員工吧,好好(D)　照顧(VC)　線(Na)　員工(Na)　吧(T),[]
路遙知馬力幾年後長榮華航虎航都只能流口水,路(Na)　遙(VH)　知(VK)　馬力(Na)　幾(Neu)　年(Nf)　後(Ng)　長榮(Nb)　華航(Nc)　虎航(Nb)　都(D)　只(Da)　能(D)　流(VC)　口水(Na),"[{'word': '幾年後', 'ner': 'DATE'}]"
疫情的洞還不知道填完,疫情(Na)　的(DE)　洞(Na)　還(D)　不(D)　知道(VK)　填完(VC),[]
明年月還有個新坑,明年(Nd)　月(Na)　還(D)　有(V_2)　個(Nf)　新(VH)　坑(Na),"[{'word': '明年月', 'ner': 'DATE'}]"
上蠻多幫平反的帳號不是說要學會看財報就是草創公司剛起步,上(Ncd)　蠻(Dfa)　多(VH)　幫(P)　平反(VHC)　的(DE)　帳號(Na)　不(D)　是(SHI)　說(VE)　要(D)　學會(VC)　看(VC)　財報(Na)　就(Cbb)　是(SHI)　草創(VC)　公司(Nc)　剛(D)　起步(VA),[]
還真有默契,還(D)　真(D)　有(V_2)　默契(Na),[]
疫情前累虧今年上半年打消星宇管理層應該在員工年終明年要發股利間為難今年沒賺那麼多員工年終少跟發不出股利其實都不好看如果賺到盆滿缽滿股價也不會是現在這個樣,疫情(Na)　前(Ng)　累虧(VHC)　今年(Nd)　上(Nes)　半(Neqa)　年(Nf)　打消(VC)　星宇(Nb)　管理層(Na)　應該(D)　在(P)　員工(Na)　年終(Nd)　明年(Nd)　要(D)　發(VH)　股利(Na)　間(Ng)　為難(VHC)　今年(Nd)　沒(D)　賺(VC)　那麼多(Neqa)　員工(Na)　年終(Nd)　少(D)　跟(P)　發(VC)　不(D)　出(VC)　股利(Na)　其實(D)　都(D)　不(D)　好看(VH)　如果(Cbb)　賺到(VC)　盆滿缽滿(VH)　股價(Na)　也(D)　不會(D)　是(SHI)　現在(Nd)　這(Nep)　個(Nf)　樣(Na),"[{'word': '今年上半年', 'ner': 'DATE'}, {'word': '明年', 'ner': 'DATE'}, {'word': '今年', 'ner': 'DATE'}]"
嫌少可以跳槽華航長榮啊不過可能上不了吧,嫌(VK)　少(VH)　可以(D)　跳槽(VA)　華航(Nc)　長榮(Nb)　啊(T)　不過(Cbb)　可能(D)　上不了(VCL)　吧(T),"[{'word': '華航', 'ner': 'ORG'}, {'word': '長榮', 'ner': 'ORG'}]"
好慘,好(Dfa)　慘(VH),[]
跳槽過去的不知做何感想,跳槽(VA)　過去(Nd)　的(DE)　不(D)　知(VK)　做(VC)　何(Nes)　感想(Na),[]
無形的東西總是最先被放棄,無形(VH)　的(DE)　東西(Na)　總是(D)　最先(D)　被(P)　放棄(VC),[]
例如士氣,例如(P)　士氣(Na),[]
但是最後影響成敗的往往是這些無形的東西,但是(Cbb)　最後(Nd)　影響(VC)　成敗(Na)　的(DE)　往往(D)　是(SHI)　這些(Neqa)　無形(VH)　的(DE)　東西(Na),[]
難怪長榮空服做牛做馬也願意,難怪(D)　長榮(Nb)　空服(Na)　做(VC)　牛(Na)　做(VG)　馬(Na)　也(D)　願意(VK),"[{'word': '長榮空服', 'ner': 'ORG'}]"
聽說長榮國泰跳過去星的都很後悔,聽說(VE)　長榮(Nb)　國泰(Nb)　跳過(VCL)　去(VCL)　星(Na)　的(DE)　都(D)　很(Dfa)　後悔(VL),"[{'word': '榮國泰', 'ner': 'PERSON'}]"
本來想說工作氣氛至少比較好,本來(D)　想(VE)　說(VE)　工作(Na)　氣氛(Na)　至少(Da)　比較(Dfa)　好(VH),[]
但沒想到鬼故事霸凌排擠呵呵,但(Cbb)　沒想到(D)　鬼故事(Na)　霸凌(VC)　排擠(VC)　呵呵(D),[]
新公司除非是科技業那種會跟隊暴發的不然都是看展望,新(VH)　公司(Nc)　除非(Cbb)　是(SHI)　科技業(Na)　那(Nep)　種(Nf)　會(D)　跟隊(P)　暴發(VJ)　的(DE)　不然(Cbb)　都(D)　是(SHI)　看(VC)　展望(Nv),[]
開飛機修飛機都要董事長勤自上場,開(VC)　飛機(Na)　修(VC)　飛機(Na)　都(D)　要(VE)　董事長(Na)　勤自(VH)　上場(VA),[]
有年終不錯了,有(V_2)　年終(Nd)　不錯(VH)　了(T),[]
別再罵了等下親衛隊就要上班了,別(D)　再(D)　罵(VC)　了(Di)　等下(D)　親衛隊(Na)　就(D)　要(D)　上班(VA)　了(Di),"[{'word': '親衛隊', 'ner': 'ORG'}]"
真奇妙,真(D)　奇妙(VH),[]
星粉現在又開始哭沒賺那麼多那長榮是賺多少賺賺到願意發個月,星粉(Na)　現在(Nd)　又(D)　開始(VL)　哭(VA)　沒(D)　賺(VC)　那麼多(Neqa)　那(Nep)　長榮(Nb)　是(SHI)　賺(VC)　多少(Neqa)　賺(VC)　賺到(VC)　願意(VK)　發(VD)　個(Nf)　月(Na),[]
講得像是只有星宇在疫情時有虧損似的,講(VE)　得(DE)　像是(SHI)　只有(D)　星宇(Nb)　在(P)　疫情(Na)　時(Ng)　有(V_2)　虧損(Na)　似的(Ng),[]
上篇已經有護衛隊了,上(Nes)　篇(Nf)　已經(D)　有(V_2)　護衛隊(Na)　了(T),[]
什麼都聽說笑死,什麼(Nep)　都(D)　聽說(VE)　笑死(VHC),[]
新創公司到底怎麼比,新創(Nv)　公司(Nc)　到底(D)　怎麼(D)　比(P),[]
有發就不錯了,有(V_2)　發(VC)　就(D)　不錯(VH)　了(T),[]
草創亂發才該罵吧當股東韭菜喔,草創(VC)　亂發(VC)　才(Da)　該(D)　罵(VC)　吧(T)　當(VG)　股東(Na)　韭菜(Na)　喔(I),[]
這時候星粉又吹星宇是新創公司了新創公司是那些企業發展根本毫無前景,這(Nep)　時候(Na)　星粉(Na)　又(D)　吹(VC)　星宇(Nb)　是(SHI)　新創(VC)　公司(Nc)　了(T)　新創(VC)　公司(Nc)　是(SHI)　那些(Neqa)　企業(Na)　發展(VC)　根本(D)　毫無(VJ)　前景(Na),[]
只能靠自己摸索的公司才叫新創公司,只(Da)　能(D)　靠(P)　自己(Nh)　摸索(VE)　的(DE)　公司(Nc)　才(Da)　叫(VG)　新創(Nv)　公司(Nc),[]
星宇到底算那門子新創公司,星宇(Nb)　到底(D)　算(VG)　那(Nep)　門子(Na)　新創(VC)　公司(Nc),"[{'word': '星宇', 'ner': 'ORG'}]"
平常很愛吹張國煒多有錢,平常(Nd)　很(Dfa)　愛(VL)　吹(VC)　張國煒(Nb)　多(Dfa)　有錢(VH),"[{'word': '張國煒', 'ner': 'PERSON'}]"
多有經驗怎麼現在不繼續吹他有多少錢,多(Dfa)　有(V_2)　經驗(Na)　怎麼(D)　現在(Nd)　不(D)　繼續(VF)　吹(VC)　他(Nh)　有(V_2)　多少(Neqa)　錢(Na),[]
有多少經驗,有(V_2)　多少(Neqa)　經驗(Na),[]
星宇為了給顧客有最好的服務精品級的享受虧本經營成本這麼高都沒賺錢董還有發年終真的是太佛心,星宇(Nb)　為了(P)　給(VD)　顧客(Na)　有(V_2)　最(Dfa)　好(VH)　的(DE)　服務(VC)　精品級(Na)　的(DE)　享受(VJ)　虧本(VH)　經營(VC)　成本(Na)　這麼(Dfa)　高(VH)　都(D)　沒(D)　賺錢(VC)　董(D)　還(D)　有(V_2)　發(VD)　年終(Nd)　真的(D)　是(SHI)　太佛心(Na),"[{'word': '星宇', 'ner': 'ORG'}]"
粉絲到底是哪來的臉敢說間實收資本額億的公司是新創草創公司阿,粉絲(Na)　到底(D)　是(SHI)　哪來(D)　的(DE)　臉(Na)　敢(VL)　說(VE)　間(Ng)　實收(VD)　資本額(Na)　億(Neu)　的(DE)　公司(Nc)　是(SHI)　新創(VC)　草創(VC)　公司(Nc)　阿(Nb),"[{'word': '億', 'ner': 'CARDINAL'}]"
某是反串嗎兩大家要玩服務還是打價格都是對著你打,某(Nes)　是(SHI)　反串(VC)　嗎(T)　兩(Neu)　大家(Nh)　要(D)　玩(VC)　服務(VC)　還是(Caa)　打價格(VA)　都(D)　是(SHI)　對(P)　著(Di)　你(Nh)　打(VC),"[{'word': '兩', 'ner': 'CARDINAL'}]"
明年要收不少廣體,明年(Nd)　要(D)　收(VC)　不少(Neqa)　廣體(VH),"[{'word': '明年', 'ner': 'DATE'}]"
成本攤下去可能年終都沒有,成本(Na)　攤下去(VC)　可能(D)　年終(Nd)　都(D)　沒有(VJ),[]
某黑到底臉埋去哪了即將有架攤提不新創難道你來還錢嗎,某(Nes)　黑(VH)　到底(D)　臉(Na)　埋(VC)　去(D)　哪(Ncd)　了(T)　即將(D)　有(V_2)　架(Na)　攤(VC)　提(VE)　不(D)　新創(VC)　難道(D)　你(Nh)　來(D)　還錢(VA)　嗎(T),[]
現有即將共糾結新創新公司沒有比較厲害也不用言不合就二分法,現有(A)　即將(D)　共(Da)　糾結(VH)　新創(VH)　新(VH)　公司(Nc)　沒有(D)　比較(Dfa)　厲害(VH)　也(D)　不(D)　用言不合(P)　就(P)　二分法(Na),[]
華航發個月我也會回不爽不要做,華航(Nc)　發(VD)　個(Nf)　月(Na)　我(Nh)　也(D)　會(D)　回(VCL)　不(D)　爽(VH)　不要(D)　做(VC),"[{'word': '華航', 'ner': 'ORG'}, {'word': '發個月', 'ner': 'DATE'}]"
好的員工看這種年終真的留得住嗎,好(VH)　的(DE)　員工(Na)　看(VE)　這(Nep)　種(Nf)　年終(Nd)　真的(D)　留(VC)　得(DE)　住(VC)　嗎(T),[]
這我比較畢竟有競品在如果好員工都往其他兩家跑的確會影響買票選擇,這(Nep)　我(Nh)　比較(Dfa)　畢竟(D)　有(V_2)　競品(Na)　在(P)　如果(Cbb)　好(VH)　員工(Na)　都(D)　往(P)　其他(Neqa)　兩(Neu)　家(Nc)　跑(VA)　的確(D)　會(D)　影響(VC)　買(VC)　票(Na)　選擇(VC),"[{'word': '兩', 'ner': 'CARDINAL'}]"
不然你要去長榮或,不然(Cbb)　你(Nh)　要(D)　去(VCL)　長榮(Nb)　或(Caa),[]
他航跳過去的都很後悔,他航(Nh)　跳過去(VA)　的(DE)　都(D)　很(Dfa)　後悔(VL),[]
網軍就別再造神了,網軍(Na)　就(D)　別(D)　再(D)　造(VC)　神(Na)　了(T),[]
不過顧客服務不要縮水就好我明年唯會搭的島內航司捏,不過(Cbb)　顧客(Na)　服務(Nv)　不要(D)　縮水(VH)　就(D)　好(VH)　我(Nh)　明年(Nd)　唯(Da)　會(D)　搭(VC)　的(DE)　島(Na)　內(Ncd)　航司(Na)　捏(VC),"[{'word': '明年', 'ner': 'DATE'}]"
很多跑去魚翅的啊,很多(Neqa)　跑去(VCL)　魚翅(Na)　的(DE)　啊(T),[]
花航幾個月,花航(Nc)　幾(Neu)　個(Nf)　月(Na),"[{'word': '幾個月', 'ner': 'DATE'}]"
不過除了薪資可能還得考慮福利跟工作操勞程度希望大家良性競爭都發的多福利都好服務跟細節都更上心,不過(Cbb)　除了(P)　薪資(Na)　可能(D)　還(D)　得(D)　考慮(VE)　福利(Na)　跟(Caa)　工作(VA)　操勞(VC)　程度(Na)　希望(VK)　大家(Nh)　良性(A)　競爭(Na)　都(D)　發(VH)　的(DE)　多(Neqa)　福利(Na)　都(D)　好(Dfa)　服務(VC)　跟(P)　細節(Na)　都(D)　更(D)　上心(Ncd),[]
八卦版上堆護衛隊要跟人家拿年薪出來比,八卦版(Na)　上(Ncd)　堆(Nf)　護衛隊(Na)　要(D)　跟(P)　人家(Nh)　拿(VC)　年薪(Na)　出來(VA)　比(VC),[]
笑死,笑死(VHC),[]
他航跳過去的是誤會了什麼會覺得領比較多,他航(Nh)　跳過去(VCL)　的(DE)　是(SHI)　誤會(VK)　了(Di)　什麼(Nep)　會(D)　覺得(VK)　領(VC)　比較(Dfa)　多(VH),[]
星粉連自己在講什麼都搞不清楚,星粉(Nb)　連(Cbb)　自己(Nh)　在(P)　講(VE)　什麼(Nep)　都(D)　搞(VE)　不(D)　清楚(VE),"[{'word': '星粉', 'ner': 'PERSON'}]"
還在那邊沒有比較厲害你要是覺得糾結糾結新創新公司沒有比較厲害,還(D)　在(P)　那邊(Ncd)　沒有(D)　比較(Dfa)　厲害(VH)　你(Nh)　要是(Cbb)　覺得(VK)　糾結(VH)　糾結(VH)　新創(Nv)　新(VH)　公司(Nc)　沒有(D)　比較(Dfa)　厲害(VH),[]
你幹嘛講,你(Nh)　幹嘛(D)　講(VE),[]
架攤提,架(VC)　攤(Na)　提(VC),[]
然後呢,然後(D)　呢(T),[]
是你們星粉直吹張國煒多有錢多會經營阿,是(SHI)　你們(Nh)　星粉(Na)　直(VE)　吹(VC)　張國煒(Nb)　多(Dfa)　有錢(VH)　多(D)　會(D)　經營(VC)　阿(Nb),"[{'word': '張國煒', 'ner': 'PERSON'}]"
現在就繼續吹阿,現在(Nd)　就(D)　繼續(VF)　吹(VC)　阿(Nb),[]
要拿錢出來的就不繼續吹,要(D)　拿(VB)　錢(Na)　出來(VB)　的(DE)　就(D)　不(D)　繼續(VF)　吹(VC),[]
八卦版就低能兒聚集地,八卦版(Na)　就(P)　低能兒(Na)　聚集地(VAC),[]
明年廣體大軍成本塞進去,明年(Nd)　廣體(Na)　大軍(Na)　成本(Na)　塞進去(VC),"[{'word': '明年', 'ner': 'DATE'}]"
這麼快就沒錢,這麼(D)　快(VH)　就(D)　沒(VJ)　錢(Na),[]
還堆廣體機沒交,還(D)　堆(VC)　廣體機(Na)　沒(D)　交(VD),[]
難保不變成下個復興,難保(D)　不(D)　變成(VG)　下(Nes)　個(Nf)　復興(Nv),[]
有點好奇為何星宇不買舊飛機改艙就好,有點(Dfa)　好奇(VH)　為何(D)　星宇(Nb)　不(D)　買(VC)　舊(VH)　飛機(Na)　改(VC)　艙(Na)　就(D)　好(VH),"[{'word': '星宇', 'ner': 'PERSON'}]"
有個當初沒跳精品的妹子已經躺在地底下了,有(V_2)　個(Nf)　當初(Nd)　沒(D)　跳(VA)　精品(Na)　的(DE)　妹子(Na)　已經(D)　躺(VA)　在(P)　地(Na)　底下(Ncd)　了(T),[]
到粉專下面去看快笑死堆自以為老闆的,到(P)　粉專(Nc)　下面(Ncd)　去(D)　看(VC)　快(D)　笑死(VHC)　堆(Nf)　自以為(VE)　老闆(Na)　的(DE),[]
跳過去的真的傻給高個職等就過去真的傻,跳過去(VA)　的(DE)　真的(D)　傻(VH)　給(VD)　高(Na)　個(Nf)　職等(Na)　就(D)　過去(VA)　真的(D)　傻(VH),[]
這不是可以預見的嗎,這(Nep)　不(D)　是(SHI)　可以(D)　預見(VE)　的(T)　嗎(T),[]
哈哈哈哈笑死,哈哈(D)　哈哈(D)　笑死(VHC),[]
擔心員工留不住幹嘛台女的夢幻職業欸每天尋尋覓覓二次投胎之機運,擔心(VK)　員工(Na)　留(VC)　不(D)　住(VC)　幹嘛(D)　台女(Nc)　的(DE)　夢幻(Na)　職業(Na)　欸(I)　每(Nes)　天(Nf)　尋尋覓覓(VA)　二(Neu)　次(Nf)　投胎(VA)　之(DE)　機運(Na),"[{'word': '台女', 'ner': 'NORP'}, {'word': '二', 'ner': 'CARDINAL'}]"
所以去年很多都跳去魚翅不乏草創成員,所以(Cbb)　去年(Nd)　很多(Neqa)　都(D)　跳去(VA)　魚翅(Na)　不(D)　乏(VJ)　草創(VC)　成員(Na),"[{'word': '去年', 'ner': 'DATE'}]"
跳槽新創航司就跟跳槽新成立的醫院樣為的就是速成老屁股怎麼會覺得真的只是為了領更多才跳,跳槽(VA)　新創(VC)　航司(Na)　就(D)　跟(P)　跳槽(VA)　新(D)　成立(VC)　的(DE)　醫院(Nc)　樣(Na)　為(VJ)　的(DE)　就(Cbb)　是(SHI)　速成(VH)　老(VH)　屁股(Na)　怎麼(D)　會(D)　覺得(VK)　真的(D)　只是(D)　為了(P)　領(VC)　更多(Neqa)　才(Da)　跳(VA),[]
說路遙知馬力的可以把薪水捐出來,說(VE)　路(Na)　遙(VH)　知(VK)　馬力(Na)　的(DE)　可以(D)　把(P)　薪水(Na)　捐出來(VB),[]
是不是自己在講什麼都不知道,是(SHI)　不(D)　是(SHI)　自己(Nh)　在(D)　講(VE)　什麼(Nep)　都(D)　不(D)　知道(VK),[]
我哪裡吹了,我(Nh)　哪裡(Ncd)　吹(VC)　了(Di),[]
針對議題回答很難嗎,針對(P)　議題(Na)　回答(VE)　很(Dfa)　難(VH)　嗎(T),[]
我講新公司論述你可以反駁啊,我(Nh)　講(VE)　新(VH)　公司(Nc)　論述(Na)　你(Nh)　可以(D)　反駁(VC)　啊(T),[]
反駁不成就在抓語病,反駁(VC)　不成(VH)　就(D)　在(P)　抓(VC)　語病(Na),[]
論述能力沒有整天噓噓噓是不是生活很不滿還是家庭怎麼了新公司不就圖個速成升遷還想炒短線,論述(Na)　能力(Na)　沒有(D)　整(Neqa)　天(Nf)　噓(I)　噓(Dfb)　噓(T)　是(SHI)　不(D)　是(SHI)　生活(Na)　很(Dfa)　不滿(VK)　還是(Caa)　家庭(Na)　怎麼(VH)　了(T)　新(VH)　公司(Nc)　不(D)　就(D)　圖(VF)　個(Di)　速成(VH)　升遷(Nv)　還(D)　想(VE)　炒(VC)　短線(Na),[]
員工也要學習看財報理解為啥這樣,員工(Na)　也(D)　要(D)　學習(VC)　看(VC)　財報(Na)　理解(VK)　為啥(D)　這樣(VH),[]
社團還在新公司要體諒笑死,社團(Na)　還(D)　在(P)　新(VH)　公司(Nc)　要(D)　體諒(VK)　笑死(VHC),[]
就像想玩里程的會去玩星宇嗎,就(D)　像(P)　想(VE)　玩(VC)　里程(Na)　的(DE)　會(D)　去(D)　玩(VC)　星宇(Nb)　嗎(T),"[{'word': '星宇', 'ner': 'ORG'}]"
如果不是全新開發幾種真的可以考慮買貨機來衝貨運營收避免過度依賴客運可惜沒有如果星宇也已經決定當的起始客戶了買舊貨機來衝營收,如果(Cbb)　不(D)　是(SHI)　全新(VH)　開發(VC)　幾(Neu)　種(Nf)　真的(D)　可以(D)　考慮(VE)　買(VC)　貨機(Na)　來(D)　衝(VA)　貨運(Na)　營收(Na)　避免(VE)　過度(Dfa)　依賴(VK)　客運(Na)　可惜(VH)　沒有(D)　如果(Cbb)　星宇(Nb)　也(D)　已經(D)　決定(VE)　當(VG)　的(DE)　起始(Nv)　客戶(Na)　了(T)　買(VC)　舊(VH)　貨機(Na)　來(D)　衝(VA)　營收(Na),"[{'word': '星宇', 'ner': 'ORG'}]"
星黑真的好多哈,星黑(Na)　真的(D)　好多(Neqa)　哈(D),"[{'word': '星黑', 'ner': 'PERSON'}]"
每年都有話題,每(Nes)　年(Nf)　都(D)　有(V_2)　話題(Na),"[{'word': '每年', 'ner': 'DATE'}]"
個月是真的有點慘,個(Nf)　月(Na)　是(SHI)　真的(D)　有點(Dfa)　慘(VH),"[{'word': '個月', 'ner': 'DATE'}]"
新公司體諒也不是體諒到只有個月啊,新(VH)　公司(Nc)　體諒(VK)　也(D)　不(D)　是(SHI)　體諒到(VK)　只(Da)　有(V_2)　個(Nf)　月(Na)　啊(T),"[{'word': '個月', 'ner': 'DATE'}]"
領人薪水的再來喊共體時艱,領(VC)　人(Na)　薪水(Na)　的(DE)　再(D)　來(D)　喊(VE)　共體時艱(VA),[]
人資也是奇葩把阻擋升遷剩下的錢當績效晉升規則每年針對性調整刻意阻礙員工晉升,人資(Na)　也(D)　是(SHI)　奇葩(Na)　把(P)　阻擋(VC)　升遷(Nv)　剩下(VJ)　的(DE)　錢(Na)　當(VG)　績效(Na)　晉升(VG)　規則(Na)　每(Nes)　年(Nf)　針對(P)　性(Na)　調整(VC)　刻意(D)　阻礙(VC)　員工(Na)　晉升(VG),[]
國泰航空也是個月果然是劍指國泰沒錯,國泰(Nb)　航空(Na)　也(D)　是(SHI)　個(Nf)　月(Na)　果然(D)　是(SHI)　劍(Na)　指(VC)　國泰(Nb)　沒(D)　錯(Na),"[{'word': '國泰航空', 'ner': 'LAW'}, {'word': '個月', 'ner': 'DATE'}, {'word': '國泰', 'ner': 'ORG'}]"
星粉又崩潰啦再說次,星粉(Na)　又(D)　崩潰(VH)　啦(T)　再(D)　說(VE)　次(Nf),"[{'word': '星粉', 'ner': 'PERSON'}]"
是你們星粉在吹張國煒的經營能力那就不要講什麼新公司,是(SHI)　你們(Nh)　星粉(Na)　在(P)　吹(VC)　張國煒(Nb)　的(DE)　經營(VC)　能力(Na)　那(Nep)　就(D)　不要(D)　講(VE)　什麼(Nep)　新(VH)　公司(Nc),"[{'word': '星粉', 'ner': 'ORG'}, {'word': '張國煒', 'ner': 'PERSON'}]"
都五年了,都(D)　五(Neu)　年(Nf)　了(T),"[{'word': '五年', 'ner': 'DATE'}]"
到底是在新什麼,到底(D)　是(SHI)　在(P)　新(VH)　什麼(Nep),[]
張國煒是不懂航空業嗎,張國煒(Nb)　是(SHI)　不(D)　懂(VK)　航空業(Na)　嗎(T),"[{'word': '張國煒', 'ner': 'PERSON'}]"
星宇管理層是什麼產業菜鳥嗎,星宇(Nb)　管理層(Na)　是(SHI)　什麼(Nep)　產業(Na)　菜鳥(Na)　嗎(T),"[{'word': '星宇', 'ner': 'ORG'}]"
張國煒的經營能力本來就是頂級的啊,張國煒(Nb)　的(DE)　經營(VC)　能力(Na)　本來(D)　就(Cbb)　是(SHI)　頂級(A)　的(T)　啊(I),"[{'word': '張國煒', 'ner': 'PERSON'}]"
不容你各位懷疑的更多機隊到位以後賺贏你長榮華航台虎,不容(D)　你(Nh)　各位(Nh)　懷疑(VK)　的(DE)　更多(D)　機隊(Na)　到位(VA)　以後(Ng)　賺贏(VC)　你(Nh)　長榮(Nb)　華航(Nc)　台虎(Nc),"[{'word': '長榮華航', 'ner': 'ORG'}]"
你各位到時候不要哭我有護航星宇是新公司嗎,你(Nh)　各位(Nh)　到時候(D)　不要(D)　哭(VA)　我(Nh)　有(V_2)　護航(VB)　星宇(Na)　是(SHI)　新(VH)　公司(Nc)　嗎(T),[]
董仔的眼光在未來而不是現在呀,董仔(Nb)　的(DE)　眼光(Na)　在(P)　未來(Nd)　而(Cbb)　不(D)　是(SHI)　現在(Nd)　呀(T),[]
你各位懂嗎,你(Nh)　各位(Nh)　懂(VK)　嗎(T),[]
有說客運應該就這樣要賺錢要載貨,有(V_2)　說(VE)　客運(Na)　應該(D)　就(D)　這樣(VH)　要(D)　賺錢(VA)　要(D)　載貨(VA),[]
年了又不新又在比飛機比賺錢,年(Na)　了(T)　又(D)　不(D)　新(VH)　又(D)　在(D)　比(VC)　飛機(Na)　比(P)　賺錢(VA),[]
不同基點要怎麼比,不同(VH)　基點(Na)　要(D)　怎麼(D)　比(VC),[]
繼續比繼續崩潰,繼續(VF)　比(P)　繼續(VF)　崩潰(VH),[]
雖然說年了但星宇連第批訂單都還沒交完機,雖然(Cbb)　說(VE)　年(Na)　了(T)　但(Cbb)　星宇(Nb)　連(Cbb)　第(Neu)　批(Nf)　訂單(Na)　都(D)　還(D)　沒(D)　交完(VD)　機(Na),"[{'word': '星宇', 'ner': 'ORG'}]"
沒貨機競爭就是紅海市場,沒(VJ)　貨機(Na)　競爭(Na)　就(Cbb)　是(SHI)　紅海(Nc)　市場(Nc),[]
沒貨機你是在怪董仔嗎,沒(VJ)　貨機(Na)　你(Nh)　是(SHI)　在(P)　怪(VK)　董仔(Nb)　嗎(T),[]
董仔很懂航空業的,董仔(Nb)　很(Dfa)　懂(VK)　航空業(Na)　的(DE),"[{'word': '董仔', 'ner': 'PERSON'}]"
怎麼可能錯,怎麼(D)　可能(D)　錯(VH),[]
台灣需要廉航,台灣(Nc)　需要(VK)　廉航(Nc),"[{'word': '台灣', 'ner': 'GPE'}]"
不需要精品航空,不(D)　需要(VK)　精品(Na)　航空(Na),[]
貨機能展現家有頭等艙的航空公司的檔次嗎,貨機(Na)　能(D)　展現(VC)　家(Nc)　有(V_2)　頭等艙(Na)　的(DE)　航空(Na)　公司(Nc)　的(DE)　檔次(Na)　嗎(T),[]
我相信大在反串,我(Nh)　相信(VK)　大(VH)　在(P)　反串(VC),[]
鍵盤董事長又在為了發股利還是發年終煩心了哈哈哈哈哈哈,鍵盤(Na)　董事長(Na)　又(D)　在(P)　為(P)　了(Di)　發(VD)　股利(Na)　還是(D)　發(VD)　年終(Nd)　煩心(VH)　了(Di)　哈哈(D)　哈哈(D)　哈哈(D),[]
年的股利和年終,年(Na)　的(DE)　股利(Na)　和(Caa)　年終(Nd),[]
定會超越長榮華航和虎航的,定(D)　會(D)　超越(VC)　長榮(Nb)　華航(Nc)　和(Caa)　虎航(Nb)　的(DE),"[{'word': '長榮華航', 'ner': 'ORG'}, {'word': '虎航', 'ner': 'ORG'}]"
事實證明載貨比較賺阿,事實(Na)　證明(VE)　載貨(VA)　比較(Dfa)　賺(VC)　阿(T),[]
借錢開公司的還嫌阿不是很有成就感,借(VD)　錢(Na)　開(VC)　公司(Nc)　的(DE)　還(D)　嫌(VK)　阿不(Nb)　是(SHI)　很(Dfa)　有(V_2)　成就感(Na),[]
慘被樓下打假的,慘(VH)　被(P)　樓下(Nc)　打假(VA)　的(DE),[]
有卡達轉職回來星宇又跳去阿聯酋的,有(V_2)　卡達(Nc)　轉職(VA)　回來(VA)　星宇(Nb)　又(D)　跳(VA)　去(VCL)　阿聯酋(Nc)　的(DE),"[{'word': '卡達', 'ner': 'GPE'}, {'word': '星宇', 'ner': 'ORG'}, {'word': '阿聯酋', 'ner': 'GPE'}]"
還有堆國泰轉職來星宇的,還(D)　有(V_2)　堆(Nf)　國泰(Nb)　轉職(VA)　來(VA)　星宇(Nb)　的(DE),[]
鬼故事堆,鬼故事(Na)　堆(Nf),[]
星宇操作模式董元旦接台灣第架回來在桃機遭媒體團團包圍受訪,星宇(Nb)　操作(VC)　模式(Na)　董(Nb)　元旦(Nd)　接(VC)　台灣(Nc)　第(Neu)　架(Nf)　回來(VA)　在(P)　桃機(Nc)　遭(P)　媒體(Na)　團團(Neqa)　包圍(VC)　受(P)　訪(VC),"[{'word': '星宇', 'ner': 'ORG'}, {'word': '董元旦', 'ner': 'PERSON'}, {'word': '台灣', 'ner': 'GPE'}, {'word': '第架', 'ner': 'ORDINAL'}, {'word': '桃機', 'ner': 'GPE'}]"
有記者提問星宇年終問題讓許多員工失望,有(V_2)　記者(Na)　提問(VC)　星宇(Nb)　年終(Nd)　問題(Na)　讓(VL)　許多(Neqa)　員工(Na)　失望(VH),[]
董表示公司非常兩難,董(Nb)　表示(VE)　公司(Nc)　非常(Dfa)　兩難(VH),"[{'word': '董', 'ner': 'PERSON'}]"
去年大環境,去年(Nd)　大(VH)　環境(Na),"[{'word': '去年', 'ner': 'DATE'}]"
但是星宇非常重要的年,但是(Cbb)　星宇(Na)　非常(Dfa)　重要(VH)　的(DE)　年(Na),[]
為了感謝跟激勵士氣,為了(P)　感謝(VK)　跟(P)　激勵(VC)　士氣(Na),[]
將加碼發給每位員工位眷屬星宇航空不限航點商務艙來回機票,將(D)　加碼(VA)　發給(VD)　每(Nes)　位(Nf)　員工(Na)　位(Nf)　眷屬(Na)　星宇(Nb)　航空(Na)　不(D)　限(VJ)　航點(Na)　商務艙(Na)　來回(Nv)　機票(Na),"[{'word': '星宇航空', 'ner': 'ORG'}]"
希望員工繼續起打拼,希望(VK)　員工(Na)　繼續(VF)　起(Di)　打拼(VA),[]
員工嗨翻,員工(Na)　嗨翻(I),[]
是因為受到川普關稅日本預言環台軍演的衝擊鳳凰城開下去,是(SHI)　因為(Cbb)　受到(VJ)　川普(Nb)　關稅(Na)　日本(Nc)　預言(VE)　環(A)　台(Nc)　軍演(Na)　的(DE)　衝擊(Na)　鳳凰城(Nc)　開(VB)　下去(Di),"[{'word': '川', 'ner': 'GPE'}, {'word': '普', 'ner': 'GPE'}, {'word': '日本', 'ner': 'GPE'}, {'word': '台', 'ner': 'GPE'}, {'word': '鳳凰城', 'ner': 'GPE'}]"
年終定會更好的啦,年終(Nd)　定(VC)　會(D)　更(D)　好(VH)　的(T)　啦(T),[]
星宇新公司新飛機要進來新航線要開航把錢花在刀口上是為了走更長遠的路,星宇(Nb)　新(VH)　公司(Nc)　新(VH)　飛機(Na)　要(D)　進來(VA)　新(VH)　航線(Na)　要(D)　開航(VA)　把(P)　錢(Na)　花(VC)　在(P)　刀口(Na)　上(Ncd)　是(SHI)　為了(P)　走(VA)　更(D)　長遠(VH)　的(DE)　路(Na),"[{'word': '星宇新公司', 'ner': 'ORG'}]"
年還要扣掉疫情不能飛的年,年(Na)　還要(Dfa)　扣掉(VC)　疫情(Na)　不能(D)　飛(VA)　的(DE)　年(Na),[]
國瑋衝衝衝定贏,國瑋(Nb)　衝(VA)　衝(VA)　衝(VA)　定(VC)　贏(VD),"[{'word': '國瑋', 'ner': 'PERSON'}]"
沒錯,沒(VJ)　錯(Na),[]
從到現在,從(P)　到(P)　現在(Nd),[]
才經過年而已,才(Da)　經(D)　過年(VA)　而已(T),[]
把錢花在刀口上,把(P)　錢(Na)　花(VC)　在(P)　刀口(Na)　上(Ncd),[]
而不是在員工年終,而(Cbb)　不(D)　是(SHI)　在(P)　員工(Na)　年終(Nd),[]
是為了走更遠的路,是(SHI)　為(P)　了(Di)　走(VA)　更(Dfa)　遠(VH)　的(DE)　路(Na),[]
朋友跳去星宇真的後悔,朋友(Na)　跳(VA)　去(VCL)　星宇(Na)　真的(D)　後悔(VL),"[{'word': '星宇', 'ner': 'FAC'}]"
年的年終比不上別人年算什麼,年(Na)　的(DE)　年終(Nd)　比不上(VJ)　別人(Nh)　年(Na)　算(VG)　什麼(Nep),[]
直接逆轉,直接(VH)　逆轉(VA),[]
選公司也是種運氣,選(VC)　公司(Nc)　也(D)　是(SHI)　種(Nf)　運氣(Na),[]
員工被犧牲福利確實很可能影響第線的服務,員工(Na)　被(P)　犧牲(VJ)　福利(Na)　確實(D)　很(Dfa)　可能(D)　影響(VC)　第線(Neu)　的(DE)　服務(VC),"[{'word': '第線', 'ner': 'ORDINAL'}]"
晚上趟在陸地怎麼賺錢,晚上(Nd)　趟(Nf)　在(P)　陸地(Na)　怎麼(D)　賺錢(VA),"[{'word': '晚上', 'ner': 'TIME'}]"
長榮晚上都在飛嗎,長榮(Nb)　晚上(Nd)　都(D)　在(D)　飛(VA)　嗎(T),"[{'word': '長榮', 'ner': 'ORG'}, {'word': '晚上', 'ner': 'TIME'}]"
薪水最少要求最多懲處最重員工沒向心力來看看這公司會怎麼走下去,薪水(Na)　最少(Da)　要求(Na)　最多(VH)　懲處(VC)　最(Dfa)　重(VH)　員工(Na)　沒(VJ)　向心力(Na)　來(D)　看看(VE)　這(Nep)　公司(Nc)　會(D)　怎麼(D)　走下去(VA),[]
個月真的慘,個(Nf)　月(Na)　真的(D)　慘(VH),"[{'word': '個月', 'ner': 'DATE'}]"
根本不會照顧員工只會花錢行銷的公關公司,根本(D)　不會(D)　照顧(VC)　員工(Na)　只(Da)　會(D)　花錢(VA)　行銷(Na)　的(DE)　公關(Na)　公司(Nc),[]
星宇員工是要多看不起自己兩張商務艙機票就嗨翻,星宇(Nb)　員工(Na)　是(SHI)　要(D)　多(D)　看不起(VJ)　自己(Nh)　兩(Neu)　張(Nf)　商務艙(Na)　機票(Na)　就(D)　嗨翻(I),"[{'word': '星宇', 'ner': 'ORG'}, {'word': '兩', 'ner': 'CARDINAL'}]"
星粉新公司本來就不賺錢給個月已經很好了換位思考如果是自己的公司定也亂噴堆啦真的是很好笑,星粉(Nb)　新(VH)　公司(Nc)　本來(D)　就(D)　不(D)　賺錢(VA)　給(P)　個(Nf)　月(Na)　已經(D)　很(Dfa)　好(VH)　了(Di)　換(VC)　位(Nf)　思考(VE)　如果(Cbb)　是(SHI)　自己(Nh)　的(DE)　公司(Nc)　定(VC)　也(D)　亂(VH)　噴堆(VC)　啦(T)　真的(D)　是(SHI)　很(Dfa)　好笑(VH),"[{'word': '星粉新公司', 'ner': 'ORG'}, {'word': '個月', 'ner': 'DATE'}]"
可以先說明年定補個月之類的,可以(D)　先(D)　說(VE)　明年(Nd)　定(VC)　補(VC)　個(Nf)　月(Na)　之類(Cab)　的(DE),[]
不過當下要賺錢不容易,不過(Cbb)　當下(Nd)　要(D)　賺錢(VA)　不(D)　容易(VH),[]
航空從業人員大部分都是吃青春飯的拿青春賭明天的,航空(Na)　從業(VB)　人員(Na)　大部分(Neqa)　都(D)　是(SHI)　吃(VC)　青春(Na)　飯(Na)　的(DE)　拿(VC)　青春(Na)　賭(VE)　明天(Nd)　的(DE),[]
飛堆奇怪航點怎麼可能賺錢至少開個紐約給老子搭長榮華航飛紐約的飛機都舊到靠北,飛(Nb)　堆(Nf)　奇怪(VK)　航點(Na)　怎麼(D)　可能(D)　賺錢(VA)　至少(Da)　開(VC)　個(Nf)　紐約(Nc)　給(VD)　老子(Nh)　搭(VC)　長榮(Nb)　華航(Nc)　飛(VA)　紐約(Nc)　的(DE)　飛機(Na)　都(D)　舊(VH)　到(P)　靠(P)　北(Ncd),"[{'word': '紐約', 'ner': 'GPE'}, {'word': '長榮華航', 'ner': 'ORG'}, {'word': '紐約', 'ner': 'GPE'}]"
鳳凰城怎麼會是奇怪航點,鳳凰城(Nc)　怎麼(D)　會(D)　是(SHI)　奇怪(VK)　航點(Na),"[{'word': '鳳凰城', 'ner': 'FAC'}]"
董仔是最專業的,董仔(Nb)　是(SHI)　最(Dfa)　專業(VH)　的(DE),[]
怎麼可能選錯,怎麼(D)　可能(D)　選錯(VC),[]
飛機買那麼多費用就擺在那邊,飛機(Na)　買(VC)　那麼多(Neqa)　費用(Na)　就(D)　擺(VC)　在(P)　那邊(Ncd),[]
聽說的引擎是個大錢坑,聽說(VE)　的(DE)　引擎(Na)　是(SHI)　個(Nf)　大(VH)　錢坑(Na),[]
不爽不要做哪這麼多廢話,不(D)　爽(VH)　不要(D)　做(VC)　哪(Ncd)　這麼多(Neqa)　廢話(Na),[]
的引擎我聽朋友說大概是小時就要下引擎,的(DE)　引擎(Na)　我(Nh)　聽(VE)　朋友(Na)　說(VE)　大概(D)　是(SHI)　小時(Na)　就(D)　要(D)　下(VC)　引擎(Na),"[{'word': '小時', 'ner': 'TIME'}]"
那架的顆引擎,那(Nep)　架(Nf)　的(DE)　顆(Nf)　引擎(Na),[]
不就幾乎平均每個月都有要重新拆裝的,不(D)　就(D)　幾乎(Da)　平均(VH)　每(Nes)　個(Nf)　月(Na)　都(D)　有(V_2)　要(D)　重新(D)　拆裝(VC)　的(DE),[]
這是次換完搞定嗎,這(Nep)　是(SHI)　次(Nf)　換完(VC)　搞定(VC)　嗎(T),[]
還是輩子無限循環高頻率拆裝呢,還是(Caa)　輩子(Na)　無限(VH)　循環(Na)　高(VH)　頻率(Na)　拆裝(VC)　呢(T),[]
剛剛也有跳文章出來,剛剛(D)　也(D)　有(V_2)　跳文章(VA)　出來(VA),[]
下面排整整齊齊都在說新創公司要共體時艱,下面(Ncd)　排(VC)　整整齊齊(VH)　都(D)　在(P)　說(VE)　新創(VC)　公司(Nc)　要(D)　共體時艱(VA),[]
只要設備到齊,只要(Cbb)　設備(Na)　到齊(VH),[]
老闆很敢給的,老闆(Na)　很(Dfa)　敢(VL)　給(VD)　的(T),[]
真假聽說還要拿架去高雄這樣是不是還是算了架顆引擎飛機集中在桃園才方便拆拆裝裝好調度,真假(Na)　聽說(VE)　還要(Dfa)　拿(VC)　架(Nf)　去(VCL)　高雄(Nc)　這樣(VH)　是(SHI)　不是(D)　還是(D)　算了(VH)　架(VC)　顆(Nf)　引擎(Na)　飛機(Na)　集中(VC)　在(P)　桃園(Nc)　才(Da)　方便(VH)　拆拆(VC)　裝裝好(VC)　調度(VC),"[{'word': '高雄', 'ner': 'GPE'}, {'word': '桃園', 'ner': 'GPE'}]"
收到這個通知然後還要好好服務客人微笑覺得好辛苦,收到(VC)　這(Nep)　個(Nf)　通知(Na)　然後(D)　還要(Dfa)　好好(VH)　服務(VC)　客人(Na)　微笑(VA)　覺得(VK)　好(Dfa)　辛苦(VHC),[]
腥宇不倒台灣不會好,腥(Nb)　宇(Nc)　不(D)　倒(VA)　台灣(Nc)　不會(D)　好(VH),"[{'word': '台灣', 'ner': 'GPE'}]"
星粉們舔起來舔起來,星粉(Na)　們(Na)　舔(D)　起來(Di)　舔(VC)　起來(Di),[]
每次新聞出就跑出些可憐無腦黑,每(Nes)　次(Nf)　新聞(Na)　出(VC)　就(D)　跑出(VCL)　些(Nf)　可憐(VHC)　無(VJ)　腦(Na)　黑(VH),[]
換發時間到之前把飛機換回桃園就好了又不是沒有備發,換發(Nv)　時間(Na)　到(VCL)　之前(Ng)　把(P)　飛機(Na)　換回(VC)　桃園(Nc)　就(D)　好(VH)　了(T)　又(D)　不(D)　是(SHI)　沒有(VJ)　備發(VH),"[{'word': '桃園', 'ner': 'GPE'}]"
空服員又沒專業,空服員(Na)　又(D)　沒(VJ)　專業(VH),[]
個月很好了還不是不敢離職,個(Nf)　月(Na)　很(Dfa)　好(VH)　了(Di)　還不是(D)　不(D)　敢(VL)　離職(VH),"[{'word': '個月', 'ner': 'DATE'}]"
去外面端盤子能領現在多,去(VCL)　外面(Ncd)　端(VC)　盤子(Na)　能(D)　領(VC)　現在(Nd)　多(Neqa),[]
去別間端領的確實多不過只能腥宇這破公司就別嫌了,去(VCL)　別(Nes)　間(Ncd)　端(Na)　領(VC)　的(DE)　確實(D)　多(VH)　不過(Cbb)　只(Da)　能(D)　腥(Nb)　宇(Nc)　這(Nep)　破(VHC)　公司(Nc)　就(D)　別(D)　嫌(VK)　了(T),"[{'word': '腥宇', 'ner': 'ORG'}]"
剛看到脆有人說長榮空服目前在招募中欸報名截止日初審面試,剛(D)　看到(VE)　脆(VH)　有(V_2)　人(Na)　說(VE)　長榮(Nb)　空服(Na)　目前(Nd)　在(P)　招募(VC)　中(Ng)　欸(I)　報名(VA)　截止日(Nd)　初審(VC)　面試(VC),"[{'word': '長榮空服', 'ner': 'PRODUCT'}]"
預計月報到受訓,預計(VE)　月報(Na)　到(Caa)　受訓(VA),[]
業內跳槽想卡主管位的結果待遇輸原本兩家,業(Na)　內(Ng)　跳槽(VA)　想(VE)　卡(Na)　主管位(Na)　的(DE)　結果(Na)　待遇(Na)　輸(VD)　原本(D)　兩(Neu)　家(Nf),"[{'word': '兩', 'ner': 'CARDINAL'}]"
然後網路到處哭哭,然後(D)　網路(Na)　到處(D)　哭哭(VA),[]
如果長榮肯錄取星宇的空服,如果(Cbb)　長榮(Nb)　肯(VL)　錄取(VC)　星宇(Nb)　的(DE)　空服(Na),[]
那麼星宇做到五月接著六月切換過去星宇,那麼(Dk)　星宇(Na)　做到(VE)　五月(Nd)　接著(VJ)　六月(Nd)　切換(VC)　過去(Nd)　星宇(Na),"[{'word': '五月', 'ner': 'DATE'}, {'word': '六月', 'ner': 'DATE'}]"
可能的全年收入還比較多,可能(VH)　的(DE)　全(Neqa)　年(Nf)　收入(Na)　還(D)　比較(Dfa)　多(VH),"[{'word': '全年', 'ner': 'DATE'}]"
問題是長榮肯錄取在星宇做過的空服嗎,問題(Na)　是(SHI)　長榮(Nb)　肯(VL)　錄取(VC)　在(P)　星宇(Nb)　做(VC)　過(Di)　的(DE)　空服(Na)　嗎(T),[]
星粉短視近利以後星宇可是台灣最強最大航空傻逼可能年的事了,星粉(Na)　短視(VH)　近利(Na)　以後(Ng)　星宇(Nb)　可是(D)　台灣(Nc)　最(Dfa)　強(VH)　最(Dfa)　大(VH)　航空(Na)　傻逼(VH)　可能(D)　年(Nf)　的(DE)　事(Na)　了(T),"[{'word': '星宇', 'ner': 'ORG'}, {'word': '台灣', 'ner': 'GPE'}]"
星宇有董仔,星宇(Nb)　有(V_2)　董仔(Nb),"[{'word': '星宇', 'ner': 'ORG'}]"
當然會是台灣最強最大航空,當然(D)　會(D)　是(SHI)　台灣(Nc)　最(Dfa)　強(VH)　最(Dfa)　大(VH)　航空(Na),"[{'word': '台灣', 'ner': 'GPE'}]"
去新創公司本來就是如此,去(D)　新創(VC)　公司(Nc)　本來(D)　就是(Cbb)　如此(VH),[]
誰跟你新創公司都這樣美國的新創都是給的少但發股票賭把公司上市或被收購精品航空都上市多久了,誰(Nh)　跟(P)　你(Nh)　新創(VC)　公司(Nc)　都(D)　這樣(VH)　美國(Nc)　的(DE)　新創(VC)　都(D)　是(SHI)　給(VD)　的(DE)　少(VH)　但(Cbb)　發(VD)　股票(Na)　賭(VE)　把(P)　公司(Nc)　上市(VH)　或(Caa)　被(P)　收購(VC)　精品(Na)　航空(Na)　都(D)　上市(VH)　多久(Nd)　了(T),"[{'word': '美國', 'ner': 'GPE'}, {'word': '精品航空', 'ner': 'ORG'}]"
已經成立年的公司新創你個鬼大頭,已經(D)　成立(VC)　年(Na)　的(DE)　公司(Nc)　新創(VC)　你(Nh)　個(DE)　鬼(Na)　大頭(Na),[]
星宇很像還真有員工認股話說這次大家吹捧的長榮是創立幾年後就穩定有個月年終呀,星宇(Nb)　很(Dfa)　像(VG)　還(D)　真(D)　有(V_2)　員工(Na)　認股(VA)　話說(Na)　這(Nep)　次(Nf)　大家(Nh)　吹捧(VC)　的(DE)　長榮(Nb)　是(SHI)　創立(VC)　幾(Neu)　年(Nf)　後(Ng)　就(D)　穩定(VHC)　有(V_2)　個(Nf)　月(Na)　年終(Nd)　呀(T),"[{'word': '星宇', 'ner': 'ORG'}, {'word': '長榮', 'ner': 'ORG'}, {'word': '幾年', 'ner': 'DATE'}]"
已經成立年的公司沒有發個月,已經(D)　成立(VC)　年(Nd)　的(DE)　公司(Nc)　沒有(D)　發(VD)　個(Nf)　月(Na),[]
到底又怎樣了,到底(D)　又(D)　怎樣(VH)　了(T),[]
那些員工都是自願加入的啊,那些(Neqa)　員工(Na)　都(D)　是(SHI)　自願(VL)　加入(VC)　的(T)　啊(T),[]
現在直買新飛機開新航線,現在(Nd)　直(D)　買(VC)　新(VH)　飛機(Na)　開(VC)　新(VH)　航線(Na),[]
衝刺期要大賺很難,衝刺期(Na)　要(D)　大賺(VH)　很(Dfa)　難(VH),[]
還有美國新創誰說都會給股票,還(D)　有(V_2)　美國(Nc)　新創(VC)　誰(Nh)　說(VE)　都(D)　會(D)　給(VD)　股票(Na),"[{'word': '美國', 'ner': 'GPE'}]"
我待過間股都沒給的,我(Nh)　待(VCL)　過(Di)　間(Na)　股(Na)　都(D)　沒(D)　給(VD)　的(DE),[]
後來到了線外商才開始拿到,後來(Nd)　到(VCL)　了(Di)　線外商(Na)　才(Da)　開始(VL)　拿到(VC),[]
老實說沒載貨真的蠻難墊高營收啦就看他們什麼時候到,老實說(Dk)　沒(D)　載貨(VA)　真的(D)　蠻(Dfa)　難(VH)　墊高(VC)　營收(Na)　啦(T)　就(D)　看(VE)　他們(Nh)　什麼(Nep)　時候(Na)　到(P),[]
現在直買新飛機開新航線,現在(Nd)　直(D)　買(VC)　新(VH)　飛機(Na)　開(VC)　新(VH)　航線(Na),[]
董仔會經營所以是沒有風險的,董仔會(Na)　經營(VC)　所以(Cbb)　是(SHI)　沒有(VJ)　風險(Na)　的(DE),[]
等鳳凰城芬蘭波蘭蘇黎世全都飛起來,等(Cab)　鳳凰城(Nc)　芬蘭(Nc)　波蘭(Nc)　蘇黎世(Nc)　全(Neqa)　都(D)　飛起來(VA),"[{'word': '芬蘭', 'ner': 'GPE'}, {'word': '波蘭蘇黎世', 'ner': 'GPE'}]"
年終獎金會變成好幾倍的啦,年終(Nd)　獎金(Na)　會(D)　變成(VG)　好幾(Neu)　倍(Na)　的(T)　啦(T),[]
不要什麼都等進來,不要(D)　什麼(Nep)　都(D)　等(VC)　進來(VA),[]
這樣難道明年進架客機有錯嗎,這樣(VH)　難道(D)　明年(Nd)　進(VC)　架(Nf)　客機(Na)　有(V_2)　錯(VH)　嗎(T),"[{'word': '明年', 'ner': 'DATE'}]"
是怪董仔太晚買貨機嗎,是(SHI)　怪(VK)　董仔(Nb)　太晚(VH)　買(VC)　貨機(Na)　嗎(T),[]
還是怪董仔成立的不是純貨運公司,還是(D)　怪(VK)　董仔(Nb)　成立(VC)　的(DE)　不(D)　是(SHI)　純(VH)　貨運(Na)　公司(Nc),[]
給創立年個月的新創公司點空間可以嗎,給(P)　創立(VC)　年(Neqa)　個(Nf)　月(Na)　的(DE)　新創(VC)　公司(Nc)　點(VC)　空間(Na)　可以(VH)　嗎(T),"[{'word': '創立年個月', 'ner': 'DATE'}]"
還是要看銀行端有沒有關水龍頭吧不然也可以先跟銀行借來發年終,還是(D)　要(D)　看(VC)　銀行(Na)　端(Ncd)　有沒有(D)　關(VC)　水龍頭(Na)　吧(T)　不然(Cbb)　也(D)　可以(D)　先(D)　跟(P)　銀行(Nc)　借來(VD)　發(VD)　年終(Nd),[]
大家都把貨機講得像救命仙丹,大家(Nh)　都(D)　把(P)　貨機(Na)　講(VE)　得(DE)　像(VG)　救命(VA)　仙丹(Na),[]
當年華航可是因為貨運機隊太大利潤又低導致整體獲利低下,當年(Nd)　華航(Nc)　可是(D)　因為(Cbb)　貨運(Na)　機隊(Na)　太(Dfa)　大(VH)　利潤(Na)　又(D)　低(VH)　導致(VL)　整體(Na)　獲利(Na)　低下(VHC),"[{'word': '當年', 'ner': 'DATE'}, {'word': '華航', 'ner': 'ORG'}]"
小在長榮時也是以去化貨機機隊改以客機機腹載貨為主耶,小(VH)　在(P)　長榮(Nb)　時(Ng)　也(D)　是(SHI)　以(P)　去化(VHC)　貨機(Na)　機隊(Na)　改以(P)　客機(Na)　機腹(Nc)　載貨(VA)　為主(VI)　耶(T),"[{'word': '長榮', 'ner': 'ORG'}]"
產業總是循環性的,產業(Na)　總是(D)　循環性(Na)　的(DE),[]
誰知道什麼時候貨運又下去了,誰(Nh)　知道(VK)　什麼(Nep)　時候(Na)　貨運(Na)　又(D)　下去(VA)　了(Di),[]
小花是客貨並重所以在疫情時期就真的成了救命浮木,小花(Na)　是(SHI)　客貨(Na)　並重(VH)　所以(Cbb)　在(P)　疫情(Na)　時期(Na)　就(D)　真的(D)　成(VG)　了(Di)　救命(Nv)　浮木(Na),[]
董仔怎麼會有需要跟銀行借錢來發年終,董仔(Nb)　怎麼(D)　會(D)　有(V_2)　需要(Na)　跟(P)　銀行(Nc)　借(VD)　錢(Na)　來(D)　發(VD)　年終(Nd),[]
基本上擴張期只要是正的公司經營就是成功忘了買新飛機買到倒掉的同業嗎,基本(Na)　上(Ncd)　擴張期(Na)　只要(Cbb)　是(SHI)　正(VH)　的(DE)　公司(Nc)　經營(VC)　就是(Cbb)　成功(VH)　忘(VK)　了(Di)　買(VC)　新(VH)　飛機(Na)　買到(VC)　倒掉(VC)　的(DE)　同業(Na)　嗎(T),[]
第三季是負的,第三(Neu)　季(Nd)　是(SHI)　負(VH)　的(DE),"[{'word': '第三', 'ner': 'ORDINAL'}]"
第四季是正的嗎,第四(Neu)　季(Nd)　是(SHI)　正(VH)　的(DE)　嗎(T),"[{'word': '第四', 'ner': 'ORDINAL'}]"
我也很好奇,我(Nh)　也(D)　很(Dfa)　好奇(VH),[]
星宇有比較好請病假嗎,星宇(Nb)　有(V_2)　比較(Dfa)　好(VH)　請(VF)　病假(Na)　嗎(T),"[{'word': '星宇', 'ner': 'ORG'}]"
年終獎金六個半月,年終(Nd)　獎金(Na)　六(Neu)　個(Nf)　半(Neqa)　月(Na),"[{'word': '六個半月', 'ner': 'DATE'}]"
方面才有難請假的過世的空姐,方面(Na)　才(Da)　有(V_2)　難(VH)　請假(VA)　的(DE)　過世(VH)　的(DE)　空姐(Na),[]
為了長期經營考量,為了(P)　長期(Na)　經營(VC)　考量(VE),[]
新飛機直來折舊年年高這幾年應該都普普,新(VH)　飛機(Na)　直(D)　來(VA)　折舊(VH)　年(D)　年(Na)　高(VH)　這(Nep)　幾(Neu)　年(Nf)　應該(D)　都(D)　普普(VH),"[{'word': '幾年', 'ner': 'DATE'}]"
至少要等有飛機被抱怨太舊怎麼還不改艙基準點才會平等,至少(Da)　要(D)　等(VC)　有(V_2)　飛機(Na)　被(P)　抱怨(VE)　太(Dfa)　舊(VH)　怎麼(D)　還(D)　不(D)　改(VC)　艙(Na)　基準點(Na)　才(Da)　會(D)　平等(VH),[]
講出美國新創公司的人不同行業可以比喔,講出(VC)　美國(Nc)　新創(VC)　公司(Nc)　的(DE)　人(Na)　不同(VH)　行業(Na)　可以(D)　比(VC)　喔(T),"[{'word': '美國', 'ner': 'NORP'}]"
那怎麼不拿航運來比,那(Nep)　怎麼(D)　不(D)　拿(P)　航運(Na)　來(D)　比(VC),[]
真的講越多別人笑越大聲,真的(D)　講(VE)　越(D)　多(VH)　別人(Nh)　笑(VA)　越(D)　大聲(VH),[]
真的講越多別人笑越大聲,真的(D)　講(VE)　越(D)　多(VH)　別人(Nh)　笑(VA)　越(D)　大聲(VH),[]
創立七年的公司已獲得五星級榮耀,創立(VC)　七(Neu)　年(Nf)　的(DE)　公司(Nc)　已(D)　獲得(VJ)　五星級(Na)　榮耀(Na),"[{'word': '七年', 'ner': 'DATE'}, {'word': '五星級', 'ner': 'CARDINAL'}]"
但年終卻只有個月,但(Cbb)　年終(Nd)　卻(D)　只(Da)　有(V_2)　個(Nf)　月(Na),"[{'word': '個月', 'ner': 'DATE'}]"
要拿航運來比虎航年成立,要(D)　拿(VC)　航運(Na)　來(D)　比(P)　虎航(Nb)　年(Na)　成立(VC),[]
第七年碰上疫情就不計,第七(Neu)　年(Nf)　碰上(VC)　疫情(Na)　就(D)　不計(VK),"[{'word': '第七年', 'ner': 'DATE'}]"
年恢復正常,年(Na)　恢復(VHC)　正常(VH),[]
虎航年終給個月,虎航(Nb)　年終(Nd)　給(VD)　個(Nf)　月(Na),"[{'word': '虎航', 'ner': 'ORG'}, {'word': '個月', 'ner': 'DATE'}]"
上看十個月,上(Ncd)　看(VC)　十(Neu)　個(Nf)　月(Na),"[{'word': '十個月', 'ner': 'DATE'}]"
是星粉自己要比航運公司的喔,是(SHI)　星粉(Na)　自己(Nh)　要(D)　比(P)　航運(Na)　公司(Nc)　的(DE)　喔(T),"[{'word': '星粉', 'ner': 'PERSON'}]"
不要又嫌虎航沒資格喔,不要(D)　又(D)　嫌(VK)　虎航(Nb)　沒(VJ)　資格(Na)　喔(T),"[{'word': '虎航', 'ner': 'ORG'}]"
星宇就直買雜誌買媒體洗形象啊,星宇(Nb)　就(D)　直(D)　買(VC)　雜誌(Na)　買(VC)　媒體(Na)　洗(VC)　形象(Na)　啊(T),"[{'word': '星宇', 'ner': 'ORG'}]"
星宇航空預計開航台中往返東京成田,星宇(Nb)　航空(Na)　預計(VE)　開航(VA)　台中(Nc)　往返(VCL)　東京(Nc)　成田(Nc),"[{'word': '星宇航空', 'ner': 'ORG'}, {'word': '台中', 'ner': 'GPE'}, {'word': '東京', 'ner': 'GPE'}, {'word': '成田', 'ner': 'GPE'}]"
每週四班,每(Nes)　週(Nf)　四(Neu)　班(Nf),"[{'word': '四', 'ner': 'CARDINAL'}]"
機型,機型(Na),[]
航班時刻,航班(Na)　時刻(Na),[]
每週三四六,每(Nes)　週(Nd)　三(Nd)　四六(Nd),"[{'word': '每週三四六', 'ner': 'DATE'}]"
每週,每(Nes)　週(Nf),[]
每週三四,每(Nes)　週(Nd)　三(Nd)　四(Nd),"[{'word': '每週三四', 'ner': 'DATE'}]"
每週六,每(Nes)　週六(Nd),"[{'word': '每週六', 'ner': 'DATE'}]"
遙想當年疫情前華信用飛台中成田,遙想(VJ)　當年(Nd)　疫情(Na)　前(Ng)　華信(Nb)　用(P)　飛(VA)　台中(Nc)　成田(Nc),[]
每日,每(Nes)　日(Nf),[]
每日,每(Nes)　日(Nf),[]
還有去年曇花現的虎航台中成田,還(Caa)　有(V_2)　去年(Nd)　曇花現(VH)　的(DE)　虎航(Nb)　台中(Nc)　成田(Nc),"[{'word': '去年', 'ner': 'DATE'}, {'word': '台中', 'ner': 'GPE'}]"
時間帶不錯耶,時間帶(Na)　不錯(VH)　耶(T),[]
機位肯定被搶爆,機位(Na)　肯定(VK)　被(P)　搶爆(VD),[]
超優時間帶,超優(VH)　時間帶(Na),[]
又是睡飽出發概念,又(D)　是(SHI)　睡飽(VH)　出發(VA)　概念(Na),[]
回程時間也超優,回程(Na)　時間(Na)　也(D)　超優(VH),[]
這時間很香欸睡爽出門回來也不會過早,這(Nep)　時間(Na)　很(Dfa)　香(VH)　欸(I)　睡(VA)　爽(VH)　出門(VA)　回來(VA)　也(D)　不會(D)　過早(VH),[]
票價肯定也飛天,票價(Na)　肯定(VK)　也(D)　飛天(Na),[]
星宇今年年終個月,星宇(Nb)　今年(Nd)　年終(Nd)　個(Nf)　月(Na),"[{'word': '星宇', 'ner': 'ORG'}, {'word': '今年', 'ner': 'DATE'}]"
想要錄取後乾等年,想要(VE)　錄取(VC)　後(Ng)　乾(D)　等(Cab)　年(Na),[]
上工後作息混亂,上工(VA)　後(Ng)　作息(Na)　混亂(VH),[]
現場高壓緊張但收入也緊張的職涯體驗嗎,現場(Nc)　高壓(Na)　緊張(VH)　但(Cbb)　收入(Na)　也(D)　緊張(VH)　的(DE)　職涯(Na)　體驗(VC)　嗎(T),[]
歡迎加入星宇航空大家庭,歡迎(VJ)　加入(VC)　星宇(Nb)　航空(Na)　大(VH)　家庭(Na),[]
時間帶意外好,時間(Na)　帶(VC)　意外(Na)　好(VH),[]
看票價,看(VE)　票價(Na),[]
大概不會低於,大概(D)　不會(D)　低於(VJ),[]
如果能就很香,如果(Cbb)　能(D)　就(D)　很(Dfa)　香(VH),[]
超過應該還是去桃園,超過(VJ)　應該(D)　還是(D)　去(VCL)　桃園(Nc),"[{'word': '桃園', 'ner': 'GPE'}]"
回程時間帶太早,回程(Na)　時間帶(Na)　太早(D),[]
對老人小孩而已超級完美的時間,對(P)　老人(Na)　小孩(Na)　而已(T)　超級(Dfa)　完美(VH)　的(DE)　時間(Na),[]
感謝星宇,感謝(VK)　星宇(Na),"[{'word': '星宇', 'ner': 'PERSON'}]"
時間帶中部友善,時間帶(Na)　中部(Ncd)　友善(VH),[]
但價位可能不會太親民,但(Cbb)　價位(Na)　可能(D)　不會(D)　太(Dfa)　親民(VH),[]
說來,說來(D),[]
成田居然還有空間能塞飛機嗎,成田(Nc)　居然(D)　還(D)　有(V_2)　空間(Na)　能(D)　塞(VC)　飛機(Na)　嗎(T),"[{'word': '成田', 'ner': 'GPE'}]"
還是之前那個什麼擴增工程起效了,還是(Caa)　之前(Nd)　那(Nep)　個(Nf)　什麼(Nep)　擴增(Nv)　工程(Na)　起效(VC)　了(Di),[]
台中不能對羽田嗎,台中(Nc)　不能(D)　對(P)　羽田(Nb)　嗎(T),"[{'word': '台中', 'ner': 'GPE'}, {'word': '羽田', 'ner': 'GPE'}]"
城市對城市,城市(Nc)　對(P)　城市(Nc),[]
真的是成田話說這個時間要串飛哪裡呢,真的(D)　是(SHI)　成田話(Nb)　說(VE)　這(Nep)　個(Nf)　時間(Na)　要(D)　串飛(VC)　哪裡(Ncd)　呢(T),"[{'word': '成田話', 'ner': 'LANGUAGE'}]"
尊貴的羽田不是最頂的城市不飛,尊貴(VH)　的(DE)　羽田(Nb)　不(D)　是(SHI)　最(Dfa)　頂(Ncd)　的(DE)　城市(Nc)　不(D)　飛(VA),"[{'word': '羽田', 'ner': 'GPE'}]"
沒飛的那三天說去跑峴港跟熊本還沒看到,沒(D)　飛(VA)　的(DE)　那(Nep)　三(Neu)　天(Nf)　說(VE)　去(D)　跑(VA)　峴港(Nc)　跟(Caa)　熊本(Nc)　還(D)　沒(D)　看到(VE),"[{'word': '那三天', 'ner': 'DATE'}, {'word': '峴港', 'ner': 'GPE'}, {'word': '熊本', 'ner': 'GPE'}]"
去程時間太早了,去程(Na)　時間(Na)　太早(VH)　了(T),[]
整天喊羽田就說羽田要航權才能飛了,整(Neqa)　天(Nf)　喊(VE)　羽田(Nb)　就(D)　說(VE)　羽田(Nb)　要(VC)　航權(Na)　才(Da)　能(D)　飛(VA)　了(Di),"[{'word': '羽田', 'ner': 'GPE'}, {'word': '羽田', 'ner': 'GPE'}]"
串不下去票定不便宜,串(VC)　不(D)　下去(Di)　票(Na)　定(VC)　不(D)　便宜(VH),[]
去程時間非常好點都不早,去程(Na)　時間(Na)　非常(Dfa)　好(VH)　點(Dfb)　都(D)　不(D)　早(D),[]
開航資訊還有人在洗年終真的噁心,開航(VA)　資訊(Na)　還(D)　有(V_2)　人(Na)　在(P)　洗(VC)　年終(Nd)　真的(D)　噁心(VH),[]
回程太早沒辦法接的美國客,回程(Na)　太早(D)　沒辦法(VI)　接(VC)　的(DE)　美國客(Na),"[{'word': '美國客', 'ner': 'NORP'}]"
日航是跟華航合作喔謝謝在成田只有班達拉斯個月就個月不能講喔,日航(Nc)　是(SHI)　跟(P)　華航(Nc)　合作(VH)　喔(T)　謝謝(VJ)　在(P)　成田(Nc)　只有(Da)　班達拉斯(Nc)　個(Nf)　月(Na)　就(D)　個(Nf)　月(Na)　不能(D)　講(VE)　喔(T),"[{'word': '日航', 'ner': 'ORG'}, {'word': '華航', 'ner': 'ORG'}, {'word': '成田', 'ner': 'GPE'}, {'word': '班達拉斯', 'ner': 'PERSON'}, {'word': '個月', 'ner': 'DATE'}, {'word': '個月', 'ner': 'DATE'}]"
但都炸鍋了,但(Cbb)　都(D)　炸(VC)　鍋(Na)　了(T),[]
我也覺得去程太早了,我(Nh)　也(D)　覺得(VK)　去程(Na)　太早(VH)　了(T),[]
覺得接近中午時間在飛機上吃午餐睡午覺比較好有小孩的關係,覺得(VK)　接近(VC)　中午(Nd)　時間(Na)　在(P)　飛機(Na)　上(Ncd)　吃(VC)　午餐(Na)　睡午覺(VA)　比較(Dfa)　好(VH)　有(V_2)　小孩(Na)　的(DE)　關係(Na),"[{'word': '中午', 'ner': 'TIME'}]"
還嫌不好太早,還(D)　嫌(VK)　不(D)　好(VH)　太早(D),[]
那台灣比它早出發的是不是要說成紅眼了,那(Dk)　台灣(Nc)　比(P)　它(Nh)　早(D)　出發(VA)　的(DE)　是(SHI)　不(D)　是(SHI)　要(D)　說成(VG)　紅眼(VH)　了(T),"[{'word': '台灣', 'ner': 'GPE'}]"
哩程票搶先所有系統上架開放兌換了,哩程票(Na)　搶先(VA)　所有(Neqa)　系統(Na)　上架(VB)　開放(VC)　兌換(VC)　了(Di),[]
應該可以驗證哥不是拿薪水的是真愛粉絲,應該(D)　可以(D)　驗證(VE)　哥(Na)　不(D)　是(SHI)　拿(VC)　薪水(Na)　的(DE)　是(SHI)　真愛(Na)　粉絲(Na),[]
整天喊羽田的就是來亂的堆級航點都還在排隊哪輪得到台中,整(Neqa)　天(Nf)　喊(VG)　羽田(Nb)　的(DE)　就(Cbb)　是(SHI)　來(D)　亂(VH)　的(DE)　堆(Na)　級(Na)　航點(Na)　都(D)　還(D)　在(P)　排隊(VA)　哪(Nep)　輪(VL)　得(VJ)　到(VCL)　台中(Nc),"[{'word': '整天', 'ner': 'DATE'}, {'word': '羽田', 'ner': 'GPE'}, {'word': '台中', 'ner': 'GPE'}]"
你可以發個新聞文讓真黑粉們起討論幾個月,你(Nh)　可以(D)　發(VD)　個(Di)　新聞文(Na)　讓(VL)　真(D)　黑粉(VH)　們(Na)　起(Ng)　討論(VE)　幾(Neu)　個(Nf)　月(Na),"[{'word': '幾個月', 'ner': 'DATE'}]"
還是你也可以去組自救會,還是(D)　你(Nh)　也(D)　可以(D)　去(D)　組(VC)　自救會(Na),[]
針對議題討論好像很難還是老人的素質就這樣,針對(P)　議題(Na)　討論(VE)　好像(D)　很(Dfa)　難(VH)　還是(Caa)　老人(Na)　的(DE)　素質(Na)　就(D)　這樣(VH),[]
我們捐多少給我們羽田有什麼毛病,我們(Nh)　捐(VD)　多少(Neqa)　給(VD)　我們(Nh)　羽田(Nb)　有(V_2)　什麼(Nep)　毛病(Na),[]
大受歡迎的航線,大(VH)　受(P)　歡迎(VJ)　的(DE)　航線(Na),[]
有機會成為台中出發最賺錢的航線,有(V_2)　機會(Na)　成為(VG)　台中(Nc)　出發(VA)　最(Dfa)　賺錢(VA)　的(DE)　航線(Na),"[{'word': '台中', 'ner': 'GPE'}]"
中午飛,中午(Nd)　飛(VA),"[{'word': '中午', 'ner': 'TIME'}]"
第天就廢了,第(Neu)　天(Nf)　就(D)　廢(VC)　了(Di),"[{'word': '第天', 'ner': 'DATE'}]"
最後天還要拉行李跑行程,最後(Dfa)　天(Nc)　還(D)　要(D)　拉(VC)　行李(Na)　跑(VA)　行程(Na),[]
早去午回對台中很友善了如果像之前還要去桃機那又是另段折騰,早(D)　去(VCL)　午(Nd)　回(VCL)　對(P)　台中(Nc)　很(Dfa)　友善(VH)　了(T)　如果(Cbb)　像(P)　之前(Nd)　還要(D)　去(VCL)　桃機(Nc)　那(Nep)　又(D)　是(SHI)　另(Nes)　段(Nf)　折騰(VC),"[{'word': '台中', 'ner': 'GPE'}, {'word': '桃機', 'ner': 'GPE'}]"
回程其實到台灣晚上點多了嚴格上算早去晚回晚餐基本上是吃飛機餐剛好,回程(Na)　其實(D)　到(VCL)　台灣(Nc)　晚上(Nd)　點(VC)　多(VH)　了(Di)　嚴格(VH)　上(Ng)　算(VG)　早去晚回(D)　晚餐(Na)　基本(Na)　上(Ncd)　是(SHI)　吃(VC)　飛機餐(Na)　剛好(Da),"[{'word': '台灣', 'ner': 'GPE'}, {'word': '晚上點', 'ner': 'TIME'}]"
時間帶真的很優,時間帶(Na)　真的(D)　很(Dfa)　優(VH),[]
長期發展台中是正確的期待滑行道擴建可以滑廣體,長期(Na)　發展(VC)　台中(Nc)　是(SHI)　正確(VH)　的(DE)　期待(VK)　滑行道(Na)　擴建(VC)　可以(D)　滑廣(VA)　體(Na),"[{'word': '台中', 'ner': 'GPE'}]"
時間點已經不錯了,時間點(Na)　已經(D)　不錯(VH)　了(T),[]
只可惜沒有週日回程,只(Da)　可惜(VH)　沒有(VJ)　週日(Nd)　回程(Na),"[{'word': '週日', 'ner': 'DATE'}]"
沒辦法不請假六日兩天快閃,沒辦法(VI)　不(D)　請假(VA)　六(Nd)　日(Nf)　兩(Neu)　天(Nf)　快(VH)　閃(VC),[]
是我眼花嗎,是(SHI)　我(Nh)　眼花(VH)　嗎(T),[]
十點半進去哩程換星宇來回哩但剛剛再進去找已經都要起跳,十點半(Nd)　進去(VA)　哩程(Na)　換(VC)　星宇(Na)　來回(VCL)　哩(Nf)　但(Cbb)　剛剛(D)　再(D)　進去(VA)　找(VC)　已經(D)　都(D)　要(D)　起跳(VA),"[{'word': '十點半', 'ner': 'TIME'}, {'word': '換星宇', 'ner': 'PERSON'}]"
又跟啥關係啊,又(D)　跟(P)　啥(Nep)　關係(Na)　啊(T),[]
這樣很不錯欸,這樣(VH)　很(Dfa)　不錯(VH)　欸(I),[]
借分享台中版謝謝,借(VD)　分享(VJ)　台中版(Na)　謝謝(VJ),[]
這時間不錯啊,這(Nep)　時間(Na)　不錯(VH)　啊(T),[]
能不要我也不想搭早於的飛機,能(D)　不要(D)　我(Nh)　也(D)　不(D)　想(VE)　搭(VC)　早(D)　於(P)　的(DE)　飛機(Na),[]
台灣太幸福了有星宇可以搭,台灣(Nc)　太(Dfa)　幸福(VH)　了(Di)　有(V_2)　星宇(Na)　可以(D)　搭(VC),"[{'word': '台灣', 'ner': 'GPE'}]"
沒有五和日航班實在可惜,沒有(VJ)　五(Neu)　和(Caa)　日(Nc)　航班(Na)　實在(D)　可惜(VH),[]
票價絕對盤子價,票價(Na)　絕對(VH)　盤子(Na)　價(Na),[]
這班開了就會考驗貴賓室了台中貴賓室很小成田是會有出差客市場的,這(Nep)　班(Nc)　開(VC)　了(Di)　就(D)　會(D)　考驗(VC)　貴賓室(Nc)　了(T)　台中(Nc)　貴賓室(Nc)　很(Dfa)　小(VH)　成田(Nb)　是(SHI)　會(D)　有(V_2)　出差客(Na)　市場(Nc)　的(DE),"[{'word': '台中貴賓室', 'ner': 'FAC'}, {'word': '成田', 'ner': 'GPE'}]"
以前華信飛單程票價是其實丟架在台中外坪,以前(Nd)　華信(Nb)　飛(VA)　單程(Na)　票價(Na)　是(SHI)　其實(D)　丟架(VC)　在(P)　台中(Nc)　外坪(Nc),"[{'word': '華信', 'ner': 'ORG'}]"
用接駁上機應該有搞頭,用(P)　接駁(VC)　上機(VA)　應該(D)　有(V_2)　搞頭(Na),[]
航廈沒進入陽西區前行李轉盤和貴賓室和航廈大廳都無解,航廈(Na)　沒(D)　進入(VCL)　陽西區(Nc)　前(Ncd)　行李(Na)　轉盤(Na)　和(Caa)　貴賓室(Nc)　和(Caa)　航廈(Na)　大廳(Nc)　都(D)　無解(VH),"[{'word': '陽西區', 'ner': 'LOC'}]"
應該還好航班時間都錯開商務艙定夠主要是高卡目前航班不多貴賓室有空位都會開放進去原本官網是說高級會員以抵用券代替,應該(D)　還好(D)　航班(Na)　時間(Na)　都(D)　錯開(VC)　商務艙(Na)　定(VC)　夠(VH)　主要(A)　是(SHI)　高卡(Na)　目前(Nd)　航班(Na)　不(D)　多(VH)　貴賓室(Nc)　有(V_2)　空位(Na)　都(D)　會(D)　開放(VA)　進去(VA)　原本(D)　官網(Na)　是(SHI)　說(VE)　高級(VH)　會員(Na)　以(P)　抵用券(Na)　代替(VC),[]
請問有人里程兌換成功嗎我的情況我想改班從桃園成田改台中成田顯示失敗要聯絡客服,請問(VE)　有(V_2)　人(Na)　里程(Na)　兌換(VC)　成功(VH)　嗎(T)　我(Nh)　的(DE)　情況(Na)　我(Nh)　想(VE)　改班(VB)　從(P)　桃園(Nc)　成田(Nc)　改(VC)　台中(Nc)　成田(VH)　顯示(VK)　失敗(VH)　要(D)　聯絡(VC)　客服(Na),"[{'word': '桃園', 'ner': 'GPE'}, {'word': '台中', 'ner': 'GPE'}]"
寬體機是比較舒服沒錯啦,寬體機(Na)　是(SHI)　比較(Dfa)　舒服(VH)　沒(D)　錯(VH)　啦(T),[]
但台中還有不少增班的空間,但(Cbb)　台中(Nc)　還(D)　有(V_2)　不少(Neqa)　增班(VJ)　的(DE)　空間(Na),"[{'word': '台中', 'ner': 'GPE'}]"
我會更偏好他加班,我(Nh)　會(D)　更(D)　偏好(VJ)　他(Nh)　加班(VA),[]
而不是有了寬體機結果用不了空橋,而(Cbb)　不(D)　是(SHI)　有(V_2)　了(Di)　寬體機(Na)　結果(Na)　用不了(VC)　空橋(Na),[]
還得搭接駁車增加延誤風險,還(D)　得(D)　搭(VC)　接駁車(Na)　增加(VHC)　延誤(VHC)　風險(Na),[]
請問虎航台中成田停飛是因為載客率不佳嗎,請問(VE)　虎航(Nb)　台中(Nc)　成田(Nc)　停飛(VA)　是(SHI)　因為(Cbb)　載客率(Na)　不佳(VH)　嗎(T),"[{'word': '虎航', 'ner': 'ORG'}, {'word': '台中', 'ner': 'GPE'}, {'word': '成田', 'ner': 'GPE'}]"
星宇可以在成田開貴賓室了嗎,星宇(Nb)　可以(D)　在(P)　成田(Nc)　開(VC)　貴賓室(Nc)　了(T)　嗎(T),"[{'word': '星宇', 'ner': 'PERSON'}, {'word': '成田', 'ner': 'GPE'}]"
成田二航廈還有空間嗎,成田(Nc)　二(Neu)　航廈(Na)　還(D)　有(V_2)　空間(Na)　嗎(T),"[{'word': '成田二航廈', 'ner': 'FAC'}]"
直接借的方便啦樓上的,直接(VH)　借(VD)　的(DE)　方便(VH)　啦(T)　樓上(Nc)　的(DE),[]
聯絡客服直接,聯絡(VC)　客服(Na)　直接(VH),[]
虎航台中成田好像是日本那邊申請的問題,虎航(Nb)　台中(Nc)　成田(Nc)　好像(D)　是(SHI)　日本(Nc)　那邊(Ncd)　申請(VF)　的(DE)　問題(Na),"[{'word': '虎航', 'ner': 'ORG'}, {'word': '台中', 'ner': 'GPE'}, {'word': '成田', 'ner': 'GPE'}, {'word': '日本', 'ner': 'GPE'}]"
虎航台中成田載客率沒記錯也是破,虎航(Nb)　台中(Nc)　成田(Nc)　載客率(Na)　沒(D)　記錯(VJ)　也(D)　是(SHI)　破(VHC),"[{'word': '台中', 'ner': 'GPE'}]"
虎航台中成田去年的總載客率是,虎航(Nb)　台中(Nc)　成田(Nc)　去年(Nd)　的(DE)　總載客率(Na)　是(SHI),"[{'word': '虎航', 'ner': 'ORG'}, {'word': '台中', 'ner': 'GPE'}, {'word': '成田', 'ner': 'GPE'}, {'word': '去年', 'ner': 'DATE'}]"
大哥代售的票價是,大哥(Na)　代售(VC)　的(DE)　票價(Na)　是(SHI),[]
不過點不進去,不過(Cbb)　點(Na)　不(D)　進去(VC),[]
官方帳號宣布了,官方(Na)　帳號(Na)　宣布(VE)　了(Di),[]
樓上的圖怪怪的早上是飛峴港才是東京真點進去買到才要擔心系統錯誤了,樓上(Nc)　的(DE)　圖(Na)　怪怪(VH)　的(DE)　早上(Nd)　是(SHI)　飛(VA)　峴港(Nc)　才(Da)　是(SHI)　東京(Nc)　真(D)　點進去(D)　買到(VC)　才(Da)　要(D)　擔心(VK)　系統(Na)　錯誤(VH)　了(Di),"[{'word': '早上', 'ner': 'TIME'}, {'word': '峴港', 'ner': 'GPE'}, {'word': '東京', 'ner': 'GPE'}]"
果然厲害時間非常優秀,果然(D)　厲害(VH)　時間(Na)　非常(Dfa)　優秀(VH),[]
先坐等價格出來,先(D)　坐(VA)　等(Cab)　價格(Na)　出來(VA),[]
如果太貴還是寧願跑桃園飛,如果(Cbb)　太(Dfa)　貴(VH)　還是(D)　寧願(VK)　跑(VA)　桃園(Nc)　飛(VA),"[{'word': '桃園', 'ner': 'GPE'}]"
價格定貴啊,價格(Na)　定(D)　貴(VH)　啊(T),[]
又沒串飛別的航點,又(D)　沒(D)　串(VC)　飛(VA)　別的(Neqa)　航點(Na),[]
官網開賣了,官網(Na)　開賣(VC)　了(Di),[]
來回多,來回(VCL)　多(Neqa),[]
才多,才(Da)　多(VH),[]
便宜,便宜(VH),[]
無條件進位還不錯,無條件(D)　進位(VA)　還(D)　不錯(VH),[]
桃園飛,桃園(Nc)　飛(VA),"[{'word': '桃園', 'ner': 'GPE'}]"
你們先,你們(Nh)　先(D),[]
聽說熊本釜山要齊發了,聽說(VE)　熊本(Nc)　釜山(Nc)　要(D)　齊(VH)　發(VD)　了(Di),"[{'word': '熊本釜山', 'ner': 'GPE'}]"
台北明年堆航班要放大機型台中很像會去好幾架應該有需求狂敲碗的航點都會飛好飛滿東京賣得好如果地勤搞定應該會繼續增班只是差在不知道哪個航點先開,台北(Nc)　明年(Nd)　堆(VC)　航班(Na)　要(D)　放大(VC)　機型(Na)　台中(Nc)　很(Dfa)　像(VG)　會(D)　去(VCL)　好幾(Neu)　架(Nf)　應該(D)　有(V_2)　需求(Na)　狂(VH)　敲(VC)　碗(Na)　的(DE)　航點(Na)　都(D)　會(D)　飛(VA)　好(VH)　飛(VCL)　滿(Neqa)　東京(Nc)　賣(VC)　得(DE)　好(VH)　如果(Cbb)　地勤(Na)　搞定(VC)　應該(D)　會(D)　繼續(VF)　增班(VJ)　只是(D)　差(VH)　在(P)　不(D)　知道(VK)　哪(Nep)　個(Nf)　航點(Na)　先(D)　開(VC),"[{'word': '台北', 'ner': 'GPE'}, {'word': '明年', 'ner': 'DATE'}, {'word': '台中', 'ner': 'GPE'}, {'word': '東京', 'ner': 'GPE'}]"
台中跟高雄都小機場,台中(Nc)　跟(Caa)　高雄(Nc)　都(D)　小(VH)　機場(Nc),"[{'word': '台中', 'ner': 'GPE'}, {'word': '高雄', 'ner': 'GPE'}]"
無法停廣體機啦,無法(D)　停(VHC)　廣體機(Na)　啦(T),[]
新聞來源日期,新聞(Na)　來源(Na)　日期(Na),[]
新聞標題,新聞(Na)　標題(Na),[]
星宇航空台中直飛峴港,星宇(Nb)　航空(Na)　台中(Nc)　直飛(VCL)　峴港(Nc),"[{'word': '星宇航空', 'ner': 'ORG'}, {'word': '台中', 'ner': 'GPE'}, {'word': '峴港', 'ner': 'GPE'}]"
蔡其昌年月底開航現已開賣,蔡其昌(Nb)　年(Nd)　月底(Nd)　開航(VA)　現已(D)　開賣(VC),"[{'word': '蔡其昌', 'ner': 'PERSON'}, {'word': '年月底', 'ner': 'DATE'}]"
內文,內文(Na),[]
星宇航空台中直飛航班再增航點,星宇(Nb)　航空(Na)　台中(Nc)　直飛(Nv)　航班(Na)　再(D)　增(VJ)　航點(Na),"[{'word': '星宇航空', 'ner': 'ORG'}, {'word': '台中', 'ner': 'GPE'}]"
民進黨立委蔡其昌日表示,民進黨(Nb)　立委(Na)　蔡其昌(Nb)　日(Nd)　表示(VE),"[{'word': '民進黨', 'ner': 'ORG'}, {'word': '蔡其昌', 'ner': 'PERSON'}]"
已經收到星宇航空確認,已經(D)　收到(VC)　星宇(Nb)　航空(Na)　確認(VE),[]
未來將會開航台中直飛越南峴港航班,未來(Nd)　將(D)　會(D)　開航(VA)　台中(Nc)　直飛(VCL)　越南(Nc)　峴港(Nc)　航班(Na),"[{'word': '台中', 'ner': 'GPE'}, {'word': '越南', 'ner': 'GPE'}, {'word': '峴港', 'ner': 'GPE'}]"
於年月日上午開航,於(P)　年(Nd)　月(Na)　日(Na)　上午(Nd)　開航(VA),"[{'word': '年月日上午', 'ner': 'TIME'}]"
於日開始售票,於(P)　日(Nd)　開始(VL)　售票(VD),[]
越南峴港為星宇航空台中直飛的第七個航點,越南(Nc)　峴港(Nc)　為(VG)　星宇(Nb)　航空(Na)　台中(Nc)　直飛(VCL)　的(DE)　第七(Neu)　個(Nf)　航點(Na),"[{'word': '越南', 'ner': 'GPE'}, {'word': '峴港', 'ner': 'GPE'}, {'word': '第七', 'ner': 'ORDINAL'}]"
目前包括澳門沖繩越南富,目前(Nd)　包括(VK)　澳門(Nc)　沖繩(Nc)　越南(Nc)　富(Nc),"[{'word': '澳門', 'ner': 'GPE'}, {'word': '沖繩', 'ner': 'GPE'}, {'word': '越南', 'ner': 'GPE'}]"
國島宮古島高松神戶以及即將開航的越南峴港,國島(Nc)　宮古島(Nc)　高松(VH)　神戶(Nc)　以及(Caa)　即將(D)　開航(VA)　的(DE)　越南(Nc)　峴港(Nc),"[{'word': '宮古島', 'ner': 'LOC'}, {'word': '高松神戶', 'ner': 'PERSON'}, {'word': '越南', 'ner': 'GPE'}, {'word': '峴港', 'ner': 'FAC'}]"
根據星宇航空網站資訊,根據(P)　星宇(Nb)　航空(Na)　網站(Nc)　資訊(Na),[]
台中飛峴港會由執飛,台中(Nc)　飛(VA)　峴港(Nc)　會(D)　由(P)　執飛(VC),"[{'word': '台中', 'ner': 'GPE'}, {'word': '峴港', 'ner': 'GPE'}]"
時間預計在每周二五日早,時間(Na)　預計(VE)　在(P)　每(Nes)　周(Nd)　二五日(Nd)　早(D),"[{'word': '每周二五日早', 'ner': 'TIME'}]"
上點分,上點分(Nes),"[{'word': '上點分', 'ner': 'TIME'}]"
事實上,事實(Na)　上(Ng),[]
早在年星宇航空插旗台中之後,早(D)　在(P)　年(Nb)　星宇(Nb)　航空(Na)　插旗(VA)　台中(Nc)　之後(Ng),"[{'word': '星宇航空', 'ner': 'ORG'}, {'word': '台中', 'ner': 'GPE'}]"
就有飛越南峴港的飛行計畫,就(D)　有(V_2)　飛越(VA)　南(Nc)　峴港(Nc)　的(DE)　飛行(VA)　計畫(Na),"[{'word': '南峴港', 'ner': 'GPE'}]"
於年月正,於(P)　年(Na)　月(Na)　正(D),"[{'word': '年月正', 'ner': 'DATE'}]"
式首航,式(Na)　首航(Na),[]
不過在該年月就暫停了冬季班表,不過(Cbb)　在(P)　該(Nes)　年(Nf)　月(Na)　就(D)　暫停(VHC)　了(Di)　冬季(Nd)　班表(Na),"[{'word': '該年月', 'ner': 'DATE'}]"
原本預計年月要重啟,原本(D)　預計(VE)　年(Nd)　月(Na)　要(D)　重啟(VC),"[{'word': '年月', 'ner': 'DATE'}]"
如今,如今(Nd),[]
蔡其昌在,蔡其昌(Nb)　在(P),"[{'word': '蔡其昌', 'ner': 'PERSON'}]"
社群網站上透露,社群(Na)　網站(Nc)　上(Ncd)　透露(VE),[]
將會於年月底開航,將(D)　會(D)　於(P)　年(Nd)　月(Nd)　底(Ng)　開航(VA),"[{'word': '年月底', 'ner': 'DATE'}]"
蔡其昌還提到,蔡其昌(Nb)　還(D)　提到(VE),"[{'word': '蔡其昌', 'ner': 'PERSON'}]"
台中直飛東京成田航線,台中(Nc)　直飛(VCL)　東京(Nc)　成田(Nc)　航線(Na),"[{'word': '台中', 'ner': 'GPE'}, {'word': '東京', 'ner': 'GPE'}]"
雖然我方已準備就緒,雖然(Cbb)　我方(Na)　已(D)　準備(VC)　就緒(VH),[]
但在日方量能等問題上,但(Cbb)　在(P)　日方(Na)　量能(Na)　等(Cab)　問題(Na)　上(Ng),"[{'word': '日方', 'ner': 'GPE'}]"
仍差臨門腳,仍(D)　差(VH)　臨門腳(Na),[]
他說,他(Nh)　說(VE),[]
已要求交通部協助與協調,已(D)　要求(VF)　交通部(Nc)　協助(VC)　與(Caa)　協調(VC),"[{'word': '交通部', 'ner': 'ORG'}]"
在最短時間內確保航線能夠順利開航,在(P)　最(Dfa)　短(VH)　時間(Na)　內(Ng)　確保(VE)　航線(Na)　能夠(D)　順利(VH)　開航(VA),[]
原文連結,原文(Na)　連結(VC),[]
之前就飛過了,之前(Nd)　就(D)　飛過(VCL)　了(Di),[]
這算復航吧,這(Nep)　算(VG)　復航(VA)　吧(T),[]
現在還缺北海道日本的幾個地方台中都可以飛了,現在(Nd)　還(D)　缺(VJ)　北海道(Nc)　日本(Nc)　的(DE)　幾(Neu)　個(Nf)　地方(Na)　台中(Nc)　都(D)　可以(D)　飛(VA)　了(Di),"[{'word': '北海道', 'ner': 'GPE'}, {'word': '日本', 'ner': 'GPE'}, {'word': '台中', 'ner': 'GPE'}]"
接著曼谷仁川東京馬尼拉可以嗎,接著(D)　曼谷(Nc)　仁川(Nc)　東京(Nc)　馬尼拉(Nc)　可以(VH)　嗎(T),"[{'word': '曼谷', 'ner': 'GPE'}, {'word': '仁川東京馬尼拉', 'ner': 'GPE'}]"
如果有清邁釜山更好,如果(Cbb)　有(V_2)　清邁(Nc)　釜山(Nc)　更(Dfa)　好(VH),"[{'word': '清邁', 'ner': 'GPE'}, {'word': '釜山', 'ner': 'GPE'}]"
清邁有包機,清邁(Nc)　有(V_2)　包機(Na),"[{'word': '清邁', 'ner': 'GPE'}]"
想請教已經在星宇線上報到後,想(VE)　請教(VE)　已經(D)　在(P)　星宇(Nc)　線上(Nc)　報到(VA)　後(Ng),[]
系統發送的是否就是,系統(Na)　發送(VD)　的(DE)　是否(D)　就(D)　是(SHI),[]
不是喔,不(D)　是(SHI)　喔(T),[]
不是這樣喔之前搭線上報到完是會收到跟你說的不樣,不(D)　是(SHI)　這樣(VH)　喔(T)　之前(Ng)　搭(VC)　線上(Nc)　報到完(VA)　是(SHI)　會(D)　收到(VC)　跟(P)　你(Nh)　說(VE)　的(DE)　不樣(D),[]
會顯示登機證給你,會(D)　顯示(VK)　登機證(Na)　給(VD)　你(Nh),[]
這只是行程單就你有買票而已,這(Nep)　只(Da)　是(SHI)　行程單(Na)　就(D)　你(Nh)　有(D)　買(VC)　票(Na)　而已(T),[]
不是這個吧時間快到了會有扣那個才是,不(D)　是(SHI)　這(Nep)　個(Nf)　吧(T)　時間(Na)　快(D)　到(VCL)　了(Di)　會(D)　有(V_2)　扣(VC)　那(Nep)　個(Nf)　才(Da)　是(SHI),[]
原文恕刪,原文(Na)　恕(VL)　刪(VC),[]
傳蘇黎世布拉格釜山峇里島,傳(VD)　蘇黎世(Nc)　布拉格(Nc)　釜山(Nc)　峇里島(Nc),"[{'word': '蘇黎世布拉格', 'ner': 'GPE'}, {'word': '釜山峇里島', 'ner': 'GPE'}]"
星宇航空昨天日舉辦法說會,星宇(Nb)　航空(Na)　昨天(Nd)　日(Nd)　舉辦(VC)　法說會(Na),"[{'word': '星宇航空', 'ner': 'ORG'}, {'word': '昨天日', 'ner': 'DATE'}]"
說明明年下半年將插旗歐洲,說明(VE)　明年(Nd)　下(Nes)　半(Neqa)　年(Nf)　將(D)　插旗(VA)　歐洲(Nc),"[{'word': '明年', 'ner': 'DATE'}, {'word': '下半年', 'ner': 'DATE'}, {'word': '歐洲', 'ner': 'LOC'}]"
口氣開闢個新航線,口氣(Na)　開闢(VC)　個(Nf)　新(VH)　航線(Na),[]
據指出,據(P)　指出(VE),[]
明年預計有個新增航點,明年(Nd)　預計(VE)　有(V_2)　個(Nf)　新增(Nv)　航點(Na),"[{'word': '明年', 'ner': 'DATE'}]"
分別是瑞士蘇黎世捷克布拉格韓國釜山印尼峇里,分別(D)　是(SHI)　瑞士(Nc)　蘇黎世(Nc)　捷克(Nc)　布拉格(Nc)　韓國(Nc)　釜山(Nc)　印尼(Nc)　峇里(Nb),"[{'word': '瑞士', 'ner': 'GPE'}, {'word': '蘇黎世', 'ner': 'GPE'}, {'word': '捷克布拉格', 'ner': 'GPE'}, {'word': '韓國釜山', 'ner': 'GPE'}, {'word': '印尼峇里', 'ner': 'GPE'}]"
居然有瑞士嗎,居然(D)　有(V_2)　瑞士(Nc)　嗎(T),"[{'word': '瑞士', 'ner': 'GPE'}]"
瑞士滿精品的,瑞士(Nc)　滿(Dfa)　精品(Na)　的(DE),"[{'word': '瑞士', 'ner': 'GPE'}]"
不錯,不錯(VH),[]
猛釜山短短年供給爆量所有人都跳進來飛釜山,猛(VH)　釜山(Nc)　短短(VH)　年(Na)　供給(VD)　爆量(VH)　所有人(Na)　都(D)　跳進來(VCL)　飛(VA)　釜山(Nc),"[{'word': '猛釜山', 'ner': 'GPE'}, {'word': '釜山', 'ner': 'GPE'}]"
現在是,現在(Nd)　是(SHI),[]
理論上以含金量來看米蘭布拉格蘇黎世赫爾辛基米蘭要看有分配到,理論(Na)　上(Ng)　以(P)　含金量(Na)　來(D)　看(VC)　米蘭(Nc)　布拉格(Nc)　蘇黎世(Nc)　赫爾辛基(Nc)　米蘭(Nc)　要(D)　看(VE)　有(D)　分配到(VC),"[{'word': '米蘭', 'ner': 'GPE'}, {'word': '布拉格蘇黎世赫爾辛基米蘭', 'ner': 'GPE'}]"
且米蘭布拉格都已有業者先卡位大概可從米蘭布拉格蘇黎世選,且(Cbb)　米蘭(Nc)　布拉格(Nc)　都(D)　已(D)　有(V_2)　業者(Na)　先(D)　卡位(VA)　大概(D)　可(D)　從(P)　米蘭(Nc)　布拉格(Nc)　蘇黎世(Nc)　選(Nc),"[{'word': '米蘭', 'ner': 'GPE'}, {'word': '布拉格', 'ner': 'GPE'}, {'word': '米蘭', 'ner': 'GPE'}, {'word': '布拉格', 'ner': 'GPE'}, {'word': '蘇黎世', 'ner': 'GPE'}]"
蘇黎世之前看是有在爭取而且是少數推廣台灣觀光有成的國家目前是有航權的,蘇黎世(Nc)　之前(Ng)　看(VE)　是(SHI)　有(D)　在(D)　爭取(VC)　而且(Cbb)　是(SHI)　少數(Neqa)　推廣(VC)　台灣(Nc)　觀光(VA)　有成(VH)　的(DE)　國家(Na)　目前(Nd)　是(SHI)　有(V_2)　航權(Na)　的(DE),"[{'word': '蘇黎世', 'ner': 'GPE'}, {'word': '台灣', 'ner': 'GPE'}]"
華航停飛之後沒有人動過,華航(Nc)　停飛(VA)　之後(Ng)　沒有(VJ)　人(Na)　動(VAC)　過(Di),"[{'word': '華航', 'ner': 'ORG'}]"
亞洲的兩個點很讚,亞洲(Nc)　的(DE)　兩(Neu)　個(Nf)　點(Na)　很(Dfa)　讚(VH),"[{'word': '亞洲', 'ner': 'LOC'}, {'word': '兩', 'ner': 'CARDINAL'}]"
以前瑞亞航曾以執飛蘇黎世曼谷桃園,以前(Nd)　瑞亞航(Nb)　曾(D)　以(P)　執飛(VC)　蘇黎世(Nc)　曼谷(Nc)　桃園(Nc),"[{'word': '瑞亞航', 'ner': 'ORG'}, {'word': '蘇黎世', 'ner': 'GPE'}, {'word': '曼谷桃園', 'ner': 'GPE'}]"
台中飛熊本,台中(Nc)　飛(VA)　熊本(Nc),"[{'word': '台中', 'ner': 'GPE'}, {'word': '熊本', 'ner': 'GPE'}]"
好奇華航這次會不會又故意打對台,好奇(VH)　華航(Nc)　這(Nep)　次(Nf)　會不會(D)　又(D)　故意(VL)　打對台(VA),"[{'word': '華航', 'ner': 'ORG'}, {'word': '台', 'ner': 'GPE'}]"
熊本東京還有峴港都是台北有的不算新航點釜山如果台中也起開才算新航點,熊本(Nc)　東京(Nc)　還(Caa)　有(V_2)　峴港(Nc)　都(D)　是(SHI)　台北(Nc)　有(Neqa)　的(DE)　不(D)　算(VG)　新(VH)　航點(Na)　釜山(Nc)　如果(Cbb)　台中(Nc)　也(D)　起(VC)　開(VC)　才(Da)　算(VG)　新(VH)　航點(Na),"[{'word': '熊本東京', 'ner': 'GPE'}, {'word': '峴港', 'ner': 'GPE'}, {'word': '台北', 'ner': 'GPE'}, {'word': '釜山', 'ner': 'GPE'}, {'word': '台中', 'ner': 'GPE'}]"
蘇黎世不錯,蘇黎世(Nc)　不錯(VH),"[{'word': '蘇黎世', 'ner': 'GPE'}]"
但定撐不久就得收了,但(Cbb)　定(D)　撐(VC)　不久(Nd)　就(D)　得(D)　收(VC)　了(Di),[]
蘇黎世耶,蘇黎世(Nc)　耶(T),"[{'word': '蘇黎世', 'ner': 'GPE'}]"
蘇黎世的觀景台超讚,蘇黎世(Nc)　的(DE)　觀景台(Nc)　超讚(Dfa),"[{'word': '蘇黎世', 'ner': 'GPE'}]"
印象中桃機現在是不是也沒有直飛瑞士的班機,印象(Na)　中(Ng)　桃機(Na)　現在(Nd)　是(SHI)　不(D)　是(SHI)　也(D)　沒有(VJ)　直飛(VCL)　瑞士(Nc)　的(DE)　班機(Na),"[{'word': '桃機', 'ner': 'GPE'}, {'word': '瑞士', 'ner': 'GPE'}]"
其實董某次跟精品手錶聯名活動就透露說希望有天星宇飛進瑞士但當初大家都當開玩笑就是了,其實(D)　董某(Nb)　次(Nf)　跟(P)　精品(Na)　手錶(Na)　聯名(D)　活動(Na)　就(D)　透露(VE)　說(VE)　希望(VK)　有(V_2)　天(Nf)　星宇(Na)　飛進(VCL)　瑞士(Nc)　但(Cbb)　當初(Nd)　大家(Nh)　都(D)　當(VG)　開玩笑(VB)　就是了(VH),"[{'word': '瑞士', 'ner': 'GPE'}]"
如果星宇開布拉格的話,如果(Cbb)　星宇(Na)　開(VC)　布拉格(Nc)　的話(Cba),"[{'word': '星宇開布拉格', 'ner': 'PERSON'}]"
華航才有可能打對台吧,華航(Nc)　才(Da)　有(V_2)　可能(Na)　打對台(VA)　吧(T),"[{'word': '華航', 'ner': 'ORG'}]"
記得沒有第五航權,記得(VK)　沒有(VJ)　第五(Neu)　航權(Na),"[{'word': '第五', 'ner': 'ORDINAL'}]"
現在才想進去好像有點晚,現在(Nd)　才(Da)　想進去(VE)　好像(D)　有點(Dfa)　晚(VH),[]
傳很久了,傳(VD)　很(Dfa)　久(VH)　了(T),[]
不意外不過這條就有第五航權可用,不(D)　意外(VK)　不過(Cbb)　這(Nep)　條(Nf)　就(D)　有(V_2)　第五(Neu)　航權(Na)　可(D)　用(VC),"[{'word': '第五', 'ner': 'ORDINAL'}]"
以前瑞亞還在的時候有第五航權現在不清楚,以前(Nd)　瑞亞(Nb)　還(D)　在(VCL)　的(DE)　時候(Na)　有(V_2)　第五(Neu)　航權(Na)　現在(Nd)　不(D)　清楚(VH),"[{'word': '瑞亞', 'ner': 'GPE'}, {'word': '第五', 'ner': 'ORDINAL'}]"
那我記憶可能是錯的,那(Dk)　我(Nh)　記憶(Na)　可能(D)　是(SHI)　錯(VH)　的(DE),[]
航權沒修的話應該就維持原樣,航權(Na)　沒(D)　修(VC)　的話(Cba)　應該(D)　就(D)　維持(VJ)　原樣(Na),[]
華航飛過,華航(Nc)　飛過(VCL),"[{'word': '華航', 'ner': 'ORG'}]"
說不定腳步開始加快,說不定(D)　腳步(Na)　開始(VL)　加快(VHC),[]
選航點蠻考究的確實都是高端目的地,選(VC)　航點(Na)　蠻(Dfa)　考究(VH)　的(DE)　確實(D)　都(D)　是(SHI)　高端(Na)　目的地(Nc),[]
剛剛查的原由瑞士航空簽署,剛剛(D)　查(VE)　的(DE)　原由(Na)　瑞士(Nc)　航空(Na)　簽署(VC),"[{'word': '瑞士航空', 'ner': 'ORG'}]"
因瑞航破產改組航約失效有待重商民航局教育航權內文內提到的,因(Cbb)　瑞航(Nc)　破產(VH)　改組(VB)　航約(Na)　失效(VH)　有待(VK)　重商(VE)　民航局(Nc)　教育(Na)　航權(Na)　內文(Na)　內(Ng)　提到(VE)　的(DE),"[{'word': '瑞航', 'ner': 'ORG'}, {'word': '民航局', 'ner': 'ORG'}]"
當初是屬於航空公司或民間機構代簽,當初(Nd)　是(SHI)　屬於(VG)　航空(Na)　公司(Nc)　或(Caa)　民間(Nc)　機構(Na)　代簽(VC),[]
現在不知怎樣,現在(Nd)　不(D)　知(VK)　怎樣(D),[]
終於要去韓國了,終於(D)　要(D)　去(VCL)　韓國(Nc)　了(T),"[{'word': '韓國', 'ner': 'GPE'}]"
瑞士布拉格峇厘島,瑞士(Nc)　布拉格(Nc)　峇厘島(Nc),"[{'word': '瑞士', 'ner': 'GPE'}, {'word': '布拉格峇厘島', 'ner': 'LOC'}]"
太讚了吧,太(Dfa)　讚(VH)　了(T)　吧(T),[]
記者應該是打聽到星宇申請拿到航權但看起來提出申請只知道是候選航點之並還沒有拍板定案,記者(Na)　應該(D)　是(SHI)　打聽到(VE)　星宇(Nb)　申請(VF)　拿到(VC)　航權(Na)　但(Cbb)　看起來(D)　提出(VC)　申請(VF)　只(Da)　知道(VK)　是(SHI)　候選(VH)　航點(Na)　之(DE)　並(Cbb)　還(D)　沒有(D)　拍板(VA)　定案(VB),"[{'word': '星宇', 'ner': 'ORG'}]"
瑞亞是用是靠泰國開放天空吧,瑞亞(Nb)　是(SHI)　用(P)　是(SHI)　靠(P)　泰國(Nc)　開放(VC)　天空(Nc)　吧(T),"[{'word': '瑞亞', 'ner': 'GPE'}, {'word': '泰國', 'ner': 'GPE'}]"
喔不對瑞士段居然有延伸,喔(I)　不(D)　對(P)　瑞士段(Nc)　居然(D)　有(V_2)　延伸(VH),"[{'word': '瑞士', 'ner': 'GPE'}]"
想問下星宇沒飛仁川金浦是因為航約配額滿了還是太競爭沒搞頭,想(VE)　問(VE)　下(Nes)　星宇(Nb)　沒(D)　飛(VA)　仁川(Nc)　金浦(Nb)　是(SHI)　因為(Cbb)　航約(Na)　配額(Na)　滿(VH)　了(Di)　還是(D)　太(Dfa)　競爭(Na)　沒(VJ)　搞頭(Na),"[{'word': '星宇', 'ner': 'ORG'}, {'word': '仁川', 'ner': 'GPE'}, {'word': '金浦', 'ner': 'GPE'}]"
航約限制,航約(Na)　限制(Na),[]
仁川應該也拚不過韓廉航的票價韓國廉航是真的划算,仁川(Nc)　應該(D)　也(D)　拚(VC)　不過(D)　韓(Nc)　廉航(Nc)　的(DE)　票價(Na)　韓國(Nc)　廉航(VH)　是(SHI)　真的(D)　划算(VH),"[{'word': '仁川', 'ner': 'GPE'}, {'word': '韓國', 'ner': 'GPE'}]"
仁川早就殺成紅海了星宇再進去沒意義,仁川(Nc)　早(D)　就(D)　殺成(VCL)　紅海(Nc)　了(T)　星宇(Na)　再(D)　進去(VA)　沒(VJ)　意義(Na),"[{'word': '仁川', 'ner': 'GPE'}, {'word': '紅海', 'ner': 'LOC'}]"
仁川連國泰第五航權都沒有飛了,仁川(Nc)　連(Cbb)　國泰(Nb)　第五(Neu)　航權(Na)　都(D)　沒有(D)　飛(VA)　了(Di),"[{'word': '仁川', 'ner': 'GPE'}, {'word': '國泰', 'ner': 'ORG'}, {'word': '第五', 'ner': 'ORDINAL'}]"
韓國可沒辦法跟日本樣賣盤子價還堆人買單韓亞這個快消失的直接骨折價還不定期的派來,韓國(Nc)　可(D)　沒辦法(VI)　跟(P)　日本(Nc)　樣(Ng)　賣(VD)　盤子(Na)　價(Na)　還(D)　堆(Nf)　人(Na)　買單(VA)　韓亞(Nb)　這(Nep)　個(Nf)　快(D)　消失(VA)　的(DE)　直接骨(VH)　折價(VC)　還(D)　不(D)　定期(A)　的(DE)　派來(VC),"[{'word': '韓國', 'ner': 'GPE'}, {'word': '日本', 'ner': 'GPE'}, {'word': '韓亞', 'ner': 'PERSON'}]"
泰航國泰都有飛過台北仁川,泰航(Nc)　國泰(Nb)　都(D)　有(V_2)　飛過(VCL)　台北(Nc)　仁川(Nc),"[{'word': '泰航', 'ner': 'ORG'}, {'word': '國泰', 'ner': 'ORG'}, {'word': '台北仁川', 'ner': 'GPE'}]"
桃園仁川就是有航約限制班數被飛滿了,桃園(Nc)　仁川(Nc)　就是(Cbb)　有(V_2)　航約(Na)　限制(Na)　班數(Na)　被(P)　飛滿(VCL)　了(Di),"[{'word': '桃園仁川', 'ner': 'GPE'}]"
不然怎麼會想去擠釜山,不然(Cbb)　怎麼(D)　會(D)　想(VE)　去(D)　擠(VC)　釜山(Nc),"[{'word': '釜山', 'ner': 'GPE'}]"
瑞士亞洲航空曾飛過台北經曼谷到蘇黎世,瑞士(Nc)　亞洲(Nc)　航空(Na)　曾(D)　飛過(VCL)　台北(Nc)　經(P)　曼谷(Nc)　到(VCL)　蘇黎世(Nc),"[{'word': '瑞士', 'ner': 'GPE'}, {'word': '台北', 'ner': 'GPE'}, {'word': '曼谷', 'ner': 'GPE'}, {'word': '蘇黎世', 'ner': 'GPE'}]"
當時用星宇何時才要加入,當時(Nd)　用(VC)　星宇(Na)　何時(Nd)　才(Da)　要(D)　加入(VC),[]
哇好期待,哇(I)　好(Dfa)　期待(VK),[]
不錯,不錯(VH),[]
夢到布拉格瑞士,夢到(VE)　布拉格(Nc)　瑞士(Nc),[]
瑞士講很久了,瑞士(Nc)　講(VE)　很(Dfa)　久(VH)　了(T),"[{'word': '瑞士', 'ner': 'GPE'}]"
不用夢,不用(D)　夢(VA),[]
我上半年提過,我(Nh)　上(Nes)　半(Neqa)　年(Nf)　提(VE)　過(Di),"[{'word': '上半年', 'ner': 'DATE'}]"
還有人說不可能,還(D)　有(V_2)　人(Na)　說(VE)　不可能(D),[]
該不會三角航線,該(D)　不會(D)　三角(Na)　航線(Na),"[{'word': '三角', 'ner': 'CARDINAL'}]"
瑞士其實台灣旅行團蠻多的,瑞士(Nc)　其實(D)　台灣(Nc)　旅行團(Na)　蠻(Dfa)　多(VH)　的(DE),"[{'word': '瑞士', 'ner': 'GPE'}, {'word': '台灣', 'ner': 'GPE'}]"
靠團客應該能撐住,靠(VJ)　團客(Na)　應該(D)　能(D)　撐住(VC),[]
而且年四季瑞士都能玩,而且(Cbb)　年(Na)　四(Neu)　季(Nd)　瑞士(Nc)　都(D)　能(D)　玩(VC),"[{'word': '瑞士', 'ner': 'GPE'}]"
仁川殺成那樣就算沒滿也不會想加入吧,仁川(Nb)　殺成(VC)　那樣(VH)　就算(Cbb)　沒(D)　滿(VH)　也(D)　不會(D)　想(VE)　加入(VC)　吧(T),"[{'word': '仁川', 'ner': 'GPE'}]"
釜山價格更殺,釜山(Nc)　價格(Na)　更(Dfa)　殺(VC),"[{'word': '釜山', 'ner': 'GPE'}]"
哥本哈根怎麼不來個,哥本哈根(Nc)　怎麼(D)　不(D)　來(VA)　個(Nf),"[{'word': '哥本哈根', 'ner': 'PERSON'}]"
北歐市場也不小啊,北歐(Nc)　市場(Nc)　也(D)　不(D)　小(VH)　啊(T),"[{'word': '北歐', 'ner': 'LOC'}]"
釜山比首爾好玩多了飛金海機場真的讚,釜山(Nc)　比(P)　首爾(Nc)　好玩(VH)　多(VH)　了(Di)　飛(VA)　金海(Nc)　機場(Nc)　真的(D)　讚(VH),"[{'word': '釜山', 'ner': 'GPE'}, {'word': '首爾', 'ner': 'GPE'}, {'word': '金海機場', 'ner': 'FAC'}]"
瑞士很讚耶,瑞士(Nc)　很(Dfa)　讚(VH)　耶(T),"[{'word': '瑞士', 'ner': 'GPE'}]"
可以直飛很棒,可以(D)　直飛(VCL)　很(Dfa)　棒(VH),[]
釜山仁川能選還是會選仁川啦但就被佔滿了,釜山(Nc)　仁川(Nc)　能(D)　選(VC)　還是(D)　會(D)　選(VC)　仁川(Nc)　啦(T)　但(Cbb)　就(D)　被(P)　佔滿(VC)　了(Di),"[{'word': '釜山', 'ner': 'GPE'}, {'word': '仁川', 'ner': 'GPE'}, {'word': '仁川', 'ner': 'GPE'}]"
破梗以後華航要飛了嗎,破梗(VHC)　以後(Ng)　華航(Nc)　要(D)　飛(VA)　了(Di)　嗎(T),"[{'word': '華航', 'ner': 'ORG'}]"
期待華航去堵結果最後開獎是巴賽隆納之類的其他是煙霧彈,期待(VK)　華航(Nc)　去(D)　堵(VC)　結果(Na)　最後(Nd)　開獎(VH)　是(SHI)　巴賽隆納(Nc)　之類(Cab)　的(DE)　其他(Neqa)　是(SHI)　煙霧彈(Na),"[{'word': '華航', 'ner': 'ORG'}, {'word': '巴賽隆納', 'ner': 'GPE'}]"
華航還有飛機可以飛嗎,華航(Nc)　還(D)　有(V_2)　飛機(Na)　可以(D)　飛(VA)　嗎(T),"[{'word': '華航', 'ner': 'ORG'}]"
釜山可以吃海鮮,釜山(Nc)　可以(D)　吃(VC)　海鮮(Na),"[{'word': '釜山', 'ner': 'GPE'}]"
仁川真的很無聊,仁川(Nb)　真的(D)　很(Dfa)　無聊(VH),"[{'word': '仁川', 'ner': 'PERSON'}]"
有點像台北,有點(Dfa)　像(VG)　台北(Nc),"[{'word': '台北', 'ner': 'GPE'}]"
雖然說應該是飛,雖然(Cbb)　說(VE)　應該(D)　是(SHI)　飛(VA),[]
不過可以吃南法,不過(Cbb)　可以(D)　吃(VC)　南法(Nc),[]
坐火車去里昂小時,坐(VA)　火車(Na)　去(VCL)　里昂(Nc)　小時(Na),"[{'word': '里昂', 'ner': 'GPE'}]"
里昂去馬賽不到小時,里昂(Nc)　去(VCL)　馬賽(Nc)　不到(VJ)　小時(Na),"[{'word': '里昂', 'ner': 'PERSON'}]"
其實也是可以做起來的旅遊線,其實(D)　也(D)　是(SHI)　可以(D)　做起來(VA)　的(DE)　旅遊線(Na),[]
看到大家那麼愛猜星宇索性辦了歐洲航點預測比賽直接弄個敲碗大會猜中有機會抽到歐洲首航機票,看到(VE)　大家(Nh)　那麼(D)　愛(VL)　猜(VE)　星宇(Nb)　索性(D)　辦(VC)　了(Di)　歐洲(Nc)　航點(Na)　預測(VE)　比賽(Na)　直接(VH)　弄(VC)　個(Di)　敲碗(VC)　大會(Na)　猜中(VE)　有(V_2)　機會(Na)　抽到(VC)　歐洲(Nc)　首航(Na)　機票(Na),"[{'word': '歐洲', 'ner': 'LOC'}, {'word': '歐洲', 'ner': 'LOC'}]"
看來星宇開會再次惹毛華航,看來(D)　星宇(Nb)　開會(VA)　再次(D)　惹毛(VC)　華航(Nc),"[{'word': '星宇', 'ner': 'PERSON'}, {'word': '華航', 'ner': 'ORG'}]"
若多個曼谷就更加分,若(Cbb)　多(Neqa)　個(Nf)　曼谷(Nc)　就(D)　更(D)　加分(VB),"[{'word': '曼谷', 'ner': 'GPE'}]"
想不太出來去搶卡位蘇黎世的理由剛剛查了下,想(VE)　不(D)　太(Dfa)　出來(VA)　去(D)　搶(VD)　卡位(VA)　蘇黎世(Nc)　的(DE)　理由(Na)　剛剛(D)　查(VE)　了(Di)　下(VC),"[{'word': '蘇黎世', 'ner': 'GPE'}]"
瑞士的移民人口多為歐洲其他國,瑞士(Nc)　的(DE)　移民(Na)　人口(Na)　多(D)　為(P)　歐洲(Nc)　其他(Neqa)　國(Nc),"[{'word': '瑞士', 'ner': 'GPE'}, {'word': '歐洲', 'ner': 'LOC'}]"
這樣轉機客生意是否不好做,這樣(VH)　轉機客(Na)　生意(Na)　是否(D)　不(D)　好(VH)　做(VC),[]
瑞士直飛不用中停,瑞士(Nc)　直飛(VCL)　不用(D)　中停(VHC),"[{'word': '瑞士', 'ner': 'GPE'}]"
這樣要飛多久啊,這樣(VH)　要(D)　飛(VA)　多久(Dfa)　啊(T),[]
看米蘭多久兩個航程應該差不多,看(VE)　米蘭(Nc)　多久(Nd)　兩(Neu)　個(Nf)　航程(Na)　應該(D)　差不多(VH),"[{'word': '米蘭', 'ner': 'GPE'}, {'word': '兩', 'ner': 'CARDINAL'}]"
華航就是牆倒眾人推啊三家裡面華航最廢怪誰,華航(Nc)　就(Cbb)　是(SHI)　牆(Na)　倒(VA)　眾人(Na)　推(VC)　啊(T)　三(Neu)　家(Nf)　裡面(Ncd)　華航(Nc)　最(Dfa)　廢(VC)　怪(VK)　誰(Nh),"[{'word': '華航', 'ner': 'ORG'}, {'word': '三', 'ner': 'CARDINAL'}, {'word': '華航', 'ner': 'ORG'}]"
仁川票價真的殺紅眼虎航都尊榮虎未稅在賣了質感如果飛仁川應該賺不到什麼錢,仁川(Nc)　票價(Na)　真的(D)　殺紅(VC)　眼(Na)　虎航(Na)　都(D)　尊榮(VJ)　虎(Na)　未(D)　稅(Na)　在(P)　賣(VD)　了(Di)　質感(Na)　如果(Cbb)　飛(VA)　仁川(Nc)　應該(D)　賺(VC)　不(D)　到(VC)　什麼(Nep)　錢(Na),"[{'word': '仁川', 'ner': 'GPE'}, {'word': '尊榮虎', 'ner': 'ORG'}, {'word': '仁川', 'ner': 'GPE'}]"
讚讚讚,讚(VE)　讚(VE)　讚(VH),[]
終於飛釜山和長榮起矯正華航那個價格,終於(D)　飛(VA)　釜山(Nc)　和(Caa)　長榮(Nb)　起(VA)　矯正(VC)　華航(Nc)　那(Nep)　個(Nf)　價格(Na),"[{'word': '釜山', 'ner': 'GPE'}, {'word': '長榮', 'ner': 'ORG'}, {'word': '華航', 'ner': 'ORG'}]"
瑞士玩有人蘇黎世同點進出嗎,瑞士(Nc)　玩(VC)　有(V_2)　人(Na)　蘇黎世(Nc)　同(Nes)　點(Na)　進出(VCL)　嗎(T),"[{'word': '瑞士', 'ner': 'GPE'}]"
幹嘛定要互打,幹嘛(D)　定(D)　要(D)　互打(D),[]
大家都賺錢不好嗎,大家(Nh)　都(D)　賺錢(VA)　不(D)　好(VH)　嗎(T),[]
然後只發個月,然後(D)　只(Da)　發(VD)　個(Nf)　月(Na),[]
我看以後很危險尊榮虎未稅在賣,我(Nh)　看(VE)　以後(Nd)　很(Dfa)　危險(VH)　尊榮(Na)　虎(Na)　未(D)　稅(Na)　在(P)　賣(VD),[]
加稅行李後來會變多高,加(VC)　稅(Na)　行李(Na)　後來(Nd)　會(D)　變(VG)　多(Dfa)　高(VH),[]
星宇航空法說翟建華明年底機隊達架歐洲首開航線並進軍紐澳,星宇(Nb)　航空(Na)　法說(Na)　翟建華(Nb)　明年(Nd)　底(Ng)　機隊(Na)　達(VJ)　架(Nf)　歐洲(Nc)　首(VE)　開(VC)　航線(Na)　並(Cbb)　進軍(VCL)　紐(Nc)　澳(Nc),"[{'word': '翟建華', 'ner': 'PERSON'}, {'word': '明年', 'ner': 'DATE'}, {'word': '歐洲', 'ner': 'LOC'}, {'word': '紐澳', 'ner': 'GPE'}]"
葉憶如財經特派記者,葉憶如(Nb)　財經(Na)　特派(VF)　記者(Na),"[{'word': '葉憶如', 'ner': 'PERSON'}]"
年月日週下午,年(Na)　月(Na)　日(Neqa)　週(Nf)　下午(Nd),"[{'word': '年月日週下午', 'ner': 'TIME'}]"
星宇航空今日下午參加元大證券舉行的法人說明會,星宇(Nb)　航空(Na)　今日(Nd)　下午(Nd)　參加(VC)　元大(Nb)　證券(Na)　舉行(VC)　的(DE)　法人(Na)　說明會(Na),"[{'word': '星宇航空', 'ner': 'ORG'}, {'word': '今日', 'ner': 'DATE'}, {'word': '下午', 'ner': 'TIME'}]"
執行長翟健華表示年將是精彩年,執行長(Na)　翟健華(Nb)　表示(VE)　年(Na)　將(D)　是(SHI)　精彩(VH)　年(Na),"[{'word': '翟健華', 'ner': 'PERSON'}]"
新增架客機迎來新機高峰,新增(VJ)　架(Nf)　客機(Na)　迎來(VC)　新機(Na)　高峰(Na),[]
總機隊達架,總機隊(Na)　達(Nb)　架(VC),[]
將大幅拓展航空版圖,將(D)　大幅(D)　拓展(VC)　航空(Na)　版圖(Na),[]
他說,他(Nh)　說(VE),[]
明年首度插旗歐洲開闢新航線,明年(Nd)　首度(D)　插旗(VA)　歐洲(Nc)　開闢(VC)　新(VH)　航線(Na),"[{'word': '明年', 'ner': 'DATE'}, {'word': '歐洲', 'ner': 'LOC'}]"
也在評估進軍紐澳市場,也(D)　在(P)　評估(VE)　進軍(VCL)　紐(Nc)　澳(Nc)　市場(Nc),"[{'word': '紐澳', 'ner': 'GPE'}]"
展望明年客運將續寫新高,展望(VJ)　明年(Nd)　客運(Na)　將(D)　續(VC)　寫(VC)　新高(Na),"[{'word': '明年', 'ner': 'DATE'}]"
展望年,展望(Nd)　年(Nd),[]
翟健華說,翟健華(Nb)　說(VE),"[{'word': '翟健華', 'ner': 'PERSON'}]"
雖然今年前三季亞太地區,雖然(Cbb)　今年(Nd)　前(Nes)　三(Neu)　季(Nd)　亞太(Nc)　地區(Nc),"[{'word': '今年前三季', 'ner': 'DATE'}, {'word': '亞太', 'ner': 'LOC'}]"
成長率全球第二高,成長率(Na)　全球(Nc)　第二(Neu)　高(VH),"[{'word': '第二', 'ner': 'ORDINAL'}]"
但是卻占了高達的占比,但是(Cbb)　卻(D)　占(VJ)　了(Di)　高達(VJ)　的(DE)　占比(Na),[]
桃機客運量前三季年增,桃機(Nc)　客運量(Na)　前(Nes)　三(Neu)　季(Nd)　年增(VJ),"[{'word': '桃機', 'ner': 'GPE'}, {'word': '前三季', 'ner': 'DATE'}]"
估今年全年可回升接近疫情水準,估(VC)　今年(Nd)　全(Neqa)　年(Nf)　可(D)　回升(VH)　接近(VC)　疫情(Na)　水準(Na),"[{'word': '今年', 'ner': 'DATE'}, {'word': '全年', 'ner': 'DATE'}]"
貨運前三季萬噸,貨運(Na)　前(Nes)　三(Neu)　季(Nd)　萬(Neu)　噸(Nf),"[{'word': '三', 'ner': 'CARDINAL'}, {'word': '萬噸', 'ner': 'QUANTITY'}]"
全年可望超越年,全(Neqa)　年(Nf)　可望(VK)　超越(VC)　年(Na),"[{'word': '全年', 'ner': 'DATE'}]"
整體桃園機場作為亞太樞鈕,整體(Na)　桃園(Nc)　機場(Nc)　作為(VG)　亞太(Nc)　樞鈕(Na),"[{'word': '桃園機場', 'ner': 'FAC'}, {'word': '亞太', 'ner': 'LOC'}]"
明年客貨運將持續穩健成長,明年(Nd)　客貨運(Na)　將(D)　持續(VL)　穩健(VH)　成長(VH),"[{'word': '明年', 'ner': 'DATE'}]"
展望星宇第四季表現,展望(VJ)　星宇(Na)　第四(Neu)　季(Nd)　表現(VC),[]
他說,他(Nh)　說(VE),[]
關稅不確定已淡化風險性下降,關稅(Na)　不(D)　確定(VK)　已(D)　淡化(VHC)　風險性(Na)　下降(VA),[]
客運需求逐步回復,客運(Na)　需求(Na)　逐步(D)　回復(VJ),[]
今年月營收較去年各月都有成長,今年(Nd)　月(Na)　營收(Na)　較(P)　去年(Nd)　各(Nes)　月(Na)　都(D)　有(V_2)　成長(VH),"[{'word': '今年月', 'ner': 'DATE'}, {'word': '去年', 'ner': 'DATE'}]"
需求沒有消失,需求(Na)　沒有(D)　消失(VA),[]
只是遞延到第季,只是(Cbb)　遞延(VCL)　到(P)　第(Neu)　季(Nd),[]
從月載客率谷底的提升到月的,從(P)　月(Na)　載客率(Na)　谷底(Nc)　的(DE)　提升(VC)　到(P)　月(Na)　的(DE),[]
月訂位遠遠比月來得好,月(Na)　訂位(VA)　遠遠(VH)　比(P)　月(Na)　來得(Dfa)　好(VH),"[{'word': '月', 'ner': 'DATE'}, {'word': '月', 'ner': 'DATE'}]"
客運已恢復正常,客運(Na)　已(D)　恢復(VHC)　正常(VH),[]
明年元月也是樣,明年(Nd)　元月(Nd)　也(D)　是(SHI)　樣(Na),"[{'word': '明年元月', 'ner': 'DATE'}]"
他估明年客運將續寫新高,他(Nh)　估(VC)　明年(Nd)　客運(Na)　將(D)　續(VC)　寫(VC)　新高(Na),"[{'word': '明年', 'ner': 'DATE'}]"
星宇航空前三季客運來到億元,星宇(Nb)　航空(Na)　前(Nes)　三(Neu)　季(Nd)　客運(Na)　來到(VCL)　億(Neu)　元(Nf),"[{'word': '星宇航空', 'ner': 'ORG'}, {'word': '三', 'ner': 'CARDINAL'}, {'word': '億元', 'ner': 'MONEY'}]"
載客人數萬人,載客(VA)　人數(Na)　萬(Neu)　人(Na),"[{'word': '數萬', 'ner': 'CARDINAL'}]"
年增,年增(Na),[]
運能提升四成,運能(Na)　提升(VC)　四成(Neqa),"[{'word': '四成', 'ner': 'CARDINAL'}]"
北美航線躍升第二大區,北美(Nc)　航線(Na)　躍升(VG)　第二(Neu)　大(VH)　區(Nc),"[{'word': '北美', 'ner': 'LOC'}, {'word': '第二', 'ner': 'ORDINAL'}]"
僅次於東南亞區,僅次於(VJ)　東南亞區(Nc),"[{'word': '東南亞區', 'ner': 'LOC'}]"
貨運方面,貨運(Na)　方面(Na),[]
星宇利用既有航線飛機腹艙載貨,星宇(Nb)　利用(VC)　既有(A)　航線(Na)　飛機(Na)　腹艙(Na)　載貨(VA),"[{'word': '星宇', 'ner': 'ORG'}]"
受惠需求大,受惠(VH)　需求(Na)　大(VH),[]
貨運收入億元,貨運(Na)　收入(Na)　億(Neu)　元(Nf),"[{'word': '億元', 'ner': 'MONEY'}]"
前三季超越去年全年,前(Nes)　三(Neu)　季(Nd)　超越(VC)　去年(Nd)　全(Neqa)　年(Nf),"[{'word': '三', 'ner': 'CARDINAL'}, {'word': '去年', 'ner': 'DATE'}, {'word': '全年', 'ner': 'DATE'}]"
年增近七成,年(VJ)　增(VJ)　近(Nes)　七成(Neqa),"[{'word': '七成', 'ner': 'CARDINAL'}]"
而且北美航線占比高達,而且(Cbb)　北美(Nc)　航線(Na)　占(VJ)　比(P)　高達(VJ),"[{'word': '北美', 'ner': 'LOC'}]"
展望新交機進度,展望(VJ)　新(VH)　交機(Na)　進度(Na),[]
翟健華說,翟健華(Nb)　說(VE),"[{'word': '翟健華', 'ner': 'PERSON'}]"
明年新增架客機,明年(Nd)　新增(VH)　架(Nf)　客機(Na),"[{'word': '明年', 'ner': 'DATE'}]"
迎來新機高峰,迎來(VC)　新機(Na)　高峰(Na),[]
公司也已經準備好,公司(Nc)　也(D)　已經(D)　準備好(VC),[]
他說明年底機隊將達架之多,他(Nh)　說明(VE)　年底(Nd)　機隊(Na)　將(D)　達(VJ)　架(Na)　之多(VH),"[{'word': '明年底', 'ner': 'DATE'}]"
同時估年共會達到架的遠景,同時(Nd)　估(VC)　年(Nf)　共(Da)　會(D)　達到(VJ)　架(Na)　的(DE)　遠景(Na),[]
今年底共飛個航點,今年(Nd)　底(Ng)　共(Da)　飛(VA)　個(Nf)　航點(Na),"[{'word': '今年底', 'ner': 'DATE'}]"
今年開航個新航線,今年(Nd)　開航(VA)　個(Nf)　新(VH)　航線(Na),"[{'word': '今年', 'ner': 'DATE'}]"
包括神戶安大略等,包括(VK)　神戶(Nc)　安大略(Nb)　等(Cab),[]
還有復飛菲律賓馬尼拉,還(Caa)　有(V_2)　復飛(VA)　菲律賓(Nc)　馬尼拉(Nc),"[{'word': '菲律賓馬尼拉', 'ner': 'GPE'}]"
明年續開拓台北台中新航點,明年(Nd)　續(D)　開拓(VC)　台北(Nc)　台中(Nc)　新(VH)　航點(Na),"[{'word': '明年', 'ner': 'DATE'}, {'word': '台北', 'ner': 'GPE'}, {'word': '台中', 'ner': 'GPE'}]"
高雄也將進駐,高雄(Nc)　也(D)　將(D)　進駐(VCL),"[{'word': '高雄', 'ner': 'GPE'}]"
他說明年將非常精彩,他(Nh)　說(VE)　明年(Nd)　將(D)　非常(Dfa)　精彩(VH),"[{'word': '明年', 'ner': 'DATE'}]"
將大幅拓展航空版圖,將(D)　大幅(D)　拓展(VC)　航空(Na)　版圖(Na),[]
三大合作夥伴包括包括阿拉斯加航空共有航線,三(Neu)　大(VH)　合作(VH)　夥伴(Na)　包括(VK)　包括(VK)　阿拉斯加(Nc)　航空(Na)　共有(VJ)　航線(Na),"[{'word': '三', 'ner': 'CARDINAL'}, {'word': '阿拉斯加航空', 'ner': 'ORG'}]"
拓展北美覆蓋率,拓展(VC)　北美(Nc)　覆蓋率(Na),"[{'word': '北美', 'ner': 'LOC'}]"
及今年開始合作的航空,及(Caa)　今年(Nd)　開始(VL)　合作(VH)　的(DE)　航空(Na),"[{'word': '今年', 'ner': 'DATE'}]"
是歐洲尚未開航前大重要里程碑,是(SHI)　歐洲(Nc)　尚未(D)　開航(VA)　前(Ng)　大(VH)　重要(VH)　里程碑(Na),"[{'word': '歐洲', 'ner': 'LOC'}]"
共有航線合作,共有(Nv)　航線(Na)　合作(VH),[]
從阿布達比到歐洲布拉格巴塞隆那等,從(P)　阿布達比(Nc)　到(Caa)　歐洲(Nc)　布拉格(Nc)　巴塞隆那(Nc)　等(Cab),"[{'word': '阿布達比', 'ner': 'GPE'}, {'word': '歐洲', 'ner': 'LOC'}, {'word': '布拉格巴塞隆那', 'ner': 'GPE'}]"
最後是美國航空,最後(Nd)　是(SHI)　美國(Nc)　航空(Na),"[{'word': '美國航空', 'ner': 'ORG'}]"
讓美國航點大增,讓(VL)　美國(Nc)　航點(Na)　大增(VH),"[{'word': '美國', 'ner': 'GPE'}]"
前三季星宇燃油成本占,前(Nes)　三(Neu)　季(Nd)　星宇(Nb)　燃油(Na)　成本(Na)　占(VJ),"[{'word': '前三季', 'ner': 'DATE'}, {'word': '星宇', 'ner': 'ORG'}]"
人員占,人員(Na)　占(VJ),[]
翟健華說,翟健華(Nb)　說(VE),"[{'word': '翟健華', 'ner': 'PERSON'}]"
明年營運六大策略,明年(Nd)　營運(Nv)　六(Neu)　大(VH)　策略(Na),"[{'word': '明年', 'ner': 'DATE'}, {'word': '六', 'ner': 'CARDINAL'}]"
包括繼續擴大自營航網,包括(VK)　繼續(VF)　擴大(VC)　自營(VC)　航網(Na),[]
明年拓展到歐洲市場,明年(Nd)　拓展到(VC)　歐洲(Nc)　市場(Nc),"[{'word': '明年', 'ner': 'DATE'}, {'word': '歐洲', 'ner': 'LOC'}]"
並善用台灣位置,並(Cbb)　善用(VJ)　台灣(Nc)　位置(Na),"[{'word': '台灣', 'ner': 'GPE'}]"
深耕轉機市場,深耕(VA)　轉機(Na)　市場(Nc),[]
深化與同業聯航合作,深化(VHC)　與(Caa)　同業(Na)　聯航(Nb)　合作(VH),[]
擴大潛在客源,擴大(VC)　潛在(A)　客源(Na),[]
提升全球覆蓋率與滲透路,提升(VC)　全球(Nc)　覆蓋率(Na)　與(Caa)　滲透路(Na),[]
同時升級會員系統提高更多認證優化服務品質與提升客戶體驗,同時(Nd)　升級(VH)　會員(Na)　系統(Na)　提高(VC)　更多(Neqa)　認證(VA)　優化(VHC)　服務(VC)　品質(Na)　與(Caa)　提升(VC)　客戶(Na)　體驗(VC),[]
在新航線方面,在(P)　新(VH)　航線(Na)　方面(Na),[]
星宇明年首度插旗歐洲開闢新航線,星宇(Nb)　明年(Nd)　首度(D)　插旗(VA)　歐洲(Nc)　開闢(VC)　新(VH)　航線(Na),"[{'word': '星宇', 'ner': 'ORG'}, {'word': '明年', 'ner': 'DATE'}, {'word': '歐洲', 'ner': 'LOC'}]"
也在評估進軍紐澳市場,也(D)　在(P)　評估(VE)　進軍(VCL)　紐(Nc)　澳(Nc)　市場(Nc),"[{'word': '紐澳', 'ner': 'GPE'}]"
同時明年元月將首航台北鳳凰,同時(Nd)　明年(Nd)　元月(Nd)　將(D)　首(D)　航(VA)　台北(Nc)　鳳凰(Na),"[{'word': '明年', 'ner': 'DATE'}, {'word': '元月', 'ner': 'DATE'}, {'word': '台北', 'ner': 'GPE'}]"
以及月開闢台中下地島航線,以及(Caa)　月(Na)　開闢(VC)　台中(Nc)　下地島(Nc)　航線(Na),"[{'word': '台中', 'ner': 'GPE'}]"
明年將增加條台中出發新航點,明年(Nd)　將(D)　增加(VHC)　條(Nf)　台中(Nc)　出發(VA)　新(VH)　航點(Na),"[{'word': '明年', 'ner': 'DATE'}, {'word': '台中', 'ner': 'GPE'}]"
猜米蘭輪流飛台中新增應該是熊本東京,猜(VE)　米蘭(Nc)　輪流(D)　飛(VA)　台中(Nc)　新增(VJ)　應該(D)　是(SHI)　熊本(Nc)　東京(Nc),"[{'word': '米蘭', 'ner': 'GPE'}, {'word': '台中', 'ner': 'GPE'}]"
高雄第二季變第三季,高雄(Nc)　第二(Neu)　季(Nd)　變(VG)　第三(Neu)　季(Nd),"[{'word': '高雄', 'ner': 'GPE'}, {'word': '第二季', 'ner': 'DATE'}, {'word': '第三', 'ner': 'ORDINAL'}]"
可是成田就只有客,可是(Cbb)　成田(Nc)　就(D)　只(Da)　有(V_2)　客(Na),"[{'word': '成田', 'ner': 'GPE'}]"
是有轉到北美線的需求,是(SHI)　有(V_2)　轉到(VCL)　北美線(Nc)　的(DE)　需求(Na),"[{'word': '北美', 'ner': 'LOC'}]"
但還是去松山搭後好了,但(Cbb)　還是(D)　去(VCL)　松山(Nc)　搭(VC)　後(Ng)　好了(T),"[{'word': '松山', 'ner': 'GPE'}]"
航線,航線(Na),[]
也是有日航可以接,也(D)　是(SHI)　有(V_2)　日航(Nc)　可以(D)　接(VC),"[{'word': '日航', 'ner': 'ORG'}]"
他又不是大多集中反正對來說,他(Nh)　又(D)　不(D)　是(SHI)　大多(Neqa)　集中(VC)　反正(D)　對(P)　來(D)　說(VE),[]
要利用日本還能爽賺時趕快賺,要(D)　利用(VC)　日本(Nc)　還(D)　能(D)　爽(VH)　賺(VC)　時(Ng)　趕快(D)　賺(VC),"[{'word': '日本', 'ner': 'GPE'}]"
布拉格米蘭雪梨,布拉格(Nc)　米蘭(Nc)　雪梨(Nc),"[{'word': '布拉格米蘭', 'ner': 'GPE'}, {'word': '雪梨', 'ner': 'GPE'}]"
超讚,超讚(Dfa),[]
真的厲害,真的(D)　厲害(VH),[]
沒幾年機隊直接升級到中大型航空的規模,沒(VJ)　幾(Neu)　年(Nf)　機隊(Na)　直接(VH)　升級(VH)　到(P)　中大型(Na)　航空(Na)　的(DE)　規模(Na),"[{'word': '沒幾年', 'ner': 'DATE'}]"
這樣利用率應該可以提升吧,這樣(VH)　利用率(Na)　應該(D)　可以(D)　提升(VC)　吧(T),[]
看來美東紐約應該要了吧,看來(D)　美東(Nc)　紐約(Nc)　應該(D)　要(VC)　了(Di)　吧(T),"[{'word': '美東紐約', 'ner': 'GPE'}]"
霍德華,霍德華(Nb),"[{'word': '霍德華', 'ner': 'PERSON'}]"
加油,加油(VB),[]
機位供給大增,機位(Na)　供給(Nv)　大增(VH),[]
兩老瑟瑟發抖,兩(Neu)　老(VH)　瑟瑟(D)　發抖(VA),"[{'word': '兩', 'ner': 'CARDINAL'}]"
米蘭布拉格另外兩家都有了啊不考慮別的點比較賺嗎,米蘭(Nc)　布拉格(Nc)　另外(Da)　兩(Neu)　家(Nf)　都(D)　有(V_2)　了(Di)　啊(T)　不(D)　考慮(VE)　別的(Neqa)　點(Na)　比較(VC)　賺(VC)　嗎(T),"[{'word': '米蘭布拉格', 'ner': 'PERSON'}, {'word': '兩', 'ner': 'CARDINAL'}]"
巴塞隆那,巴塞隆那(Nc),"[{'word': '巴塞隆那', 'ner': 'GPE'}]"
進軍紐澳準備擴大虧損了嗎,進軍(VCL)　紐(Nc)　澳(Nc)　準備(VF)　擴大(VC)　虧損(Na)　了(T)　嗎(T),"[{'word': '紐澳', 'ner': 'GPE'}]"
是不是會延遲,是(SHI)　不(D)　是(SHI)　會(D)　延遲(VHC),[]
看到說之前試飛時雷擊全到了,看到(VE)　說(VE)　之前(Ng)　試飛(VA)　時(Ng)　雷擊(Na)　全(Neqa)　到(VCL)　了(Di),[]
星宇只是說未來規劃進軍大洋洲應該是沒機會看到紐澳,星宇(Nb)　只是(D)　說(VE)　未來(Nd)　規劃(VC)　進軍(VCL)　大洋洲(Nc)　應該(D)　是(SHI)　沒(VJ)　機會(Na)　看到(VE)　紐(Nc)　澳(Nc),"[{'word': '星宇', 'ner': 'ORG'}, {'word': '大洋洲', 'ner': 'LOC'}, {'word': '紐澳', 'ner': 'GPE'}]"
歐洲投布拉格跟巴塞隆納票前提是能跟合作紐澳的話猜是大洋洲有說年底年初應該是全數到齊,歐洲(Nc)　投(VC)　布拉格(Nc)　跟(P)　巴塞隆納(Nc)　票(Na)　前提(Na)　是(SHI)　能(D)　跟(P)　合作(VH)　紐(Nc)　澳(Nc)　的話(Cba)　猜(VE)　是(SHI)　大洋洲(Nc)　有(D)　說(VE)　年底(Nd)　年初(Nd)　應該(D)　是(SHI)　全數(Neqa)　到齊(VH),"[{'word': '歐洲', 'ner': 'LOC'}, {'word': '布拉格', 'ner': 'GPE'}, {'word': '巴塞隆納', 'ner': 'GPE'}, {'word': '紐澳', 'ner': 'GPE'}, {'word': '大洋洲', 'ner': 'LOC'}, {'word': '年底年初', 'ner': 'DATE'}]"
不提要不要加入了,不(D)　提(VE)　要不要(D)　加入(VC)　了(Di),[]
前陣子喊的破天響的加拿大跟芬蘭呢,前(Nes)　陣子(Nd)　喊(VE)　的(DE)　破(VH)　天(Na)　響(VH)　的(DE)　加拿大(Nc)　跟(Caa)　芬蘭(Nc)　呢(T),"[{'word': '加拿大', 'ner': 'GPE'}, {'word': '芬蘭', 'ner': 'GPE'}]"
說持續規劃中大方向不變但會先拓展自身航網增加貢獻度,說(VE)　持續(VL)　規劃(VC)　中(Ng)　大(VH)　方向(Na)　不變(VH)　但(Cbb)　會(D)　先(D)　拓展(VC)　自身(Nh)　航網(Na)　增加(VHC)　貢獻度(Na),[]
也可能,也(D)　可能(D),[]
感覺德國台灣多點,感覺(VK)　德國(Nc)　台灣(Nc)　多點(Neqa),"[{'word': '德國', 'ner': 'GPE'}, {'word': '台灣', 'ner': 'GPE'}]"
年高雄直飛歐美有望了,年(Nf)　高雄(Nc)　直飛(VCL)　歐美(Nc)　有望(VH)　了(T),"[{'word': '高雄', 'ner': 'GPE'}, {'word': '歐', 'ner': 'LOC'}, {'word': '美', 'ner': 'LOC'}]"
好猛次增加到架,好猛(Dfa)　次(Nf)　增加(VHC)　到(P)　架(Na),[]
希望開,希望(VK)　開(VC),[]
官方沒發表過加拿大相關計劃,官方(Na)　沒(D)　發表(VC)　過(Di)　加拿大(Nc)　相關(VH)　計劃(Na),"[{'word': '加拿大', 'ner': 'GPE'}]"
怎麼又有人想噁心,怎麼(D)　又(D)　有(V_2)　人(Na)　想(VE)　噁心(VH),[]
在跟某推文對話不甘你事不要吵,在(P)　跟(P)　某(Nes)　推文(Na)　對話(Na)　不甘(VK)　你(Nh)　事(Na)　不要(D)　吵(VC),[]
加拿大跟德國航約都用滿了,加拿大(Nc)　跟(P)　德國(Nc)　航約(Na)　都(D)　用滿(VC)　了(Di),"[{'word': '加拿大', 'ner': 'GPE'}, {'word': '德國', 'ner': 'GPE'}]"
不可能,不可能(D),[]
三家都等著要交堆快要沒位置放飛機了,三(Neu)　家(Nc)　都(D)　等(VC)　著(Di)　要(D)　交堆(VC)　快要(D)　沒(VJ)　位置(Na)　放(VC)　飛機(Na)　了(T),"[{'word': '三', 'ner': 'CARDINAL'}]"
超讚進軍紐澳市場華航不要再廢了不僅不給寢具也時不時換真是夠了,超讚(VH)　進軍(VCL)　紐(Nc)　澳(Nc)　市場(Nc)　華航(Nc)　不要(D)　再(D)　廢(VC)　了(Di)　不僅(Cbb)　不(D)　給(VD)　寢具(Na)　也(D)　時(Na)　不時(D)　換(VC)　真是(D)　夠(VH)　了(T),"[{'word': '紐澳', 'ner': 'GPE'}, {'word': '華航', 'ner': 'ORG'}]"
話說南航要把變成長期航班這下子國泰壓力可大了,話說(Dk)　南航(Nc)　要(D)　把(P)　變成(VG)　長期(Na)　航班(Na)　這下子(Nd)　國泰(Nb)　壓力(Na)　可(D)　大(VH)　了(T),"[{'word': '南航', 'ner': 'ORG'}, {'word': '國泰', 'ner': 'ORG'}]"
就喊給粉絲聽的而已,就(D)　喊(VE)　給(P)　粉絲(Na)　聽(VE)　的(T)　而已(T),[]
而且粉絲又愛幻想什麼請國泰退出寰宇家讓星宇跟南航加入,而且(Cbb)　粉絲(Na)　又(D)　愛(VL)　幻想(VE)　什麼(Nep)　請(VF)　國泰(Nb)　退出(VCL)　寰宇家(Na)　讓(VL)　星宇(Nb)　跟(P)　南航(Nc)　加入(VC),"[{'word': '國泰', 'ner': 'ORG'}, {'word': '寰宇家', 'ner': 'ORG'}, {'word': '星宇', 'ner': 'ORG'}, {'word': '南航', 'ner': 'ORG'}]"
嘔嘔嘔散佈假消息又叫人閉嘴看不懂這操作,嘔(VH)　嘔(VH)　嘔(VH)　散佈(VC)　假(VH)　消息(Na)　又(D)　叫(VF)　人(Na)　閉嘴(VA)　看(VJ)　不(D)　懂(VJ)　這(Nep)　操作(VC),[]
這句話說的出來也很厲害加拿大在鳳凰城開航之前就有傳聞了,這(Nep)　句(Nf)　話(Na)　說(VE)　的(DE)　出來(VA)　也(D)　很(Dfa)　厲害(VH)　加拿大(Nc)　在(P)　鳳凰城(Nc)　開航(VA)　之前(Ng)　就(D)　有(V_2)　傳聞(Na)　了(T),"[{'word': '加拿大', 'ner': 'GPE'}, {'word': '鳳凰城', 'ner': 'FAC'}]"
不知道誰放出來的消息赫爾辛基網路上有人說沒有業者申請倒是南航要開赫爾辛基航線了,不(D)　知道(VK)　誰(Nh)　放出來(VB)　的(DE)　消息(Na)　赫爾辛基(Nc)　網路(Na)　上(Ncd)　有(V_2)　人(Na)　說(VE)　沒有(VJ)　業者(Na)　申請(VF)　倒是(D)　南航(Nc)　要(D)　開(VC)　赫爾辛基(Nc)　航線(Na)　了(T),"[{'word': '赫爾辛基', 'ner': 'GPE'}, {'word': '南航', 'ner': 'ORG'}, {'word': '赫爾辛基', 'ner': 'FAC'}]"
國泰和南航每週各三班還錯開飛行日期,國泰(Nb)　和(Caa)　南航(Nb)　每(Nes)　週(Nf)　各(Nes)　三(Neu)　班(Nf)　還(D)　錯開(VC)　飛行(VA)　日期(Na),"[{'word': '國泰', 'ner': 'ORG'}, {'word': '南航', 'ner': 'ORG'}]"
是有啥壓力,是(SHI)　有(V_2)　啥(Nep)　壓力(Na),[]
所以問你放消息的是官方還是鄉野雜談,所以(Cbb)　問(VE)　你(Nh)　放(VC)　消息(Na)　的(DE)　是(SHI)　官方(Na)　還是(Caa)　鄉野(Nc)　雜談(VH),[]
真的該付錢讓某些粉絲閉嘴形象都被這些人敗光,真的(D)　該(D)　付錢(VA)　讓(VL)　某些(Neqa)　粉絲(Na)　閉嘴(VA)　形象(Na)　都(D)　被(P)　這些(Neqa)　人(Na)　敗光(VC),[]
印象中有人提到現場有說布拉格和巴塞隆納比較有可能其他也有在爭取但不確定真實性,印象(Na)　中(Ng)　有(V_2)　人(Na)　提到(VE)　現場(Nc)　有(V_2)　說(VE)　布拉格(Nc)　和(Caa)　巴塞隆納(Nc)　比較(Dfa)　有(V_2)　可能(D)　其他(Neqa)　也(D)　有(V_2)　在(P)　爭取(VC)　但(Cbb)　不(D)　確定(VK)　真實性(Na),"[{'word': '布拉格', 'ner': 'PERSON'}, {'word': '巴塞隆納', 'ner': 'GPE'}]"
希望開巴塞隆納呀臺灣都沒直飛西班牙的,希望(VK)　開(VC)　巴塞隆納(Nc)　呀(T)　臺灣(Nc)　都(D)　沒(D)　直飛(VCL)　西班牙(Nc)　的(DE),"[{'word': '巴塞隆納', 'ner': 'GPE'}, {'word': '臺灣', 'ner': 'GPE'}, {'word': '西班牙', 'ner': 'GPE'}]"
目前沒人飛,目前(Nd)　沒(VJ)　人(Na)　飛(VA),[]
其實高雄能飛到檀香山或是西雅圖就算不錯了,其實(D)　高雄(Nc)　能(D)　飛到(VCL)　檀香山(Nc)　或是(Caa)　西雅圖(Nc)　就算(D)　不錯(VH)　了(T),"[{'word': '高雄', 'ner': 'GPE'}, {'word': '檀香山', 'ner': 'LOC'}, {'word': '西雅圖', 'ner': 'GPE'}]"
米蘭有現成客源但長榮準備增班了華航搞不好也殺入星宇再搶進變下個美西我是覺得義大利不急,米蘭(Nc)　有(V_2)　現成(A)　客源(Na)　但(Cbb)　長榮(Nb)　準備(VF)　增班(VJ)　了(T)　華航(Nc)　搞不好(D)　也(D)　殺入(VCL)　星宇(Nb)　再(D)　搶進(VA)　變(VG)　下(Nes)　個(Nf)　美西(Nc)　我(Nh)　是(SHI)　覺得(VK)　義大利(Nc)　不(D)　急(VH),"[{'word': '米蘭', 'ner': 'ORG'}, {'word': '長榮', 'ner': 'ORG'}, {'word': '華航', 'ner': 'ORG'}, {'word': '星宇', 'ner': 'ORG'}, {'word': '美西', 'ner': 'GPE'}, {'word': '義大利', 'ner': 'GPE'}]"
布拉格有商務需求巴塞隆納有特色雖然兩大航看不上但卻是比較有淺力的,布拉格(Nc)　有(V_2)　商務(Na)　需求(Na)　巴塞隆納(Nc)　有(V_2)　特色(Na)　雖然(Cbb)　兩(Neu)　大(VH)　航(Na)　看不上(VJ)　但(Cbb)　卻(D)　是(SHI)　比較(Dfa)　有(V_2)　淺(VH)　力(Na)　的(DE),"[{'word': '布拉格', 'ner': 'PERSON'}, {'word': '巴塞隆納', 'ner': 'GPE'}, {'word': '兩', 'ner': 'CARDINAL'}]"
赫爾辛基要飛等普丁確定不打了再開就好,赫爾辛基(Nc)　要(D)　飛(VA)　等(P)　普丁(Nb)　確定(VK)　不(D)　打(VC)　了(Di)　再(D)　開(VC)　就(D)　好(VH),"[{'word': '赫爾辛基', 'ner': 'GPE'}, {'word': '普丁', 'ner': 'PERSON'}]"
台灣在東歐還有其他航權嗎,台灣(Nc)　在(P)　東歐(Nc)　還(D)　有(V_2)　其他(Neqa)　航權(Na)　嗎(T),"[{'word': '台灣', 'ner': 'GPE'}, {'word': '東歐', 'ner': 'LOC'}]"
電子業製造業商務客多去東歐,電子業(Na)　製造業(Na)　商務客(Na)　多(D)　去(VCL)　東歐(Nc),"[{'word': '東歐', 'ner': 'LOC'}]"
不要在幻想星宇會高雄飛歐美了,不要(D)　在(P)　幻想(VE)　星宇(Na)　會(D)　高雄(Nc)　飛(VA)　歐美(Nc)　了(T),"[{'word': '高雄', 'ner': 'GPE'}, {'word': '歐', 'ner': 'LOC'}, {'word': '美', 'ner': 'GPE'}]"
醒醒吧,醒醒(VA)　吧(T),[]
高雄航空器裡讓你有什麼誤會嗎,高雄(Nc)　航空器(Na)　裡(Ncd)　讓(VL)　你(Nh)　有(V_2)　什麼(Nep)　誤會(Na)　嗎(T),"[{'word': '高雄航', 'ner': 'ORG'}]"
讓星粉快樂做夢活在幻想不好嗎,讓(VL)　星粉(Na)　快樂(VH)　做夢(VA)　活(VH)　在(P)　幻想(VE)　不(D)　好(VH)　嗎(T),"[{'word': '星粉', 'ner': 'PERSON'}]"
其實直鼓吹星宇高雄飛歐美的是星黑某位就很有名,其實(D)　直(D)　鼓吹(VE)　星宇(Nb)　高雄(Nc)　飛(VA)　歐美(Nc)　的(DE)　是(SHI)　星黑(Nb)　某(Nes)　位(Nf)　就(D)　很(Dfa)　有名(VH),"[{'word': '高雄', 'ner': 'GPE'}, {'word': '歐', 'ner': 'LOC'}, {'word': '美', 'ner': 'GPE'}, {'word': '星黑', 'ner': 'ORG'}]"
動不動就反串,動不動(D)　就(D)　反串(VC),[]
只是不在這推文串裡,只是(Cbb)　不(D)　在(P)　這(Nep)　推文串(Na)　裡(Ncd),[]
在那邊喊高雄開歐美的就兩種人刷流量的地方民代和反串酸酸,在(P)　那邊(Ncd)　喊(VE)　高雄(Nc)　開(VC)　歐美(Nc)　的(DE)　就(D)　兩(Neu)　種(Nf)　人(Na)　刷(VC)　流量(Na)　的(DE)　地方(Na)　民代(Na)　和(Caa)　反串(A)　酸酸(VH),"[{'word': '高雄', 'ner': 'GPE'}, {'word': '歐', 'ner': 'LOC'}, {'word': '美', 'ner': 'NORP'}, {'word': '兩', 'ner': 'CARDINAL'}]"
看不懂板上堆人在那邊跟著反串仔氣噗噗幹麻,看(VJ)　不(D)　懂(VJ)　板(Na)　上(Ncd)　堆(Nf)　人(Na)　在(P)　那邊(Ncd)　跟(VC)　著(Di)　反串仔(Na)　氣(Na)　噗噗(D)　幹麻(D),[]
要嘛反串要嘛講星宇壞話某幾個就會出來亂咬護主,要嘛(D)　反串(VC)　要嘛(D)　講(VE)　星宇(Na)　壞話(Na)　某(Nes)　幾(Neu)　個(Nf)　就(D)　會(D)　出來(VA)　亂(VH)　咬(VC)　護主(Na),[]
還有高雄人叫某立委爭取飛高雄在看到的自從確定開高雄線之後,還(D)　有(V_2)　高雄人(Na)　叫(VF)　某(Nes)　立委(Na)　爭取(VC)　飛(VA)　高雄(Nc)　在(P)　看到(VE)　的(DE)　自從(P)　確定(VK)　開(VC)　高雄線(Na)　之後(Ng),"[{'word': '高雄人', 'ner': 'NORP'}, {'word': '高雄', 'ner': 'GPE'}, {'word': '高雄', 'ner': 'GPE'}]"
在日航要求重返高雄的留言明顯變少日航這樣打字才對,在(P)　日航(Nc)　要求(VF)　重返(VCL)　高雄(Nc)　的(DE)　留言(Na)　明顯(VH)　變(VG)　少(VH)　日航(Nc)　這樣(VH)　打字(VA)　才(Da)　對(P),"[{'word': '日航', 'ner': 'ORG'}, {'word': '高雄', 'ner': 'GPE'}, {'word': '日航', 'ner': 'ORG'}]"
如果三家國航有願意重啟桃園接駁機,如果(Cbb)　三(Neu)　家(Nf)　國航(Na)　有(V_2)　願意(VK)　重啟(VC)　桃園(Nc)　接駁機(Na),"[{'word': '三', 'ner': 'CARDINAL'}, {'word': '國航', 'ner': 'ORG'}, {'word': '桃園', 'ner': 'GPE'}]"
就可以滿足高雄飛歐美澳的需求了,就(D)　可以(D)　滿足(VHC)　高雄(Nc)　飛(VA)　歐(Nc)　美(Nc)　澳(Nc)　的(DE)　需求(Na)　了(T),"[{'word': '高雄', 'ner': 'GPE'}, {'word': '歐美澳', 'ner': 'LOC'}]"
三家國航美西線每條都正打熱戰,三(Neu)　家(Nf)　國航(Nc)　美西線(Nc)　每(Nes)　條(Nf)　都(D)　正(D)　打(VC)　熱戰(Na),"[{'word': '三', 'ner': 'CARDINAL'}, {'word': '美', 'ner': 'GPE'}, {'word': '西', 'ner': 'GPE'}]"
看誰願意多些南部人流來美西線,看(VE)　誰(Nh)　願意(VK)　多(VH)　些(Nf)　南部(Ncd)　人流(Na)　來(VA)　美西線(Nc),"[{'word': '美', 'ner': 'GPE'}]"
真的,真的(D),[]
台灣航空市場的三國大戰,台灣(Nc)　航空(Na)　市場(Nc)　的(DE)　三(Nd)　國(Nc)　大戰(Na),[]
從美西線打到歐洲線,從(P)　美西線(Nc)　打到(VC)　歐洲線(Na),"[{'word': '美', 'ner': 'GPE'}]"
日本線可能也是戰場,日本線(Na)　可能(D)　也(D)　是(SHI)　戰場(Na),[]
星宇及應該會擴大投放日本線,星宇(Nb)　及(Caa)　應該(D)　會(D)　擴大(VC)　投放(VC)　日本線(Na),"[{'word': '星宇', 'ner': 'ORG'}, {'word': '日本', 'ner': 'GPE'}]"
星宇深耕台中應該會比台中高雄都開航好吧,星宇(Nb)　深耕(VA)　台中(Nc)　應該(D)　會(D)　比(P)　台中(Nc)　高雄(Nc)　都(D)　開航(VA)　好(VH)　吧(T),"[{'word': '星宇', 'ner': 'ORG'}, {'word': '台中', 'ner': 'GPE'}, {'word': '台中', 'ner': 'GPE'}, {'word': '高雄', 'ner': 'GPE'}]"
高雄沒意外應該是先開日本線,高雄(Nc)　沒(VJ)　意外(Na)　應該(D)　是(SHI)　先(D)　開(VC)　日本線(Na),"[{'word': '高雄', 'ner': 'GPE'}, {'word': '日本線', 'ner': 'GPE'}]"
坐等便宜股價進場,坐(VA)　等(Cab)　便宜(VH)　股價(Na)　進場(VA),[]
我準備了萬,我(Nh)　準備(VC)　了(Di)　萬(D),[]
硬體配置就那樣,硬體(Na)　配置(Nv)　就(D)　那樣(VH),[]
只能停窄體利潤又不高,只(Da)　能(D)　停(VHC)　窄體(Na)　利潤(Na)　又(D)　不(D)　高(VH),[]
台中都獨家航線而且日本佔比大怎麽會利潤不高至少目前每條航線都很賺錢餅小了點沒錯但勝在兩大航看不上可以吃獨食反而比紅海市場好太多,台中(Nc)　都(D)　獨家(A)　航線(Na)　而且(Cbb)　日本(Nc)　佔(VJ)　比(P)　大(VH)　怎麽(D)　會(D)　利潤(Na)　不(D)　高(VH)　至少(Da)　目前(Nd)　每(Nes)　條(Nf)　航線(Na)　都(D)　很(Dfa)　賺錢(VC)　餅(Na)　小(VH)　了(Di)　點(Dfb)　沒(VJ)　錯(Na)　但(Cbb)　勝(VH)　在(P)　兩(Neu)　大(VH)　航(Na)　看不上(VC)　可以(D)　吃(VC)　獨(VC)　食(VC)　反而(Cbb)　比(P)　紅海(Nc)　市場(Nc)　好(VH)　太多(Neqa),"[{'word': '台中', 'ner': 'GPE'}, {'word': '日本', 'ner': 'GPE'}, {'word': '兩', 'ner': 'CARDINAL'}, {'word': '紅海', 'ner': 'LOC'}]"
布拉格讚,布拉格(Nc)　讚(VC),"[{'word': '布拉格', 'ner': 'PERSON'}]"
可以再多個西歐航更讚,可以(D)　再(D)　多(VH)　個(Nf)　西歐航(Na)　更(D)　讚(VH),[]
日本占比高但是天只能飛兩班,日本(Nc)　占(Na)　比(P)　高(VH)　但是(Cbb)　天(Na)　只(Da)　能(D)　飛(VA)　兩(Neu)　班(Nf),"[{'word': '日本', 'ner': 'GPE'}, {'word': '兩', 'ner': 'CARDINAL'}]"
還好有最盤的沖繩線比紅海市場好太多,還好(D)　有(V_2)　最(Dfa)　盤(VH)　的(DE)　沖繩線(Na)　比(P)　紅海(Nc)　市場(Nc)　好(VH)　太多(Neqa),"[{'word': '沖繩線', 'ner': 'PRODUCT'}, {'word': '紅海', 'ner': 'LOC'}]"
那你要問他為什麼要去高雄,那(Dk)　你(Nh)　要(D)　問(VE)　他(Nh)　為什麼(D)　要(D)　去(VCL)　高雄(Nc),"[{'word': '高雄', 'ner': 'GPE'}]"
要去飛紐澳啊,要(D)　去(D)　飛(VA)　紐澳(Nc)　啊(T),"[{'word': '紐澳', 'ner': 'GPE'}]"
照邏輯應該學虎航直接台中狂飛日本線賺呀,照(P)　邏輯(Na)　應該(D)　學(VC)　虎航(Nb)　直接(VH)　台中(Nc)　狂(VA)　飛(VA)　日本線(Na)　賺(VC)　呀(T),"[{'word': '台中', 'ner': 'GPE'}, {'word': '日本', 'ner': 'GPE'}]"
開接駁不如開國內航線尤其是桃金與桃澎國內線更有盼頭,開(VC)　接駁(VC)　不如(VJ)　開(VC)　國內(Nc)　航線(Na)　尤其(D)　是(SHI)　桃(Nc)　金(Nc)　與(Caa)　桃(Nc)　澎(Nc)　國內線(Na)　更(Dfa)　有(V_2)　盼頭(Na),"[{'word': '桃金', 'ner': 'GPE'}, {'word': '桃澎', 'ner': 'GPE'}]"
第排商務艙真的很舒適,第(Neu)　排(Nf)　商務艙(Na)　真的(D)　很(Dfa)　舒適(VH),[]
你如果知道離島居民出國頻率,你(Nh)　如果(Cbb)　知道(VK)　離島(Nc)　居民(Na)　出國(Nv)　頻率(Na),[]
你就不會這樣說了尤其冬天的金馬,你(Nh)　就(D)　不會(D)　這樣(VH)　說(VE)　了(Di)　尤其(D)　冬天(Nd)　的(DE)　金馬(Na),"[{'word': '冬天', 'ner': 'DATE'}, {'word': '金馬', 'ner': 'GPE'}]"
小三通過去出國還不用擔心好幾天不能飛,小三通(Nb)　過去(Nd)　出國(VA)　還(D)　不用(D)　擔心(VK)　好幾(Neu)　天(Nf)　不能(D)　飛(VA),"[{'word': '三通', 'ner': 'CARDINAL'}, {'word': '好幾天', 'ner': 'DATE'}]"
星宇目前台中台飛機每天趟日本蠻可以吧然後確實明年還要飛更多台中日本線片藍海哪有放棄的道理高雄如果有競爭小的日本熱門航點相信樣開日本啦,星宇(Nb)　目前(Nd)　台中台(Nc)　飛機(Na)　每(Nes)　天趟(Nf)　日本(Nc)　蠻(Dfa)　可以(VH)　吧(T)　然後(D)　確實(D)　明年(Nd)　還要(Dfa)　飛(VA)　更多(Neqa)　台中(Nc)　日本線(Na)　片(Na)　藍海(Na)　哪(Ncd)　有(V_2)　放棄(VC)　的(DE)　道理(Na)　高雄(Nc)　如果(Cbb)　有(V_2)　競爭(Na)　小(VH)　的(DE)　日本(Nc)　熱門(VH)　航點(Na)　相信(VK)　樣(Na)　開(VC)　日本(Nc)　啦(T),"[{'word': '星宇', 'ner': 'ORG'}, {'word': '台', 'ner': 'GPE'}, {'word': '中', 'ner': 'GPE'}, {'word': '台', 'ner': 'GPE'}, {'word': '日本', 'ner': 'GPE'}, {'word': '明年', 'ner': 'DATE'}, {'word': '台中', 'ner': 'GPE'}, {'word': '日本', 'ner': 'GPE'}, {'word': '高雄', 'ner': 'GPE'}, {'word': '日本', 'ner': 'GPE'}, {'word': '日本', 'ner': 'GPE'}]"
不要到時候起手,不要(D)　到時候(D)　起(VA)　手(Na),[]
來個餓死的駱駝比馬大,來(VA)　個(Nf)　餓死(VHC)　的(DE)　駱駝(Na)　比(P)　馬(Na)　大(VH),[]
雖然感覺機率不大但如果是那不是很好嗎,雖然(Cbb)　感覺(VK)　機率(Na)　不(D)　大(VH)　但(Cbb)　如果(Cbb)　是(SHI)　那(Nep)　不(D)　是(SHI)　很(Dfa)　好(VH)　嗎(T),[]
台中生意超好,台中(Nc)　生意(Na)　超(VH)　好(VH),"[{'word': '台中', 'ner': 'GPE'}]"
最新又傳出明年其實是要開布拉格蘇黎世峇里島釜山陣子沒提的峇里島又出來了,最(Dfa)　新(VH)　又(D)　傳出(VC)　明年(Nd)　其實(D)　是(SHI)　要(D)　開(VC)　布拉格(Nc)　蘇黎世(Nc)　峇里島(Nc)　釜山(Nc)　陣子(Nd)　沒(D)　提(VE)　的(DE)　峇里島(Nc)　又(D)　出來(VA)　了(Di),"[{'word': '明年', 'ner': 'DATE'}, {'word': '蘇黎世', 'ner': 'GPE'}, {'word': '峇里島', 'ner': 'LOC'}, {'word': '釜山', 'ner': 'GPE'}, {'word': '峇里島', 'ner': 'LOC'}]"
下又說台中藍海很棒,下(Ncd)　又(D)　說(VE)　台中(Nc)　藍海(Na)　很(Dfa)　棒(VH),"[{'word': '台中', 'ner': 'GPE'}, {'word': '藍海', 'ner': 'LOC'}]"
下又說高雄紅海很棒,下(Ncd)　又(D)　說(VE)　高雄(Nc)　紅海(Nc)　很(Dfa)　棒(VH),"[{'word': '高雄', 'ner': 'GPE'}, {'word': '紅海', 'ner': 'LOC'}]"
真棒,真(D)　棒(VH),[]
會希望能有桃園飛澎湖金門的重點不只是為了方便離島到國外而是讓更多外籍旅客更方便到當地旅遊話說好奇非兩岸籍的人士能先飛到廈門再轉小三通嗎,會(D)　希望(VK)　能(D)　有(V_2)　桃園(Nc)　飛(VA)　澎湖(Nc)　金門(Nc)　的(DE)　重點(Na)　不只(Da)　是(SHI)　為(P)　了(Di)　方便(VH)　離島(Nc)　到(VCL)　國外(Nc)　而是(Cbb)　讓(VL)　更多(Neqa)　外籍(A)　旅客(Na)　更(Dfa)　方便(VH)　到(VCL)　當地(Nc)　旅遊(VA)　話(Na)　說(VE)　好奇(VH)　非(A)　兩岸籍(Na)　的(DE)　人士(Na)　能(D)　先(D)　飛到(VCL)　廈門(Nc)　再(D)　轉(VC)　小三通(Na)　嗎(T),"[{'word': '桃園', 'ner': 'GPE'}, {'word': '澎湖金門', 'ner': 'GPE'}, {'word': '兩', 'ner': 'CARDINAL'}, {'word': '廈門', 'ner': 'GPE'}, {'word': '三通', 'ner': 'CARDINAL'}]"
釜山華航長榮已經週二十多班了,釜山(Nc)　華航(Nc)　長榮(Nb)　已經(D)　週(Nf)　二十多(Neu)　班(Nf)　了(T),"[{'word': '釜山', 'ner': 'GPE'}, {'word': '華航', 'ner': 'ORG'}, {'word': '長榮', 'ner': 'ORG'}, {'word': '週二', 'ner': 'DATE'}]"
這時候又不藍海了外國人去韓國依然要仁川轉金浦,這(Nep)　時候(Na)　又(D)　不(D)　藍海(VH)　了(Di)　外國人(Na)　去(VCL)　韓國(Nc)　依然(D)　要(VE)　仁川(Nc)　轉(VC)　金浦(Nc),"[{'word': '韓國', 'ner': 'GPE'}, {'word': '仁川', 'ner': 'GPE'}, {'word': '金浦', 'ner': 'GPE'}]"
澎湖金馬是有比濟州島熱門,澎湖(Nc)　金馬(Nc)　是(SHI)　有(V_2)　比(P)　濟州島(Nc)　熱門(VH),"[{'word': '澎湖金馬', 'ner': 'GPE'}, {'word': '濟州島', 'ner': 'LOC'}]"
澎湖旺季也不需要你外國客啦,澎湖(Nc)　旺季(Nd)　也(D)　不(D)　需要(VK)　你(Nh)　外國客(Na)　啦(T),"[{'word': '澎湖', 'ner': 'GPE'}]"
本地人都搭不上飛機了,本地人(Na)　都(D)　搭(VC)　不(D)　上(VC)　飛機(Na)　了(T),[]
我沒有說高雄紅海很棒噢但如果有滿意的時間帶而且有業者不玩競爭變小能開東京熱門線航點當然好啊,我(Nh)　沒有(D)　說(VE)　高雄(Nc)　紅海(Nc)　很(Dfa)　棒(VH)　噢(I)　但(Cbb)　如果(Cbb)　有(V_2)　滿意(VK)　的(DE)　時間帶(Na)　而且(Cbb)　有(V_2)　業者(Na)　不(D)　玩(VC)　競爭(Na)　變小(VHC)　能(D)　開(VC)　東京(Nc)　熱門線(Na)　航點(Na)　當然(D)　好(VH)　啊(T),"[{'word': '高雄', 'ner': 'GPE'}, {'word': '紅海', 'ner': 'LOC'}, {'word': '東京', 'ner': 'GPE'}]"
高雄紅海沒有很棒,高雄(Nc)　紅海(Nc)　沒有(D)　很(Dfa)　棒(VH),"[{'word': '高雄', 'ner': 'GPE'}, {'word': '紅海', 'ner': 'LOC'}]"
那去幹嘛,那(Nep)　去(D)　幹嘛(VA),[]
固守台中藍海就好呀難道困難重重的高雄比號稱利潤很高的台中還好賺,固守(VC)　台中(Nc)　藍海(Na)　就(D)　好(VH)　呀(T)　難道(D)　困難重重(VH)　的(DE)　高雄(Nc)　比(P)　號稱(VG)　利潤(Na)　很(Dfa)　高(VH)　的(DE)　台中(Nc)　還好(D)　賺(VC),"[{'word': '台中', 'ner': 'GPE'}, {'word': '藍海', 'ner': 'LOC'}, {'word': '高雄', 'ner': 'GPE'}, {'word': '台中', 'ner': 'GPE'}]"
台中機場只能停窄體機,台中(Nc)　機場(Nc)　只(Da)　能(D)　停(VHC)　窄體(VH)　機(Na),"[{'word': '台中機場', 'ner': 'FAC'}]"
航線發展空間有限,航線(Na)　發展(Nv)　空間(Na)　有限(VH),[]
新增航點大致以日本二線城市為主,新增(Nv)　航點(Na)　大致(D)　以(P)　日本(Nc)　二(Neu)　線(Na)　城市(Na)　為主(VI),"[{'word': '日本', 'ner': 'GPE'}]"
是廉航很殺而已吧傳統航空華航擺爛半長榮全部放給他爛,是(SHI)　廉航(Nc)　很(Dfa)　殺(VC)　而已(T)　吧(T)　傳統(VH)　航空(Na)　華航(Nc)　擺爛(VC)　半(Neqa)　長榮(Nb)　全部(Neqa)　放給(VD)　他(Nh)　爛(VH),"[{'word': '廉航', 'ner': 'ORG'}, {'word': '華航', 'ner': 'ORG'}]"
這個我就尊重了不用急啦台中市場持續強的話相信會開不少的聽說剩餘過夜機坪都申請下來了高雄據説要拿只要廣體機坪時間帶申請順利下半年也可以期待,這(Nep)　個(Nf)　我(Nh)　就(D)　尊重(VJ)　了(Di)　不用(D)　急(VH)　啦(T)　台中(Nc)　市場(Nc)　持續(VL)　強(VH)　的話(Cba)　相信(VK)　會(D)　開(VC)　不少(VH)　的(DE)　聽說(VE)　剩餘(VJ)　過夜(VA)　機坪(Nc)　都(D)　申請(VC)　下來(Di)　了(Di)　高雄(Nc)　據説(Dk)　要(D)　拿(VC)　只要(Cbb)　廣體(Na)　機坪(Nc)　時間帶(Na)　申請(VF)　順利(VH)　下(Nes)　半(Neqa)　年(Nf)　也(D)　可以(D)　期待(VK),"[{'word': '台中', 'ner': 'GPE'}, {'word': '高雄', 'ner': 'GPE'}, {'word': '下半年', 'ner': 'DATE'}]"
高雄競爭對手就算擺爛還是有,高雄(Nc)　競爭(Na)　對手(Na)　就算(Cbb)　擺爛(VC)　還是(D)　有(V_2),"[{'word': '高雄', 'ner': 'GPE'}]"
那為什麼星宇執意要去高雄,那(Dk)　為什麼(D)　星宇(Nb)　執意(VL)　要(D)　去(VCL)　高雄(Nc),"[{'word': '星宇', 'ner': 'ORG'}, {'word': '高雄', 'ner': 'GPE'}]"
大不是說台中大藍海超級賺,大不是(VH)　說(VE)　台中(Nc)　大(VH)　藍海(VH)　超級(D)　賺(VC),"[{'word': '台中', 'ner': 'GPE'}]"
那就直丟過去,那(Nep)　就(D)　直(D)　丟過去(VB),[]
飛紐西蘭,飛(VA)　紐西蘭(Nc),"[{'word': '紐西蘭', 'ner': 'GPE'}]"
路藍海不是很棒,路(Nb)　藍海(Nb)　不(D)　是(SHI)　很(Dfa)　棒(VH),"[{'word': '路藍海', 'ner': 'PERSON'}]"
既然獨食那麼香,既然(Cbb)　獨(Na)　食(VC)　那麼(D)　香(VH),[]
怎麼做出來的行為好像不是那樣,怎麼(D)　做出來(VB)　的(DE)　行為(Na)　好像(D)　不(D)　是(SHI)　那樣(VH),[]
飛蘇黎世至少比赫爾辛基,飛(VA)　蘇黎世(Nc)　至少(Da)　比(P)　赫爾辛基(Nc),"[{'word': '蘇黎世', 'ner': 'GPE'}, {'word': '赫爾辛基', 'ner': 'GPE'}]"
會啊星宇就打算這麼做不是,會(D)　啊(I)　星宇(Nb)　就(D)　打算(VF)　這麼(D)　做(VC)　不(D)　是(SHI),"[{'word': '星宇', 'ner': 'ORG'}]"
架夠插旗歐洲美東台中開好開滿晚上飛紐澳下半年再丟架廣體去高雄也沒問題,架(VC)　夠(VH)　插旗(VA)　歐洲(Nc)　美東(Nc)　台中(Nc)　開好(VC)　開滿(VH)　晚上(Nd)　飛(VA)　紐澳(Nc)　下(Nes)　半(Neqa)　年(Nf)　再(D)　丟(VC)　架(Na)　廣體(Na)　去(VCL)　高雄(Nc)　也(D)　沒(VJ)　問題(Na),"[{'word': '歐洲', 'ner': 'LOC'}, {'word': '美東', 'ner': 'LOC'}, {'word': '台中', 'ner': 'GPE'}, {'word': '晚上', 'ner': 'TIME'}, {'word': '紐澳', 'ner': 'GPE'}, {'word': '下半年', 'ner': 'DATE'}, {'word': '高雄', 'ner': 'GPE'}]"
看的歐洲線是否跟樣在桃機,看(VC)　的(DE)　歐洲線(Na)　是否(D)　跟樣(VH)　在(P)　桃機(Nc),"[{'word': '歐洲', 'ner': 'LOC'}, {'word': '桃機', 'ner': 'GPE'}]"
有些人本來就很常前言不對後語啦不過台中可以起降嗎,有(V_2)　些(Nf)　人(Na)　本來(D)　就(D)　很(Dfa)　常(D)　前言不對後語(VH)　啦(T)　不過(Cbb)　台中(Nc)　可以(D)　起降(VA)　嗎(T),"[{'word': '台中', 'ner': 'GPE'}]"
基本上是把桃園機型放大下放台中啦還有明年也會交架,基本(Na)　上(Ng)　是(SHI)　把(P)　桃園(Nc)　機型(Na)　放大(VC)　下放(VC)　台中(Nc)　啦(T)　還(Caa)　有(V_2)　明年(Nd)　也(D)　會(D)　交架(VD),"[{'word': '桃園', 'ner': 'GPE'}, {'word': '台中', 'ner': 'GPE'}, {'word': '明年', 'ner': 'DATE'}]"
台中第三航廈才有規劃廣體機位目前還在綜合規劃階段,台中(Nc)　第三(Neu)　航廈(Na)　才(Da)　有(V_2)　規劃(VC)　廣體(VH)　機位(Na)　目前(Nd)　還(D)　在(P)　綜合(A)　規劃(VC)　階段(Na),"[{'word': '台中', 'ner': 'GPE'}, {'word': '第三航廈', 'ner': 'FAC'}]"
桃園要換廣體的都放大完了會派架進駐高雄所以大量開台中進駐高雄本來就都是明年陸續會做的事法說都有稍微點到,桃園(Nc)　要(D)　換(VC)　廣體(Na)　的(DE)　都(D)　放大完(VC)　了(Di)　會(D)　派(VF)　架(Na)　進駐(VCL)　高雄(Nc)　所以(Cbb)　大量(Neqa)　開(VC)　台中(Nc)　進駐(VCL)　高雄(Nc)　本來(D)　就(D)　都(D)　是(SHI)　明年(Nd)　陸續(D)　會(D)　做(VC)　的(DE)　事(Na)　法說(Na)　都(D)　有(V_2)　稍微(D)　點到(VC),"[{'word': '桃園', 'ner': 'GPE'}, {'word': '高雄', 'ner': 'GPE'}, {'word': '台中', 'ner': 'GPE'}, {'word': '高雄', 'ner': 'GPE'}, {'word': '明年', 'ner': 'DATE'}]"
高雄可以開關西或成田,高雄(Nc)　可以(D)　開(VC)　關西(Nc)　或(Caa)　成田(Nc),"[{'word': '高雄', 'ner': 'GPE'}]"
清泉崗起降輕輕鬆鬆,清泉崗(Nc)　起降(VA)　輕輕鬆鬆(VH),[]
只是民航側過不去也靠不上而已,只是(Cbb)　民航(Na)　側(Ncd)　過(VI)　不(D)　去(D)　也(D)　靠(VC)　不(D)　上(VC)　而已(T),[]
要操作廣體機也可以,要(D)　操作(VC)　廣體機(Na)　也(D)　可以(D),[]
遠端機坪搭梯子接駁車沒什麼難事君不見個空橋也沒有,遠端(Nc)　機坪(Nc)　搭(VC)　梯子(Na)　接駁車(Na)　沒(VJ)　什麼(Nep)　難事(Na)　君(Na)　不(D)　見(VE)　個(Di)　空橋(Na)　也(D)　沒有(VJ),[]
開航以來都是遠端機坪接駁車,開航(VA)　以來(Ng)　都(D)　是(SHI)　遠端(Nc)　機坪(Nc)　接駁車(Na),[]
希望台灣引進跟類似的這個設計對多雨且炎熱的台灣很必要,希望(VK)　台灣(Nc)　引進(VC)　跟(P)　類似(VG)　的(DE)　這(Nep)　個(Nf)　設計(Na)　對(P)　多雨(VH)　且(Caa)　炎熱(VH)　的(DE)　台灣(Nc)　很(Dfa)　必要(VH),"[{'word': '台灣', 'ner': 'GPE'}, {'word': '台灣', 'ner': 'GPE'}]"
蘇黎世讚讚,蘇黎世(Nb)　讚讚(VC),"[{'word': '蘇黎世', 'ner': 'GPE'}]"
不過感覺票價驚人,不過(Cbb)　感覺(VK)　票價(Na)　驚人(VH),[]
聯名卡有好康再說,聯名卡(Na)　有(V_2)　好康(VH)　再(D)　說(VE),[]
不然要幹嘛,不然(Cbb)　要(D)　幹嘛(D),[]
日航屌打,日航(Nb)　屌打(FW),"[{'word': '日航', 'ner': 'ORG'}]"
不用猜了,不用(D)　猜(VE)　了(Di),[]
巴塞隆納,巴塞隆納(Nc),"[{'word': '巴塞隆納', 'ner': 'GPE'}]"
廣體機搭接駁車哈哈質感航空這樣搞會不會太掉價啊,廣體機(Na)　搭(VC)　接駁車(Na)　哈哈(D)　質感(Na)　航空(Na)　這樣(VH)　搞(VC)　會不會(D)　太(Dfa)　掉價(VH)　啊(T),[]
上海浦東堆都是是不是不知道,上海(Nc)　浦東(Nc)　堆(Nf)　都(D)　是(SHI)　是(SHI)　不(D)　是(SHI)　不(D)　知道(VK),"[{'word': '上海', 'ner': 'GPE'}, {'word': '浦東', 'ner': 'GPE'}]"
新聞來源日期自由時報,新聞(Na)　來源(Na)　日期(Na)　自由時報(Nb),"[{'word': '自由時報', 'ner': 'WORK_OF_ART'}]"
新聞標題,新聞(Na)　標題(Na),[]
星宇航空將推宮古島航線明年底增飛歐洲城市,星宇(Nb)　航空(Na)　將(D)　推(VC)　宮古島(Nc)　航線(Na)　明年(Nd)　底(Ng)　增飛(VJ)　歐洲(Nc)　城市(Nc),"[{'word': '星宇航空', 'ner': 'ORG'}, {'word': '明年底', 'ner': 'DATE'}, {'word': '歐洲', 'ner': 'LOC'}]"
內文,內文(Na),[]
記者黃旭磊台中報導星宇航空今天至台中米其林星餐廳元紀台灣菜,記者(Na)　黃旭磊(Nb)　台中(Nc)　報導(VE)　星宇(Nb)　航空(Na)　今天(Nd)　至(P)　台中(Nc)　米其林(Nb)　星(Nc)　餐廳(Nc)　元紀(Nd)　台灣(Na)　菜(Na),"[{'word': '黃旭磊', 'ner': 'PERSON'}, {'word': '台中', 'ner': 'GPE'}, {'word': '星宇航空', 'ner': 'ORG'}, {'word': '今天', 'ner': 'DATE'}, {'word': '台中', 'ner': 'GPE'}, {'word': '米其林星餐廳', 'ner': 'FAC'}, {'word': '元紀', 'ner': 'DATE'}, {'word': '台灣', 'ner': 'GPE'}]"
發表,發表(VC),[]
明年提供北美航線台菜餐點,明年(Nd)　提供(VD)　北美(Nc)　航線(Na)　台(Na)　菜(Na)　餐點(Na),"[{'word': '明年', 'ner': 'DATE'}, {'word': '北美', 'ner': 'LOC'}]"
星宇航空公關長梁文龍表示,星宇(Nb)　航空(Na)　公關長(Na)　梁文龍(Nb)　表示(VE),"[{'word': '星宇航空', 'ner': 'ORG'}, {'word': '梁文龍', 'ner': 'PERSON'}]"
明年有多架新機加入,明年(Nd)　有(V_2)　多(Neqa)　架(Nf)　新機(Na)　加入(VC),"[{'word': '明年', 'ner': 'DATE'}]"
航隊,航隊(Na),[]
長程飛歐洲美國都有新航線,長程(A)　飛(VA)　歐洲(Nc)　美國(Nc)　都(D)　有(V_2)　新(VH)　航線(Na),"[{'word': '歐洲', 'ner': 'LOC'}, {'word': '美國', 'ner': 'GPE'}]"
至於台北台中飛日本沖繩縣宮古島,至於(P)　台北(Nc)　台中(Nc)　飛(VA)　日本(Nc)　沖繩縣(Nc)　宮古島(Nc),"[{'word': '台北', 'ner': 'GPE'}, {'word': '台中', 'ner': 'GPE'}, {'word': '日本', 'ner': 'GPE'}, {'word': '沖繩縣宮古島', 'ner': 'GPE'}]"
確定在月,確定(VK)　在(P)　月(Na),"[{'word': '月', 'ner': 'DATE'}]"
開航,開航(VA),[]
看好台灣旅客追求放鬆慢活旅途趨勢,看好(VJ)　台灣(Nc)　旅客(Na)　追求(VC)　放鬆(VHC)　慢活(VH)　旅途(Na)　趨勢(Na),"[{'word': '台灣', 'ner': 'NORP'}]"
星宇航空公布北美航線台菜餐點,星宇(Nb)　航空(Na)　公布(VE)　北美(Nc)　航線(Na)　台(Nc)　菜(Na)　餐點(Na),"[{'word': '星宇航空', 'ner': 'ORG'}, {'word': '北美', 'ner': 'LOC'}, {'word': '台菜', 'ner': 'NORP'}]"
由元紀台灣菜提供茶燻海鱸魚金瓜澎湖,由(P)　元紀(Nd)　台灣(Na)　菜(Na)　提供(VD)　茶(Na)　燻(VC)　海鱸魚(Na)　金瓜(Na)　澎湖(Nc),"[{'word': '元紀', 'ner': 'DATE'}, {'word': '台灣', 'ner': 'NORP'}]"
米苔目及鹿港麵茶杏仁露等台菜料理,米苔目(Na)　及(Caa)　鹿港(Nc)　麵茶(Na)　杏仁露(Na)　等(Cab)　台(Nc)　菜(Na)　料理(Na),"[{'word': '米苔目', 'ner': 'PRODUCT'}, {'word': '杏仁露', 'ner': 'PRODUCT'}]"
公關長梁文龍受訪說,公關長(Na)　梁文龍(Nb)　受(P)　訪(VC)　說(VE),"[{'word': '梁文龍', 'ner': 'PERSON'}]"
明年是精彩,明年(Nd)　是(SHI)　精彩(VH),"[{'word': '明年', 'ner': 'DATE'}]"
蠻多飛機要加入新航線,蠻(Dfa)　多(VH)　飛機(Na)　要(D)　加入(VC)　新(VH)　航線(Na),[]
長程線飛歐洲美國都有新航線,長程線(Na)　飛(VA)　歐洲(Nc)　美國(Nc)　都(D)　有(V_2)　新(VH)　航線(Na),"[{'word': '歐洲', 'ner': 'LOC'}, {'word': '美國', 'ner': 'GPE'}]"
候選航點國家城市相當,候選(VH)　航點(Na)　國家(Na)　城市(Nc)　相當(Dfa),[]
積極,積極(VH),[]
很快有消息公布,很(Dfa)　快(VH)　有(V_2)　消息(Na)　公布(VE),[]
梁文龍表示,梁文龍(Nb)　表示(VE),"[{'word': '梁文龍', 'ner': 'PERSON'}]"
星宇主要航線在亞洲及美洲,星宇(Nb)　主要(A)　航線(Na)　在(P)　亞洲(Nc)　及(Caa)　美洲(Nc),"[{'word': '星宇', 'ner': 'ORG'}, {'word': '亞洲', 'ner': 'LOC'}, {'word': '美洲', 'ner': 'LOC'}]"
受川普關稅政策議題鈍化影響,受(P)　川普(Nb)　關稅(Na)　政策(Na)　議題(Na)　鈍化(VHC)　影響(Na),"[{'word': '普', 'ner': 'PERSON'}]"
之前想去美國,之前(Nd)　想(VE)　去(VCL)　美國(Nc),"[{'word': '美國', 'ner': 'GPE'}]"
旅客會慢慢出遊,旅客(Na)　會(D)　慢慢(VH)　出遊(VA),[]
至於日本受央行升息導致日圓升值,至於(P)　日本(Nc)　受(P)　央行(Nc)　升息(VA)　導致(VL)　日圓(Na)　升值(VH),"[{'word': '日本', 'ner': 'GPE'}]"
台灣去日本仍持續熱度,台灣(Nc)　去(VCL)　日本(Nc)　仍(D)　持續(VL)　熱度(Na),"[{'word': '台灣', 'ner': 'GPE'}, {'word': '日本', 'ner': 'GPE'}]"
明年,明年(Nd),"[{'word': '明年', 'ner': 'DATE'}]"
月台北台中將新開宮古島航線,月台北(Nc)　台中(Nc)　將(D)　新(D)　開(VC)　宮古島(Nc)　航線(Na),"[{'word': '台北', 'ner': 'GPE'}, {'word': '台中', 'ner': 'GPE'}]"
歐洲線會有計劃推廣,歐洲線(Na)　會(D)　有(V_2)　計劃(Na)　推廣(VC),"[{'word': '歐洲', 'ner': 'LOC'}]"
下半年確定會有歐洲航線,下(Nes)　半(Neqa)　年(Nf)　確定(VK)　會(D)　有(V_2)　歐洲(Nc)　航線(Na),"[{'word': '下半年', 'ner': 'DATE'}, {'word': '歐洲', 'ner': 'LOC'}]"
原文連結,原文(Na)　連結(VC),[]
新航點鳳凰城之後,新(VH)　航點(Na)　鳳凰城(Nc)　之後(Ng),"[{'word': '鳳凰城', 'ner': 'FAC'}]"
北美未知美東德州美西,北美(Nc)　未知(VJ)　美(Nc)　東(Ncd)　德州(Nc)　美西(Nc),"[{'word': '北美', 'ner': 'LOC'}, {'word': '美東', 'ner': 'GPE'}, {'word': '德州', 'ner': 'GPE'}, {'word': '美西', 'ner': 'GPE'}]"
應該是,應該(D)　是(SHI),[]
歐洲看起來米蘭機率最高登山網紅主播講的,歐洲(Nc)　看起來(D)　米蘭(Nc)　機率(Na)　最(Dfa)　高(VH)　登山(VA)　網紅(Na)　主播(Na)　講(VE)　的(DE),"[{'word': '歐洲', 'ner': 'LOC'}, {'word': '米蘭', 'ner': 'GPE'}]"
宮古島,宮古島(Nc),"[{'word': '宮古島', 'ner': 'LOC'}]"
峇里島,峇里島(Nc),"[{'word': '峇里島', 'ner': 'LOC'}]"
美國就呀,美國(Nc)　就(D)　呀(T),"[{'word': '美國', 'ner': 'GPE'}]"
美國航點就剩還沒飛,美國(Nc)　航點(Na)　就(D)　剩(VJ)　還(D)　沒(D)　飛(VA),"[{'word': '美國', 'ner': 'GPE'}]"
難不成硬剛,難不成(Dk)　硬(D)　剛(D),[]
在菲律賓差點砸地上還不夠嗎,在(P)　菲律賓(Nc)　差點(D)　砸(VC)　地上(Na)　還(D)　不(D)　夠(VH)　嗎(T),"[{'word': '菲律賓', 'ner': 'GPE'}]"
希望開,希望(VK)　開(VC),[]
沖繩石垣宮古拿來墊檔的價值很高啊,沖繩(Nc)　石垣宮古(Na)　拿來(VC)　墊檔(VC)　的(DE)　價值(Na)　很(Dfa)　高(VH)　啊(T),"[{'word': '沖繩石垣宮', 'ner': 'ORG'}]"
只要不是長榮,只要(Cbb)　不(D)　是(SHI)　長榮(Nb),"[{'word': '長榮', 'ner': 'PERSON'}]"
都推,都(D)　推(VC),[]
台中還有航點要開,台中(Nc)　還(D)　有(V_2)　航點(Na)　要(D)　開(VC),"[{'word': '台中', 'ner': 'GPE'}]"
台中有滑到說有會驚呼的航點啦,台中(Nc)　有(V_2)　滑到(VCL)　說(VE)　有(V_2)　會(D)　驚呼(VE)　的(DE)　航點(Na)　啦(T),"[{'word': '台中', 'ner': 'GPE'}]"
神戶不開了嗎,神戶(Nc)　不(D)　開(VC)　了(Di)　嗎(T),[]
歐洲還要等明年底也太久,歐洲(Nc)　還(D)　要(D)　等(P)　明年(Nd)　底(Ng)　也(D)　太(Dfa)　久(VH),"[{'word': '歐洲', 'ner': 'LOC'}, {'word': '明年底', 'ner': 'DATE'}]"
台中熊本東京曼谷,台中(Nc)　熊本(Nc)　東京(Nc)　曼谷(Nc),"[{'word': '台中', 'ner': 'GPE'}, {'word': '熊本', 'ner': 'GPE'}, {'word': '東京曼谷', 'ner': 'GPE'}]"
台中東南亞就不用想了,台中(Nc)　東南亞(Nc)　就(D)　不用(D)　想(VE)　了(Di),"[{'word': '台中', 'ner': 'GPE'}, {'word': '東南亞', 'ner': 'LOC'}]"
飛的遠又賺得少,飛(VA)　的(DE)　遠(VH)　又(D)　賺(VC)　得(DE)　少(VH),[]
星宇飛東南亞是為了轉機客桃園以外可沒這回事,星宇(Nb)　飛(VA)　東南亞(Nc)　是(SHI)　為(P)　了(Di)　轉機客(Na)　桃園(Nc)　以外(Ng)　可(D)　沒(VJ)　這(Nep)　回(Nf)　事(Na),"[{'word': '星宇', 'ner': 'ORG'}, {'word': '東南亞', 'ner': 'LOC'}, {'word': '桃園', 'ner': 'GPE'}]"
台中胡志明載客率還行吧我很期待餒不然只有華信,台中(Nc)　胡志明(Nb)　載客率(Na)　還(D)　行(VH)　吧(T)　我(Nh)　很(Dfa)　期待(VK)　餒(VH)　不然(Cbb)　只有(Cbb)　華信(Nb),"[{'word': '台中', 'ner': 'GPE'}, {'word': '胡志明', 'ner': 'PERSON'}]"
載客率行但利潤那麼低,載客率(Na)　行(VA)　但(Cbb)　利潤(Na)　那麼(D)　低(VH),[]
飛越南時間比日本長營收又少,飛(VCL)　越南(Nc)　時間(Na)　比(P)　日本(Nc)　長(VH)　營收(Na)　又(D)　少(VH),"[{'word': '越南', 'ner': 'GPE'}, {'word': '日本', 'ner': 'GPE'}]"
熊本,熊本(Nc),"[{'word': '熊本', 'ner': 'PERSON'}]"
成田,成田(Nb),"[{'word': '成田', 'ner': 'PERSON'}]"
曼谷,曼谷(Nc),"[{'word': '曼谷', 'ner': 'GPE'}]"
熊本,熊本(Nc),"[{'word': '熊本', 'ner': 'PERSON'}]"
成田,成田(Nb),"[{'word': '成田', 'ner': 'PERSON'}]"
峴港,峴港(Nc),"[{'word': '峴港', 'ner': 'GPE'}]"
看到這個版本,看到(VE)　這(Nep)　個(Nf)　版本(Na),[]
歐洲要經曼谷轉,歐洲(Nc)　要(D)　經(P)　曼谷(Nc)　轉(VC),"[{'word': '歐洲', 'ner': 'LOC'}, {'word': '曼谷', 'ner': 'GPE'}]"
還是要飛布拉格,還是(D)　要(D)　飛(VA)　布拉格(Nc),"[{'word': '布拉格', 'ner': 'PERSON'}]"
高雄何時會官宣呢,高雄(Nc)　何時(Nd)　會(D)　官宣(Na)　呢(T),"[{'word': '高雄', 'ner': 'GPE'}]"
開台中成田就只能做客,開(VC)　台中(Nc)　成田(Nc)　就(D)　只(Da)　能(D)　做客(VA),"[{'word': '成田', 'ner': 'GPE'}]"
也沒辦法輸運的北美航班要不然我倒是覺得很適合飛成田台中,也(D)　沒辦法(VI)　輸運(VC)　的(DE)　北美(Nc)　航班(Na)　要不然(Cbb)　我(Nh)　倒是(D)　覺得(VK)　很(Dfa)　適合(VH)　飛(VA)　成田(Nc)　台中(Nc),"[{'word': '北美', 'ner': 'LOC'}, {'word': '成田', 'ner': 'GPE'}, {'word': '台中', 'ner': 'GPE'}]"
但時間必須比照那兩位大頭還在,但(Cbb)　時間(Na)　必須(D)　比照(P)　那(Nep)　兩(Neu)　位(Nf)　大頭(Na)　還(D)　在(P),"[{'word': '兩', 'ner': 'CARDINAL'}]"
亞洲航線就不會有太大變化對了,亞洲(Nc)　航線(Na)　就(D)　不會(D)　有(V_2)　太(Dfa)　大(VH)　變化(Na)　對了(VH),"[{'word': '亞洲', 'ner': 'LOC'}]"
南航要開赫爾辛基航線了,南航(Nc)　要(D)　開(VC)　赫爾辛基(Nc)　航線(Na)　了(T),"[{'word': '南航', 'ner': 'ORG'}, {'word': '赫爾辛基', 'ner': 'GPE'}]"
沒意外會跟讓我們繼續看下去國泰會不會跳起來歐洲線應該布拉格吧,沒(VJ)　意外(Na)　會(D)　跟(P)　讓(VL)　我們(Nh)　繼續(VF)　看(VA)　下去(Di)　國泰(Nb)　會不會(D)　跳起來(VA)　歐洲線(Na)　應該(D)　布拉格(Nc)　吧(T),"[{'word': '歐洲', 'ner': 'LOC'}, {'word': '布拉格', 'ner': 'PERSON'}]"
對大陸市場比較感興趣,對(P)　大陸(Nc)　市場(Nc)　比較(Dfa)　感興趣(VI),"[{'word': '大陸', 'ner': 'GPE'}]"
的東亞樞紐都有飛了,的(DE)　東亞(Nc)　樞紐(Na)　都(D)　有(V_2)　飛(VA)　了(Di),"[{'word': '東亞', 'ner': 'LOC'}]"
成田熊本應該是穩的峴港好像短檔期而已,成田(Nc)　熊本(Nc)　應該(D)　是(SHI)　穩(VH)　的(DE)　峴港(Nc)　好像(D)　短(VH)　檔期(Na)　而已(T),"[{'word': '成田', 'ner': 'GPE'}, {'word': '熊本', 'ner': 'GPE'}, {'word': '峴港', 'ner': 'GPE'}]"
近期也是聽到星宇台中明年要開成田熊本的小道消息,近期(Nd)　也(D)　是(SHI)　聽到(VE)　星宇(Nc)　台中(Nc)　明年(Nd)　要(D)　開(VC)　成田(Nc)　熊本(Nc)　的(DE)　小道(Na)　消息(Na),"[{'word': '星宇台中', 'ner': 'ORG'}, {'word': '明年', 'ner': 'DATE'}, {'word': '熊本', 'ner': 'GPE'}]"
不過在沒正式官宣之前還是先別當真,不過(Cbb)　在(P)　沒(D)　正式(VH)　官宣(Na)　之前(Ng)　還是(D)　先(D)　別(D)　當(VH)　真(VH),[]
都只有讓飛了,都(D)　只有(D)　讓(VL)　飛(VA)　了(Di),[]
要飛嘛算了,要(D)　飛(VA)　嘛(T)　算了(VH),[]
還不如富國島這種收掉,還不如(Cbb)　富國島(Nc)　這(Nep)　種(Nf)　收掉(VC),"[{'word': '富國島', 'ner': 'LOC'}]"
改飛曼谷還比較賺,改飛(VC)　曼谷(Nc)　還(D)　比較(Dfa)　賺(VC),"[{'word': '曼谷', 'ner': 'GPE'}]"
頂多是他哪有辦法飛,頂多(Da)　是(SHI)　他(Nh)　哪(Ncd)　有(V_2)　辦法(Na)　飛(VA),[]
熊本也能稍緩解福岡的負荷,熊本(Nc)　也(D)　能(D)　稍(D)　緩解(VJ)　福岡(Nc)　的(DE)　負荷(Na),"[{'word': '熊本', 'ner': 'GPE'}, {'word': '福岡', 'ner': 'GPE'}]"
人家富國島通通是旅行社包,人家(Nh)　富國島(Nc)　通通(D)　是(SHI)　旅行社(Nc)　包(Nc),"[{'word': '富國島', 'ner': 'LOC'}]"
根本不用擔心不賺,根本(D)　不用(D)　擔心(VK)　不(D)　賺(VC),[]
富國島票價可以賣到接近日本線其實很好賺而且沒有其他傳統航空競爭曼谷現在桃園票價剩富國島半,富國島(Nc)　票價(Na)　可以(D)　賣到(VD)　接近(VC)　日本線(Na)　其實(D)　很(Dfa)　好(VH)　賺(VC)　而且(Cbb)　沒有(VJ)　其他(Neqa)　傳統(VH)　航空(Na)　競爭(VA)　曼谷(Nc)　現在(Nd)　桃園(Nc)　票價(Na)　剩(VJ)　富國島(Nc)　半(Neqa),"[{'word': '富國島', 'ner': 'LOC'}, {'word': '日本', 'ner': 'GPE'}, {'word': '曼谷', 'ner': 'GPE'}, {'word': '桃園', 'ner': 'GPE'}, {'word': '富國島', 'ner': 'LOC'}]"
開跟,開(VC)　跟(Caa),[]
有什麼好跳起來的,有(V_2)　什麼(Nep)　好(VH)　跳起來(VA)　的(T),[]
國泰也不太跟芬航玩啊,國泰(Nb)　也(D)　不(D)　太(Dfa)　跟(P)　芬航(Nb)　玩(VC)　啊(T),"[{'word': '國泰', 'ner': 'ORG'}, {'word': '芬航', 'ner': 'ORG'}]"
布拉格吧,布拉格(Nc)　吧(T),"[{'word': '布拉格', 'ner': 'PERSON'}]"
原來是墊檔喔,原來(D)　是(SHI)　墊檔(VH)　喔(T),[]
想說根本沒賺多少吧,想(VE)　說(VE)　根本(D)　沒(D)　賺(VC)　多少(Neqa)　吧(T),[]
新聞來源日期自由時報電子報,新聞(Na)　來源(Na)　日期(Na)　自由時報(Nb)　電子報(Na),"[{'word': '自由時報', 'ner': 'WORK_OF_ART'}]"
新聞標題星宇航空獲最高等級榮譽飛安認證再創國際航空安全里程碑,新聞(Na)　標題(Na)　星宇(Nb)　航空(Na)　獲(VJ)　最(Dfa)　高(VH)　等級(Na)　榮譽(Na)　飛安(Na)　認證(VA)　再(D)　創(VC)　國際(Nc)　航空(Na)　安全(VH)　里程碑(Na),"[{'word': '星宇航空', 'ner': 'ORG'}]"
內文,內文(Na),[]
頒發最高等級榮譽認,頒發(VD)　最(Dfa)　高(VH)　等級(Na)　榮譽(Na)　認(VC),[]
為全球史上第三家獲得此項頂尖認證的航空公司,為(P)　全球(Nc)　史(Na)　上(Ncd)　第三(Neu)　家(Nf)　獲得(VJ)　此(Nep)　項(Nf)　頂尖(VH)　認證(VA)　的(DE)　航空(Na)　公司(Nc),"[{'word': '第三', 'ner': 'ORDINAL'}]"
圖星宇航空提供,圖(Nb)　星宇(Nb)　航空(Na)　提供(VD),[]
財經頻道綜合報導星宇航空持續以最高標準精進飛航安全與服務品質,財經(Na)　頻道(Na)　綜合(A)　報導(VE)　星宇(Nb)　航空(Na)　持續(VL)　以(P)　最(Dfa)　高(VH)　標準(Na)　精進(VH)　飛航(VA)　安全(VH)　與(Caa)　服務(Nv)　品質(Na),"[{'word': '財經頻道', 'ner': 'ORG'}]"
近日正式榮,近日(Nd)　正式(VH)　榮(VC),"[{'word': '榮', 'ner': 'PERSON'}]"
獲國際權威航空評鑑機構頒發最高等級榮譽認證,獲(VJ)　國際(Nc)　權威(Na)　航空(Na)　評鑑(VC)　機構(Na)　頒發(VD)　最(Dfa)　高(Na)　等級(Na)　榮譽(Na)　認證(VA),[]
為全球史上第三家獲得此項頂尖認證的航空公司,為(P)　全球(Nc)　史(Na)　上(Ncd)　第三(Neu)　家(Nf)　獲得(VJ)　此(Nep)　項(Nf)　頂尖(VH)　認證(VA)　的(DE)　航空(Na)　公司(Nc),"[{'word': '第三', 'ner': 'ORDINAL'}]"
再度以實際成果展現星宇航空在飛安管,再度(D)　以(P)　實際(VH)　成果(Na)　展現(VC)　星宇(Nb)　航空(Na)　在(P)　飛安(Na)　管(VE),[]
理的世界級實力,理(Na)　的(DE)　世界級(Na)　實力(Na),[]
為全球最具影響力的航空安全與服務評鑑平台之,為(VG)　全球(Nc)　最(Dfa)　具(VJ)　影響力(Na)　的(DE)　航空(Na)　安全(VH)　與(Caa)　服務(VC)　評鑑(VC)　平台(Na)　之(DE),[]
每年定期發布七,每(Nes)　年(Nf)　定期(D)　發布(VE)　七(Neu),[]
星安全評級及全球最安全航空公司排行榜,星(Na)　安全(VH)　評級(Na)　及(Caa)　全球(Nc)　最(Dfa)　安全(VH)　航空(Na)　公司(Nc)　排行榜(Na),"[{'word': '星安', 'ner': 'ORG'}]"
被國際媒體與航空產業廣為引用,被(P)　國際(Nc)　媒體(Na)　與(Caa)　航空(Na)　產業(Na)　廣為(D)　引用(VC),[]
為其現行最高等級認證,為(VG)　其(Nep)　現行(A)　最(Dfa)　高(VH)　等級(Na)　認證(VA),[]
不僅超越既有七星安全評等,不僅(Cbb)　超越(VC)　既有(A)　七(A)　星(Na)　安全(VH)　評等(VB),[]
更須通過多項極為,更(Dfa)　須(D)　通過(VC)　多(Neqa)　項(Nf)　極為(Dfa),[]
嚴格且全面的專項稽核,嚴格(VH)　且(Caa)　全面(VH)　的(DE)　專項(Na)　稽核(VC),[]
指出,指出(VE),[]
星宇航空作為間新興的航空公司,星宇(Nb)　航空(Na)　作為(VG)　間(Nf)　新興(A)　的(DE)　航空(Na)　公司(Nc),"[{'word': '星宇航空', 'ner': 'ORG'}]"
直非常關注其自成立至今的發展,直(D)　非常(Dfa)　關注(VJ)　其(Nep)　自(P)　成立(VC)　至今(D)　的(DE)　發展(VC),[]
稽核員於航班體驗後,稽核員(Na)　於(P)　航班(Na)　體驗(VC)　後(Ng),[]
對於星宇航,對於(P)　星宇航(Na),[]
空超乎期待的表現非常驚艷,空(D)　超乎(VJ)　期待(VK)　的(DE)　表現(Na)　非常(Dfa)　驚艷(VI),[]
在在展現出其卓越的專業精神,在在(D)　展現出(VJ)　其(Nep)　卓越(VH)　的(DE)　專業(VH)　精神(Na),[]
以及對於安全承諾的堅持,以及(Caa)　對於(P)　安全(VH)　承諾(VE)　的(DE)　堅持(VK),[]
不僅具備超越業界標準的安全準則,不僅(Cbb)　具備(VJ)　超越(VC)　業界(Nc)　標準(Na)　的(DE)　安全(VH)　準則(Na),[]
更提供可媲美全球各大國際航空公司的高品質服務,更(Dfa)　提供(VD)　可(D)　媲美(VJ)　全球(Nc)　各(Nes)　大(VH)　國際(Nc)　航空(Na)　公司(Nc)　的(DE)　高品質(Na)　服務(VC),[]
星宇航空執行長翟健華表示,星宇(Nb)　航空(Na)　執行長(Na)　翟健華(Nb)　表示(VE),"[{'word': '星宇航空', 'ner': 'ORG'}, {'word': '翟健華', 'ner': 'PERSON'}]"
星宇航空自創立以來即以為,星宇(Nb)　航空(Na)　自(P)　創立(VC)　以來(Ng)　即(D)　以為(VE),"[{'word': '星宇航空', 'ner': 'ORG'}]"
企業準則,企業(Na)　準則(Na),[]
此次獲得認證,此(Nep)　次(Nf)　獲得(VJ)　認證(VA),[]
不僅是對全體同仁長期堅,不僅(Cbb)　是(SHI)　對(P)　全體(Na)　同仁(Na)　長期(Nd)　堅(VH),[]
守專業落實安全文化的最高肯定,守(VC)　專業(VH)　落實(VHC)　安全(VH)　文化(Na)　的(DE)　最(Dfa)　高(VH)　肯定(Nv),[]
更代表星宇在飛行安全方面也躋身全球最頂尖航空公,更(Dfa)　代表(VK)　星宇(Nb)　在(P)　飛行(VA)　安全(VH)　方面(Na)　也(D)　躋身(VC)　全球(Nc)　最(Dfa)　頂尖(VH)　航空(Na)　公(Na),"[{'word': '星宇', 'ner': 'ORG'}]"
司之列,司(Nc)　之(DE)　列(Na),[]
未來將持續以旅客為核心,未來(Nd)　將(D)　持續(VL)　以(P)　旅客(Na)　為(VG)　核心(Na),[]
從飛航安全服務細節等全面精進,從(P)　飛航(VA)　安全(VH)　服務(VC)　細節(Na)　等(Cab)　全面(D)　精進(VH),[]
為每位旅客打,為(P)　每(Nes)　位(Nf)　旅客(Na)　打(VC),[]
造更安心且更具溫度的飛行體驗,造(VC)　更(D)　安心(VH)　且(Caa)　更(D)　具(VJ)　溫度(Na)　的(DE)　飛行(Nv)　體驗(Nv),[]
地面整備與安全檢查,地面(Nc)　整備(VC)　與(Caa)　安全(VH)　檢查(VE),[]
旅客安全簡報與示範客艙起飛前整備流程組員協調運作機制,旅客(Na)　安全(VH)　簡報(Na)　與(Caa)　示範(VE)　客艙(Na)　起飛(VA)　前(Ng)　整備(VC)　流程(Na)　組員(Na)　協調(VC)　運作(Nv)　機制(Na),[]
以及亂流應對與突發,以及(Caa)　亂流(Na)　應對(VB)　與(Caa)　突發(VH),[]
狀況處置等多項關鍵安全環節,狀況(Na)　處置(Nv)　等(Cab)　多(Neqa)　項(Nf)　關鍵(Na)　安全(VH)　環節(Na),[]
全面檢視星宇航空在制度設計與實際執行面的穩定性,全面(D)　檢視(VC)　星宇(Nb)　航空(Na)　在(P)　制度(Na)　設計(Na)　與(Caa)　實際(VH)　執行面(Na)　的(DE)　穩定性(Na),[]
在成立短短數年間,在(P)　成立(VC)　短短(VH)　數(Neu)　年(Nf)　間(Ng),[]
星宇航空已穩健踏上國際航空安全與服務品質的頂尖舞台,星宇(Nb)　航空(Na)　已(D)　穩健(VH)　踏上(VCL)　國際(Nc)　航空(Na)　安全(VH)　與(Caa)　服務(Nv)　品質(Na)　的(DE)　頂尖(VH)　舞台(Na),"[{'word': '星宇航空', 'ner': 'ORG'}]"
繼榮獲,繼(P)　榮獲(VJ),[]
年五星航空認證及蟬聯五星航空之後,年(Nf)　五星(Nb)　航空(Na)　認證(VA)　及(Caa)　蟬聯(VJ)　五星(Nb)　航空(Na)　之後(Ng),"[{'word': '年五', 'ner': 'DATE'}, {'word': '五星航空', 'ner': 'ORG'}]"
再度以全球第三家獲得,再度(D)　以(P)　全球(Nc)　第三(Neu)　家(Nc)　獲得(VJ),"[{'word': '第三', 'ner': 'ORDINAL'}]"
認證作為全新起點,認證(VA)　作為(VG)　全新(VH)　起點(Na),[]
持續邁向更高標準的國際舞台,持續(VL)　邁向(VCL)　更(Dfa)　高標準(Na)　的(DE)　國際(Nc)　舞台(Na),[]
原文連結,原文(Na)　連結(VC),[]
牛啊,牛(Na)　啊(T),[]
好像很厲害,好像(D)　很(Dfa)　厲害(VH),[]
星星好像加不用錢,星星(Na)　好像(D)　加(VC)　不(D)　用(VC)　錢(Na),[]
另外兩家是和,另外(Da)　兩(Neu)　家(Nf)　是(SHI)　和(P),"[{'word': '兩', 'ner': 'CARDINAL'}]"
星黑即將抵達現場,星黑(Na)　即將(D)　抵達(VCL)　現場(Nc),[]
跟不就同家嗎,跟(P)　不(D)　就(D)　同(Nes)　家(Nc)　嗎(T),[]
用多少錢買的,用(P)　多少(Neqa)　錢(Na)　買(VC)　的(DE),[]
笑死人,笑死(VHC)　人(Na),[]
笑了好多星星,笑(VA)　了(Di)　好多(Neqa)　星星(Na),[]
笑死你,笑死(VHC)　你(Nh),[]
死了沒,死(VH)　了(Di)　沒(T),[]
安全到機長被離職,安全(VH)　到(P)　機長(Na)　被(P)　離職(VH),[]
現在是星星通膨了嗎從五星變七星,現在(Nd)　是(SHI)　星星(Na)　通膨(Na)　了(T)　嗎(T)　從(P)　五星(Neu)　變(VG)　七星(Nb),"[{'word': '五星', 'ner': 'LOC'}, {'word': '七', 'ner': 'CARDINAL'}]"
比飛安能贏過我們,比(P)　飛安(Na)　能(D)　贏過(VJ)　我們(Nh),[]
另家七星是香港快運,另(Nes)　家(Nf)　七星(Nb)　是(SHI)　香港(Nc)　快運(Na),"[{'word': '七', 'ner': 'CARDINAL'}, {'word': '香港', 'ner': 'GPE'}]"
這樣聽起來就沒那麼高級了,這樣(VH)　聽起來(D)　就(D)　沒(D)　那麼(D)　高級(VH)　了(T),[]
橫跨所有排行跟等級第的星宇航空,橫跨(VJ)　所有(Neqa)　排行(VG)　跟(P)　等級(Na)　第(Neu)　的(DE)　星宇(Nb)　航空(Na),"[{'word': '星宇航空', 'ner': 'ORG'}]"
這版剩下古人了嗎,這(Nep)　版(Na)　剩下(VJ)　古人(Na)　了(T)　嗎(T),[]
怎麼還有人在講半年前看好像就懂了,怎麼(D)　還(D)　有(V_2)　人(Na)　在(P)　講(VE)　半(Neqa)　年(Nf)　前(Ng)　看(VC)　好像(D)　就(D)　懂(VK)　了(T),"[{'word': '半年前', 'ner': 'DATE'}]"
果然腥粉是被討厭的原因,果然(D)　腥粉(Na)　是(SHI)　被(P)　討厭(VK)　的(DE)　原因(Na),[]
差點空難真的好安全正副機師訓練不足造成失誤的七星安全航空忘了加上因為因為正副機師訓練不足造成失誤的七星安全航空,差點(D)　空難(Na)　真的(D)　好(Dfa)　安全(VH)　正副機師(Na)　訓練(Na)　不足(VH)　造成(VK)　失誤(Na)　的(DE)　七星(Nb)　安全(VH)　航空(Na)　忘(VK)　了(Di)　加上(Cbb)　因為(Cbb)　因為(Cbb)　正副機師(Na)　訓練(Na)　不足(VH)　造成(VK)　失誤(Na)　的(DE)　七星(Nb)　安全(VH)　航空(Na),"[{'word': '七', 'ner': 'CARDINAL'}, {'word': '七', 'ner': 'CARDINAL'}]"
至少跟單發繼續飛數個小時就是不轉降至今無人負責甚至公司還力挺的真的是不錯了,至少(Da)　跟(P)　單發(Da)　繼續(VF)　飛(VA)　數(Neu)　個(Nf)　小時(Na)　就是(Cbb)　不(D)　轉(VC)　降(VC)　至今(D)　無(VJ)　人(Na)　負責(VL)　甚至(D)　公司(Nc)　還(D)　力挺(VC)　的(DE)　真的(D)　是(SHI)　不錯(VH)　了(T),"[{'word': '數個小時', 'ner': 'TIME'}]"
然後別忘了釜山差點撞山撞地甚至降錯跑道緊急重飛被爆料了公司也沒關係,然後(D)　別(D)　忘(VK)　了(Di)　釜山(Nc)　差點(D)　撞山(VC)　撞地(VC)　甚至(D)　降錯(VA)　跑道(Na)　緊急(VH)　重飛(VH)　被(P)　爆料(VE)　了(Di)　公司(Nc)　也(D)　沒關係(VH),"[{'word': '釜山', 'ner': 'GPE'}]"
對比星宇菲律賓員工犯錯回家種田台灣三家光是在對飛安態度上就天淵之別,對比(Na)　星宇(Nb)　菲律賓(Nc)　員工(Na)　犯錯(VA)　回家(VA)　種田(VA)　台灣(Nc)　三(Neu)　家(Nf)　光(Da)　是(SHI)　在(P)　對(P)　飛安(Na)　態度(Na)　上(Ng)　就(P)　天淵之別(Na),"[{'word': '星宇', 'ner': 'ORG'}, {'word': '菲律賓', 'ner': 'NORP'}, {'word': '台灣', 'ner': 'GPE'}, {'word': '三', 'ner': 'CARDINAL'}]"
另外家都單發,另外(Cbb)　家(Nc)　都(D)　單發(Da),[]
都沒人負責,都(D)　沒(VJ)　人(Na)　負責(VL),[]
看不出你要用哪家救援,看(VE)　不(D)　出(VE)　你(Nh)　要(D)　用(P)　哪(Nep)　家(Nc)　救援(VC),[]
剛查下大佬爆料影片釜山落錯那次是真的落下去了沒有重飛差點跟正要進跑道起飛的真航相撞還好航管很登真叫真航馬上停下來,剛(D)　查下(VE)　大佬(Na)　爆料(VE)　影片(Na)　釜山(Nc)　落錯(VA)　那(Nep)　次(Nf)　是(SHI)　真的(D)　落下去(VA)　了(Di)　沒有(D)　重飛(D)　差點(D)　跟(P)　正(D)　要(D)　進(VCL)　跑道(Na)　起飛(VA)　的(DE)　真航(VH)　相撞(VA)　還好(D)　航管(Na)　很(Dfa)　登(VC)　真(D)　叫(VG)　真航(VH)　馬上(D)　停下來(VHC),"[{'word': '釜山', 'ner': 'GPE'}]"
還好我都不搭御三家,還好(D)　我(Nh)　都(D)　不(D)　搭(VC)　御(Nb)　三(Neu)　家(Nf),"[{'word': '三', 'ner': 'CARDINAL'}]"
年終都拿去買了嗎,年終(Nd)　都(D)　拿去(VC)　買(VC)　了(Di)　嗎(T),[]
真的發生過空難的永遠不敢提,真的(D)　發生(VJ)　過(Di)　空難(Na)　的(DE)　永遠(D)　不(D)　敢(VL)　提(VE),[]
超級雙標,超級(A)　雙標(Na),[]
星宇就是台灣唯的精品航空,星宇(Nb)　就(Cbb)　是(SHI)　台灣(Nc)　唯(Da)　的(DE)　精品(Na)　航空(Na),"[{'word': '星宇', 'ner': 'ORG'}, {'word': '台灣', 'ner': 'GPE'}]"
飛安第不容妥協,飛安(Na)　第(Neu)　不容(D)　妥協(VA),[]
半年前的事情都多久了,半(Neqa)　年(Nf)　前(Ng)　的(DE)　事情(Na)　都(D)　多久(Nd)　了(T),"[{'word': '半年前', 'ner': 'DATE'}]"
還直講,還(D)　直(VE)　講(VE),[]
是不是忌妒星宇,是(SHI)　不(D)　是(SHI)　忌妒星(VJ)　宇(Nc),[]
也有,也(D)　有(V_2),[]
加入沒問題了對吧,加入(VC)　沒(VJ)　問題(Na)　了(T)　對(VH)　吧(T),[]
有發生過空難嗎,有(V_2)　發生(VJ)　過(Di)　空難(Na)　嗎(T),[]
絕口不提單發飛行跳過執意飛回你哪家的很明顯在那邊挑弄跟顧左右就是不提,絕口不(VE)　提(VE)　單發(A)　飛行(VA)　跳過(VCL)　執意(VL)　飛回(VCL)　你(Nh)　哪(Nep)　家(Nc)　的(DE)　很(Dfa)　明顯(VH)　在(P)　那邊(Ncd)　挑弄(VC)　跟(P)　顧左右(VA)　就是(D)　不(D)　提(VE),[]
花了那麼多錢,花(VC)　了(Di)　那麼多(Neqa)　錢(Na),[]
買個根本沒鳥用的招牌,買(VC)　個(Nf)　根本(D)　沒(VJ)　鳥(Na)　用(Na)　的(DE)　招牌(Na),[]
笑爛,笑爛(VA),[]
再說次不是新聞沒報就是什麼事都沒有有家不照程序重落地觸地警報也都叫過要酸就給我標準致,再說(D)　次(Nf)　不(D)　是(SHI)　新聞(Na)　沒(D)　報(VC)　就(D)　是(SHI)　什麼(Nep)　事(Na)　都(D)　沒有(VJ)　有(V_2)　家(Nc)　不(D)　照(P)　程序(Na)　重(VH)　落地(VA)　觸(VC)　地(Na)　警報(Na)　也(D)　都(D)　叫(VE)　過(Di)　要(D)　酸(VH)　就(D)　給(VD)　我(Nh)　標準(Na)　致(VL),[]
原來這麼危險啊,原來(D)　這麼(D)　危險(VH)　啊(T),[]
感謝樓上爆料,感謝(VK)　樓上(Nc)　爆料(VE),[]
星宇航空台北桃園新千歲商務艙紀錄,星宇(Na)　航空(Na)　台北(Nc)　桃園(Nc)　新千(VH)　歲(Nf)　商務艙(Na)　紀錄(Na),"[{'word': '星宇航空', 'ner': 'ORG'}, {'word': '台北桃園', 'ner': 'GPE'}, {'word': '新千歲', 'ner': 'DATE'}]"
桃機第航廈貴賓室,桃機(Nc)　第(Neu)　航廈(Na)　貴賓室(Nc),"[{'word': '桃機第航廈貴賓室', 'ner': 'FAC'}]"
建議我去二航的貴賓室比,建議(VE)　我(Nh)　去(VCL)　二航(Neu)　的(DE)　貴賓室(Nc)　比(P),[]
較順路,較(Dfa)　順路(VH),[]
既然餐點都上桌了,既然(Cbb)　餐點(Na)　都(D)　上桌(VA)　了(Di),[]
吃飽後就趕緊移動到另間貴賓室,吃飽(VH)　後(Ng)　就(D)　趕緊(D)　移動(VAC)　到(P)　另(Nes)　間(Nf)　貴賓室(Nc),[]
延伸閱讀星宇航空桃機第二航廈貴賓室,延伸(VH)　閱讀(VC)　星宇(Nb)　航空(Na)　桃機(Nc)　第二(Neu)　航廈(Na)　貴賓室(Nc),[]
合作,合作(VH),[]
推出星宇航空限定的鎏金巧克力,推出(VC)　星宇(Nb)　航空(Na)　限定(VK)　的(DE)　鎏金(Na)　巧克力(Na),[]
蛋糕,蛋糕(Na),[]
這味道也不錯,這(Nep)　味道(Na)　也(D)　不錯(VH),[]
我吞了二塊,我(Nh)　吞(VC)　了(Di)　二(Neu)　塊(Nf),"[{'word': '二塊', 'ner': 'MONEY'}]"
貴賓室陳列的酒好,貴賓室(Nc)　陳列(VC)　的(DE)　酒(Na)　好(VH),[]
皇家禮炮直都在架上,皇家(Na)　禮炮(Na)　直(D)　都(D)　在(P)　架上(Na),[]
步出貴賓室,步出(VCL)　貴賓室(Nc),"[{'word': '貴賓室', 'ner': 'FAC'}]"
無意間望向窗外機坪,無意間(VL)　望(VC)　向(P)　窗(Na)　外(Ncd)　機坪(Nc),[]
全日空的藍色垂直尾翼赫然映入眼簾,全日空(Nb)　的(DE)　藍色(Na)　垂直(VI)　尾翼(Na)　赫然(D)　映入(VCL)　眼簾(Na),[]
好奇心驅使下,好奇心(Na)　驅使(VL)　下(Nes),[]
跑近登機門查看,跑近(VA)　登機門(VA)　查看(VE),[]
赫然發現竟是星際大戰彩繪機本人,赫然(D)　發現(VE)　竟是(VG)　星際(Nc)　大戰(Na)　彩繪機(Na)　本人(Nh),"[{'word': '星際大戰', 'ner': 'EVENT'}]"
真不敢相信自己的眼睛,真(D)　不(D)　敢(VL)　相信(VK)　自己(Nh)　的(DE)　眼睛(Na),[]
據悉,據悉(Dk),[]
這架註冊編號的夢幻客機執行完航班任務後,這(Nep)　架(Nf)　註冊(VA)　編號(Na)　的(DE)　夢幻(Na)　客機(Na)　執行完(VC)　航班(Na)　任務(Na)　後(Ng),"[{'word': '夢幻客機', 'ner': 'PRODUCT'}]"
空渡來台進行,空渡(VC)　來(VA)　台(Nc)　進行(VC),"[{'word': '台', 'ner': 'GPE'}]"
同時卸下長達十年的彩繪塗裝,同時(Nd)　卸下(VC)　長達(VJ)　十(Neu)　年(Nf)　的(DE)　彩繪(Na)　塗裝(VC),"[{'word': '十年', 'ner': 'DATE'}]"
改回標準塗裝,改回(VC)　標準(Na)　塗裝(VC),[]
值得提的是,值得(VH)　提(VE)　的(DE)　是(SHI),[]
這也是長榮航,這(Nep)　也(D)　是(SHI)　長榮航(Nb),"[{'word': '長榮航', 'ner': 'ORG'}]"
太維修的第架全日空飛機,太(Dfa)　維修(VC)　的(DE)　第(Neu)　架(Nf)　全日空(Nb)　飛機(Na),[]
雙方甚至製作了紀念布條合影留念,雙方(Nh)　甚至(D)　製作(VC)　了(Di)　紀念(Na)　布條(Na)　合影(VA)　留念(VI),[]
這次是在登機門登機,這(Nep)　次(Nf)　是(SHI)　在(P)　登機門(VA)　登機(VA),[]
候機室主題為離島樂活,候機室(Nc)　主題(Na)　為(VG)　離島(Nc)　樂活(Na),[]
動手這篇紀錄的當下,動手(VA)　這(Nep)　篇(Nf)　紀錄(Na)　的(DE)　當下(D),[]
星宇航空的機隊仍維持五架規模,星宇(Nb)　航空(Na)　的(DE)　機隊(Na)　仍(D)　維持(VJ)　五(Neu)　架(Nf)　規模(Na),"[{'word': '星宇航空', 'ner': 'ORG'}, {'word': '五', 'ner': 'CARDINAL'}]"
而我個人只差四號與五號,而(Cbb)　我(Nh)　個人(Nh)　只(Da)　差(VH)　四(Neu)　號(Nf)　與(Caa)　五(Neu)　號(Nf),"[{'word': '四號', 'ner': 'DATE'}, {'word': '五號', 'ner': 'DATE'}]"
機尚未解鎖,機(Na)　尚未(D)　解鎖(VB),[]
沒想到搭機當天開啟查看,沒想到(D)　搭機(VA)　當天(Nd)　開啟(VC)　查看(VE),[]
發現目標機型早已派遣去新,發現(VE)　目標(Na)　機型(Na)　早已(D)　派遣(VC)　去(VCL)　新(D),[]
加坡和熊本了,加坡(Nc)　和(Caa)　熊本(Nc)　了(T),"[{'word': '加坡', 'ner': 'GPE'}, {'word': '熊本', 'ner': 'GPE'}]"
最終開獎是由三號機執行任務,最終(D)　開獎(VH)　是(SHI)　由(P)　三(Neu)　號(Nf)　機(Na)　執行(VC)　任務(Na),"[{'word': '三', 'ner': 'CARDINAL'}]"
這架年交付的,這(Nep)　架(Nf)　年(Na)　交付(VD)　的(DE),"[{'word': '年', 'ner': 'DATE'}]"
我早在當年年底就曾搭乘過,我(Nh)　早(D)　在(P)　當年(Nd)　年底(Nd)　就(D)　曾(D)　搭乘(VC)　過(Di),"[{'word': '當年年底', 'ner': 'DATE'}]"
這次是睽違近三年後與它再度相逢,這(Nep)　次(Nf)　是(SHI)　睽違(VH)　近(Da)　三(Neu)　年(Nf)　後(Ng)　與(P)　它(Nh)　再度(D)　相逢(VA),"[{'word': '近三年後', 'ner': 'DATE'}]"
設有席商務艙,設有(VJ)　席(Nf)　商務艙(Na),[]
當日班機全數滿座,當日(Nd)　班機(Na)　全數(Neqa)　滿座(VH),[]
出發前個多月才訂票,出發(VA)　前(Ng)　個(Nf)　多(Neqb)　月(Na)　才(Da)　訂(VC)　票(Na),"[{'word': '前個多月', 'ner': 'DATE'}]"
選到最後排的位置,選到(VC)　最後(Dfa)　排(Na)　的(DE)　位置(Na),[]
屬於窗邊的靠窗座位,屬於(VG)　窗(Na)　邊(Ncd)　的(DE)　靠(VJ)　窗(Na)　座位(Na),[]
則是窗邊的靠走道座位,則(D)　是(SHI)　窗(Na)　邊(Ncd)　的(DE)　靠(P)　走道(Na)　座位(Na),[]
意外發現座椅旁還有塊可利用小空間,意外(VK)　發現(VE)　座椅(Na)　旁(Ncd)　還(D)　有(V_2)　塊(Nf)　可(D)　利用(VC)　小(VH)　空間(Na),[]
下次再搭乘星宇時,下(Nes)　次(Nf)　再(D)　搭乘(VC)　星宇(Nb)　時(Ng),"[{'word': '星宇', 'ner': 'ORG'}]"
我應該會再次選擇這,我(Nh)　應該(D)　會(D)　再次(D)　選擇(VC)　這(Nep),[]
個位置,個(Nf)　位置(Na),[]
星宇航空雪地風情的北海道史努比迎賓圖片,星宇(Na)　航空(Na)　雪地(Na)　風情(Na)　的(DE)　北海道(Nc)　史努比(Nb)　迎賓(VC)　圖片(Na),"[{'word': '北海', 'ner': 'GPE'}]"
安全指示卡,安全(VH)　指示卡(Na),[]
入座後,入座(VA)　後(Ng),[]
日本空服員隨即端上迎賓果汁,日本(Nc)　空服員(Na)　隨即(D)　端上(VC)　迎賓(VA)　果汁(Na),"[{'word': '日本', 'ner': 'NORP'}, {'word': '迎賓', 'ner': 'ORG'}]"
年版本的史努比杯墊,年(Na)　版本(Na)　的(DE)　史努比(Nb)　杯墊(Na),"[{'word': '史努比', 'ner': 'PERSON'}]"
旁邊是日航的,旁邊(Ncd)　是(SHI)　日航(Nb)　的(DE),"[{'word': '日航', 'ner': 'ORG'}]"
今年冬季班表都是窄體機擔綱,今年(Nd)　冬季(Nd)　班表(Na)　都(D)　是(SHI)　窄體機(Na)　擔綱(VA),"[{'word': '今年冬季', 'ner': 'DATE'}]"
所以打消我搭日航,所以(Cbb)　打消(VC)　我(Nh)　搭(VC)　日航(Na),"[{'word': '日航', 'ner': 'ORG'}]"
的念頭,的(DE)　念頭(Na),[]
整備完成,整備(VC)　完成(VC),[]
在時分開始後推,在(P)　時分(Na)　開始(VH)　後(Ng)　推(VC),[]
再看星際大戰彩繪機最後眼,再(D)　看(VC)　星際(Nc)　大戰(Na)　彩繪機(Na)　最後(Nd)　眼(Na),[]
時分從北跑道滾行起飛,時分(Na)　從(P)　北(Ncd)　跑道(Na)　滾行(VA)　起飛(VA),[]
距表定時間晚了分鐘,距(P)　表定(VE)　時間(Na)　晚(VH)　了(Di)　分鐘(Nf),"[{'word': '分鐘', 'ner': 'TIME'}]"
起飛後約半小時,起飛(VA)　後(Ng)　約(Da)　半(Neqa)　小時(Na),"[{'word': '半小時', 'ner': 'TIME'}]"
空服員先送上開胃小點米果及酒水,空服員(Na)　先(D)　送上(VC)　開胃(VH)　小點(VH)　米果(Na)　及(Caa)　酒水(Na),[]
在酒水的選擇中,在(P)　酒水(Na)　的(DE)　選擇(Na)　中(Ng),[]
我點了羅蘭香檳白鶴淡雪氣泡清酒,我(Nh)　點(VC)　了(Di)　羅蘭(Nb)　香檳(Na)　白鶴(Na)　淡雪(VH)　氣泡(Na)　清酒(Na),"[{'word': '羅蘭', 'ner': 'GPE'}]"
以及最讓我驚豔的,以及(Caa)　最(Dfa)　讓(VL)　我(Nh)　驚豔(VH)　的(DE),[]
玄米龍眼酒,玄米(Na)　龍眼酒(Na),[]
龍眼酒的香氣逼人,龍眼酒(Na)　的(DE)　香氣(Na)　逼人(VH),[]
光聞就能感受到濃郁的龍眼芬芳,光(Da)　聞(VC)　就(D)　能(D)　感受到(VK)　濃郁(VH)　的(DE)　龍眼(Na)　芬芳(Nv),[]
入口後,入口(VCL)　後(Ng),[]
口腔瞬間充滿了煙燻龍眼乾的獨特韻味,口腔(Na)　瞬間(Nd)　充滿(VJ)　了(Di)　煙燻(A)　龍眼(Na)　乾(VH)　的(DE)　獨特(VH)　韻味(Na),[]
酒精感也比預期中柔和許多,酒精感(Na)　也(D)　比(P)　預期(Na)　中(Ng)　柔和(VH)　許多(Neqa),[]
這支酒完,這(Nep)　支(Nf)　酒(Na)　完(VH),[]
全擄獲了我的味蕾,全(Neqa)　擄獲(VC)　了(Di)　我(Nh)　的(DE)　味蕾(Na),[]
機上這款羅蘭香檳喝起來很清新,機(Na)　上(Ncd)　這(Nep)　款(Nf)　羅蘭(Nb)　香檳(Na)　喝起來(D)　很(Dfa)　清新(VH),"[{'word': '羅蘭', 'ner': 'GPE'}]"
尾韻直都會有種悠悠的香味,尾韻(Na)　直(D)　都(D)　會(D)　有(VH)　種(Nf)　悠悠(VH)　的(DE)　香味(Na),[]
很適合搭配這次的開胃,很(Dfa)　適合(VH)　搭配(VC)　這(Nep)　次(Nf)　的(DE)　開胃(Nv),[]
小點,小點(VH),[]
難得搭星宇會遇到開胃小點,難得(VH)　搭(VC)　星宇(Na)　會(D)　遇到(VC)　開胃(VH)　小(VH)　點(Dfb),[]
以前曼谷線都還吃得到,以前(Nd)　曼谷線(Na)　都(D)　還(D)　吃得到(VC),"[{'word': '曼谷', 'ner': 'GPE'}]"
後來改成小時以上航班才會提供,後來(Nd)　改成(VG)　小時(Na)　以上(Ng)　航班(Na)　才(Da)　會(D)　提供(VD),"[{'word': '小時', 'ner': 'TIME'}]"
機上米果是跟來自福岡的吉聯名合作,機(Na)　上(Ncd)　米果(Nb)　是(SHI)　跟(P)　來自(VJ)　福岡(Nc)　的(DE)　吉(Nb)　聯名(D)　合作(VH),"[{'word': '米果', 'ner': 'PERSON'}, {'word': '福岡', 'ner': 'GPE'}, {'word': '吉', 'ner': 'GPE'}]"
當班提供款機上餐,當(Nes)　班(Na)　提供款機(VD)　上餐(Ncd),[]
其中與胡同燒肉聯名的主餐是網路限定,其中(Nep)　與(P)　胡同(Na)　燒肉(Na)　聯名(D)　的(DE)　主餐(Na)　是(SHI)　網路(Na)　限定(VK),"[{'word': '胡同燒肉', 'ner': 'PRODUCT'}]"
趁著隔壁阿嬤緩慢的調整用餐姿勢,趁著(P)　隔壁(Nc)　阿嬤(Na)　緩慢(VH)　的(DE)　調整(VC)　用餐(VA)　姿勢(Na),[]
我借拍了西式餐點的前菜沙拉,我(Nh)　借拍(VC)　了(Di)　西式(A)　餐點(Na)　的(DE)　前菜(Na)　沙拉(Na),[]
看起來份量很足,看起來(D)　份量(Na)　很(Dfa)　足(VH),[]
接著是網路限定的胡同日本和牛臂肉上蓋牛排,接著(D)　是(SHI)　網路(Na)　限定(VK)　的(DE)　胡同(Na)　日本(Nc)　和(Caa)　牛臂肉(Na)　上蓋(Ncd)　牛排(Na),"[{'word': '日本', 'ner': 'GPE'}]"
國籍航空的和食很會擺,國籍(Na)　航空(Na)　的(DE)　和食(Caa)　很(Dfa)　會(D)　擺(VC),[]
視覺效果滿分,視覺(Na)　效果(Na)　滿分(Na),[]
雖然味道不好吃,雖然(Cbb)　味道(Na)　不(D)　好吃(VH),[]
但光看這些賞心悅目的,但(Cbb)　光(Da)　看(VC)　這些(Neqa)　賞心悅目(VH)　的(DE),[]
菜色,菜色(Na),[]
我的心情就會很好,我(Nh)　的(DE)　心情(Na)　就(D)　會(D)　很(Dfa)　好(VH),[]
專屬胡同套餐的前菜,專屬(VJ)　胡同(Na)　套餐(Na)　的(DE)　前菜(Na),[]
由左至右依序是雞肝慕斯佐蜂蜜檸檬凍金平魷魚牛蒡三杯醋漬,由(P)　左(Ncd)　至(Caa)　右(Ncd)　依序(D)　是(SHI)　雞肝(Na)　慕斯(Na)　佐(VC)　蜂蜜(Na)　檸檬(Na)　凍(VC)　金平(Nc)　魷魚(Na)　牛蒡(Na)　三(Neu)　杯(Nf)　醋漬(Na),"[{'word': '三', 'ner': 'CARDINAL'}]"
星鰻,星鰻(Na),"[{'word': '星鰻', 'ner': 'PERSON'}]"
米飯是栗子牛蒡松子炊飯,米飯(Na)　是(SHI)　栗子(Na)　牛蒡(Na)　松子(Na)　炊飯(Na),[]
這款超對我的胃,這(Nep)　款(Nf)　超(VJ)　對(P)　我(Nh)　的(DE)　胃(Na),[]
超好吃,超(Dfa)　好吃(VH),[]
湯是干貝雲吞雞湯,湯(Na)　是(SHI)　干貝(Na)　雲吞(VC)　雞湯(Na),[]
當下覺得這碗湯好有誠意,當下(D)　覺得(VK)　這(Nep)　碗(Nf)　湯(Na)　好(Dfa)　有(V_2)　誠意(Na),[]
主餐是胡同日本和牛臂肉上蓋牛排,主餐(Na)　是(SHI)　胡同(Na)　日本(Nc)　和(Caa)　牛臂肉(Na)　上蓋(Ncd)　牛排(Na),"[{'word': '日本', 'ner': 'GPE'}]"
即便吃到最後有點膩,即便(Cbb)　吃(VC)　到(P)　最後(Nd)　有點(Dfa)　膩(VH),[]
可是調味得宜,可是(Cbb)　調味(VA)　得宜(VH),[]
還不錯吃,還(D)　不錯(VH)　吃(VC),[]
吃牛肉吃到有點膩口時,吃(VC)　牛肉(Na)　吃到(VC)　有點(Dfa)　膩口(VH)　時(Ng),[]
喝口梅錦的純米大吟釀,喝(VC)　口(Nf)　梅錦(Na)　的(DE)　純(VH)　米(Na)　大吟釀(Na),[]
既順口又解膩,既(Caa)　順口(VH)　又(Caa)　解膩(VC),[]
太座點的照燒醬烤梅花豚,太座(Na)　點(VC)　的(DE)　照燒醬(P)　烤(VC)　梅花豚(Na),[]
白飯與熱湯相較胡同套餐就失色不少,白飯(Na)　與(Caa)　熱湯(Na)　相較(VB)　胡同(Na)　套餐(Na)　就(D)　失色(VH)　不少(Neqa),[]
專屬的開胃前菜由左到右依序是紫蘇干貝梅漬蕃茄涼拌鮭卵山藥白蝦舞菇茶碗蒸,專屬(VJ)　的(DE)　開胃(VH)　前菜(Na)　由(P)　左(Ncd)　到(Caa)　右(Ncd)　依序(D)　是(SHI)　紫蘇(Na)　干貝(Na)　梅漬(Na)　蕃茄(Na)　涼拌(VC)　鮭卵(Na)　山藥(Na)　白蝦(Na)　舞菇(Na)　茶碗(Na)　蒸(VC),[]
主餐照燒醬烤梅花豚醬感很重,主餐(Na)　照燒醬(P)　烤(VC)　梅花(Na)　豚醬(Na)　感(Na)　很(Dfa)　重(VH),[]
配白飯剛剛好,配(VC)　白飯(Na)　剛剛(Da)　好(VH),[]
水果與甜點同步上桌,水果(Na)　與(Caa)　甜點(Na)　同步(VH)　上桌(VA),[]
玫瑰荔枝覆盆子晶凍的風味清新爽口,玫瑰(Na)　荔枝(Na)　覆盆子(Na)　晶凍(Na)　的(DE)　風味(Na)　清新(VH)　爽口(VH),[]
可以平衡主餐後的味覺,可以(D)　平衡(VHC)　主餐(Na)　後(Ng)　的(DE)　味覺(Na),[]
完美的餐後句點,完美(VH)　的(DE)　餐(Na)　後(Ng)　句點(Na),[]
胡同套餐的甜點標配,胡同(Na)　套餐(Na)　的(DE)　甜點(Na)　標配(Na),[]
好像都是焙茶布丁,好像(D)　都(D)　是(SHI)　焙茶(VA)　布丁(Na),[]
但味道就還好,但(Cbb)　味道(Na)　就(D)　還好(VH),[]
餐盤收拾完畢後,餐盤(Na)　收拾(VC)　完畢(VH)　後(Ng),[]
空服員再次送上熱毛巾,空服員(Na)　再次(D)　送上(VC)　熱(VHC)　毛巾(Na),[]
同時,同時(Nd),[]
我預點的星宇特調也全部到齊了,我(Nh)　預(VC)　點(VC)　的(DE)　星宇(Na)　特調(Na)　也(D)　全部(Neqa)　到齊(VH)　了(T),"[{'word': '星宇', 'ner': 'ORG'}]"
每次,每(Nes)　次(Nf),[]
搭乘星宇航空,搭乘(VC)　星宇(Nb)　航空(Na),[]
定要上輪才過癮,定(D)　要(D)　上(Nes)　輪(Nf)　才(Da)　過癮(VH),[]
這次除了銀河碧螺春是必喝必推薦之外,這(Nep)　次(Nf)　除了(P)　銀河(Na)　碧螺春(Na)　是(SHI)　必(D)　喝(VC)　必(D)　推薦(VC)　之外(Ng),"[{'word': '銀河碧螺春', 'ner': 'PRODUCT'}]"
橙香迷霧是新推出的特調,橙香(Na)　迷霧(Na)　是(SHI)　新(D)　推出(VC)　的(DE)　特調(Na),[]
基底採用了玄米龍眼,基底(Na)　採用(VC)　了(Di)　玄米(Na)　龍眼(Na),[]
每喝口都有龍眼特殊香氣,每(D)　喝(VC)　口(Nf)　都(D)　有(V_2)　龍眼(Na)　特殊(VH)　香氣(Na),[]
喜愛龍眼的人,喜愛(VL)　龍眼(Na)　的(DE)　人(Na),[]
應該都會喜歡,應該(D)　都(D)　會(D)　喜歡(VK),[]
降落前點了街咖啡的黑咖啡醒腦,降落(VA)　前(Ng)　點(VC)　了(Di)　街(Na)　咖啡(Na)　的(DE)　黑(VH)　咖啡(Na)　醒腦(VA),[]
喝起來酸苦適中,喝起來(D)　酸苦(VH)　適中(VH),[]
降落前的小糖果,降落(VA)　前(Ng)　的(DE)　小(VH)　糖果(Na),[]
新包裝看起來很有趣,新(VH)　包裝(Na)　看起來(D)　很(Dfa)　有趣(VH),[]
的航線沿途海陸交錯,的(DE)　航線(Na)　沿途(Nc)　海陸(Na)　交錯(VH),[]
最後進入日本陸地上空時,最後(Nd)　進入(VCL)　日本(Nc)　陸地(Na)　上空(Nc)　時(Ng),"[{'word': '日本', 'ner': 'GPE'}]"
表示已經抵達北海道領土,表示(VE)　已經(D)　抵達(VCL)　北海道(Nc)　領土(Na),"[{'word': '北海道', 'ner': 'GPE'}]"
最終降落在新千歲機場的跑道,最終(D)　降落(VA)　在(P)　新千歲(Nc)　機場(Nc)　的(DE)　跑道(Na),"[{'word': '新千歲機場', 'ner': 'FAC'}]"
抵達時間為時分,抵達(Nv)　時間(Na)　為(VG)　時分(Na),[]
較預定時刻提早了分,較(Dfa)　預定(VE)　時刻(Na)　提早(VL)　了(Di)　分(Nf),[]
這是我首次造訪新千歲機場,這(Nep)　是(SHI)　我(Nh)　首次(D)　造訪(VC)　新千歲(VH)　機場(Nc),"[{'word': '新千歲機場', 'ner': 'FAC'}]"
但因為過去曾玩過航空管制官的關係,但(Cbb)　因為(Cbb)　過去(Nd)　曾(D)　玩(VC)　過(Di)　航空(Na)　管制(Na)　官(Na)　的(DE)　關係(Na),[]
因此,因此(Cbb),[]
產生了種奇妙的既視感,產生(VHC)　了(Di)　種(Nf)　奇妙(VH)　的(DE)　既視感(Caa),[]
其實,其實(D),[]
日本境內有多座機場,日本(Nc)　境(Na)　內(Ncd)　有(V_2)　多(Neqa)　座(Nf)　機場(Nc),"[{'word': '日本', 'ner': 'GPE'}]"
都是透過這種虛實連結的方式先,都(D)　是(SHI)　透過(P)　這(Nep)　種(Nf)　虛實(Na)　連結(VC)　的(DE)　方式(Na)　先(D),[]
行體驗,行(VA)　體驗(VC),[]
文末附上的飛行資訊圖,文(Na)　末(Ncd)　附上(VC)　的(DE)　飛行(VA)　資訊圖(Na),[]
起飛側拍影片,起飛(VA)　側(Ncd)　拍(VC)　影片(Na),[]
落地側拍影片,落地(VA)　側(Ncd)　拍(VC)　影片(Na),[]
後記,後記(Na),[]
台灣飛往北海道新千歲機場的航線,台灣(Nc)　飛往(VCL)　北海道(Nc)　新千歲(Nc)　機場(Nc)　的(DE)　航線(Na),"[{'word': '台灣', 'ner': 'GPE'}, {'word': '北海道', 'ner': 'GPE'}, {'word': '新千歲機場', 'ner': 'FAC'}]"
在接近日本領空後,在(P)　接近(VC)　日本(Nc)　領空(Nc)　後(Ng),"[{'word': '日本', 'ner': 'GPE'}]"
主要都是沿著裏日本往北飛行,主要(D)　都(D)　是(SHI)　沿(P)　著(Di)　裏(Ncd)　日本(Nc)　往(P)　北(Ncd)　飛行(VA),"[{'word': '日本', 'ner': 'GPE'}]"
因此,因此(Cbb),[]
我選擇了靠窗的側座位,我(Nh)　選擇(VC)　了(Di)　靠(P)　窗(Na)　的(DE)　側座位(Ncd),[]
雖然過程中陽光會直射整路,雖然(Cbb)　過程(Na)　中(Ng)　陽光(Na)　會(D)　直射(VC)　整(Neqa)　路(Na),[]
但如果當天萬里無雲,但(Cbb)　如果(Cbb)　當天(Nd)　萬里無雲(VH),"[{'word': '萬里', 'ner': 'QUANTITY'}]"
看到風景極佳的陸地景觀,看到(VE)　風景(Na)　極(Dfa)　佳(VH)　的(DE)　陸地(Na)　景觀(Na),[]
反之,反之(Dk),[]
若選擇側座位,若(Cbb)　選擇(VC)　側座位(Ncd),[]
飛過九州後就真的路海景看到降,飛過(VCL)　九州(Nc)　後(Ng)　就(D)　真的(D)　路(Na)　海景(Na)　看到(VE)　降(VC),"[{'word': '九州', 'ner': 'GPE'}]"
落了,落(VA)　了(Di),[]
新千歲不但是星宇航空亞洲線最北的航點,新千歲(VH)　不但(Cbb)　是(SHI)　星宇(Nb)　航空(Na)　亞洲線(Na)　最(Dfa)　北(Ncd)　的(DE)　航點(Na),"[{'word': '新千歲', 'ner': 'DATE'}, {'word': '亞洲', 'ner': 'LOC'}]"
票價應該也是亞洲線屬屬二高的,票價(Na)　應該(D)　也(D)　是(SHI)　亞洲線(Na)　屬(VG)　屬(VG)　二(Neu)　高(VH)　的(DE),"[{'word': '亞洲', 'ner': 'LOC'}, {'word': '二', 'ner': 'CARDINAL'}]"
去程即便,去程(Na)　即便(Cbb),[]
未到中午,未(D)　到(P)　中午(Nd),"[{'word': '未到中午', 'ner': 'TIME'}]"
起飛後仍吃得到開胃小點,起飛(VA)　後(Ng)　仍(D)　吃(VC)　得(DE)　到(VC)　開胃(VH)　小點(VH),[]
我記得新加坡的連去程吃不到,我(Nh)　記得(VK)　新加坡(Nc)　的(DE)　連(Cbb)　去程(Na)　吃(VC)　不(D)　到(VC),"[{'word': '新加坡', 'ner': 'GPE'}]"
包含座位上的礦泉,包含(VJ)　座位(Na)　上(Ncd)　的(DE)　礦泉(Na),[]
水也是小時以上航點才會有之前搭星宇時,水(Na)　也(D)　是(SHI)　小時(Na)　以上(Ng)　航點(Na)　才(Da)　會(D)　有(V_2)　之前(Nd)　搭(VC)　星宇(Na)　時(Ng),"[{'word': '小時', 'ner': 'TIME'}]"
空服員跟我說的,空服員(Na)　跟(P)　我(Nh)　說(VE)　的(DE),[]
年初搭了國泰航空香港飛日本的商務艙,年初(Nd)　搭(VC)　了(Di)　國泰(Nb)　航空(Na)　香港(Nc)　飛(VA)　日本(Nc)　的(DE)　商務艙(Na),"[{'word': '年初', 'ner': 'DATE'}, {'word': '香港', 'ner': 'GPE'}, {'word': '日本', 'ner': 'GPE'}]"
撇開硬體設備不說,撇開(VC)　硬體(Na)　設備(Na)　不(D)　說(VE),[]
無論餐點或是飲料酒水都大,無論(Cbb)　餐點(Na)　或是(Caa)　飲料(Na)　酒水(Na)　都(D)　大(VH),[]
輸星宇,輸(VD)　星宇(Na),"[{'word': '星宇', 'ner': 'PERSON'}]"
星宇的日本餐點真的很精緻,星宇(Nb)　的(DE)　日本(Nc)　餐點(Na)　真的(D)　很(Dfa)　精緻(VH),"[{'word': '星宇', 'ner': 'ORG'}, {'word': '日本', 'ner': 'GPE'}]"
光看賣相就覺得賞心悅目,光(Da)　看(VC)　賣相(Na)　就(D)　覺得(VK)　賞心悅目(VH),[]
飲料與酒水也都精心挑,飲料(Na)　與(Caa)　酒水(Na)　也(D)　都(D)　精心(VH)　挑(VC),[]
這次搭乘想喝的飲品超多,這(Nep)　次(Nf)　搭乘(VC)　想(VE)　喝(VC)　的(DE)　飲品(Na)　超多(VH),[]
其中就屬玄米龍眼酒最讓人驚艷,其中(Nep)　就(D)　屬(VG)　玄米(Na)　龍眼酒(Na)　最(Dfa)　讓(VL)　人(Na)　驚艷(VH),"[{'word': '玄米', 'ner': 'QUANTITY'}]"
對於年版本的史努比主題航班,對於(P)　年(Na)　版本(Na)　的(DE)　史努比(Nb)　主題(Na)　航班(Na),[]
我心中不免感到失望,我(Nh)　心(Na)　中(Ng)　不免(D)　感到(VK)　失望(VH),[]
因為商務艙的體驗感受本就不,因為(Cbb)　商務艙(Na)　的(DE)　體驗(VC)　感受(Na)　本(D)　就(D)　不(D),[]
尤其今年還停止發送史努比撲克牌,尤其(D)　今年(Nd)　還(D)　停止(VF)　發送(VD)　史努比(Nb)　撲克牌(Na),"[{'word': '今年', 'ner': 'DATE'}, {'word': '史努比', 'ner': 'PERSON'}]"
我不期望航空公司將整架飛機改為史努比塗裝,我(Nh)　不(D)　期望(VK)　航空(Na)　公司(Nc)　將(P)　整(Neqa)　架(Nf)　飛機(Na)　改為(VG)　史努比(Nb)　塗裝(VC),[]
畢竟坐在機艙內的人看不到,畢竟(D)　坐(VA)　在(P)　機艙(Na)　內(Ncd)　的(DE)　人(Na)　看(VC)　不(D)　到(VC),[]
但衷心希望能增加更多機內的史努比元素,但(Cbb)　衷心(D)　希望(VK)　能(D)　增加(VHC)　更多(Neqa)　機(Na)　內(Ncd)　的(DE)　史努比(Nb)　元素(Na),[]
讓飛行體驗,讓(VL)　飛行(Nv)　體驗(Nv),[]
可以更加豐富,可以(D)　更加(Dfa)　豐富(VHC),[]
有看有推,有(V_2)　看(VC)　有(V_2)　推(VC),[]
發睡袋,發(VD)　睡袋(Na),[]
差點砸在地上腥粉護航好棒棒航空,差點(D)　砸(VC)　在(P)　地(Na)　上(Ncd)　腥粉(Na)　護航(VB)　好棒棒(Dfa)　航空(Na),[]
樓上發病記得看醫生,樓上(Nc)　發病(VH)　記得(VK)　看醫生(VA),[]
除了某家,除了(P)　某(Nes)　家(Nf),[]
其他都推,其他(Neqa)　都(D)　推(VC),[]
就算廣體我也不認為你會飛,就算(Cbb)　廣體(VH)　我(Nh)　也(D)　不(D)　認為(VE)　你(Nh)　會(D)　飛(VA),[]
還要在成田轉國內線,還要(Dfa)　在(P)　成田(Nc)　轉(VC)　國內線(Na),"[{'word': '成田', 'ner': 'GPE'}]"
吃得真好,吃(VC)　得(DE)　真(D)　好(VH),[]
湯很有誠意欸,湯(Na)　很(Dfa)　有(V_2)　誠意(Na)　欸(I),"[{'word': '湯', 'ner': 'PERSON'}]"
推回來,推回來(VC),[]
說人發病的要不要自己先去看,說(VE)　人(Na)　發病(VH)　的(DE)　要不要(D)　自己(Nh)　先(D)　去(D)　看(VC),[]
不喜歡看人家的分享文可以不要看,不(D)　喜歡(VK)　看(VC)　人家(Nh)　的(DE)　分享文(Na)　可以(D)　不要(D)　看(VC),[]
嘴巴臭不會去刷牙,嘴巴(Na)　臭(VH)　不會(D)　去(D)　刷牙(VA),[]
發病的快點去掛號別狗叫了,發病(VH)　的(DE)　快點(D)　去(D)　掛號(VA)　別(Nes)　狗(Na)　叫(VE)　了(Di),[]
好多粉在護航喔,好多粉(Neqa)　在(P)　護航(VB)　喔(T),[]
哈哈哈哈哈哈哈哈哈哈,哈哈(D)　哈哈(D)　哈哈(D)　哈哈(D)　哈哈(D),[]
好了啦剩你隻在吠就叫人家粉,好了(T)　啦(T)　剩(VJ)　你(Nh)　隻(Nf)　在(D)　吠(VA)　就(D)　叫(VG)　人家(Nh)　粉(Na),[]
推勇者,推(VC)　勇者(Na),[]
感恩,感恩(VI),[]
上週搭乘星宇航空由東京經台北到曼谷的飛行體驗實在驚艷,上(Nes)　週(Nf)　搭乘(VC)　星宇(Nb)　航空(Na)　由(P)　東京(Nc)　經(P)　台北(Nc)　到(VCL)　曼谷(Nc)　的(DE)　飛行(Nv)　體驗(VC)　實在(D)　驚艷(VI),"[{'word': '上週', 'ner': 'DATE'}, {'word': '星宇航空', 'ner': 'ORG'}, {'word': '東京', 'ner': 'GPE'}, {'word': '台北', 'ner': 'GPE'}, {'word': '曼谷', 'ner': 'GPE'}]"
除去硬地規格外地面及空中服務完全是頂級配置,除去(VC)　硬(Na)　地(Na)　規格(Na)　外(Ng)　地面(Nc)　及(Caa)　空中(Nc)　服務(VC)　完全(D)　是(SHI)　頂級(A)　配置(VC),[]
實屬精品級頭等艙產品,實(D)　屬(VG)　精品級(Na)　頭等艙(Na)　產品(Na),[]
東京啟程,東京(Nc)　啟程(VA),"[{'word': '東京', 'ner': 'GPE'}]"
從成田機場啟程,從(P)　成田(Nc)　機場(Nc)　啟程(VA),"[{'word': '成田機場', 'ner': 'FAC'}]"
雖然東京沒有提供專車接送服務,雖然(Cbb)　東京(Nc)　沒有(D)　提供(VD)　專車(Na)　接送(Nv)　服務(Nv),"[{'word': '東京', 'ner': 'GPE'}]"
但星宇的地勤服務依舊細膩,但(Cbb)　星宇(Nb)　的(DE)　地勤(Na)　服務(VC)　依舊(D)　細膩(VH),[]
抵達報到櫃檯工作人員旋即已姓氏稱呼問候,抵達(VCL)　報到(Nv)　櫃檯(Na)　工作(Nv)　人員(Na)　旋即(D)　已(D)　姓氏(Na)　稱呼(VG)　問候(VC),[]
雖然壽司吧沒有供應但仍有體驗到響,雖然(Cbb)　壽司吧(Na)　沒有(D)　供應(VD)　但(Cbb)　仍(D)　有(D)　體驗到(VK)　響(VH),[]
讓給同行家人體驗,讓給(VD)　同行(Na)　家人(Na)　體驗(VC),[]
我則先體驗商務艙包廂,我(Nh)　則(D)　先(D)　體驗(VC)　商務艙(Na)　包廂(Na),[]
轉機,轉機(Na),[]
抵達桃園後,抵達(VCL)　桃園(Nc)　後(Ng),"[{'word': '桃園', 'ner': 'GPE'}]"
星宇有提供頭等艙乘客及名同行者環宇通關與接送服務,星宇(Nb)　有(V_2)　提供(VD)　頭等艙(Na)　乘客(Na)　及(Caa)　名(Nf)　同行者(VH)　環宇(Nb)　通關(VA)　與(Caa)　接送(VC)　服務(VC),"[{'word': '星宇', 'ner': 'ORG'}]"
這邊要注意的是環宇正在整修環境有異音餐點品質下降,這邊(Ncd)　要(D)　注意(VK)　的(DE)　是(SHI)　環宇(Nb)　正在(D)　整修(VC)　環境(Na)　有(V_2)　異音(Na)　餐點(Na)　品質(Na)　下降(VA),[]
但目前仍是極速通關首選,但(Cbb)　目前(Nd)　仍(D)　是(SHI)　極速(Na)　通關(VA)　首選(Na),[]
出現這個狀況後隔日出境很感謝地勤立刻更改讓我由環宇通關後到星宇二航頭等貴賓室休息,出現(VH)　這(Nep)　個(Nf)　狀況(Na)　後(Ng)　隔日(D)　出境(VA)　很(Dfa)　感謝(VK)　地勤(Na)　立刻(D)　更改(VC)　讓(VL)　我(Nh)　由(P)　環宇(Nb)　通關(VA)　後(Ng)　到(P)　星宇(Nb)　二(Neu)　航(Na)　頭等(Na)　貴賓室(Nc)　休息(VA),"[{'word': '隔日', 'ner': 'DATE'}, {'word': '星宇二航頭', 'ner': 'FAC'}]"
吹風機與全套旅行套組,吹風機(Na)　與(Caa)　全(Neqa)　套(Nf)　旅行套組(VA),[]
精緻度勝過同場長榮貴賓室,精緻度(Na)　勝過(VJ)　同(Nes)　場(Nf)　長榮(Nb)　貴賓室(Nc),"[{'word': '長榮貴賓室', 'ner': 'FAC'}]"
也有多項特色餐點現做奶油大蝦義大利麵和牛三明治特色甜點等,也(D)　有(V_2)　多(Neqa)　項(Nf)　特色(Na)　餐點(Na)　現(D)　做(VC)　奶油(Na)　大(VH)　蝦(Na)　義大利麵(Na)　和(Caa)　牛(Na)　三明治(Na)　特色(Na)　甜點(Na)　等(Cab),[]
續航,續航(Na),[]
接著搭乘前往曼谷,接著(D)　搭乘(VC)　前往(VCL)　曼谷(Nc),"[{'word': '曼谷', 'ner': 'GPE'}]"
真正體驗了頭等套房,真正(D)　體驗(VC)　了(Di)　頭等(A)　套房(Na),[]
起飛後空服人員也將中間座位鋪床讓我小憩使用,起飛(VA)　後(Ng)　空服人員(Na)　也(D)　將(P)　中間(Ncd)　座位(Na)　鋪(VC)　床(Na)　讓(VL)　我(Nh)　小憩(VA)　使用(VC),[]
並介紹酒款,並(Cbb)　介紹(VE)　酒款(Na),[]
主餐是招牌頂級牛排,主餐(Na)　是(SHI)　招牌(Na)　頂級(A)　牛排(Na),[]
非常多汁也沒有過熟像牛肉乾的口感,非常(Dfa)　多汁(VH)　也(D)　沒有(VJ)　過(Dfa)　熟(VH)　像(P)　牛肉乾(Na)　的(DE)　口感(Na),[]
豪華盤子商務艙,豪華(VH)　盤子(Na)　商務艙(Na),[]
原來主餐樣都是今半,原來(A)　主餐(Na)　樣(Na)　都(D)　是(SHI)　今(Nd)　半(Neqa),"[{'word': '今半', 'ner': 'DATE'}]"
今半是要預約才有但商務艙以上都可以選,今(Nd)　半(Neqa)　是(SHI)　要(D)　預約(VC)　才(Da)　有(V_2)　但(Cbb)　商務艙(Na)　以上(Ng)　都(D)　可以(D)　選(VC),"[{'word': '今半', 'ner': 'CARDINAL'}]"
呵呵樓很急,呵呵樓(D)　很(Dfa)　急(VH),[]
笑死,笑死(VHC),[]
腥粉出來了,腥粉(Na)　出來(VA)　了(Di),[]
喜歡你分享的圖片只是文字內容感覺很葉,喜歡(VK)　你(Nh)　分享(VJ)　的(DE)　圖片(Na)　只是(Da)　文字(Na)　內容(Na)　感覺(VK)　很(Dfa)　葉(VH),[]
噓的人應該沒有錢搭,噓(I)　的(DE)　人(Na)　應該(D)　沒有(VJ)　錢(Na)　搭(VC),[]
牛排看起來好好吃希望未來也能去搭,牛排(Na)　看起來(D)　好好(Dfa)　吃(VC)　希望(VK)　未來(Nd)　也(D)　能(D)　去(D)　搭(VC),[]
樓是不是有什麼被星宇虧待的地方分享文而已何必大酸,樓(Nc)　是(SHI)　不(D)　是(SHI)　有(V_2)　什麼(Nep)　被(P)　星宇(Nb)　虧待(VC)　的(DE)　地方(Na)　分享(Na)　文(Na)　而已(T)　何必(D)　大(VH)　酸(VH),[]
今半真的非常推目前覺得最好吃的商務艙餐點,今(Nd)　半(Neqa)　真的(D)　非常(Dfa)　推(VC)　目前(Nd)　覺得(VK)　最(Dfa)　好吃(VH)　的(DE)　商務艙(Na)　餐點(Na),"[{'word': '今半', 'ner': 'DATE'}]"
頭等跟商務的今半套餐內容不樣,頭等(A)　跟(P)　商務(Na)　的(DE)　今(Nd)　半(Neqa)　套餐(Na)　內容(Na)　不樣(VH),"[{'word': '今半', 'ner': 'CARDINAL'}]"
有分享有推,有(V_2)　分享(VJ)　有(V_2)　推(Nv),[]
假業配就是噓,假業配(VH)　就(Cbb)　是(SHI)　噓(I),[]
真的是很無聊,真的(D)　是(SHI)　很(Dfa)　無聊(VH),[]
好好喔,好好(VH)　喔(T),[]
這樣轉機的話台灣的接送也是兩次嗎,這樣(VH)　轉機(Na)　的話(Cba)　台灣(Nc)　的(DE)　接送(Nv)　也(D)　是(SHI)　兩(Neu)　次(Nf)　嗎(T),"[{'word': '台灣', 'ner': 'GPE'}, {'word': '兩', 'ner': 'CARDINAL'}]"
有請,有(VC)　請(VF),[]
很喜歡在他文章底下留言,很(Dfa)　喜歡(VK)　在(P)　他(Nh)　文章(Na)　底下(Ncd)　留言(Na),[]
因為前者有過不尊重女性的言論過,因為(Cbb)　前者(Nh)　有(V_2)　過(Di)　不(D)　尊重(VJ)　女性(Na)　的(DE)　言論(Na)　過(Di),[]
噓的是怎樣,噓(I)　的(DE)　是(SHI)　怎樣(VH),[]
不能分享就對了,不能(D)　分享(VJ)　就(D)　對(VH)　了(T),[]
連別家商務艙都不如,連(Cbb)　別(Nes)　家(Nf)　商務艙(Na)　都(D)　不如(VJ),[]
推回來,推回來(VC),[]
哪家商務能贏星宇頭等,哪(Nep)　家(Nf)　商務(Na)　能(D)　贏(VD)　星宇(Na)　頭等(A),[]
豪洨,豪(Nb)　洨(ETCCATEGORY),[]
的跟的吧,的(DE)　跟(Caa)　的(T)　吧(T),[]
這麼近距離拍到員工好歹也碼下,這麼(D)　近距離(Na)　拍到(VC)　員工(Na)　好歹(D)　也(D)　碼下(VC),[]
笑死玻璃心碎掉,笑死(VHC)　玻璃心(Na)　碎掉(VH),[]
哈哈哈哈哈哈,哈哈(D)　哈哈(D)　哈哈(D),[]
標題星宇航空年股利,標題(Na)　星宇(Nb)　航空(Na)　年(Na)　股利(Na),"[{'word': '星宇航空', 'ner': 'ORG'}]"
來源公開資訊觀測站,來源(Na)　公開(VHC)　資訊(Na)　觀測站(Nc),[]
公司名網站名,公司(Nc)　名(A)　網站(Nc)　名(Na),[]
網址仟元,網址(Na)　仟(Neu)　元(Nf),[]
月日累計至本期止營業利益損失仟元,月(Na)　日(Na)　累計(VJ)　至(P)　本(Nes)　期(Nf)　止(Ng)　營業(Nv)　利益(Na)　損失(VJ)　仟(Neu)　元(Nf),"[{'word': '月日', 'ner': 'DATE'}, {'word': '仟元', 'ner': 'MONEY'}]"
月日累計至本期止稅前淨利淨損仟元,月(Na)　日(Na)　累計(VJ)　至(P)　本(Nes)　期(Nf)　止(Ng)　稅(Na)　前(Ng)　淨利(Na)　淨損(VJ)　仟(Neu)　元(Nf),"[{'word': '月日', 'ner': 'DATE'}, {'word': '仟元', 'ner': 'MONEY'}]"
月日累計至本期止本期淨利淨損仟元,月(Na)　日(Na)　累計(VJ)　至(P)　本(Nes)　期(Nf)　止(Ng)　本(Nes)　期(Nf)　淨利(Na)　淨損(VJ)　仟(Neu)　元(Nf),"[{'word': '月日', 'ner': 'DATE'}, {'word': '仟元', 'ner': 'MONEY'}]"
月日累計至本期止歸屬於母公司業主淨利損仟元,月(Na)　日(Na)　累計(VJ)　至(P)　本(Nes)　期(Nf)　止(Ng)　歸屬於(VG)　母公司(Nc)　業主(Na)　淨利損(Na)　仟(Neu)　元(Nf),"[{'word': '月日', 'ner': 'DATE'}, {'word': '仟元', 'ner': 'MONEY'}]"
月日累計至本期止基本每股盈餘損失元,月(Na)　日(Na)　累計(VJ)　至(P)　本(Nes)　期(Nf)　止(Ng)　基本(A)　每(Nes)　股(Nf)　盈餘(Na)　損失(VJ)　元(Nf),"[{'word': '月日', 'ner': 'DATE'}]"
期末總資產仟元,期末(Nd)　總資產(Na)　仟(Neu)　元(Nf),"[{'word': '仟元', 'ner': 'MONEY'}]"
期末總負債仟元,期末(Nd)　總負債(D)　仟(Neu)　元(Nf),"[{'word': '仟元', 'ner': 'MONEY'}]"
期末歸屬於母公司業主之權益仟元,期末(Nd)　歸屬於(VG)　母公司(Nc)　業主(Na)　之(DE)　權益(Na)　仟(Neu)　元(Nf),"[{'word': '仟元', 'ner': 'MONEY'}]"
其他應敘明事項上列財務報告詳細資訊將於主管機關規定期限內完成上傳作業,其他(Neqa)　應(D)　敘明(VE)　事項(Na)　上列(A)　財務(Na)　報告(Na)　詳細(VH)　資訊(Na)　將(D)　於(P)　主管(Na)　機關(Na)　規定(VE)　期限(Na)　內(Ng)　完成(VC)　上傳(Ncd)　作業(Na),[]
屆時相關之財務報告資訊請至公開資訊觀測站查詢,屆時(D)　相關(VH)　之(DE)　財務(Na)　報告(Na)　資訊(Na)　請(VF)　至(P)　公開(VHC)　資訊(Na)　觀測站(Nc)　查詢(VE),[]
說明,說明(VE),[]
董事會決議日期,董事會(Na)　決議(VE)　日期(Na),[]
股利所屬年季度年年度,股利(Na)　所屬(A)　年(Nd)　季度(Nd)　年(Na)　年度(Na),[]
股利所屬期間至,股利(Na)　所屬(A)　期間(Na)　至(P),[]
股東配發內容,股東(Na)　配發(VJ)　內容(Na),[]
盈餘分配之現金股利元股,盈餘(Na)　分配(VD)　之(DE)　現金(Na)　股利(Na)　元股(Nf),[]
法定盈餘公積發放之現金元股,法定(A)　盈餘(Na)　公積(Na)　發放(VD)　之(DE)　現金(Na)　元股(Nf),[]
資本公積發放之現金元股,資本(Na)　公積(Na)　發放(VD)　之(DE)　現金(Na)　元股(Nf),[]
股東配發之現金股利總金額元,股東(Na)　配發(VJ)　之(DE)　現金(Na)　股利(Na)　總金額(Na)　元(Nf),[]
盈餘轉增資配股元股,盈餘(Na)　轉增資(VH)　配股(Nv)　元股(Nf),[]
法定盈餘公積轉增資配股元股,法定(A)　盈餘(Na)　公積(Na)　轉增資(VH)　配股(Nv)　元股(Nf),[]
資本公積轉增資配股元股,資本(Na)　公積(Na)　轉增資(VH)　配股(Nv)　元股(Nf),[]
股東配股總股數股,股東(Na)　配股(VB)　總股數(Na)　股(Na),[]
其他應敘明事項,其他(Neqa)　應(D)　敘明(VC)　事項(Na),[]
普通股每股面額欄位新台幣元,普通股(Na)　每(Nes)　股(Nf)　面額(Na)　欄位(Na)　新台幣(Na)　元(Nf),"[{'word': '新台幣元', 'ner': 'MONEY'}]"
你在哭什麼哭沒除息,你(Nh)　在(P)　哭(VA)　什麼(Nep)　哭(VA)　沒(VH)　除息(Na),[]
空姐還有個月,空姐(Na)　還(D)　有(V_2)　個(Nf)　月(Na),"[{'word': '個月', 'ner': 'DATE'}]"
該滿足了,該(D)　滿足(VHC)　了(Di),[]
大不了空姐跟股東起罷工,大不了(VH)　空姐(Na)　跟(P)　股東(Na)　起(VC)　罷工(VA),[]
玩丸完,玩丸(VC)　完(VH),[]
重落地,重(VH)　落地(VA),[]
各位觀眾八個零,各位(Nes)　觀眾(Na)　八(Neu)　個(Nf)　零(Neu),"[{'word': '八', 'ner': 'CARDINAL'}, {'word': '零', 'ner': 'CARDINAL'}]"
年終都只有個月不要太期待了,年終(Nd)　都(D)　只(Da)　有(V_2)　個(Nf)　月(Na)　不要(D)　太(Dfa)　期待(VK)　了(T),"[{'word': '個月', 'ner': 'DATE'}]"
錢都在那了,錢(Na)　都(D)　在(P)　那(Ncd)　了(T),[]
各位觀眾,各位(Nes)　觀眾(Na),[]
問就是共體時艱,問(VE)　就(D)　是(SHI)　共體時艱(VA),[]
留給粉買,留給(VD)　粉(Na)　買(VC),[]
錢都拿去給蔡依林拍了,錢(Na)　都(D)　拿去(VC)　給(P)　蔡依林(Nb)　拍(VC)　了(Di),"[{'word': '蔡依林', 'ner': 'PERSON'}]"
還有個月員工還不知足啊,還(D)　有(V_2)　個(Nf)　月(Na)　員工(Na)　還(D)　不(D)　知足(VH)　啊(T),[]
拍那的成本應該要千萬吧,拍(VC)　那(Nep)　的(DE)　成本(Na)　應該(D)　要(D)　千萬(Neu)　吧(T),"[{'word': '千萬', 'ner': 'CARDINAL'}]"
我就站在布拉格的廣場,我(Nh)　就(D)　站(VA)　在(P)　布拉格(Nc)　的(DE)　廣場(Nc),"[{'word': '布拉格', 'ner': 'PERSON'}]"
我被八了,我(Nh)　被(P)　八(VC)　了(Di),[]
香蕉最愛,香蕉(Na)　最愛(Na),[]
還能拍請啦啦隊讚啦,還(D)　能(D)　拍(VC)　請(VF)　啦啦隊(Na)　讚(VH)　啦(T),[]
員工還有個月欸,員工(Na)　還(D)　有(V_2)　個(Nf)　月(Na)　欸(I),[]
千萬能發幾個月年終,千萬(D)　能(D)　發(VD)　幾(Neu)　個(Nf)　月(Na)　年終(Nd),[]
不是有藝人說買了堆,不(D)　是(SHI)　有(V_2)　藝人(Na)　說(VE)　買(VC)　了(Di)　堆(Nf),[]
去年不是堆人都跑出國嗎,去年(Nd)　不(D)　是(SHI)　堆(Nf)　人(Na)　都(D)　跑出國(VA)　嗎(T),"[{'word': '去年', 'ner': 'DATE'}]"
股東跟員工有看到可以滿足了吧,股東(Na)　跟(Caa)　員工(Na)　有(D)　看到(VE)　可以(D)　滿足(VHC)　了(T)　吧(T),[]
開個大家都在飛的釜山還要找台妹小南宣傳厲害吧,開(VC)　個(Di)　大家(Nh)　都(D)　在(P)　飛(VA)　的(DE)　釜山(Nc)　還要(Dfa)　找(VC)　台妹(Na)　小南(Nb)　宣傳(VC)　厲害(VH)　吧(T),"[{'word': '釜山', 'ner': 'GPE'}]"
這個油價繼續下去連個月都沒了,這(Nep)　個(Nf)　油價(Na)　繼續(VF)　下去(Di)　連(Cbb)　個(Nf)　月(Na)　都(D)　沒(VJ)　了(Di),"[{'word': '連個月', 'ner': 'DATE'}]"
在許願池投下了希望,在(P)　許願池(Nc)　投下(VC)　了(Di)　希望(Na),"[{'word': '許願池', 'ner': 'PERSON'}]"
股利太美我不敢看,股利(Na)　太(Dfa)　美(VH)　我(Nh)　不(D)　敢(VL)　看(VC),[]
我看隨便架飛機待修就負了,我(Nh)　看(VE)　隨便(VH)　架(VC)　飛機(Na)　待(P)　修(VC)　就(D)　負(VJ)　了(Di),[]
奇怪,奇怪(VK),[]
他票價貴的要死,他(Nh)　票價(Na)　貴(VH)　的(DE)　要(D)　死(VH),[]
結果這獲利是怎樣,結果(Dk)　這(Nep)　獲利(Na)　是(SHI)　怎樣(VH),[]
還想領年終喔,還(D)　想(VE)　領(VC)　年終(Nd)　喔(T),[]
召喚香蕉,召喚(VC)　香蕉(Na),[]
我去大阪有貢獻些些些收入,我(Nh)　去(VCL)　大阪(Nc)　有(V_2)　貢獻(Na)　些(Nf)　些些(Neqa)　收入(Na),"[{'word': '大阪', 'ner': 'GPE'}]"
難怪上次飛,難怪(D)　上(Nes)　次(Nf)　飛(VA),[]
要個牌,要(D)　個(Nf)　牌(Na),[]
空姐臉臭的要死,空姐(Na)　臉(Na)　臭(VH)　的(DE)　要(D)　死(VH),[]
香蕉啊我快笑死不說我還以為股神,香蕉(Na)　啊(T)　我(Nh)　快(D)　笑死(VHC)　不(D)　說(VE)　我(Nh)　還(D)　以為(VE)　股神(Na),[]
這股價比華航高,這(Nep)　股價(Na)　比(P)　華航(Nc)　高(VH),"[{'word': '華航', 'ner': 'ORG'}]"
都在裡了,都(D)　在(P)　裡(Ncd)　了(T),[]
星宇不發,星宇(Na)　不(D)　發(VJ),[]
群創發元,群創(Nb)　發(Nb)　元(Nb),[]
笑死沒賺錢員工還在那裏吵真的是夠了,笑死(VHC)　沒(D)　賺錢(VA)　員工(Na)　還(D)　在(P)　那裏(Ncd)　吵(VC)　真的(D)　是(SHI)　夠(VH)　了(T),[]
槓桿有賺就跑還要人教爛到不行耶笑死,槓桿(Na)　有(V_2)　賺(VC)　就(D)　跑(VA)　還(Dfa)　要(VE)　人(Na)　教(VC)　爛(VH)　到(P)　不行(VH)　耶(T)　笑死(VHC),[]
這家真的賣信仰的,這(Nep)　家(Nc)　真的(D)　賣(VD)　信仰(Na)　的(T),[]
已經是人生勝利組了,已經(D)　是(SHI)　人生(Na)　勝利(VH)　組(Na)　了(T),[]
還這麼受市場青睞,還(D)　這麼(D)　受(P)　市場(Nc)　青睞(VI),[]
飛機產業沒有條龍支援就不能賺,飛機(Na)　產業(Na)　沒有(VJ)　條龍(Na)　支援(VC)　就(D)　不能(D)　賺(VC),[]
那畫面太美我不敢看,那(Nep)　畫面(Na)　太(Dfa)　美(VH)　我(Nh)　不(D)　敢(VL)　看(VC),[]
台虎長榮這麼賺都有自己條龍後勤,台虎(Nb)　長榮(Nb)　這麼(D)　賺(VC)　都(D)　有(V_2)　自己(Nh)　條(Nf)　龍(Na)　後勤(Na),[]
我也很欣賞,我(Nh)　也(D)　很(Dfa)　欣賞(VJ),[]
但投資碼歸碼,但(Cbb)　投資碼(VC)　歸碼(VB),[]
這個就尚無投資價值壓,這(Nep)　個(Nf)　就(D)　尚(D)　無(VJ)　投資(Na)　價值(Na)　壓(VC),[]
飛機,飛機(Na),[]
航線都在那邊,航線(Na)　都(D)　在(P)　那邊(Ncd),[]
多久可以賺回來,多久(Nd)　可以(D)　賺回來(VC),[]
都算得出來壓,都(D)　算得(VE)　出來(VA)　壓(VC),[]
阿人家就喜歡吃美美的餐點,阿人家(Nb)　就(D)　喜歡(VK)　吃(VC)　美美(VH)　的(DE)　餐點(Na),[]
喝美美的飲料,喝(VC)　美美(VH)　的(DE)　飲料(Na),[]
笑死不愧是慣二代錢都拿去買自己喜歡的飛機,笑死(VHC)　不愧(D)　是(SHI)　慣(VH)　二(Neu)　代(Na)　錢(Na)　都(D)　拿去(VC)　買(VC)　自己(Nh)　喜歡(VK)　的(DE)　飛機(Na),[]
跟抽卡包樣,跟(P)　抽卡包(VC)　樣(Ng),[]
我就是要集好集滿發薪水了嗎,我(Nh)　就(D)　是(SHI)　要(D)　集好(VC)　集滿(VC)　發(VD)　薪水(Na)　了(T)　嗎(T),[]
先全部拿去抽卡包,先(D)　全部(Neqa)　拿去(VC)　抽(VC)　卡包(Na),[]
笑暈,笑暈(VA),[]
最貴還是長榮吧,最(Dfa)　貴(VH)　還(D)　是(SHI)　長榮(Nb)　吧(T),[]
早就料到,早(D)　就(D)　料到(VE),[]
他航線還是不多吧,他(Nh)　航線(Na)　還是(D)　不(D)　多(VH)　吧(T),[]
快字頭囉,快(VH)　字(Na)　頭(Na)　囉(T),[]
笑死跟員工起共體時艱,笑死(VHC)　跟(P)　員工(Na)　起(Ng)　共體時艱(VA),[]
這本益比幾倍,這(Nep)　本益比(Na)　幾(Neu)　倍(Na),[]
還在發展期間的公司是要發什麼股利,還(D)　在(P)　發展(VC)　期間(Na)　的(DE)　公司(Nc)　是(SHI)　要(D)　發(VD)　什麼(Nep)　股利(Na),[]
丸富二代努力的下場,丸富(Nb)　二(Neu)　代(Na)　努力(VH)　的(DE)　下場(Na),"[{'word': '丸富二代', 'ner': 'PERSON'}]"
香蕉表示,香蕉(Na)　表示(VE),"[{'word': '香蕉', 'ner': 'PERSON'}]"
我站在不拉了的慌張,我(Nh)　站(VA)　在(P)　不(D)　拉(VC)　了(Di)　的(DE)　慌張(VH),[]
我今天才看到釜山是找南跟大哥廣告耶,我(Nh)　今天(Nd)　才(Da)　看到(VE)　釜山(Nc)　是(SHI)　找南(VC)　跟(P)　大哥(Na)　廣告(Na)　耶(T),"[{'word': '今天', 'ner': 'DATE'}, {'word': '釜山', 'ner': 'GPE'}]"
慘好慘好險去年年初全賣了,慘(VH)　好(VH)　慘(VH)　好險(VH)　去年(Nd)　年初(Nd)　全(Neqa)　賣(VD)　了(Di),"[{'word': '去年年初', 'ner': 'DATE'}]"
共體時堅下未來賺錢董很大方的年終個月發下去變賠錢對股東不好交代航空業連巴菲特都不投佛心企業,共體時堅(VA)　下(Ng)　未來(Nd)　賺錢(VA)　董(Nb)　很(Dfa)　大方(VH)　的(DE)　年終(Nd)　個(Nf)　月(Na)　發(VB)　下去(Di)　變(VG)　賠錢(VH)　對(P)　股東(Na)　不(D)　好(VH)　交代(VE)　航空業(Na)　連(Cbb)　巴菲特(Nb)　都(D)　不(D)　投(VC)　佛心(Na)　企業(Na),"[{'word': '巴菲特', 'ner': 'PERSON'}]"
還好我張賣掉了垃圾,還好(D)　我(Nh)　張(Nb)　賣掉(VC)　了(Di)　垃圾(Na),[]
星宇的機票那麼貴,星宇(Nb)　的(DE)　機票(Na)　那麼(D)　貴(VH),"[{'word': '星宇', 'ner': 'ORG'}]"
還賺那麼少專營貨運跟後勤維修,還(D)　賺(VC)　那麼少(Neqa)　專營(VC)　貨運(Na)　跟(Caa)　後勤(Na)　維修(VC),[]
可能賺的更多工作就是要賺錢的,可能(D)　賺(VC)　的(DE)　更多(Neqa)　工作(Na)　就(D)　是(SHI)　要(D)　賺錢(VA)　的(DE),[]
共體時堅是慣老闆的標準,共體時堅(VA)　是(SHI)　慣(VH)　老闆(Na)　的(DE)　標準(Na),[]
票賣這麼貴到底,票(Na)　賣(VD)　這麼(D)　貴(VH)　到底(D),[]
萬人響應沒人買票,萬(Neu)　人(Na)　響應(VC)　沒(VJ)　人(Na)　買票(VA),[]
可撥學人精航空學到沒賺錢,可(D)　撥(VC)　學人(Na)　精(VH)　航空(Na)　學到(VC)　沒(D)　賺錢(VA),[]
就沒賺錢是要發三小發毛膩,就(D)　沒(D)　賺錢(VA)　是(SHI)　要(D)　發(VD)　三(Neu)　小(VH)　發(VH)　毛膩(VH),[]
當股東是乞丐,當(P)　股東(Na)　是(SHI)　乞丐(Na),[]
被包圍的布拉格,被(P)　包圍(VC)　的(DE)　布拉格(Nc),"[{'word': '布拉格', 'ner': 'PERSON'}]"
第四季虧,第四(Neu)　季(Nd)　虧(VC),"[{'word': '第四', 'ner': 'ORDINAL'}]"
太貴惹,太(Dfa)　貴(VH)　惹(VC),[]
熱門航線搶不贏,熱門(VH)　航線(Na)　搶(VC)　不(D)　贏(VD),[]
勝負就是已經確定了,勝負(Na)　就(Cbb)　是(SHI)　已經(D)　確定(VK)　了(Di),[]
專營日本線就好,專營(VC)　日本線(Na)　就(D)　好(VH),"[{'word': '日本', 'ner': 'GPE'}]"
其他都收掉,其他(Neqa)　都(D)　收掉(VC),[]
就會賺爆了,就(D)　會(D)　賺爆(VC)　了(Di),[]
錢在布拉格的廣場,錢(Na)　在(P)　布拉格(Nc)　的(DE)　廣場(Nc),"[{'word': '布拉格', 'ner': 'PERSON'}]"
結果工會還在那邊弄投資的勞工,結果(Dk)　工會(Nc)　還(D)　在(P)　那邊(Ncd)　弄(VC)　投資(VC)　的(DE)　勞工(Na),[]
釜山,釜山(Nc),"[{'word': '釜山', 'ner': 'GPE'}]"
不然樓下賣鍋貼的如,不然(Cbb)　樓下(Nc)　賣(VD)　鍋貼(Na)　的(DE)　如(P),[]
不怕二代不努力,不(D)　怕(VK)　二(Neu)　代(Na)　不(D)　努力(VH),"[{'word': '二', 'ner': 'CARDINAL'}]"
什麼都還發個月年終,什麼(Nep)　都(D)　還(D)　發(VD)　個(Nf)　月(Na)　年終(Nd),[]
老闆超佛,老闆(Na)　超佛(Nb),[]
都投進布拉格許願池變成希望了,都(D)　投進(VC)　布拉格(Nc)　許願池(Nc)　變成(VG)　希望(Na)　了(T),[]
幸運的精子靠媒體造神,幸運(VH)　的(DE)　精子(Na)　靠(P)　媒體(Na)　造(VC)　神(Na),[]
還能拍股東員工吃屎,還(D)　能(D)　拍(VC)　股東(Na)　員工(Na)　吃(VC)　屎(Na),[]
錢都拿去做公關了啦員工不爽可以不要做阿反正買網軍比養員工還重要很多員工可割可棄,錢(Na)　都(D)　拿去(VC)　做(VC)　公關(Na)　了(T)　啦(T)　員工(Na)　不(D)　爽(VH)　可以(D)　不要(D)　做(VC)　阿(T)　反正(D)　買(VC)　網軍(Na)　比(P)　養(VC)　員工(Na)　還(Dfa)　重要(VH)　很多(Neqa)　員工(Na)　可(D)　割(VC)　可(D)　棄(VC),[]
各位觀衆九個零就是九令,各位(Nh)　觀衆(Na)　九(Neu)　個(Nf)　零(Neu)　就(D)　是(SHI)　九(Neu)　令(VL),"[{'word': '九', 'ner': 'CARDINAL'}, {'word': '九', 'ner': 'CARDINAL'}]"
再吵下次就送各位菜,再(D)　吵(VC)　下(Nes)　次(Nf)　就(D)　送(VD)　各位(Nes)　菜(Na),[]
股票版社群開放,股票版(Na)　社群(Na)　開放(VC),[]
限時人員,限時(D)　人員(Na),[]
人滿關群,人(VH)　滿(VH)　關群(Na),[]
速加,速加(P),[]
笑死人,笑死(VHC)　人(Na),[]
票價那麼貴,票價(Na)　那麼(D)　貴(VH),[]
油價停漲沒轉機,油價(Na)　停(VH)　漲(VH)　沒(VJ)　轉機(Na),[]
香蕉概念股,香蕉(Na)　概念股(Na),[]
董粉繼續瞎挺,董粉(Nb)　繼續(VF)　瞎(VH)　挺(Dfa),"[{'word': '董粉', 'ner': 'PERSON'}]"
語畢,語(VE)　畢(VH),[]
我買張就是等股東折扣碼,我(Nh)　買(VC)　張(Nf)　就是(D)　等(VC)　股東(Na)　折扣碼(Na),[]
有些航點其實也不貴,有(V_2)　些(Nf)　航點(Na)　其實(D)　也(D)　不(D)　貴(VH),[]
丸子,丸子(Na),[]
所以去年年終才這麼慘嗎,所以(Cbb)　去年(Nd)　年終(Nd)　才(Da)　這麼(Dfa)　慘(VH)　嗎(T),"[{'word': '去年', 'ner': 'DATE'}]"
不是應該業績不錯,不(D)　是(SHI)　應該(D)　業績(Na)　不錯(VH),[]
還是加上又採購了而造成獲益降低,還是(Caa)　加上(Cbb)　又(D)　採購(VC)　了(Di)　而(Cbb)　造成(VG)　獲益(VA)　降低(VHC),[]
永遠的,永遠(VH)　的(DE),[]
金玉其外,金玉(Na)　其(Nep)　外(Ncd),"[{'word': '金玉', 'ner': 'PERSON'}]"
買以上的辛苦了,買(VC)　以上(Ng)　的(DE)　辛苦(VHC)　了(T),[]
破底再來買,破底(VH)　再(D)　來(D)　買(VC),[]
就可以買這麼多台,就(D)　可以(D)　買(VC)　這麼多(Neqa)　台(Nf),[]
引述月滿江瀾之銘言,引述(VC)　月(Na)　滿(Neqa)　江瀾(Na)　之(DE)　銘言(Na),[]
虎航能這麼賺還有個原因是,虎航(Nb)　能(D)　這麼(D)　賺(VC)　還(D)　有(V_2)　個(Nf)　原因(Na)　是(SHI),"[{'word': '虎航', 'ner': 'ORG'}]"
幾乎是快要比照的價格與條件,幾乎(Da)　是(SHI)　快要(D)　比照(VJ)　的(DE)　價格(Na)　與(Caa)　條件(Na),[]
使用各子公司的業務,使用(VC)　各(Nes)　子公司(Nc)　的(DE)　業務(Na),[]
沒有這種資源能做航空業務的供應商,沒有(VJ)　這(Nep)　種(Nf)　資源(Na)　能(D)　做(VC)　航空(Na)　業務(Na)　的(DE)　供應商(Na),[]
就那幾間價格就那樣你沒的選,就(D)　那(Nep)　幾(Neu)　間(Nf)　價格(Na)　就(D)　那樣(VH)　你(Nh)　沒(VJ)　的(DE)　選(VC),[]
又要有自己的獨特風格,又(D)　要(D)　有(V_2)　自己(Nh)　的(DE)　獨特(VH)　風格(Na),[]
很多業務需求都要指定樣式貨源與品牌使用,很多(Neqa)　業務(Na)　需求(Na)　都(D)　要(D)　指定(VE)　樣式(Na)　貨源(Na)　與(Caa)　品牌(Na)　使用(VC),[]
那成本就又更高大截了,那(Nep)　成本(Na)　就(D)　又(D)　更(D)　高(VH)　大(VH)　截(Nf)　了(T),[]
網路上看到的,網路(Na)　上(Ng)　看到(VE)　的(DE),[]
虎航真的算是種更好的獲利模式,虎航(Nb)　真的(D)　算是(VG)　種(Nf)　更(D)　好(VH)　的(DE)　獲利(Na)　模式(Na),"[{'word': '虎航', 'ner': 'ORG'}]"
集團資源共享,集團(Na)　資源(Na)　共享(VJ),[]
品牌獨立,品牌(Na)　獨立(VH),[]
虎航在許多後勤資源上依賴華航集團,虎航(Nb)　在(P)　許多(Neqa)　後勤(Na)　資源(Na)　上(Ng)　依賴(VK)　華航(Nc)　集團(Na),"[{'word': '虎航', 'ner': 'ORG'}, {'word': '華航集團', 'ner': 'ORG'}]"
例如,例如(P),[]
您在機場看到的飛機維修地面作業,您(Nh)　在(P)　機場(Nc)　看到(VE)　的(DE)　飛機(Na)　維修(VC)　地面(Nc)　作業(Na),[]
很多是由華航集團旗下的子公司如台灣飛機維修公司桃園航勤,很多(Neqa)　是(SHI)　由(P)　華航(Nc)　集團(Na)　旗下(Nc)　的(DE)　子公司(Nc)　如(P)　台灣(Nc)　飛機(Na)　維修(VC)　公司(Nc)　桃園(Nc)　航勤(Na),"[{'word': '華航集團', 'ner': 'ORG'}, {'word': '台灣飛機維修公司', 'ner': 'ORG'}, {'word': '桃園航勤', 'ner': 'ORG'}]"
負責,負責(VL),[]
這確保了虎航雖然票價便宜,這(Nep)　確保(VE)　了(Di)　虎航(Nb)　雖然(Cbb)　票價(Na)　便宜(VH),"[{'word': '虎航', 'ner': 'ORG'}]"
但飛安標準與維修品質是比照華航集團的高規格,但(Cbb)　飛安(Na)　標準(Na)　與(Caa)　維修(VC)　品質(Na)　是(SHI)　比照(P)　華航(Nc)　集團(Na)　的(DE)　高規格(VH),"[{'word': '華航集團', 'ner': 'ORG'}]"
這樣虎航節省了很多的人事行政設備的折舊成本,這樣(VH)　虎航(Nb)　節省(VJ)　了(Di)　很多(Neqa)　的(DE)　人事(Na)　行政(Na)　設備(Na)　的(DE)　折舊(VH)　成本(Na),"[{'word': '虎航', 'ner': 'ORG'}]"
因為集團子公司就是用類似同集團共享租用的方式,因為(Cbb)　集團(Na)　子公司(Nc)　就是(D)　用(P)　類似(VG)　同(Nes)　集團(Na)　共享(VJ)　租用(VC)　的(DE)　方式(Na),[]
來攤提這些費用,來(D)　攤提(VC)　這些(Neqa)　費用(Na),[]
就像地勤,就(D)　像(VG)　地勤(Na),[]
不用像華航要先去投資軟硬體去建立規模人事行政制度,不用(D)　像(P)　華航(Nc)　要(D)　先(D)　去(D)　投資(VC)　軟硬體(Na)　去(D)　建立(VC)　規模(Na)　人事(Na)　行政(Na)　制度(Na),"[{'word': '華航', 'ner': 'ORG'}]"
母集團提供的服務也能保持在成本之內,母集團(A)　提供(VD)　的(DE)　服務(Nv)　也(D)　能(D)　保持(VJ)　在(P)　成本(Na)　之內(Ng),[]
能有效的去運用整體多餘的資源,能(D)　有效(VH)　的(DE)　去(D)　運用(VC)　整體(Na)　多餘(A)　的(DE)　資源(Na),[]
那這種好康的當然不可能隨便給外人,那(Dk)　這(Nep)　種(Nf)　好康(VH)　的(DE)　當然(D)　不可能(D)　隨便(VH)　給(VD)　外人(Na),[]
就算有也是原價高價提供,就算(Cbb)　有(V_2)　也(D)　是(SHI)　原價(Na)　高價(D)　提供(VD),[]
是要賺你錢的,是(SHI)　要(D)　賺(VC)　你(Nh)　錢(Na)　的(DE),[]
你的航空不是親兒子是佔不到便宜的,你(Nh)　的(DE)　航空(Na)　不(D)　是(SHI)　親(Na)　兒子(Na)　是(SHI)　佔(VJ)　不(D)　到(VJ)　便宜(VH)　的(DE),[]
那董初創星宇,那(Nep)　董(Nb)　初(D)　創(VC)　星宇(Nb),[]
這些都要自己搞,這些(Neqa)　都(D)　要(D)　自己(Nh)　搞(VC),[]
不被人掐住喉嚨,不(D)　被(P)　人(Na)　掐住(VC)　喉嚨(Na),[]
投資下去都是要長期攤提的,投資(VC)　下去(Di)　都(D)　是(SHI)　要(D)　長期(Na)　攤提(VC)　的(DE),[]
等於前面都不賺錢,等於(VG)　前面(Ncd)　都(D)　不(D)　賺錢(VA),[]
賠錢都要算進財報,賠錢(VH)　都(D)　要(D)　算進(VC)　財報(Na),[]
自然難看,自然(D)　難看(VH),[]
就像今天台積電如果有家子公司,就(D)　像(P)　今天(Nd)　台積電(Nb)　如果(Cbb)　有(V_2)　家(Nf)　子公司(Nc),"[{'word': '台積電', 'ner': 'ORG'}]"
可以成本價去運用集團的軟硬體資源,可(D)　以(P)　成本價(Na)　去(D)　運用(VC)　集團(Na)　的(DE)　軟硬體(Na)　資源(Na),[]
甚至提供人才轉職,甚至(D)　提供(VD)　人才(Na)　轉職(VA),[]
去運營些項目,去(D)　運營(VA)　些(Nf)　項目(Na),[]
不用去搞硬體攤提,不用(D)　去(D)　搞(VC)　硬體(Na)　攤提(VC),[]
不用去管甚麼維修的,不用(D)　去(D)　管(VE)　甚麼(Nep)　維修(VC)　的(DE),[]
只要專注開發客戶,只要(Cbb)　專注(VH)　開發(VC)　客戶(Na),[]
那不賺錢就奇怪了,那(Nep)　不(D)　賺錢(VA)　就(D)　奇怪(VK)　了(T),[]
星宇現在就像是甚麼都要自己來,星宇(Na)　現在(Nd)　就(D)　像是(VG)　甚麼(Nep)　都(D)　要(D)　自己(Nh)　來(D),"[{'word': '星宇', 'ner': 'PERSON'}]"
飛機次買個十幾架,飛機(Na)　次(Nes)　買(VC)　個(Nf)　十幾(Neu)　架(Nf),"[{'word': '十幾', 'ner': 'CARDINAL'}]"
上百億的花,上百億(Neu)　的(DE)　花(Na),"[{'word': '上百億', 'ner': 'CARDINAL'}]"
這先期的成本都是長期年才會緩過來的,這(Nep)　先期(Nd)　的(DE)　成本(Na)　都(D)　是(SHI)　長期(Na)　年(Nf)　才(Da)　會(D)　緩過來(VB)　的(T),[]
除非真的不缺錢,除非(Cbb)　真的(D)　不(D)　缺(VJ)　錢(Na),[]
不然能去董他公司上班的,不然(Cbb)　能(D)　去(VCL)　董(Nb)　他(Nh)　公司(Nc)　上班(VA)　的(DE),[]
要有陪老闆辛苦奮鬥多年,要(D)　有(V_2)　陪(VC)　老闆(Na)　辛苦(VHC)　奮鬥(VA)　多(Neqa)　年(Nf),[]
看其他人領半年年年終的心理準備,看(VE)　其他(Neqa)　人(Na)　領(VC)　半年年(Neqa)　年終(Nd)　的(DE)　心理(Na)　準備(Nv),"[{'word': '半年', 'ner': 'DATE'}]"
至於老闆之後賺錢會不會分你多點,至於(P)　老闆(Na)　之後(Ng)　賺錢(VA)　會不會(D)　分(VC)　你(Nh)　多點(Neqa),[]
這就不說了,這(Nep)　就(D)　不(D)　說(VE)　了(Di),[]
台灣咩,台灣(Nc)　咩(T),"[{'word': '台灣', 'ner': 'GPE'}]"
剛看到消息,剛(D)　看到(VE)　消息(Na),[]
桃機出國人數創新高,桃機(Nb)　出國(Nv)　人數(Na)　創新(VC)　高(VH),"[{'word': '桃機', 'ner': 'GPE'}]"
我要是長榮航跟華航虎航員工,我(Nh)　要是(Cbb)　長榮航(Nb)　跟(P)　華航(Nc)　虎航(Nc)　員工(Na),"[{'word': '長榮航', 'ner': 'ORG'}, {'word': '華航', 'ner': 'ORG'}, {'word': '虎航', 'ner': 'ORG'}]"
心裡可開心了,心(Na)　裡(Ng)　可(D)　開心(VH)　了(T),[]
越忙領得越多,越(D)　忙(VH)　領(VC)　得(DE)　越(D)　多(VH),[]
又可以換車了,又(D)　可以(D)　換車(VA)　了(Di),[]
至於星宇的,至於(P)　星宇(Na)　的(DE),[]
同樣忙的要死領個月,同樣(Dfa)　忙(VH)　的(DE)　要(D)　死(VC)　領(VC)　個(Nf)　月(Na),[]
真的是會幹在心裡口難開,真的(D)　是(SHI)　會(D)　幹(VC)　在(P)　心(Na)　裡(Ng)　口(Na)　難(VH)　開(VC),[]
尤其這產業的員工真的相對會比較這些東西,尤其(D)　這(Nep)　產業(Na)　的(DE)　員工(Na)　真的(D)　相對(VH)　會(D)　比較(VC)　這些(Neqa)　東西(Na),[]
虎航那個就華航集團垂直整合,虎航(Nb)　那(Nep)　個(Nf)　就(P)　華航(Nc)　集團(Na)　垂直(VI)　整合(VC),"[{'word': '虎航', 'ner': 'ORG'}, {'word': '華航集團', 'ner': 'ORG'}]"
華航飛安,華航(Nc)　飛安(Na),"[{'word': '華航', 'ner': 'ORG'}]"
就是吸華航的奶水,就是(D)　吸(VC)　華航(Nc)　的(DE)　奶水(Na),"[{'word': '華航', 'ner': 'ORG'}]"
這產業看到堆人只會幹死了哪有什麼越多人越賺,這(Nep)　產業(Na)　看到(VE)　堆(Nf)　人(Na)　只(Da)　會(D)　幹死(VC)　了(Di)　哪(Ncd)　有(V_2)　什麼(Nep)　越(D)　多(VH)　人(Na)　越(D)　賺(VC),[]
藉由華航的奶水在跟日本分手到最後成功股票上市沒有讓成為虧損反而大發財是個很好的操作,藉由(P)　華航(Nc)　的(DE)　奶水(Na)　在(P)　跟(P)　日本(Nc)　分手(VA)　到(P)　最後(Nd)　成功(VH)　股票(Na)　上市(VH)　沒有(D)　讓(VL)　成為(VG)　虧損(Na)　反而(Cbb)　大發財(VH)　是(SHI)　個(Nf)　很(Dfa)　好(VH)　的(DE)　操作(Nv),"[{'word': '華航', 'ner': 'ORG'}, {'word': '日本', 'ner': 'GPE'}]"
你這樣講在星宇工作的人真的很功德,你(Nh)　這樣(VH)　講(VE)　在(P)　星宇(Na)　工作(Na)　的(DE)　人(Na)　真的(D)　很(Dfa)　功德(Na),[]
砍班也不手軟,砍(VA)　班(Na)　也(D)　不(D)　手軟(VH),[]
你覺得少就跳去國外航空啊,你(Nh)　覺得(VK)　少(VH)　就(D)　跳(VA)　去(VCL)　國外(Nc)　航空(Na)　啊(T),[]
沒人說員工不能跳槽啊又不是壟斷行業,沒(VJ)　人(Na)　說(VE)　員工(Na)　不能(D)　跳槽(VA)　啊(T)　又(D)　不(D)　是(SHI)　壟斷(VC)　行業(Na),[]
便宜,便宜(VH),[]
星宇欠缺的是夠大的經濟規模這部分需要機隊數量增加到定規模經營事業不是立即能看到成效需要點時間,星宇(Nb)　欠缺(VJ)　的(DE)　是(SHI)　夠(Dfa)　大(VH)　的(DE)　經濟(Na)　規模(Na)　這(Nep)　部分(Neqa)　需要(VK)　機隊(Na)　數量(Na)　增加(VHC)　到(P)　定(VC)　規模(Na)　經營(VC)　事業(Na)　不(D)　是(SHI)　立即(D)　能(D)　看到(VE)　成效(Na)　需要(VK)　點(Nf)　時間(Na),"[{'word': '星宇', 'ner': 'ORG'}]"
星宇之後要自己做空廚降低成本的樣子,星宇(Nb)　之後(Ng)　要(D)　自己(Nh)　做(VC)　空廚(Nc)　降低(VHC)　成本(Na)　的(DE)　樣子(Na),"[{'word': '星宇', 'ner': 'ORG'}]"
臺鐵便當能賺錢也是因為這樣,臺鐵(Nc)　便當(Na)　能(D)　賺錢(VA)　也(D)　是(SHI)　因為(Cbb)　這樣(VH),"[{'word': '臺鐵', 'ner': 'ORG'}]"
就是去那裡做功德,就(Cbb)　是(SHI)　去(VCL)　那裡(Ncd)　做(VC)　功德(Na),[]
華信看我幹嘛,華信(Nc)　看(VC)　我(Nh)　幹嘛(D),"[{'word': '華信', 'ner': 'ORG'}]"
聖暉,聖暉(Nb),"[{'word': '聖暉', 'ner': 'PERSON'}]"
華航有高規格維修品質嗎,華航(Nc)　有(V_2)　高規格(VH)　維修(VC)　品質(Na)　嗎(T),"[{'word': '華航', 'ner': 'ORG'}]"
虎航有時候比華航還貴還啥都沒有賺爛,虎航(Nc)　有時候(D)　比(P)　華航(Nc)　還(Dfa)　貴(VH)　還(D)　啥(Nep)　都(D)　沒有(D)　賺爛(VC),"[{'word': '虎航', 'ner': 'ORG'}, {'word': '華航', 'ner': 'ORG'}]"
可見要對客人或勞工差,可見(Dk)　要(D)　對(P)　客人(Na)　或(Caa)　勞工(Na)　差(VH),[]
公司才會賺大錢以人為本的企業,公司(Nc)　才(Da)　會(D)　賺(VC)　大錢(Na)　以(P)　人(Na)　為本(VI)　的(DE)　企業(Na),[]
慈善事業嗎,慈善(A)　事業(Na)　嗎(T),[]
華航飛安喔,華航(Nc)　飛安(Na)　喔(T),"[{'word': '華航', 'ner': 'ORG'}]"
腳在身上不信自行離開,腳(Na)　在(P)　身(Na)　上(Ng)　不(D)　信(VK)　自行(D)　離開(VC),[]
剛開始靠股票賺了筆,剛(D)　開始(VL)　靠(P)　股票(Na)　賺(VC)　了(Di)　筆(Na),[]
現在真的就是考驗,現在(Nd)　真的(D)　就(D)　是(SHI)　考驗(VC),[]
虎航真的便宜嗎,虎航(Nb)　真的(D)　便宜(VH)　嗎(T),"[{'word': '虎航', 'ner': 'ORG'}]"
應該是價格跟華航樣吧年去快十趟印象中就有幾趟比華航貴,應該(D)　是(SHI)　價格(Na)　跟(P)　華航(Nc)　樣(Na)　吧(T)　年(Na)　去(D)　快(D)　十(Neu)　趟(Nf)　印象(Na)　中(Ng)　就(D)　有(V_2)　幾(Neu)　趟(Nf)　比(P)　華航(Nc)　貴(VH),"[{'word': '華航', 'ner': 'ORG'}, {'word': '快十', 'ner': 'CARDINAL'}, {'word': '華航', 'ner': 'ORG'}]"
票價便宜,票價(Na)　便宜(VH),[]
要精簡管理階層,要(D)　精簡(VJ)　管理(Na)　階層(Na),[]
行李加上去就便宜不到哪,行李(Na)　加上去(VB)　就(D)　便宜(VH)　不(D)　到(VCL)　哪(Ncd),[]
虎航票價貴,虎航(Nb)　票價(Na)　貴(VH),"[{'word': '虎航', 'ner': 'ORG'}]"
行李外收,行李(Na)　外收(VC),[]
座位又擠,座位(Na)　又(D)　擠(VC),[]
那價差坐傳統航空就好,那(Nep)　價差(Na)　坐(VA)　傳統(VH)　航空(Na)　就(D)　好(VH),[]
傻子才做虎航,傻子(Na)　才(Da)　做(VG)　虎航(Nb),[]
旅行社包機有些就是虎航,旅行社(Nc)　包機(Na)　有(V_2)　些(Nf)　就(D)　是(SHI)　虎航(Nb),"[{'word': '虎航', 'ner': 'ORG'}]"
沒得選,沒(D)　得選(D),[]
有人在坐虎航喔,有(V_2)　人(Na)　在(D)　坐(VA)　虎航(Na)　喔(T),[]
虎航比國泰還貴還什麼都沒有傻了才買虎航,虎航(Nb)　比(P)　國泰(Nb)　還(Dfa)　貴(VH)　還(D)　什麼(Nep)　都(D)　沒有(D)　傻(VH)　了(T)　才(Da)　買(VC)　虎航(Nb),"[{'word': '虎航', 'ner': 'ORG'}, {'word': '國泰', 'ner': 'ORG'}, {'word': '虎航', 'ner': 'ORG'}]"
虎航高雄班點最優,虎航(Nb)　高雄(Nc)　班點(Na)　最(Dfa)　優(VH),"[{'word': '虎航', 'ner': 'ORG'}, {'word': '高雄', 'ner': 'GPE'}]"
台鐵便當要在鳳山設觀光工廠供應南部餐旅規模很大,台鐵(Nc)　便當(Na)　要(D)　在(P)　鳳山(Nc)　設(VC)　觀光(VA)　工廠(Nc)　供應(VD)　南部(Ncd)　餐旅(Na)　規模(Na)　很(Dfa)　大(VH),"[{'word': '台鐵', 'ner': 'ORG'}, {'word': '鳳山', 'ner': 'GPE'}]"
虎航我不愛廉價服務高端價格,虎航(Nb)　我(Nh)　不(D)　愛(VL)　廉價(VH)　服務(Nv)　高端(A)　價格(Na),"[{'word': '虎航', 'ner': 'ORG'}]"
廉價服務高端價格才能發多點年終獎金給員工,廉價(VH)　服務(VC)　高端(A)　價格(Na)　才(Na)　能(D)　發(VD)　多點(Neqa)　年終(Nd)　獎金(Na)　給(VD)　員工(Na),[]
虎航是最貴廉航,虎航(Nb)　是(SHI)　最(Dfa)　貴(VH)　廉航(VH),"[{'word': '虎航', 'ner': 'ORG'}]"
虎航高標準,虎航(Nb)　高標準(Na),"[{'word': '虎航', 'ner': 'ORG'}]"
看到就整篇可以直接,看到(VE)　就(P)　整(Neqa)　篇(Nf)　可以(D)　直接(VH),[]
星宇潮啊,星宇潮(Na)　啊(T),"[{'word': '星宇潮', 'ner': 'PERSON'}]"
華航集團的高規格,華航(Nc)　集團(Na)　的(DE)　高規格(VH),"[{'word': '華航集團', 'ner': 'ORG'}]"
星宇的餐也華航集團做的,星宇(Nb)　的(DE)　餐(Na)　也(D)　華航(Nc)　集團(Na)　做(VC)　的(DE),"[{'word': '星宇', 'ner': 'ORG'}, {'word': '華航集團', 'ner': 'ORG'}]"
那些說星宇餐好吃,那些(Neqa)　說(VE)　星宇餐(Na)　好吃(VH),"[{'word': '星宇', 'ner': 'ORG'}]"
嫌華航集團品質爛的,嫌(VK)　華航(Nc)　集團(Na)　品質(Na)　爛(VH)　的(DE),"[{'word': '華航集團', 'ner': 'ORG'}]"
真的黑人,真的(D)　黑人(Na),[]
這個蠻正常的,這(Nep)　個(Nf)　蠻(Dfa)　正常(VH)　的(DE),[]
就像很多營造廠自己會去開建設公司或是相反過來,就(D)　像(VG)　很多(Neqa)　營造廠(Nc)　自己(Nh)　會(D)　去(D)　開(VC)　建設(Na)　公司(Nc)　或是(Caa)　相反過來(VH),[]
看完各家不難看出獲利吧,看完(VC)　各(Nes)　家(Nc)　不(D)　難(VH)　看出(VE)　獲利(VH)　吧(T),[]
那個負值還在燒錢,那(Nep)　個(Nf)　負值(Na)　還(D)　在(D)　燒錢(VA),[]
老闆有錢拿出來成立公司,老闆(Na)　有錢(VH)　拿出來(VB)　成立(VC)　公司(Nc),[]
就是要讓公司營運成長到自己能養活自己,就(D)　是(SHI)　要(D)　讓(VL)　公司(Nc)　營運(VA)　成長到(VC)　自己(Nh)　能(D)　養活(VC)　自己(Nh),[]
而不是直從我私人口袋掏錢進去燒,而(Cbb)　不(D)　是(SHI)　直(D)　從(P)　我(Nh)　私人(Nh)　口袋(Na)　掏錢(VA)　進去(VA)　燒(VC),[]
那我成立公司不是來賺錢來虧錢我不如乾脆賣掉或解散,那(Dk)　我(Nh)　成立(VC)　公司(Nc)　不(D)　是(SHI)　來(D)　賺錢(VA)　來(D)　虧錢(VH)　我(Nh)　不如(Cbb)　乾脆(VH)　賣掉(VC)　或(Caa)　解散(VHC),[]
虎航這次平均發了快個月的年終,虎航(Nb)　這(Nep)　次(Nf)　平均(VH)　發(VD)　了(Di)　快(D)　個(Nf)　月(Na)　的(DE)　年終(Nd),"[{'word': '虎航', 'ner': 'ORG'}, {'word': '快個月', 'ner': 'DATE'}]"
架賺到跟長榮航差不多的,架(VC)　賺到(VC)　跟(P)　長榮航(Nb)　差不多(VH)　的(DE),"[{'word': '長榮航', 'ner': 'ORG'}]"
要不是最近動能都在跟低軌衛星,要不是(Cbb)　最近(Nd)　動能(Na)　都(D)　在(P)　跟(P)　低軌(Na)　衛星(Na),[]
我可能還會去買個張支持虎航,我(Nh)　可能(D)　還(D)　會(D)　去(D)　買(VC)　個(Nf)　張(Nf)　支持(VC)　虎航(Nb),"[{'word': '張', 'ner': 'PERSON'}, {'word': '虎航', 'ner': 'ORG'}]"
便宜治百病這所有產業幾乎通用,便宜(VH)　治(VC)　百病(Neu)　這(Nep)　所有(Neqa)　產業(Na)　幾乎(Da)　通用(VJ),[]
有望再寫紀錄,有望(VH)　再(D)　寫(VC)　紀錄(Na),[]
看看這營收你星宇用什麼跟人家比,看看(VE)　這(Nep)　營收(Na)　你(Nh)　星宇(Na)　用(VC)　什麼(Nep)　跟(P)　人家(Nh)　比(VC),[]
服務,服務(VC),[]
新飛機,新(VH)　飛機(Na),[]
投資者看的是獲利,投資(VC)　者(Na)　看(VC)　的(DE)　是(SHI)　獲利(VH),[]
我投資你公司不是看你花錢給人家服務不賺錢就算了,我(Nh)　投資(VC)　你(Nh)　公司(Nc)　不(D)　是(SHI)　看(VE)　你(Nh)　花錢(VA)　給(P)　人家(Nh)　服務(VC)　不(D)　賺錢(VA)　就(D)　算(VH)　了(T),[]
還虧錢,還(D)　虧錢(VH),[]
虎航之前爆說離職潮,虎航(Nb)　之前(Ng)　爆(VE)　說(VE)　離職潮(Na),"[{'word': '虎航', 'ner': 'EVENT'}]"
我就問你拿了年終跳另外三家,我(Nh)　就(D)　問(VE)　你(Nh)　拿(VC)　了(Di)　年終(Nd)　跳(VA)　另外(Da)　三(Neu)　家(Nf),"[{'word': '三', 'ner': 'CARDINAL'}]"
有沒有能力就算了,有(V_2)　沒(D)　有(V_2)　能力(Na)　就(D)　算(VH)　了(T),[]
有位置讓你卡嗎,有(V_2)　位置(Na)　讓(VL)　你(Nh)　卡(VC)　嗎(T),[]
薩頓定律,薩頓(Nb)　定律(Na),[]
三強鼎立法則,三(Neu)　強(VH)　鼎立(VA)　法則(Na),[]
台灣這產業只有四家,台灣(Nc)　這(Nep)　產業(Na)　只(Da)　有(V_2)　四(Neu)　家(Nf),"[{'word': '台灣', 'ner': 'GPE'}, {'word': '四', 'ner': 'CARDINAL'}]"
前三家獲利,前(Nes)　三(Neu)　家(Nf)　獲利(VH),"[{'word': '三', 'ner': 'CARDINAL'}]"
第三家獲利反而是華航看,第三(Neu)　家(Nf)　獲利(VH)　反而(Cbb)　是(SHI)　華航(Nc)　看(VE),"[{'word': '第三', 'ner': 'ORDINAL'}, {'word': '華航', 'ner': 'ORG'}]"
我沒仔細研究單純看這個而已,我(Nh)　沒(D)　仔細(VH)　研究(VE)　單純(VH)　看(VC)　這(Nep)　個(Nf)　而已(T),[]
第四名剛好就是星宇,第四(Neu)　名(Nf)　剛好(Da)　就(D)　是(SHI)　星宇(Na),"[{'word': '第四', 'ner': 'ORDINAL'}]"
虧損的,虧損(VJ)　的(DE),[]
引述塔綠班之銘言,引述(VC)　塔綠班(Nb)　之(DE)　銘言(Na),"[{'word': '塔綠班', 'ner': 'ORG'}]"
我花了點時間看了下年每個月財報,我(Nh)　花(VC)　了(Di)　點(Nf)　時間(Na)　看(VC)　了(Di)　下(Nes)　年(Nf)　每(Nes)　個(Nf)　月(Na)　財報(Na),"[{'word': '下年', 'ner': 'DATE'}]"
扣掉必要開銷不買新機稅後淨利潤,扣掉(VC)　必要(VH)　開銷(Na)　不(D)　買(VC)　新機(Na)　稅(Na)　後(Ng)　淨利潤(Na),[]
高風險行業利潤卻比你家巷口麵攤還低,高風險(Na)　行業(Na)　利潤(Na)　卻(D)　比(P)　你(Nh)　家(Nc)　巷口(Nc)　麵攤(Nc)　還(D)　低(VH),[]
但是航空運輸業不可能不更新飛機,但是(Cbb)　航空(Na)　運輸業(Na)　不可能(D)　不(D)　更新(VC)　飛機(Na),[]
也不能像製造業毛三到四毛利,也(D)　不能(D)　像(P)　製造業(Na)　毛(Na)　三(Neu)　到(Caa)　四(Neu)　毛(Na)　利(Na),[]
只能說快去華航吧,只(Da)　能(D)　說(VE)　快(D)　去(VCL)　華航(Nc)　吧(T),"[{'word': '華航', 'ner': 'ORG'}]"
至少吃公家的,至少(Da)　吃(VC)　公家(Nc)　的(DE),[]
引述之銘言,引述(VC)　之(DE)　銘言(Na),[]
引述之銘言,引述(VC)　之(DE)　銘言(Na),[]
看完留言大概有兩派,看完(VC)　留言(Na)　大概(D)　有(V_2)　兩(Neu)　派(Nf),"[{'word': '兩', 'ner': 'CARDINAL'}]"
派不發錢可以跟新創樣發股票或選擇權,派(VF)　不(D)　發(VD)　錢(Na)　可以(D)　跟(P)　新創(Na)　樣(Na)　發(VD)　股票(Na)　或(Caa)　選擇權(Na),[]
另派年終本來就是資方的決定,另(Nes)　派(VF)　年終(Nd)　本來(D)　就(D)　是(SHI)　資方(Na)　的(DE)　決定(Na),[]
本來就可以不發,本來(D)　就(D)　可以(D)　不(D)　發(VD),[]
兩派立場講的都有道理,兩(Neu)　派(Nf)　立場(Na)　講(VE)　的(DE)　都(D)　有(V_2)　道理(Na),"[{'word': '兩', 'ner': 'CARDINAL'}]"
句話年終公司可以不發勞工也可以罷工,句(Nf)　話(Na)　年終(Nd)　公司(Nc)　可以(D)　不(D)　發(VD)　勞工(Na)　也(D)　可以(D)　罷工(VA),[]
講難聽點還不是替代性太高公司才不理你,講(VE)　難聽(VH)　點(Dfb)　還不是(D)　替代性(Na)　太(Dfa)　高(VH)　公司(Nc)　才(Da)　不理(VJ)　你(Nh),[]
反正每年堆新人也想進,反正(D)　每(Nes)　年(Nf)　堆(Nf)　新人(Na)　也(D)　想(VE)　進(VCL),[]
你不爽幹堆,你(Nh)　不(D)　爽(VH)　幹(VC)　堆(Nf),[]
想幹,想(VE)　幹(VC),[]
能進華航的也不會來星宇,能(D)　進(VCL)　華航(Nc)　的(DE)　也(D)　不會(D)　來(VA)　星宇(Na),"[{'word': '華航', 'ner': 'ORG'}]"
沒有選擇的人很難談條件,沒有(D)　選擇(Na)　的(DE)　人(Na)　很(Dfa)　難(VH)　談(VE)　條件(Na),[]
反正我建議投資別碰這類公司,反正(D)　我(Nh)　建議(VE)　投資(Na)　別(D)　碰(VC)　這(Nep)　類(Nf)　公司(Nc),[]
風險沒辦法掌控,風險(Na)　沒辦法(VI)　掌控(VC),[]
哪天旺季勞工罷工股價會崩,哪(Nep)　天(Nf)　旺季(Nd)　勞工(Na)　罷工(VA)　股價(Na)　會(D)　崩(VH),[]
股東投資沒賺錢,股東(Na)　投資(VC)　沒(D)　賺錢(VA),[]
也沒領到股息,也(D)　沒(D)　領到(VC)　股息(Na),[]
員工反而想要分紅,員工(Na)　反而(Cbb)　想要(VE)　分紅(VB),[]
就沒賺到錢怎麼分,就(D)　沒(D)　賺到(VC)　錢(Na)　怎麼(D)　分(VC),[]
很多人都覺得,很多(Neqa)　人(Na)　都(D)　覺得(VK),[]
你有錢,你(Nh)　有錢(VH),[]
從你口袋拿出來分,從(P)　你(Nh)　口袋(Na)　拿出來(VB)　分(VC),[]
公司跟個人牽扯在起,公司(Nc)　跟(P)　個人(Nh)　牽扯(VC)　在(VH)　起(VC),[]
意思有錢人要割肉餵鷹,意思(Na)　有錢人(Na)　要(D)　割(VC)　肉(Na)　餵(VC)　鷹(Na),[]
不管有沒有賺錢,不管(Cbb)　有沒有(D)　賺錢(VA),[]
平平樣航空公司,平平(VH)　樣(Na)　航空(Na)　公司(Nc),"[{'word': '平平樣航空公司', 'ner': 'ORG'}]"
如果想賺錢就調整營運模式,如果(Cbb)　想(VE)　賺錢(VA)　就(D)　調整(VC)　營運(Nv)　模式(Na),[]
新公司要搶既有市場板塊,新(VH)　公司(Nc)　要(D)　搶(VD)　既有(A)　市場(Nc)　板塊(Na),[]
你不打價格促銷戰,你(Nh)　不(D)　打(VC)　價格(Na)　促銷戰(Na),[]
要塑造質感,要(D)　塑造(VC)　質感(Na),[]
來跟其他兩家比,來(D)　跟(P)　其他(Neqa)　兩(Neu)　家(Nf)　比(VC),"[{'word': '兩', 'ner': 'CARDINAL'}]"
不就要全部有錢人都去搭你的人都是想花大錢,不(D)　就(D)　要(VE)　全部(Neqa)　有錢人(Na)　都(D)　去(D)　搭(VC)　你(Nh)　的(DE)　人(Na)　都(D)　是(SHI)　想(VE)　花(VC)　大錢(Na),[]
想搶高端市場,想(VE)　搶(VD)　高端(A)　市場(Nc),[]
我看那,我(Nh)　看(VE)　那(Dk),[]
機票價格故意貼這長榮報價的,機票(Na)　價格(Na)　故意(VL)　貼(VC)　這(Nep)　長榮(Nb)　報價(Na)　的(DE),"[{'word': '長榮', 'ner': 'ORG'}]"
現在就是寧願花錢買廣告也不願促銷搶市的營運模式,現在(Nd)　就是(Cbb)　寧願(VK)　花錢(VA)　買(VC)　廣告(Na)　也(D)　不(D)　願(VK)　促銷(VC)　搶市(VA)　的(DE)　營運(Nv)　模式(Na),[]
就花時間慢慢養客人而已,就(D)　花(VC)　時間(Na)　慢慢(VH)　養(VC)　客人(Na)　而已(T),[]
十年二十年總有機會養出客人,十(Neu)　年(Nf)　二十(Neu)　年(Nf)　總(D)　有(V_2)　機會(Na)　養出(VC)　客人(Na),"[{'word': '十年二十年', 'ner': 'DATE'}]"
星宇想獲利就是搞貨機華航光貨機就賺爛了載人台灣沒那個市場養,星宇(Nb)　想(VE)　獲利(VH)　就(Cbb)　是(SHI)　搞(VC)　貨機(Na)　華航(Nc)　光(Da)　貨機(Na)　就(D)　賺爛(VC)　了(Di)　載(VC)　人(Na)　台灣(Nc)　沒(VJ)　那(Nep)　個(Nf)　市場(Nc)　養(VC),"[{'word': '星宇', 'ner': 'ORG'}, {'word': '台灣', 'ner': 'GPE'}]"
雀食,雀(Na)　食(VC),[]
貨機加日本線,貨機(Na)　加(VC)　日本線(Na),"[{'word': '日本', 'ner': 'GPE'}]"
三強鼎立法則,三(Neu)　強(VH)　鼎立(VA)　法則(Na),[]
電信業就是最新很好的案例,電信業(Na)　就(Cbb)　是(SHI)　最(Dfa)　新(VH)　很(Dfa)　好(VH)　的(DE)　案例(Na),[]
合併到三家時,合併到(VC)　三(Neu)　家(Nc)　時(Ng),"[{'word': '三', 'ner': 'CARDINAL'}]"
每個獲利都那樣,每(Nes)　個(Nf)　獲利(Na)　都(D)　那樣(VH),[]
之前還會哭沒錢,之前(Nd)　還(D)　會(D)　哭(VA)　沒(VJ)　錢(Na),[]
現在是沒錢用是你,現在(Nd)　是(SHI)　沒(VJ)　錢(Na)　用(VC)　是(SHI)　你(Nh),[]
他不會沒錢,他(Nh)　不會(D)　沒(VJ)　錢(Na),[]
新飛機你不坐我坐就好,新(VH)　飛機(Na)　你(Nh)　不(D)　坐(VA)　我(Nh)　坐(VA)　就(D)　好(VH),[]
台灣私人飛機公司也有三家,台灣(Nc)　私人(Nh)　飛機(Na)　公司(Nc)　也(D)　有(V_2)　三(Neu)　家(Nf),"[{'word': '台灣', 'ner': 'GPE'}, {'word': '三', 'ner': 'CARDINAL'}]"
新飛機看能撐幾年,新(VH)　飛機(Na)　看(VC)　能(D)　撐(VC)　幾(Neu)　年(Nf),"[{'word': '幾年', 'ner': 'DATE'}]"
總不可能年年買新飛機,總(D)　不可能(D)　年年(D)　買(VC)　新(VH)　飛機(Na),[]
公司是你成立的,公司(Nc)　是(SHI)　你(Nh)　成立(VC)　的(DE),[]
人是你招募的,人(Na)　是(SHI)　你(Nh)　招募(VC)　的(DE),[]
經營是你決定的,經營(VC)　是(SHI)　你(Nh)　決定(VE)　的(DE),[]
年終是你發的,年終(Nd)　是(SHI)　你(Nh)　發(VD)　的(DE),[]
員工抗議找你合理吧,員工(Na)　抗議(VE)　找(VC)　你(Nh)　合理(VH)　吧(T),[]
國巨笑而不語,國巨(Nb)　笑(VA)　而(Cbb)　不(D)　語(VE),"[{'word': '國巨', 'ner': 'PERSON'}]"
老飛機這麼愛坐你去坐就好,老(VH)　飛機(Na)　這麼(D)　愛(VL)　坐(VA)　你(Nh)　去(D)　坐(VA)　就(D)　好(VH),[]
只會廣告造神,只(Da)　會(D)　廣告(VHC)　造(VC)　神(Na),[]
合理,合理(VH),[]
公司虧錢對員工減薪裁員也是合理對吧,公司(Nc)　虧錢(VH)　對(P)　員工(Na)　減薪(VB)　裁員(VC)　也(D)　是(SHI)　合理(VH)　對(VH)　吧(T),[]
什麼都要新,什麼(Nep)　都(D)　要(D)　新(VH),[]
問句各位要新的朋友,問(Na)　句(Nf)　各位(Nes)　要(D)　新(VH)　的(DE)　朋友(Na),[]
另半也是這條件嗎,另(Nes)　半(Neqa)　也(D)　是(SHI)　這(Nep)　條件(Na)　嗎(T),[]
新跟舊只是挑選問題,新(VH)　跟(Caa)　舊(VH)　只是(Da)　挑選(VC)　問題(Na),[]
認為新就開高價造成虧損的營運,認為(VE)　新(VH)　就(D)　開(VB)　高價(VH)　造成(VG)　虧損(Na)　的(DE)　營運(Nv),[]
就是失敗的想法,就(D)　是(SHI)　失敗(VH)　的(DE)　想法(Na),[]
樓上類比不好,樓上(Nc)　類比(A)　不(D)　好(VH),[]
薪資是契約的部分,薪資(Na)　是(SHI)　契約(Na)　的(DE)　部分(Neqa),[]
減薪需雙方同意年終獎金則是恩惠性給予,減薪(VB)　需(VK)　雙方(Nh)　同意(VK)　年終(Nd)　獎金(Na)　則(D)　是(SHI)　恩惠性(Na)　給予(VD),[]
除非簽約時騙你說公司保障個月年終,除非(Cbb)　簽約(VA)　時(Ng)　騙(VC)　你(Nh)　說(VE)　公司(Nc)　保障(VC)　個(Nf)　月(Na)　年終(Nd),[]
最後卻沒有發,最後(Nd)　卻(D)　沒有(D)　發(VD),[]
還恩惠咧那有給你也要感謝是嘛笑死,還(D)　恩惠(Na)　咧(T)　那(Ncd)　有(D)　給(VD)　你(Nh)　也(D)　要(D)　感謝(VK)　是(SHI)　嘛(T)　笑死(VHC),"[{'word': '恩惠', 'ner': 'PERSON'}]"
這就法律用詞阿,這(Nep)　就(P)　法律(Na)　用詞(Na)　阿(Nb),[]
不懂可以多請教人,不(D)　懂(VK)　可以(D)　多(D)　請教(VE)　人(Na),[]
你要跟雇主抗爭之前,你(Nh)　要(D)　跟(P)　雇主(Na)　抗爭(VA)　之前(Ng),[]
都不知道法律條文在哪你的薪水分為經常性給與和恩惠性給與剩下的自己去查吧,都(D)　不(D)　知道(VK)　法律(Na)　條文(Na)　在(P)　哪(Ncd)　你(Nh)　的(DE)　薪水(Na)　分為(VG)　經常性(Na)　給與(VD)　和(Caa)　恩惠性(Na)　給與(VD)　剩下(VJ)　的(DE)　自己(Nh)　去(D)　查(VE)　吧(T),[]
不然我怕你真的笑死,不然(Cbb)　我(Nh)　怕(VK)　你(Nh)　真的(D)　笑死(VHC),[]
推樓上,推(VC)　樓上(Nc),[]
法條自己搞清楚,法條(Na)　自己(Nh)　搞清楚(VC),[]
不是你覺得應該有就會有,不(D)　是(SHI)　你(Nh)　覺得(VK)　應該(D)　有(V_2)　就(D)　會(D)　有(V_2),[]
年終本來就是多的,年終(Nd)　本來(D)　就(D)　是(SHI)　多(VH)　的(DE),[]
有人不知道,有(V_2)　人(Na)　不(D)　知道(VK),[]
現在年輕人就很會爭自己權益,現在(Nd)　年輕人(Na)　就(D)　很(Dfa)　會(D)　爭(VC)　自己(Nh)　權益(Na),[]
但不見得爭對權益阿年終獎金除非是在契約裡承諾定給,但(Cbb)　不見得(D)　爭對(VC)　權益(Na)　阿(T)　年終(Nd)　獎金(Na)　除非(Cbb)　是(SHI)　在(P)　契約(Na)　裡(Ng)　承諾(VE)　定給(VC),[]
所謂的第薪,所謂(VK)　的(DE)　第(Neu)　薪(Na),[]
那個才是經常性薪資,那(Nep)　個(Nf)　才(Da)　是(SHI)　經常性(Na)　薪資(Na),[]
否則就沒有定要給,否則(Cbb)　就(D)　沒有(VJ)　定(Na)　要(D)　給(VD),[]
機師離職潮跳去哪也不重要重點是沒人開減班了至於衝擊多少營收主要還是看票價能不能撐住,機師(Na)　離職潮(Na)　跳去(VA)　哪(Ncd)　也(D)　不(D)　重要(VH)　重點(Na)　是(SHI)　沒(VJ)　人(Na)　開(VC)　減班(Nc)　了(T)　至於(P)　衝擊(Na)　多少(Neqa)　營收(Na)　主要(D)　還是(D)　看(VC)　票價(Na)　能不能(D)　撐住(VC),[]
其實很多產業都這樣的,其實(D)　很多(Neqa)　產業(Na)　都(D)　這樣(VH)　的(DE),[]
即使它賺錢但進入門檻太高了看看船運賺錢時多賺,即使(Cbb)　它(Nh)　賺錢(VA)　但(Cbb)　進入(VCL)　門檻(Na)　太(Dfa)　高(VH)　了(Di)　看看(VE)　船運(Na)　賺錢(VA)　時(Ng)　多(D)　賺(VC),[]
但想進去開家會被利息先壓死台積電高階製程也同樣的,但(Cbb)　想(VE)　進去(VA)　開(VA)　家(Nc)　會(D)　被(P)　利息(Na)　先(D)　壓死(VC)　台積電(Nb)　高階(A)　製程(Na)　也(D)　同樣(VH)　的(DE),"[{'word': '台積電', 'ner': 'ORG'}]"
想進入到能賺錢太難了,想(VE)　進入(VCL)　到(P)　能(D)　賺錢(VA)　太(Dfa)　難(VH)　了(T),[]
等你順利運作時,等(P)　你(Nh)　順利(VH)　運作(VA)　時(Ng),[]
人家的飛機船機台早就攤提完成每天開門營業純利就是比你多,人家(Nh)　的(DE)　飛機船(Na)　機台(Nc)　早(D)　就(D)　攤提(VC)　完成(VC)　每(Nes)　天(Nf)　開門(VA)　營業(VA)　純利(Na)　就(Cbb)　是(SHI)　比(P)　你(Nh)　多(D),[]
在哪高就只有你知道星宇高管都白痴喔,在(P)　哪(Nep)　高(VH)　就(D)　只有(Cbb)　你(Nh)　知道(VK)　星宇(Na)　高管(Na)　都(D)　白痴(Na)　喔(T),[]
到底干你什麼事,到底(D)　干(VC)　你(Nh)　什麼(Nep)　事(Na),[]
年終本來就不是法律規定要發的,年終(Nd)　本來(D)　就(D)　不(D)　是(SHI)　法律(Na)　規定(VE)　要(D)　發(VH)　的(T),[]
而是公司獲利之後老闆給予員工的回饋和獎金,而是(Cbb)　公司(Nc)　獲利(VH)　之後(Ng)　老闆(Na)　給予(VD)　員工(Na)　的(DE)　回饋(Na)　和(Caa)　獎金(Na),[]
現在問題就是公司就沒賺錢啊,現在(Nd)　問題(Na)　就(Cbb)　是(SHI)　公司(Nc)　就(D)　沒(D)　賺錢(VA)　啊(T),[]
就算不發年終也合理,就算(Cbb)　不(D)　發(VD)　年終(Nd)　也(D)　合理(VH),[]
爭權益回事別玩成左派甚至共產黨的那種爭法那只會讓整件事更糟而已當然如果有本事拉屎後跑遠遠的繼續蹭其他的無限那另當別論只是有能力者應該要適當的去使用能力而非無限制個人主義至上式的到處破壞這很危險,爭(VC)　權益(Na)　回(Nf)　事(Na)　別(D)　玩成(VG)　左派(Na)　甚至(D)　共產黨(Nb)　的(DE)　那(Nep)　種(Nf)　爭(VC)　法(Na)　那(Nep)　只(Da)　會(D)　讓(VL)　整(Neqa)　件(Nf)　事(Na)　更(Dfa)　糟(VH)　而已(T)　當然(D)　如果(Cbb)　有(V_2)　本事(Na)　拉屎(VA)　後(Ng)　跑(VA)　遠遠(VH)　的(DE)　繼續(VF)　蹭(VC)　其他(Neqa)　的(DE)　無限(VH)　那(Nep)　另當別論(VH)　只是(D)　有(V_2)　能力(Na)　者(Na)　應該(D)　要(D)　適當(VH)　的(DE)　去(D)　使用(VC)　能力(Na)　而(Cbb)　非(D)　無(VJ)　限制(Na)　個人(Nh)　主義(Na)　至上(A)　式(Na)　的(DE)　到處(D)　破壞(VC)　這(Nep)　很(Dfa)　危險(VH),"[{'word': '共產黨', 'ner': 'ORG'}]"
華航疫情期間靠貨運在撐,華航(Nc)　疫情(Na)　期間(Na)　靠(P)　貨運(Na)　在(P)　撐(VC),"[{'word': '華航', 'ner': 'ORG'}]"
空姐回來上班後就你懂的,空姐(Na)　回來(VA)　上班(VA)　後(Ng)　就(D)　你(Nh)　懂(VK)　的(DE),[]
虎航能這麼賺還有個原因是,虎航(Nb)　能(D)　這麼(D)　賺(VC)　還(D)　有(V_2)　個(Nf)　原因(Na)　是(SHI),"[{'word': '虎航', 'ner': 'ORG'}]"
幾乎是快要比照的價格與條件,幾乎(Da)　是(SHI)　快要(D)　比照(VJ)　的(DE)　價格(Na)　與(Caa)　條件(Na),[]
使用各子公司的業務,使用(VC)　各(Nes)　子公司(Nc)　的(DE)　業務(Na),[]
沒有這種資源能做航空業務的供應商,沒有(VJ)　這(Nep)　種(Nf)　資源(Na)　能(D)　做(VC)　航空(Na)　業務(Na)　的(DE)　供應商(Na),[]
就那幾間價格就那樣你沒的選,就(D)　那(Nep)　幾(Neu)　間(Nf)　價格(Na)　就(D)　那樣(VH)　你(Nh)　沒(VJ)　的(DE)　選(VC),[]
又要有自己的獨特風格,又(D)　要(D)　有(V_2)　自己(Nh)　的(DE)　獨特(VH)　風格(Na),[]
很多業務需求都要指定樣式貨源與品牌使用,很多(Neqa)　業務(Na)　需求(Na)　都(D)　要(D)　指定(VE)　樣式(Na)　貨源(Na)　與(Caa)　品牌(Na)　使用(VC),[]
那成本就又更高大截了,那(Nep)　成本(Na)　就(D)　又(D)　更(D)　高(VH)　大(VH)　截(Nf)　了(T),[]
除非再掏大筆自己把航空支援建起來,除非(Cbb)　再(D)　掏(VC)　大(VH)　筆(Na)　自己(Nh)　把(P)　航空(Na)　支援(Na)　建起來(VC),[]
但台灣現在缺工你這次發個月,但(Cbb)　台灣(Nc)　現在(Nd)　缺工(VH)　你(Nh)　這(Nep)　次(Nf)　發(VD)　個(Nf)　月(Na),"[{'word': '台灣', 'ner': 'GPE'}, {'word': '發個月', 'ner': 'DATE'}]"
未來新建公司能吸到多少人就不太好說了,未來(Nd)　新建(Nv)　公司(Nc)　能(D)　吸到(VC)　多少(Neqa)　人(Na)　就(D)　不(D)　太(Dfa)　好說(VH)　了(T),[]
疫情時招人有不少是兩航跳過去的,疫情(Na)　時(Ng)　招(VC)　人(Na)　有(V_2)　不少(Neqa)　是(SHI)　兩(Neu)　航(Na)　跳過去(VA)　的(T),"[{'word': '兩', 'ner': 'CARDINAL'}]"
薪水起碼都是比原來高以上,薪水(Na)　起碼(Da)　都(D)　是(SHI)　比(P)　原來(A)　高(VH)　以上(Ng),[]
還能讓員工購買股票,還(D)　能(D)　讓(VL)　員工(Na)　購買(VC)　股票(Na),[]
那時過去的因該都有賺到筆吧,那時(Nd)　過去(Nd)　的(DE)　因(P)　該(D)　都(D)　有(V_2)　賺到(VC)　筆(Na)　吧(T),[]
你業內的,你(Nh)　業(Na)　內(Ng)　的(DE),[]
好懂,好(Dfa)　懂(VK),[]
當初跳槽到基本上都不虧吧但近兩三年進去的虧,當初(Nd)　跳槽(VA)　到(P)　基本(Na)　上(Ng)　都(D)　不(D)　虧(VC)　吧(T)　但(Cbb)　近(Nes)　兩三(Neu)　年(Nf)　進去(VA)　的(DE)　虧(Na),"[{'word': '兩三年', 'ner': 'DATE'}]"
員工認股賺到百萬甚至位數的大有人在但絕大部分都是那種塊錢認購價然後塊錢認賠的韭菜再不然就是塊可以出但想要夢迴塊最後跌回到塊沒出,員工(Na)　認股(VA)　賺到(VC)　百萬(Neu)　甚至(D)　位數(Na)　的(DE)　大有人在(VH)　但(Cbb)　絕大部分(Neqa)　都(D)　是(SHI)　那(Nep)　種(Nf)　塊(Nf)　錢(Na)　認購價(Na)　然後(D)　塊(Nf)　錢(Na)　認賠(VA)　的(DE)　韭菜(Na)　再不然(D)　就(D)　是(SHI)　塊(Nf)　可以(D)　出(VC)　但(Cbb)　想要(VE)　夢迴塊(Na)　最後(Nd)　跌回(VCL)　到(P)　塊(Na)　沒(VC)　出(VC),[]
業內板,業(Na)　內(Ng)　板(Na),[]
拉過去不止啦,拉過去(VC)　不止(VH)　啦(T),[]
我知道的幾個起碼都以上,我(Nh)　知道(VK)　的(DE)　幾(Neu)　個(Nf)　起碼(Da)　都(D)　以上(Ncd),[]
應啦幹,應(D)　啦(T)　幹(VC),[]
那時候不拉高預算人家待兩航就好幹嘛沒事跳槽缺工還輪不到星宇還是堆人想做空服兩航進不了找剩下的還是綽綽有餘啦,那(Nep)　時候(Na)　不(D)　拉高(VC)　預算(Na)　人家(Nh)　待(P)　兩(Neu)　航(Na)　就(D)　好(VH)　幹嘛(D)　沒(VJ)　事(Na)　跳槽(VA)　缺工(VH)　還(D)　輪(VL)　不(D)　到(VCL)　星宇(Nb)　還是(D)　堆(Nf)　人(Na)　想(VE)　做(VC)　空服(Na)　兩(Neu)　航(Na)　進不了(VC)　找(VC)　剩下(VJ)　的(DE)　還是(D)　綽綽有餘(VH)　啦(T),"[{'word': '兩', 'ner': 'CARDINAL'}, {'word': '星宇', 'ner': 'ORG'}, {'word': '兩', 'ner': 'CARDINAL'}]"
推行業內,推行(VC)　業(Na)　內(Ng),[]
應該跟南亞樣,應該(D)　跟(P)　南亞(Nb)　樣(Na),"[{'word': '南亞', 'ner': 'LOC'}]"
拉高等三月,拉高(VC)　等(Cab)　三月(Nd),"[{'word': '三月', 'ner': 'DATE'}]"
納入華邦電來接盤推錯文,納入(VJ)　華邦電(Nb)　來(D)　接盤(VA)　推(VC)　錯(VH)　文(Na),"[{'word': '華邦電', 'ner': 'ORG'}]"
機票太貴的話乾脆行銷包機業務包機等同座位全售完,機票(Na)　太(Dfa)　貴(VH)　的話(Cba)　乾脆(VH)　行銷(Na)　包機(Na)　業務(Na)　包機(Na)　等同(Cab)　座位(Na)　全(Neqa)　售完(VD),[]
問就是招移工啊,問(VE)　就(D)　是(SHI)　招(VC)　移工(Na)　啊(T),[]
應啦,應(D)　啦(T),[]
我花了點時間看了下年每個月財報,我(Nh)　花(VC)　了(Di)　點(Nf)　時間(Na)　看(VC)　了(Di)　下(Nes)　年(Nf)　每(Nes)　個(Nf)　月(Na)　財報(Na),"[{'word': '下年', 'ner': 'DATE'}]"
扣掉必要開銷不買新機稅後淨利潤,扣掉(VC)　必要(VH)　開銷(Na)　不(D)　買(VC)　新機(Na)　稅(Na)　後(Ng)　淨利潤(Na),[]
高風險行業利潤卻比你家巷口麵攤還低,高風險(Na)　行業(Na)　利潤(Na)　卻(D)　比(P)　你(Nh)　家(Nc)　巷口(Nc)　麵攤(Nc)　還(D)　低(VH),[]
但是航空運輸業不可能不更新飛機,但是(Cbb)　航空(Na)　運輸業(Na)　不可能(D)　不(D)　更新(VC)　飛機(Na),[]
也不能像製造業毛三到四毛利,也(D)　不能(D)　像(P)　製造業(Na)　毛(Na)　三(Neu)　到(Caa)　四(Neu)　毛(Na)　利(Na),[]
只能說快去華航吧,只(Da)　能(D)　說(VE)　快(D)　去(VCL)　華航(Nc)　吧(T),"[{'word': '華航', 'ner': 'ORG'}]"
至少吃公家的,至少(Da)　吃(VC)　公家(Nc)　的(DE),[]
引述之銘言,引述(VC)　之(DE)　銘言(Na),[]
引述之銘言,引述(VC)　之(DE)　銘言(Na),[]
看完留言大概有兩派,看完(VC)　留言(Na)　大概(D)　有(V_2)　兩(Neu)　派(Nf),"[{'word': '兩', 'ner': 'CARDINAL'}]"
派不發錢可以跟新創樣發股票或選擇權,派(VF)　不(D)　發(VD)　錢(Na)　可以(D)　跟(P)　新創(Na)　樣(Na)　發(VD)　股票(Na)　或(Caa)　選擇權(Na),[]
另派年終本來就是資方的決定,另(Nes)　派(VF)　年終(Nd)　本來(D)　就(D)　是(SHI)　資方(Na)　的(DE)　決定(Na),[]
本來就可以不發,本來(D)　就(D)　可以(D)　不(D)　發(VD),[]
兩派立場講的都有道理,兩(Neu)　派(Nf)　立場(Na)　講(VE)　的(DE)　都(D)　有(V_2)　道理(Na),"[{'word': '兩', 'ner': 'CARDINAL'}]"
句話年終公司可以不發勞工也可以罷工,句(Nf)　話(Na)　年終(Nd)　公司(Nc)　可以(D)　不(D)　發(VD)　勞工(Na)　也(D)　可以(D)　罷工(VA),[]
講難聽點還不是替代性太高公司才不理你,講(VE)　難聽(VH)　點(Dfb)　還不是(D)　替代性(Na)　太(Dfa)　高(VH)　公司(Nc)　才(Da)　不理(VJ)　你(Nh),[]
反正每年堆新人也想進,反正(D)　每(Nes)　年(Nf)　堆(Nf)　新人(Na)　也(D)　想(VE)　進(VCL),[]
你不爽幹堆,你(Nh)　不(D)　爽(VH)　幹(VC)　堆(Nf),[]
想幹,想(VE)　幹(VC),[]
能進華航的也不會來星宇,能(D)　進(VCL)　華航(Nc)　的(DE)　也(D)　不會(D)　來(VA)　星宇(Na),"[{'word': '華航', 'ner': 'ORG'}]"
沒有選擇的人很難談條件,沒有(D)　選擇(Na)　的(DE)　人(Na)　很(Dfa)　難(VH)　談(VE)　條件(Na),[]
反正我建議投資別碰這類公司,反正(D)　我(Nh)　建議(VE)　投資(Na)　別(D)　碰(VC)　這(Nep)　類(Nf)　公司(Nc),[]
風險沒辦法掌控,風險(Na)　沒辦法(VI)　掌控(VC),[]
哪天旺季勞工罷工股價會崩,哪(Nep)　天(Nf)　旺季(Nd)　勞工(Na)　罷工(VA)　股價(Na)　會(D)　崩(VH),[]
股東投資沒賺錢,股東(Na)　投資(VC)　沒(D)　賺錢(VA),[]
也沒領到股息,也(D)　沒(D)　領到(VC)　股息(Na),[]
員工反而想要分紅,員工(Na)　反而(Cbb)　想要(VE)　分紅(VB),[]
就沒賺到錢怎麼分,就(D)　沒(D)　賺到(VC)　錢(Na)　怎麼(D)　分(VC),[]
很多人都覺得,很多(Neqa)　人(Na)　都(D)　覺得(VK),[]
你有錢,你(Nh)　有錢(VH),[]
從你口袋拿出來分,從(P)　你(Nh)　口袋(Na)　拿出來(VB)　分(VC),[]
公司跟個人牽扯在起,公司(Nc)　跟(P)　個人(Nh)　牽扯(VC)　在(VH)　起(VC),[]
意思有錢人要割肉餵鷹,意思(Na)　有錢人(Na)　要(D)　割(VC)　肉(Na)　餵(VC)　鷹(Na),[]
不管有沒有賺錢,不管(Cbb)　有沒有(D)　賺錢(VA),[]
平平樣航空公司,平平(VH)　樣(Na)　航空(Na)　公司(Nc),"[{'word': '平平樣航空公司', 'ner': 'ORG'}]"
如果想賺錢就調整營運模式,如果(Cbb)　想(VE)　賺錢(VA)　就(D)　調整(VC)　營運(Nv)　模式(Na),[]
新公司要搶既有市場板塊,新(VH)　公司(Nc)　要(D)　搶(VD)　既有(A)　市場(Nc)　板塊(Na),[]
你不打價格促銷戰,你(Nh)　不(D)　打(VC)　價格(Na)　促銷戰(Na),[]
要塑造質感,要(D)　塑造(VC)　質感(Na),[]
來跟其他兩家比,來(D)　跟(P)　其他(Neqa)　兩(Neu)　家(Nf)　比(VC),"[{'word': '兩', 'ner': 'CARDINAL'}]"
不就要全部有錢人都去搭你的人都是想花大錢,不(D)　就(D)　要(VE)　全部(Neqa)　有錢人(Na)　都(D)　去(D)　搭(VC)　你(Nh)　的(DE)　人(Na)　都(D)　是(SHI)　想(VE)　花(VC)　大錢(Na),[]
想搶高端市場,想(VE)　搶(VD)　高端(A)　市場(Nc),[]
我看那,我(Nh)　看(VE)　那(Dk),[]
機票價格故意貼這長榮報價的,機票(Na)　價格(Na)　故意(VL)　貼(VC)　這(Nep)　長榮(Nb)　報價(Na)　的(DE),"[{'word': '長榮', 'ner': 'ORG'}]"
現在就是寧願花錢買廣告也不願促銷搶市的營運模式,現在(Nd)　就是(Cbb)　寧願(VK)　花錢(VA)　買(VC)　廣告(Na)　也(D)　不(D)　願(VK)　促銷(VC)　搶市(VA)　的(DE)　營運(Nv)　模式(Na),[]
就花時間慢慢養客人而已,就(D)　花(VC)　時間(Na)　慢慢(VH)　養(VC)　客人(Na)　而已(T),[]
十年二十年總有機會養出客人,十(Neu)　年(Nf)　二十(Neu)　年(Nf)　總(D)　有(V_2)　機會(Na)　養出(VC)　客人(Na),"[{'word': '十年二十年', 'ner': 'DATE'}]"
能去華航早去了,能(D)　去(VCL)　華航(Nc)　早(D)　去(VCL)　了(Di),"[{'word': '華航', 'ner': 'ORG'}]"
何須在這靠喊年終太少,何須(D)　在(P)　這(Nep)　靠(P)　喊(VE)　年終(Nd)　太少(Dfa),[]
可以考慮空,可以(D)　考慮(VE)　空(VHC),[]
這些人就是進不去華航才來星宇,這些(Neqa)　人(Na)　就是(Cbb)　進(VA)　不(D)　去(VCL)　華航(Nc)　才(Da)　來(VA)　星宇(Na),"[{'word': '華航', 'ner': 'ORG'}]"
開放員工依薪資比例認購持股,開放(VC)　員工(Na)　依(P)　薪資(Na)　比例(Na)　認購(VC)　持股(Na),[]
公司做部份補貼就好了,公司(Nc)　做(VC)　部份(Neqa)　補貼(Na)　就(D)　好(VH)　了(T),[]
這招好用講白了就是畫餅,這(Nep)　招(Nf)　好用(VH)　講白(VE)　了(Di)　就(D)　是(SHI)　畫(VA)　餅(Na),[]
坐過國泰跟虎航去日本就知道,坐(VA)　過(Di)　國泰(Nb)　跟(P)　虎航(Nb)　去(VCL)　日本(Nc)　就(D)　知道(VK),"[{'word': '國泰', 'ner': 'ORG'}, {'word': '虎航', 'ner': 'ORG'}, {'word': '日本', 'ner': 'GPE'}]"
國泰啤酒是免費喝虎航是瓶金牌百,國泰(Nb)　啤酒(Na)　是(SHI)　免費(VH)　喝(VC)　虎航(Nb)　是(SHI)　瓶(Nf)　金牌(Na)　百(Neu),"[{'word': '國泰啤酒', 'ner': 'PRODUCT'}]"
虎航跟國泰票價差不多,虎航(Nb)　跟(P)　國泰(Nb)　票價(Na)　差不多(VH),"[{'word': '虎航', 'ner': 'ORG'}, {'word': '國泰', 'ner': 'ORG'}]"
就知道星宇股票要賺錢難,就(D)　知道(VK)　星宇(Nb)　股票(Na)　要(D)　賺錢(VA)　難(VH),"[{'word': '星宇', 'ner': 'ORG'}]"
最後上班要選虎航,最後(Nd)　上班(VA)　要(D)　選(VC)　虎航(Nb),"[{'word': '虎航', 'ner': 'ORG'}]"
開放應該有搞頭販賣夢想比較賺,開放(VC)　應該(D)　有(V_2)　搞頭(Na)　販賣(VD)　夢想(Na)　比較(Dfa)　賺(VC),[]
機票價格不同,機票(Na)　價格(Na)　不同(VH),[]
他就不是國泰市場買單,他(Nh)　就(D)　不(D)　是(SHI)　國泰(Nb)　市場(Nc)　買單(VA),[]
航空業本來就是毛利很低的行業,航空業(Na)　本來(D)　就(Cbb)　是(SHI)　毛利(Na)　很(Dfa)　低(VH)　的(DE)　行業(Na),[]
台灣對美要採購億美元的飛機和零件,台灣(Nc)　對(P)　美(Nc)　要(D)　採購(VC)　億(Neu)　美元(Nf)　的(DE)　飛機(Na)　和(Caa)　零件(Na),"[{'word': '台灣', 'ner': 'GPE'}, {'word': '美', 'ner': 'GPE'}, {'word': '億美元', 'ner': 'MONEY'}]"
我看大部份都會是華航吃下,我(Nh)　看(VE)　大部份(Neqa)　都(D)　會(D)　是(SHI)　華航(Nc)　吃下(VC),"[{'word': '華航', 'ner': 'ORG'}]"
可能跳去華航後過幾年也沒年終領了,可能(D)　跳去(VA)　華航(Nc)　後(Ng)　過(VCL)　幾(Neu)　年(Nf)　也(D)　沒(VJ)　年終(Nd)　領(VC)　了(Di),"[{'word': '華航', 'ner': 'ORG'}, {'word': '幾年', 'ner': 'DATE'}]"
能去的早就去了留下來的就沒人要的啊,能(D)　去(VCL)　的(DE)　早(D)　就(D)　去(VCL)　了(Di)　留下來(VA)　的(DE)　就(D)　沒(VJ)　人(Na)　要(VC)　的(T)　啊(T),[]
億美金全都是垃圾波音吧,億(Neu)　美金(Na)　全(Neqa)　都(D)　是(SHI)　垃圾(Na)　波音(Na)　吧(T),"[{'word': '億美金', 'ner': 'MONEY'}]"
波音先把交出來吧也是個大雷包,波音(Nb)　先(D)　把(P)　交出來(VC)　吧(T)　也(D)　是(SHI)　個(Nf)　大(VH)　雷包(Na),"[{'word': '波音', 'ner': 'ORG'}]"
快找個有錢人嫁娶吧,快(D)　找(VC)　個(Nf)　有錢人(Na)　嫁娶(VA)　吧(T),[]
蘿蔔坑位置有限,蘿蔔坑(Na)　位置(Na)　有限(VH),[]
應該沒什麼缺吧,應該(D)　沒(VJ)　什麼(Nep)　缺(VJ)　吧(T),[]
同樣型號飛機虎航空姐少很多吧,同樣(VH)　型號(Na)　飛機(Na)　虎航(Nb)　空姐(Na)　少(VH)　很多(Neqa)　吧(T),[]
台積電也不是你想進就進得去的阿獲利高給得起薪水的公司,台積電(Nb)　也(D)　不(D)　是(SHI)　你(Nh)　想(VE)　進(VC)　就(D)　進(VA)　得(DE)　去(VCL)　的(DE)　阿(Nc)　獲利(Na)　高(VH)　給(VJ)　得(DE)　起(VC)　薪水(Na)　的(DE)　公司(Nc),"[{'word': '台積電', 'ner': 'ORG'}]"
就能優先挑走優秀勞工次等公司就只能招募到次等員工,就(D)　能(D)　優先(D)　挑走(VC)　優秀(VH)　勞工(Na)　次等(A)　公司(Nc)　就(D)　只(Da)　能(D)　招募到(VC)　次等(A)　員工(Na),[]
但必須付出更多努力不然公司獲利就更低了罷工,但(Cbb)　必須(D)　付出(VC)　更多(D)　努力(Nv)　不然(Cbb)　公司(Nc)　獲利(Na)　就(D)　更(D)　低(VH)　了(Di)　罷工(VA),[]
現實就是,現實(Na)　就(D)　是(SHI),[]
第二第三名公司的勞工,第二(Neu)　第三(Neu)　名(Nf)　公司(Nc)　的(DE)　勞工(Na),"[{'word': '第二', 'ner': 'ORDINAL'}, {'word': '第三', 'ner': 'ORDINAL'}]"
必須比第名的還要付出更多,必須(D)　比(P)　第名(Neu)　的(DE)　還要(D)　付出(VC)　更多(Neqa),"[{'word': '第名', 'ner': 'ORDINAL'}]"
但不可能待遇跟第名的樣好,但(Cbb)　不可能(D)　待遇(Na)　跟(P)　第(Neu)　名(Nf)　的(DE)　樣(Na)　好(VH),"[{'word': '第名', 'ner': 'ORDINAL'}]"
你看聯電跟台積電之間的差距,你(Nh)　看(VC)　聯電(Nb)　跟(P)　台積電(Nb)　之間(Ng)　的(DE)　差距(Na),"[{'word': '聯電', 'ner': 'ORG'}, {'word': '台積電', 'ner': 'ORG'}]"
福利至少有員工機票吧可以便宜候補有位子的飛機喜歡出國就省很多耶,福利(Na)　至少(Da)　有(V_2)　員工(Na)　機票(Na)　吧(T)　可以(D)　便宜(VH)　候補(VH)　有(V_2)　位子(Na)　的(DE)　飛機(Na)　喜歡(VK)　出國(VA)　就(D)　省(VJ)　很多(VH)　耶(T),[]
進不去華航長榮,進(VA)　不(D)　去(VCL)　華航(Nc)　長榮(Nb),"[{'word': '華航', 'ner': 'ORG'}, {'word': '長榮', 'ner': 'ORG'}]"
就好好在星宇待著起成長,就(D)　好好(D)　在(P)　星宇(Na)　待(VC)　著(Di)　起(VC)　成長(VH),[]
長榮不要的才去星宇啊不管老闆還是員工都樣,長榮(Nb)　不(D)　要(VC)　的(DE)　才(Da)　去(VCL)　星宇(Nb)　啊(I)　不管(Cbb)　老闆(Na)　還是(Caa)　員工(Na)　都(D)　樣(Na),[]
就沒能力去華航星宇養了堆別人不要的,就(D)　沒(VJ)　能力(Na)　去(VCL)　華航(Nc)　星宇(Na)　養(VC)　了(Di)　堆(Nf)　別人(Nh)　不(D)　要(VC)　的(DE),"[{'word': '華航', 'ner': 'ORG'}]"
不過對乘客來說坐新飛機不錯啦,不過(Cbb)　對(P)　乘客(Na)　來(D)　說(VE)　坐(VA)　新(VH)　飛機(Na)　不錯(VH)　啦(T),[]
對了,對了(VH),[]
聽說他還說了些爆氣的話想知道的自己去打聽,聽說(VE)　他(Nh)　還(D)　說(VE)　了(Di)　些(Nf)　爆氣(VH)　的(DE)　話(Na)　想(VE)　知道(VK)　的(DE)　自己(Nh)　去(D)　打聽(VE),[]
事實就是第二第三的員工要比第的還努力然後獲得更少只能說贏者全拿的世界很現實,事實(Na)　就(D)　是(SHI)　第二(Neu)　第三(Neu)　的(DE)　員工(Na)　要(D)　比(P)　第(Neu)　的(DE)　還(D)　努力(VH)　然後(D)　獲得(VJ)　更少(VH)　只(Da)　能(D)　說(VE)　贏(VD)　者(Na)　全(Neqa)　拿(VC)　的(DE)　世界(Nc)　很(Dfa)　現實(VH),"[{'word': '第二', 'ner': 'ORDINAL'}, {'word': '第三', 'ner': 'ORDINAL'}]"
不要說我說幹話,不要(D)　說(VE)　我(Nh)　說(VE)　幹話(VA),[]
條件好的男生跟條件差的男生,條件(Na)　好(VH)　的(DE)　男生(Na)　跟(P)　條件(Na)　差(VH)　的(DE)　男生(Na),[]
追求女生的難度跟需要花的心力就不樣,追求(VC)　女生(Na)　的(DE)　難度(Na)　跟(Caa)　需要(VK)　花(VC)　的(DE)　心力(Na)　就(D)　不樣(D),[]
但條件好的男生就是可以配到條件好的女生,但(Cbb)　條件(Na)　好(VH)　的(DE)　男生(Na)　就是(Cbb)　可以(D)　配到(VC)　條件(Na)　好(VH)　的(DE)　女生(Na),[]
不是嗎,不(D)　是(SHI)　嗎(T),[]
哪有道理條件差的男生只要多努力,哪(Nep)　有(V_2)　道理(Na)　條件(Na)　差(VH)　的(DE)　男生(Na)　只要(Cbb)　多(Dfa)　努力(VH),[]
就定可以追到,就(D)　定(D)　可以(D)　追到(VC),[]
不買飛機擴張就也賺不了多少畢竟航點少飛機少也營運沒幾年,不(D)　買(VC)　飛機(Na)　擴張(VHC)　就(D)　也(D)　賺不了(VC)　多少(Neqa)　畢竟(D)　航點(Na)　少(VH)　飛機(Na)　少(VH)　也(D)　營運(VA)　沒(VJ)　幾(Neu)　年(Nf),[]
條件好的女生,條件(Na)　好(VH)　的(DE)　女生(Na),[]
然後條件差的女生去配條件好的男生,然後(D)　條件(Na)　差(VH)　的(DE)　女生(Na)　去(D)　配(VC)　條件(Na)　好(VH)　的(DE)　男生(Na),[]
但是條件差的男生要是因此罷工,但是(Cbb)　條件(Na)　差(VH)　的(DE)　男生(Na)　要是(Cbb)　因此(Cbb)　罷工(VA),[]
就連女生都追不到,就(D)　連(VJ)　女生(Na)　都(D)　追(VC)　不(D)　到(VC),[]
傻了當初星宇可是從紅色綠色挖堆人過去還自成派系然後這些過去的通通是黑名單沒有回頭機會,傻(VH)　了(Di)　當初(Nd)　星宇(Nb)　可是(D)　從(P)　紅色(Na)　綠色(Na)　挖(VC)　堆(Nf)　人(Na)　過去(Nd)　還(D)　自成(VG)　派系(Na)　然後(D)　這些(Neqa)　過去(Nd)　的(DE)　通通(D)　是(SHI)　黑名單(Na)　沒有(VJ)　回頭(D)　機會(Na),"[{'word': '星宇', 'ner': 'ORG'}]"
會離開老東家去敵陣營打對台,會(D)　離開(VC)　老東家(VH)　去(VCL)　敵陣營(Na)　打對台(VA),[]
本來就該有背水戰的覺悟,本來(D)　就(D)　該(D)　有(V_2)　背水戰(VC)　的(DE)　覺悟(Nv),[]
星宇調酒還有限量,星宇(Nb)　調酒(VA)　還(D)　有(V_2)　限量(VH),"[{'word': '星宇', 'ner': 'ORG'}]"
利潤比賣吃的還低,利潤(Na)　比(P)　賣(VD)　吃(VC)　的(DE)　還(Dfa)　低(VH),[]
航空業機位數就是獲利上限要提高獲利就漲機票價錢吧但也要顧客買單,航空業(Na)　機位數(Na)　就(Cbb)　是(SHI)　獲利(VH)　上限(Na)　要(D)　提高(VC)　獲利(Na)　就(D)　漲(VH)　機票(Na)　價錢(Na)　吧(T)　但(Cbb)　也(D)　要(D)　顧客(Na)　買單(VA),[]
誰說航空是高風險行業,誰(Nh)　說(VE)　航空(Na)　是(SHI)　高風險(Na)　行業(Na),[]
還不如去夜市擺車輪餅攤販光現在車輪餅漲價就沒跟你客氣的,還不如(Cbb)　去(VCL)　夜市(Nc)　擺(VC)　車輪餅(Na)　攤販(Na)　光(Da)　現在(Nd)　車輪餅(Na)　漲價(VH)　就(D)　沒(D)　跟(P)　你(Nh)　客氣(VH)　的(DE),[]
你看看國內線更慘花航這幾年能發的出這麼好的年終跟獎金跟疫情吃下空運大餅有關,你(Nh)　看看(VE)　國內線(Na)　更(Dfa)　慘(VH)　花航(Nc)　這(Nep)　幾(Neu)　年(Nf)　能(D)　發(VC)　的(DE)　出(VC)　這麼(Dfa)　好(VH)　的(DE)　年終(Nd)　跟(P)　獎金(Na)　跟(P)　疫情(Na)　吃下(VC)　空運(VC)　大餅(Na)　有關(VJ),[]
航空業在算毛利你真的就是外行中的外行,航空業(Na)　在(P)　算(VE)　毛利(Na)　你(Nh)　真的(D)　就(D)　是(SHI)　外行(VI)　中(Ng)　的(DE)　外行(VI),[]
罷工前提是公司有賺錢不分員工要爭取福利,罷工(VA)　前提(Na)　是(SHI)　公司(Nc)　有(V_2)　賺錢(VA)　不(D)　分(VC)　員工(Na)　要(D)　爭取(VC)　福利(Na),[]
公司現在就沒賺錢,公司(Nc)　現在(Nd)　就(D)　沒(D)　賺錢(VA),[]
罷工爭取這個公司當然順勢放推,罷工(VA)　爭取(VC)　這(Nep)　個(Nf)　公司(Nc)　當然(D)　順勢(D)　放推(VC),[]
且讓這次之後沒完沒了站在公司立場是這樣,且(Cbb)　讓(VL)　這(Nep)　次(Nf)　之後(Ng)　沒完沒了(VH)　站(VA)　在(P)　公司(Nc)　立場(Na)　是(SHI)　這樣(VH),[]
屁啦廟口麵攤端盤子又不能遇到商務客交往包養,屁啦(Na)　廟口(Nc)　麵攤(Nc)　端(VC)　盤子(Na)　又(D)　不能(D)　遇到(VC)　商務客(Na)　交往(VA)　包養(VC),[]
堆公司毛利還不是只發個月航空業沒啥飛機攤平還本會很慢毛利合理吧,堆(Nf)　公司(Nc)　毛利(Na)　還不是(D)　只(Da)　發(VD)　個(Nf)　月(Na)　航空業(Na)　沒(VJ)　啥(Nep)　飛機(Na)　攤平(VC)　還本(D)　會(D)　很(Dfa)　慢(VH)　毛利(Na)　合理(VH)　吧(T),[]
有發個月很難讓般大眾跟著聲援,有(V_2)　發(VD)　個(Nf)　月(Na)　很(Dfa)　難(VH)　讓(VL)　般(Ng)　大眾(Nh)　跟(D)　著(Di)　聲援(VC),[]
如果完全不發大家還容易共鳴,如果(Cbb)　完全(D)　不(D)　發(VD)　大家(Nh)　還(D)　容易(VH)　共鳴(VA),[]
剛剛看了是淨利耶算很會還了,剛剛(D)　看(VC)　了(Di)　是(SHI)　淨利(Nb)　耶(T)　算(VG)　很(Dfa)　會(D)　還(VD)　了(Di),[]
目前在搞擴張買飛機啊,目前(Nd)　在(D)　搞(VC)　擴張(VHC)　買(VC)　飛機(Na)　啊(T),[]
能撐過這波還能維持毛利,能(D)　撐(VC)　過(Di)　這(Nep)　波(Nf)　還(D)　能(D)　維持(VJ)　毛利(Na),[]
有機會漲吧,有(V_2)　機會(Na)　漲(VH)　吧(T),[]
就看經營能力如何,就(D)　看(VC)　經營(VC)　能力(Na)　如何(D),[]
慘到笑難怪老闆自己都說不如買,慘(VH)　到(P)　笑(VA)　難怪(D)　老闆(Na)　自己(Nh)　都(D)　說(VE)　不如(VJ)　買(VC),[]
年終發多少是看老闆的良心跟財報股價是回事,年終(Nd)　發(VD)　多少(D)　是(SHI)　看(VC)　老闆(Na)　的(DE)　良心(Na)　跟(P)　財報(Na)　股價(Na)　是(SHI)　回(Nf)　事(Na),[]
越看越可怕欸,越(D)　看(VC)　越(D)　可怕(VH)　欸(I),[]
反正空姐趕快去釣醫生或工程師當搾錢娘就好,反正(D)　空姐(Na)　趕快(D)　去(D)　釣(VC)　醫生(Na)　或(Caa)　工程師(Na)　當(VG)　搾錢娘(FW)　就(D)　好(VH),[]
第天知道航空業是白粉的資本麵粉的獲利,第天(Neu)　知道(VK)　航空業(Na)　是(SHI)　白粉(Na)　的(DE)　資本(Na)　麵粉(Na)　的(DE)　獲利(Na),"[{'word': '第天', 'ner': 'DATE'}]"
搞越洋廣體更是鈔票焚化爐,搞(VC)　越洋(VA)　廣體(VH)　更(D)　是(SHI)　鈔票(Na)　焚化爐(Na),[]
站著說話不腰疼的嘴炮仔真多,站(VA)　著(Di)　說話(VA)　不(D)　腰(Na)　疼(VH)　的(DE)　嘴炮仔(Na)　真(D)　多(VH),[]
飛安很重要而誰能決定用哪個飛安商品,飛安(Na)　很(Dfa)　重要(VH)　而(Cbb)　誰(Nh)　能(D)　決定(VE)　用(P)　哪(Nep)　個(Nf)　飛安(Na)　商品(Na),[]
星宇搭過次,星宇(Nb)　搭(VC)　過(Di)　次(Nf),"[{'word': '星宇', 'ner': 'ORG'}]"
就知道之前泡泡吹多大,就(D)　知道(VK)　之前(Ng)　泡泡(Na)　吹(VC)　多(Dfa)　大(VH),[]
被低端笑死發年終不看財報,被(P)　低端(VH)　笑死(VHC)　發(VD)　年終(Nd)　不(D)　看(VC)　財報(Na),[]
你以為華航天到晚在招人,你(Nh)　以為(VE)　華航(Nb)　天到晚(D)　在(D)　招(VC)　人(Na),"[{'word': '華航', 'ner': 'ORG'}]"
門很窄啦進不去的只能去長榮和星宇,門(Na)　很(Dfa)　窄(VH)　啦(T)　進(VA)　不(D)　去(VCL)　的(DE)　只(Da)　能(D)　去(VCL)　長榮(Nb)　和(Caa)　星宇(Nb),"[{'word': '長榮', 'ner': 'FAC'}, {'word': '星宇', 'ner': 'FAC'}]"
飛機認列折舊很貴,飛機(Na)　認列(VC)　折舊(VH)　很(Dfa)　貴(VH),[]
確實巷口麵攤毛利,確實(VH)　巷口(Nc)　麵攤(Nc)　毛利(Na),[]
發年終是良心是未上市公司,發(VC)　年終(Nd)　是(SHI)　良心(Na)　是(SHI)　未(D)　上市(VH)　公司(Nc),[]
上市公司還是看財報的,上市(VH)　公司(Nc)　還是(D)　看(VC)　財報(Na)　的(DE),[]
毫無意義的比較,毫無(VJ)　意義(Na)　的(DE)　比較(VC),[]
華航流動率很低裡面的不太想走外面的很難擠進去,華航(Nc)　流動率(Na)　很(Dfa)　低(VH)　裡面(Ncd)　的(DE)　不(D)　太(Dfa)　想(VE)　走(VA)　外面(Ncd)　的(DE)　很(Dfa)　難(VH)　擠進去(VCL),"[{'word': '華航', 'ner': 'ORG'}]"
折舊吃掉了,折舊(VH)　吃掉(VC)　了(Di),[]
罷工了啦多人多根捅才有感覺,罷工(VA)　了(Di)　啦(T)　多(Neqa)　人(Na)　多(Neqa)　根(Nf)　捅(VC)　才(Da)　有(V_2)　感覺(Na),[]
至少要年,至少(Da)　要(D)　年(Na),[]
不潮,不(D)　潮(VH),[]
跟巷口麵店有什麼好比的毛利給你好了營業額是能高到哪去,跟(P)　巷口(Nc)　麵店(Nc)　有(V_2)　什麼(Nep)　好比(VG)　的(DE)　毛利(Na)　給(VD)　你(Nh)　好了(T)　營業額(Na)　是(SHI)　能(D)　高(VH)　到(P)　哪(Ncd)　去(D),[]
華航當年罷工福利都沒爭取到前有那麼爽嗎,華航(Nc)　當年(Nd)　罷工(VA)　福利(Na)　都(D)　沒(D)　爭取到(VC)　前(Ng)　有(V_2)　那麼(D)　爽(VH)　嗎(T),"[{'word': '華航', 'ner': 'ORG'}, {'word': '當年', 'ner': 'DATE'}]"
服務業門檻就那樣,服務業(Na)　門檻(Na)　就(D)　那樣(Dfa),[]
有啥毛病非要去機場,有(V_2)　啥(Nep)　毛病(Na)　非(D)　要(D)　去(VCL)　機場(Nc),[]
大家都是來陪公子哥圓夢的,大家(Nh)　都(D)　是(SHI)　來(D)　陪(VC)　公子哥(Na)　圓夢(VB)　的(DE),[]
那麼計較錢幹嘛,那麼(D)　計較(VK)　錢(Na)　幹嘛(D),[]
我以為星宇比較難進去耶,我(Nh)　以為(VE)　星宇(Na)　比較(Dfa)　難(VH)　進去(VA)　耶(T),[]
兩家都蠻常坐的,兩(Neu)　家(Nc)　都(D)　蠻(Dfa)　常(D)　坐(VA)　的(DE),"[{'word': '兩', 'ner': 'CARDINAL'}]"
星宇空服員有種很明顯的優越感,星宇(Na)　空服員(Na)　有(V_2)　種(Nf)　很(Dfa)　明顯(VH)　的(DE)　優越感(Na),[]
認識的在星宇辦公室缺,認識(VJ)　的(DE)　在(P)　星宇(Na)　辦公室(Nc)　缺(VJ),"[{'word': '星宇辦公室', 'ner': 'FAC'}]"
聽說可以用高鐵價候補機位,聽說(VE)　可以(D)　用(P)　高鐵價(Na)　候補(VH)　機位(Na),[]
資本額億就能去賣麵啦八方雲集毛利率左右你億搞航空的確有點低了公子陪讀有賺就行,資本額(Na)　億(Neu)　就(D)　能(D)　去(D)　賣(VD)　麵(Na)　啦(T)　八方(Ncd)　雲集(VH)　毛利率(Na)　左右(Ng)　你(Nh)　億(Neu)　搞(VC)　航空(Na)　的確(D)　有點(Dfa)　低(VH)　了(Di)　公子(Na)　陪讀(VC)　有(V_2)　賺(VC)　就(D)　行(VH),[]
無知,無知(VH),[]
輕資本跟重資本怎麼比毛利率啦,輕(VH)　資本(Na)　跟(P)　重(VH)　資本(Na)　怎麼(D)　比(VC)　毛利率(Na)　啦(T),[]
不用聽說員工就是折空位票只是華航類公務員裡面老人爽到不行根本沒人會想離職,不用(D)　聽說(VE)　員工(Na)　就是(Cbb)　折(VC)　空位票(Na)　只是(Da)　華航(Na)　類(Na)　公務員(Na)　裡面(Ncd)　老人(Na)　爽(VH)　到(P)　不行(VH)　根本(D)　沒(VJ)　人(Na)　會(D)　想(VE)　離職(VH),"[{'word': '華航', 'ner': 'ORG'}]"
華航躺槍,華航(Nc)　躺槍(Na),"[{'word': '華航', 'ner': 'ORG'}]"
會去星宇的都是要歸隨張董的,會(D)　去(VCL)　星宇(Nb)　的(DE)　都(D)　是(SHI)　要(D)　歸隨(VJ)　張董(Nb)　的(DE),"[{'word': '張董', 'ner': 'PERSON'}]"
薪水不要要求這麼多辣,薪水(Na)　不要(D)　要求(VF)　這麼多(Neqa)　辣(VH),[]
來古板叫人罷工根本是對岸網軍,來古板(D)　叫(VL)　人(Na)　罷工(VA)　根本(D)　是(SHI)　對岸(Nc)　網軍(Na),[]
航空是高風險,航空(Na)　是(SHI)　高風險(Na),[]
你說是高風險還差不多,你(Nh)　說(VE)　是(SHI)　高風險(Na)　還(D)　差不多(D),[]
都什麼年代了飛機根本地球上最安全交通工具好嗎,都(D)　什麼(Nep)　年代(Nd)　了(Di)　飛機(Na)　根本(D)　地球(Na)　上(Ng)　最(Dfa)　安全(VH)　交通(Na)　工具(Na)　好(VH)　嗎(T),[]
這還是在油價直降的狀況,這(Nep)　還是(D)　在(P)　油價(Na)　直(D)　降(VC)　的(DE)　狀況(Na),[]
不會為了喝啤酒去搭國泰,不會(D)　為了(P)　喝(VC)　啤酒(Na)　去(D)　搭(VC)　國泰(Nb),[]
所以其他家更新飛機有需要這麼快嗎,所以(Cbb)　其他(Neqa)　家(Nf)　更新(VC)　飛機(Na)　有(V_2)　需要(VK)　這麼(Dfa)　快(VH)　嗎(T),[]
能進的了華航誰要民營華航年終超多又不用太在意,能(D)　進(VC)　的(DE)　了(T)　華航(Nc)　誰(Nh)　要(D)　民營(VH)　華航(Nc)　年終(Nd)　超(VH)　多(VH)　又(D)　不用(D)　太(Dfa)　在意(VK),"[{'word': '華航', 'ner': 'ORG'}, {'word': '華航', 'ner': 'ORG'}]"
可以去華航啦不過幾年後華航還能不能發這名多就不知道啦國營事業內部問題都蠻多,可以(D)　去(VCL)　華航(Nc)　啦(T)　不過(Da)　幾(Neu)　年(Nf)　後(Ng)　華航(Nc)　還(D)　能不能(D)　發(VD)　這(Nep)　名(Na)　多(VH)　就(D)　不(D)　知道(VK)　啦(T)　國營(VH)　事業(Na)　內部(Ncd)　問題(Na)　都(D)　蠻(Dfa)　多(VH),"[{'word': '華航', 'ner': 'ORG'}, {'word': '幾年後', 'ner': 'DATE'}, {'word': '華航', 'ner': 'ORG'}]"
華航不知道但虎航應該是可以,華航(Nc)　不(D)　知道(VK)　但(Cbb)　虎航(Nc)　應該(D)　是(SHI)　可以(D),"[{'word': '華航', 'ner': 'ORG'}, {'word': '虎航', 'ner': 'ORG'}]"
可能跟民眾黨差不多吧擠不進舒適圈的就來搏搏,可能(D)　跟(P)　民眾黨(Nb)　差不多(VH)　吧(T)　擠(VCL)　不(D)　進(VC)　舒適圈(Na)　的(DE)　就(D)　來(D)　搏搏(VC),"[{'word': '民眾黨', 'ner': 'ORG'}]"
新的航空公司,新(VH)　的(DE)　航空(Na)　公司(Nc),[]
錢應該都花在開拓航線的航權和機場停機坪上吧,錢(Na)　應該(D)　都(D)　花(VC)　在(P)　開拓(VC)　航線(Na)　的(DE)　航權(Na)　和(Caa)　機場(Nc)　停機坪(Nc)　上(Ncd)　吧(T),[]
馬後炮結果論,馬後炮(Nb)　結果論(VC),[]
事實就是有買新機啊,事實(Na)　就(Cbb)　是(SHI)　有(V_2)　買(VC)　新機(Na)　啊(T),[]
引述古美門上身之銘言,引述(VC)　古美門(Nb)　上身(Na)　之(DE)　銘言(Na),[]
罷工其實是工會的權力不是勞工的算是團體爭議權,罷工(VA)　其實(D)　是(SHI)　工會(Nc)　的(DE)　權力(Na)　不(D)　是(SHI)　勞工(Na)　的(DE)　算是(VG)　團體(Na)　爭議權(Na),"[{'word': '工會', 'ner': 'ORG'}]"
工會權利,工會(Nc)　權利(Na),[]
不是喔不是這樣子的喔,不(D)　是(SHI)　喔(T)　不(D)　是(SHI)　這樣子(VH)　的(T)　喔(T),[]
新聞不甩勞動部泰博開除工會全數幹部,新聞(Na)　不(D)　甩(VC)　勞動部(Nc)　泰博(Nb)　開除(VC)　工會(Nc)　全數(Neqa)　幹部(Na),[]
看眉來眼去就懂了,看(VC)　眉來眼去(VA)　就(D)　懂(VK)　了(T),[]
勞動部就專門幫助企業合法的單位阿嘻嘻,勞動部(Nc)　就(D)　專門(VL)　幫助(VC)　企業(Na)　合法(VH)　的(DE)　單位(Na)　阿嘻嘻(Nb),"[{'word': '勞動部', 'ner': 'ORG'}]"
資遣費還能不發的喔,資遣費(Na)　還(D)　能(D)　不(D)　發(VD)　的(T)　喔(T),[]
讚啦,讚(VH)　啦(T),[]
這才是台灣老闆,這(Nep)　才(Da)　是(SHI)　台灣(Nc)　老闆(Na),"[{'word': '台灣', 'ner': 'NORP'}]"
反正罰也罰沒多少,反正(D)　罰(VF)　也(D)　罰(VF)　沒(VJ)　多少(Neqa),[]
不聽話的通通開除愛爭取愛檢舉是不是,不(D)　聽話(VH)　的(DE)　通通(D)　開除(VC)　愛(Na)　爭取(VC)　愛(VL)　檢舉(VC)　是(SHI)　不(D)　是(SHI),[]
開除,開除(VC),[]
按讚概念股,按讚(VC)　概念股(Na),[]
勞工死了也不痛不養的勞動部,勞工(Na)　死(VH)　了(Di)　也(D)　不(D)　痛(VH)　不(D)　養(VC)　的(DE)　勞動部(Nc),"[{'word': '勞動部', 'ner': 'ORG'}]"
工會蝦米,工會(Nc)　蝦米(Na),[]
有尾牙可以吃就要偷笑惹剩下的通通拿去加權抽獎,有(V_2)　尾牙(Nd)　可以(D)　吃(VC)　就(D)　要(D)　偷笑(VA)　惹(VC)　剩下(VJ)　的(DE)　通通(D)　拿去(VC)　加權(A)　抽獎(VA),[]
先講下,先(D)　講(VE)　下(Ng),[]
老阿姨承認最討厭外遇的渣男和小三,老阿姨(VH)　承認(VE)　最(Dfa)　討厭(VK)　外遇(Na)　的(DE)　渣男(Na)　和(Caa)　小三(Nb),[]
張榮發恐怕為了安撫元配容忍自己的婚外情,張榮發(Nb)　恐怕(D)　為了(P)　安撫(VJ)　元配(Na)　容忍(VK)　自己(Nh)　的(DE)　婚外情(Na),"[{'word': '張榮發', 'ner': 'PERSON'}]"
早就過戶給元配和四位孩子鉅額的公司股權,早(D)　就(D)　過戶(VD)　給(VD)　元配(Na)　和(Caa)　四(Neu)　位(Nf)　孩子(Na)　鉅額(Na)　的(DE)　公司(Nc)　股權(Na),"[{'word': '四', 'ner': 'CARDINAL'}]"
甚至多過於自己的持股,甚至(D)　多過於(VJ)　自己(Nh)　的(DE)　持股(Na),[]
張國煒不用恨長榮元配四子聯手老臣把他趕出長榮航空,張國煒(Nb)　不用(D)　恨(VK)　長榮(Nb)　元配(Na)　四(Neu)　子(Na)　聯手(VH)　老臣(VH)　把(P)　他(Nh)　趕出(VCL)　長榮(Nb)　航空(Na),"[{'word': '張國煒', 'ner': 'PERSON'}]"
張榮發怎麼會不知道元配四子擁,張榮發(Nb)　怎麼(D)　會(D)　不(D)　知道(VK)　元配(Na)　四(Neu)　子(Na)　擁(VC),"[{'word': '張榮發', 'ner': 'PERSON'}, {'word': '四', 'ner': 'CARDINAL'}]"
有更多的股權,有(V_2)　更多(Neqa)　的(DE)　股權(Na),[]
雖然有遺屬,雖然(Cbb)　有(V_2)　遺屬(Na),[]
他真的想把長榮航空交給張國煒也必須要先得到元配四子的,他(Nh)　真的(D)　想(VE)　把(P)　長榮(Nb)　航空(Na)　交給(VD)　張國煒(Nb)　也(D)　必須(D)　要(D)　先(D)　得到(VJ)　元配(Na)　四(Neu)　子(Na)　的(DE),"[{'word': '長榮航空', 'ner': 'ORG'}, {'word': '張國煒', 'ner': 'PERSON'}]"
原諒和成全,原諒(VJ)　和(Caa)　成全(VC),[]
於公於私,於公於私(D),[]
張國煒旦失去父親的照拂,張國煒(Nb)　旦(Cbb)　失去(VJ)　父親(Na)　的(DE)　照拂(VJ),"[{'word': '張國煒', 'ner': 'PERSON'}]"
他都該被趕出長榮航,他(Nh)　都(D)　該(D)　被(P)　趕出(VCL)　長榮航(Nb),[]
不過張榮發還是留下了份不少的專屬遺產給張國煒,不過(Cbb)　張榮發(Nb)　還是(D)　留下(VC)　了(Di)　份(Nf)　不少(Neqa)　的(DE)　專屬(VJ)　遺產(Na)　給(VD)　張國煒(Nb),"[{'word': '張榮發', 'ner': 'PERSON'}, {'word': '張國煒', 'ner': 'PERSON'}]"
這是份祝福,這(Nep)　是(SHI)　份(Nf)　祝福(VC),[]
可惜如果張榮發知,可惜(VH)　如果(Cbb)　張榮(Nb)　發(VE)　知(VK),[]
道張國煒拿了遺產成立星宇航空和自己手創立的長榮對打,道(VE)　張國煒(Nb)　拿(VC)　了(Di)　遺產(Na)　成立(VC)　星宇(Na)　航空(Na)　和(Caa)　自己(Nh)　手(Na)　創立(VC)　的(DE)　長榮(Nb)　對打(VA),"[{'word': '張國煒', 'ner': 'PERSON'}, {'word': '星宇航空', 'ner': 'ORG'}, {'word': '長榮', 'ner': 'ORG'}]"
心裡作何感想,心(Na)　裡(Ng)　作(VC)　何(Nes)　感想(Na),[]
張榮發月才過世,張榮發(Nb)　月(Na)　才(Da)　過世(VH),"[{'word': '張榮發', 'ner': 'PERSON'}]"
張國煒在同年月就向經濟部申請創立星宇航空,張國煒(Nb)　在(P)　同(Nes)　年(Nf)　月(Na)　就(D)　向(P)　經濟部(Nc)　申請(VF)　創立(VC)　星宇(Nb)　航空(Na),"[{'word': '張國煒', 'ner': 'PERSON'}, {'word': '同年月', 'ner': 'DATE'}, {'word': '經濟部', 'ner': 'ORG'}, {'word': '星宇航空', 'ner': 'ORG'}]"
講句難聽的話,講(VE)　句(Nf)　難聽(VH)　的(DE)　話(Na),[]
親屍骨未寒耶,親(VJ)　屍骨(Na)　未(D)　寒(VH)　耶(T),[]
股點來了,股點(Na)　來(VA)　了(Di),[]
星宇航空在張國煒不甘心的情緒中創立,星宇(Nb)　航空(Na)　在(P)　張國煒(Nb)　不(D)　甘心(VK)　的(DE)　情緒(Na)　中(Ng)　創立(VC),"[{'word': '星宇航空', 'ner': 'ORG'}, {'word': '張國煒', 'ner': 'PERSON'}]"
並不是以任何創新和技術優勢為前提,並(D)　不(D)　是(SHI)　以(P)　任何(Neqa)　創新(Nv)　和(Caa)　技術(Na)　優勢(Na)　為(VG)　前提(Na),[]
老阿姨看,老阿姨(VH)　看(VC),[]
不出投資的價值,不(D)　出(VC)　投資(Na)　的(DE)　價值(Na),[]
他就只會開飛機,他(Nh)　就(D)　只(Da)　會(D)　開(VC)　飛機(Na),[]
長榮不給開啊,長榮(Nb)　不(D)　給(D)　開(VC)　啊(T),"[{'word': '長榮', 'ner': 'PERSON'}]"
只好自己創公司開,只好(D)　自己(Nh)　創(VC)　公司(Nc)　開(VC),[]
空運新飛機就是創新跟技術,空運(VC)　新(VH)　飛機(Na)　就(Cbb)　是(SHI)　創新(VC)　跟(P)　技術(Na),[]
不然呢,不然(Cbb)　呢(T),[]
強的從來就不是他本人是他媽他就只是個吃到老媽紅利的二代罷了,強(VH)　的(DE)　從來(D)　就(D)　不(D)　是(SHI)　他(Nh)　本人(Nh)　是(SHI)　他(I)　媽(Na)　他(Nh)　就(D)　只是(Da)　個(Nf)　吃到(VC)　老媽(Na)　紅利(Na)　的(DE)　二(Neu)　代(Na)　罷了(T),"[{'word': '二', 'ner': 'ORDINAL'}]"
要怎技術領先自己造飛機膩,要(D)　怎(D)　技術(Na)　領先(VJ)　自己(Nh)　造(VC)　飛機(Na)　膩(VH),[]
遺產拿出來開公司讓消費者有第三個國籍航空可以選已經可以了,遺產(Na)　拿出來(VB)　開(VC)　公司(Nc)　讓(VL)　消費者(Na)　有(V_2)　第三(Neu)　個(Nf)　國籍(Na)　航空(Na)　可以(D)　選(VC)　已經(D)　可以(VH)　了(T),"[{'word': '第三', 'ner': 'ORDINAL'}]"
不然拿去買股票,不然(Cbb)　拿去(VC)　買(VC)　股票(Na),[]
繼承的遺產早翻四倍了,繼承(VC)　的(DE)　遺產(Na)　早(D)　翻(VC)　四(Neu)　倍(Na)　了(T),"[{'word': '四', 'ner': 'CARDINAL'}]"
起碼有開公司創造就業機會,起碼(Da)　有(V_2)　開(VC)　公司(Nc)　創造(VC)　就業(Nv)　機會(Na),[]
給些進不去華航長榮的多個選擇,給(VD)　些(Nf)　進(VA)　不(D)　去(VCL)　華航(Nc)　長榮(Nb)　的(DE)　多(Neqa)　個(Nf)　選擇(Na),"[{'word': '華航', 'ner': 'ORG'}]"
阿姨真的管好多,阿姨(Na)　真的(D)　管(VE)　好多(Neqa),[]
好可怕的阿姨,好(Dfa)　可怕(VH)　的(DE)　阿姨(Na),[]
這論述很青,這(Nep)　論述(Na)　很(Dfa)　青(VH),[]
推文定充滿羨慕嫉妒恨,推文(Na)　定(D)　充滿(VJ)　羨慕(VJ)　嫉妒恨(VJ),[]
被趕出長榮不創立星宇,被(P)　趕出(VCL)　長榮(Nb)　不(D)　創立(VC)　星宇(Nb),[]
那他要做什麼,那(Nep)　他(Nh)　要(D)　做(VC)　什麼(Nep),[]
開航空公司還要創新跟技術優勢喔,開(VC)　航空(Na)　公司(Nc)　還(Dfa)　要(D)　創新(VC)　跟(P)　技術(Na)　優勢(Na)　喔(T),[]
出來開公司還要被老阿姨嫌,出來(VA)　開(VC)　公司(Nc)　還要(D)　被(P)　老阿姨(VH)　嫌(VK),[]
自費開公司我很佩服自費去買新飛機折舊很猛好不好那些遺產現金我直接出國玩到腿軟了,自費(VA)　開(VC)　公司(Nc)　我(Nh)　很(Dfa)　佩服(VJ)　自費(VA)　去(D)　買(VC)　新(VH)　飛機(Na)　折舊(VH)　很(Dfa)　猛(VH)　好(VH)　不(D)　好(VH)　那些(Neqa)　遺產(Na)　現金(Na)　我(Nh)　直接(VH)　出國(VA)　玩(VC)　到(P)　腿(Na)　軟(VH)　了(T),[]
至少人家有勇氣有做事的勇氣,至少(Da)　人家(Nh)　有(V_2)　勇氣(Na)　有(V_2)　做(VC)　事(Na)　的(DE)　勇氣(Na),[]
嘴哥嘴姐剩下些什麼,嘴哥(Na)　嘴姐(Na)　剩下(VJ)　些(Nf)　什麼(Nep),[]
人家至少玩出間上市公司光這點就很優了,人家(Nh)　至少(Da)　玩出(VC)　間(Nf)　上市(VH)　公司(Nc)　光(Da)　這(Nep)　點(Nf)　就(D)　很(Dfa)　優(VH)　了(T),[]
你是不是漏了很多沒講啊,你(Nh)　是(SHI)　不(D)　是(SHI)　漏(VH)　了(Di)　很多(Neqa)　沒(D)　講(VE)　啊(T),[]
人家是被趕出去才創立星宇啊,人家(Nh)　是(SHI)　被(P)　趕出去(VB)　才(Da)　創立(VC)　星宇(Na)　啊(T),[]
老阿姨的價值觀好可怕,老阿姨(VH)　的(DE)　價值觀(Na)　好(Dfa)　可怕(VH),[]
有千億會想要再創業已經很可以了,有(V_2)　千億(Neu)　會(D)　想要(VE)　再(D)　創業(VA)　已經(D)　很(Dfa)　可以(VH)　了(T),"[{'word': '千億', 'ner': 'CARDINAL'}]"
創立上市很猛好不好誰管你看不看得起,創立(VC)　上市(VH)　很(Dfa)　猛(VH)　好(VH)　不(D)　好(VH)　誰(Nh)　管(VE)　你(Nh)　看(VJ)　不(D)　看得起(VJ),[]
可悲可憐住海邊,可悲(VH)　可憐(VHC)　住(VCL)　海邊(Na),[]
可怕,可怕(VH),[]
賠錢中還能特許上市政商關係良好,賠錢(VH)　中(Ng)　還(D)　能(D)　特許(VE)　上市(VH)　政商(Na)　關係(Na)　良好(VH),[]
只看到自己想看到的東西,只(Da)　看到(VE)　自己(Nh)　想(VE)　看到(VE)　的(DE)　東西(Na),[]
根本不知道前因後果,根本(D)　不(D)　知道(VK)　前因後果(Na),[]
賠錢本來就不會發年終了之前新公司都象徵性發個月損益負的個月不錯了啦公司本來就是朝營利為目的人力本就會覺得委屈的可以轉戰其他公司啊,賠錢(VH)　本來(D)　就(D)　不會(D)　發(VD)　年終(Nd)　了(Di)　之前(Ng)　新(VH)　公司(Nc)　都(D)　象徵性(Na)　發(VD)　個(Nf)　月(Na)　損益(Na)　負(VJ)　的(DE)　個(Nf)　月(Na)　不錯(VH)　了(T)　啦(T)　公司(Nc)　本來(D)　就是(D)　朝(P)　營利(VA)　為(VG)　目的(Na)　人力(Na)　本(D)　就(D)　會(D)　覺得(VK)　委屈(VHC)　的(DE)　可以(D)　轉戰(VCL)　其他(Neqa)　公司(Nc)　啊(T),"[{'word': '個月', 'ner': 'DATE'}]"
有本事你自己開公司還上市櫃,有(V_2)　本事(Na)　你(Nh)　自己(Nh)　開(VC)　公司(Nc)　還(D)　上(VH)　市櫃(Na),[]
分家自立門戶個自努力很尋常國泰富邦是例子,分家(VA)　自立(VC)　門戶(Na)　個自(Nh)　努力(VH)　很(Dfa)　尋常(VH)　國泰富邦(Nb)　是(SHI)　例子(Na),[]
你知道上市櫃財務要被監管嗎,你(Nh)　知道(VK)　上市櫃(VH)　財務(Na)　要(D)　被(P)　監管(VC)　嗎(T),[]
不是象徵性的拿發票抵稅,不(D)　是(SHI)　象徵性(Na)　的(DE)　拿(VC)　發票(Na)　抵(VC)　稅(Na),[]
當妳嗎,當(VG)　妳(Nh)　嗎(T),[]
這篇為噴而噴,這(Nep)　篇(Nf)　為(P)　噴(VC)　而(Cbb)　噴(VC),[]
嘴別人開公司,嘴(Na)　別人(Nh)　開(VC)　公司(Nc),[]
那你有出來開公司嗎,那(Dk)　你(Nh)　有(V_2)　出來(VA)　開(VC)　公司(Nc)　嗎(T),[]
我跟阿姨想法樣老阿姨承認最討厭外遇的渣男和小三,我(Nh)　跟(P)　阿姨(Na)　想法樣(Na)　老阿姨(VH)　承認(VE)　最(Dfa)　討厭(VK)　外遇(Na)　的(DE)　渣男(Na)　和(Caa)　小三(Nb),[]
可悲在資本市場裡最重要的就是競爭給使用者多個選擇有什麼好該的可憐哪,可悲(VH)　在(P)　資本(Na)　市場(Nc)　裡(Ncd)　最(Dfa)　重要(VH)　的(DE)　就(D)　是(SHI)　競爭(VA)　給(VD)　使用(VC)　者(Na)　多(Neqa)　個(Nf)　選擇(Na)　有(V_2)　什麼(Nep)　好(VH)　該(Nes)　的(DE)　可憐(VHC)　哪(T),[]
雖然我不喜他但你這也太硬要噴,雖然(Cbb)　我(Nh)　不(D)　喜(VK)　他(Nh)　但(Cbb)　你(Nh)　這(Nep)　也(D)　太(Dfa)　硬(D)　要(D)　噴(VC),[]
上禮拜在桃機遇到他,上(Nes)　禮拜(Na)　在(P)　桃機(Nc)　遇到(VC)　他(Nh),"[{'word': '上禮拜', 'ner': 'DATE'}, {'word': '桃機', 'ner': 'GPE'}]"
但我覺得般男人比較討厭老阿姨,但(Cbb)　我(Nh)　覺得(VK)　般(Ng)　男人(Na)　比較(Dfa)　討厭(VK)　老阿姨(VH),[]
照這個論述不賺錢的像力積電宏達電友達高端都罪該萬死了,照(P)　這(Nep)　個(Nf)　論述(Na)　不(D)　賺錢(VA)　的(DE)　像(Nb)　力積電(Nb)　宏達電(Nb)　友達(Nb)　高端(Na)　都(D)　罪該萬死(VH)　了(T),"[{'word': '力積電', 'ner': 'ORG'}, {'word': '宏達電', 'ner': 'ORG'}]"
可是他能玩個梗叫你們總仔出來開阿,可是(Cbb)　他(Nh)　能(D)　玩(VC)　個(Di)　梗(Na)　叫(VF)　你們(Nh)　總仔(Na)　出來(VA)　開(VC)　阿(T),[]
妳管真多,妳(Nh)　管(VE)　真(D)　多(VH),[]
哩洗咧共三小,哩(T)　洗(VC)　咧(T)　共(Da)　三(Neu)　小(VH),"[{'word': '三', 'ner': 'CARDINAL'}]"
他是被趕出來的耶張榮發應該比較想怪把自己子孫趕出去的人吧,他(Nh)　是(SHI)　被(P)　趕出來(VB)　的(DE)　耶(T)　張榮發(Nb)　應該(D)　比較(Dfa)　想(VE)　怪(VH)　把(P)　自己(Nh)　子孫(Na)　趕出去(VB)　的(DE)　人(Na)　吧(T),"[{'word': '張榮發', 'ner': 'PERSON'}]"
他應該拿了錢躺著舒舒服服過日子,他(Nh)　應該(D)　拿(VC)　了(Di)　錢(Na)　躺(VA)　著(Di)　舒舒服服(VH)　過日子(VA),[]
事實上國內多個競爭對消費者來說是好事,事實(Na)　上(Ng)　國內(Nc)　多(Neqa)　個(Nf)　競爭(Na)　對(P)　消費者(Na)　來(D)　說(VE)　是(SHI)　好事(Na),[]
反正他錢花不完你也不用投資他,反正(D)　他(Nh)　錢(Na)　花(VC)　不(D)　完(VC)　你(Nh)　也(D)　不用(D)　投資(VC)　他(Nh),[]
那個年代你覺得他會覺得虧欠,那(Nep)　個(Nf)　年代(Nd)　你(Nh)　覺得(VK)　他(Nh)　會(D)　覺得(VK)　虧欠(VD),[]
就跟王永慶樣,就(D)　跟(P)　王永慶(Nb)　樣(Ng),"[{'word': '王永慶', 'ner': 'PERSON'}]"
到老還執掌大權啊,到(P)　老(Nb)　還(D)　執掌(VC)　大權(Na)　啊(T),[]
老婆跟小孩是需要對他們愧疚什麼,老婆(Na)　跟(P)　小孩(Na)　是(SHI)　需要(VK)　對(P)　他們(Nh)　愧疚(VH)　什麼(Nep),[]
他覺得都給你不少了還想怎樣,他(Nh)　覺得(VK)　都(D)　給(VD)　你(Nh)　不少(VH)　了(Di)　還(D)　想(VE)　怎樣(D),[]
看到那些小孩他在的時候都沒講話,看到(VE)　那些(Neqa)　小孩(Na)　他(Nh)　在(VCL)　的(DE)　時候(Na)　都(D)　沒(D)　講話(VA),[]
就表示他這老爸威嚴,就(D)　表示(VE)　他(Nh)　這(Nep)　老爸(Na)　威嚴(Na),[]
有聽說對孫子比對兒子好多百倍,有(V_2)　聽說(VE)　對(P)　孫子(Na)　比(VC)　對(P)　兒子(Na)　好(Neqa)　多(VH)　百(Neu)　倍(Na),[]
爸爸在的時候當然不敢講什麼就會背叛元配,爸爸(Na)　在(VCL)　的(DE)　時候(Na)　當然(D)　不(D)　敢(VL)　講(VE)　什麼(Nep)　就(D)　會(D)　背叛(VC)　元配(Na),[]
不同意屍骨未寒那句,不(D)　同意(VK)　屍骨未寒(Na)　那(Nep)　句(Nf),[]
你怎麼不說他是為了榮耀父親證明自己才創立星宇,你(Nh)　怎麼(D)　不(D)　說(VE)　他(Nh)　是(SHI)　為(P)　了(Di)　榮耀(Na)　父親(Na)　證明(VE)　自己(Nh)　才(Da)　創立(VC)　星宇(Nb),"[{'word': '星宇', 'ner': 'ORG'}]"
老阿姨是不是最喜歡黃董啊,老阿姨(VH)　是(SHI)　不(D)　是(SHI)　最(Dfa)　喜歡(VK)　黃董(Nb)　啊(T),"[{'word': '黃董', 'ner': 'PERSON'}]"
真男人,真(VH)　男人(Na),[]
對股民跟股東割再割,對(P)　股民(Na)　跟(P)　股東(Na)　割(VC)　再(D)　割(VC),[]
黃董是誰,黃董(Nb)　是(SHI)　誰(Nh),"[{'word': '黃董', 'ner': 'PERSON'}]"
打不贏就屍骨未寒,打(VC)　不(D)　贏(VD)　就(P)　屍骨未寒(Na),[]
你不要丟老阿姨的臉,你(Nh)　不要(D)　丟(VC)　老阿姨(Na)　的(DE)　臉(Na),[]
老阿姨正好我有兩子,老阿姨(VH)　正好(Da)　我(Nh)　有(V_2)　兩(Neu)　子(Na),"[{'word': '兩', 'ner': 'FAC'}]"
然而我希望他倆未來幹掉我比我更好而不是在我的公司跟我工作,然而(Cbb)　我(Nh)　希望(VK)　他倆(Nh)　未來(Nd)　幹掉(VC)　我(Nh)　比(P)　我(Nh)　更(D)　好(VH)　而(Cbb)　不(D)　是(SHI)　在(P)　我(Nh)　的(DE)　公司(Nc)　跟(P)　我(Nh)　工作(VA),[]
不知道你有小孩否,不(D)　知道(VK)　你(Nh)　有(V_2)　小孩(Na)　否(T),[]
這篇太過份摟星宇比上不足比下有餘星宇不行那你等於說台股有半以上的公司不行,這(Nep)　篇(Nf)　太(Dfa)　過份(VH)　摟(VC)　星宇(Nb)　比(P)　上(Ncd)　不足(VH)　比(P)　下(Ncd)　有餘(V_2)　星宇(Nb)　不行(VH)　那(Dk)　你(Nh)　等於(VG)　說(VE)　台股(Na)　有(V_2)　半(Neqa)　以上(Ng)　的(DE)　公司(Nc)　不行(VH),"[{'word': '餘星宇', 'ner': 'PERSON'}, {'word': '台股', 'ner': 'NORP'}]"
到底在公三小你是和張榮發很熟是不是,到底(D)　在(P)　公三(Na)　小(VH)　你(Nh)　是(SHI)　和(P)　張榮發(Nb)　很(Dfa)　熟(VH)　是(SHI)　不(D)　是(SHI),"[{'word': '張榮發', 'ner': 'PERSON'}]"
確實,確實(VH),[]
間只會直買造神公關文的公司,間(Ncd)　只(Da)　會(D)　直(D)　買(VC)　造(VC)　神(Na)　公關文(Na)　的(DE)　公司(Nc),[]
能有什麼前景,能(D)　有(V_2)　什麼(Nep)　前景(Na),[]
講得好像你跟他們有什麼關係樣,講(VE)　得(DE)　好像(D)　你(Nh)　跟(P)　他們(Nh)　有(V_2)　什麼(Nep)　關係(Na)　樣(Na),[]
儼然是大房的口氣,儼然(D)　是(SHI)　大房(Na)　的(DE)　口氣(Na),[]
你是大房來發文喔而且台股不賺錢公司多的是屍骨未寒更好笑不想要人家開間打對台別趕人走啊,你(Nh)　是(SHI)　大房(Na)　來(D)　發文(VA)　喔(T)　而且(Cbb)　台股(Na)　不(D)　賺錢(VA)　公司(Nc)　多(VH)　的(DE)　是(SHI)　屍骨未寒(Na)　更(D)　好笑(VH)　不(D)　想(VE)　要(VE)　人家(Nh)　開(VC)　間(Nf)　打對台(VA)　別(D)　趕(VC)　人(Na)　走(VA)　啊(T),"[{'word': '台股', 'ner': 'NORP'}]"
像是情緒勒索以及你怎麼可能真正瞭解他們想法,像是(SHI)　情緒(Na)　勒索(Nv)　以及(Caa)　你(Nh)　怎麼(D)　可能(D)　真正(D)　瞭解(VK)　他們(Nh)　想法(Na),[]
現在機票價格怕是再漲倍,現在(Nd)　機票(Na)　價格(Na)　怕(VK)　是(SHI)　再(D)　漲(VH)　倍(Na),[]
老阿姨論點趕出來如果沒發展飛碟技術都是沒有創新,老阿姨(VH)　論點(Na)　趕出來(VB)　如果(Cbb)　沒(D)　發展(VC)　飛碟(Na)　技術(Na)　都(D)　是(SHI)　沒有(VJ)　創新(VC),[]
沒有星宇也是會有其他家搶市場,沒有(VJ)　星宇(Nb)　也(D)　是(SHI)　會(D)　有(V_2)　其他(Neqa)　家(Nc)　搶(VD)　市場(Nc),[]
對張榮發來說,對(P)　張榮發(Nb)　來(D)　說(VE),"[{'word': '張榮發', 'ner': 'PERSON'}]"
至少餅還在張家手上,至少(Da)　餅(Na)　還(D)　在(P)　張家(Nc)　手(Na)　上(Ncd),"[{'word': '張家', 'ner': 'PERSON'}]"
只會出張嘴,只(Da)　會(D)　出(VC)　張(VA)　嘴(Na),[]
腦補太多幻覺,腦補(Na)　太多(Neqa)　幻覺(Na),[]
阿姨尼有附尼阿姨的圖嗎,阿姨(Na)　尼(Nb)　有(V_2)　附(Nb)　尼(Nb)　阿姨(Na)　的(DE)　圖(Na)　嗎(T),[]
照這個論點,照(P)　這(Nep)　個(Nf)　論點(Na),[]
台灣應該只要留家華航就好,台灣(Nc)　應該(D)　只要(Cbb)　留(VC)　家(Nf)　華航(Nc)　就(D)　好(VH),"[{'word': '台灣', 'ner': 'GPE'}, {'word': '華航', 'ner': 'ORG'}]"
長榮出來搞競爭,長榮(Nb)　出來(VA)　搞(VC)　競爭(Na),"[{'word': '長榮', 'ner': 'PERSON'}]"
害華航獲利降低,害(VC)　華航(Nc)　獲利(Na)　降低(VHC),"[{'word': '華航', 'ner': 'ORG'}]"
罪大惡極,罪大惡極(VH),[]
可以合法但不合道義的把他趕出去,可以(D)　合法(VH)　但(Cbb)　不(VH)　合(VJ)　道義(Na)　的(DE)　把(P)　他(Nh)　趕出去(VB),[]
不能合法但不道義的成立公司打對台,不能(D)　合法(VH)　但(Cbb)　不道義(VH)　的(DE)　成立(VC)　公司(Nc)　打對台(VA),[]
認同,認同(VJ),[]
蝦米都不看整理好久惹,蝦米(Na)　都(D)　不(D)　看(VC)　整理(VC)　好(Dfa)　久(VH)　惹(VC),"[{'word': '蝦米', 'ner': 'PERSON'}]"
這觀點蠻正確的,這(Nep)　觀點(Na)　蠻(Dfa)　正確(VH)　的(T),[]
講道義,講(VE)　道義(Na),[]
他外遇時是怎麼傷害糟蹋蔡姓前妻的,他(Nh)　外遇(Na)　時(Ng)　是(SHI)　怎麼(D)　傷害(VC)　糟蹋(VC)　蔡姓(Nb)　前妻(Na)　的(DE),"[{'word': '蔡', 'ner': 'PERSON'}]"
自己外遇卻讓前妻再也無法待在航空業,自己(Nh)　外遇(Na)　卻(D)　讓(VL)　前妻(Na)　再(D)　也(D)　無法(D)　待在(VCL)　航空業(Na),[]
真有道義,真(D)　有(V_2)　道義(Na),[]
各家航空公司的年終獎金比較,各(Nes)　家(Nf)　航空(Na)　公司(Nc)　的(DE)　年終(Nd)　獎金(Na)　比較(VC),[]
不是勞工的算是團體爭議權,不(D)　是(SHI)　勞工(Na)　的(DE)　算是(VG)　團體(Na)　爭議權(Na),[]
星宇航空的賣點本來就不是賣服務而是比較偏在賣硬體,星宇(Nb)　航空(Na)　的(DE)　賣點(Na)　本來(D)　就(D)　不(D)　是(SHI)　賣(VD)　服務(Nv)　而是(Cbb)　比較(Dfa)　偏在(D)　賣(VD)　硬體(Na),"[{'word': '星宇航空', 'ner': 'ORG'}]"
有跟評價都在說星宇沒啥服務或是人員專業度不足,有(V_2)　跟(P)　評價(Na)　都(D)　在(P)　說(VE)　星宇(Nb)　沒(VJ)　啥(Nep)　服務(VC)　或是(Caa)　人員(Na)　專業度(Na)　不足(VH),"[{'word': '星宇', 'ner': 'ORG'}]"
這間公司的競爭力就是在他們飛機硬體服務上,這(Nep)　間(Nf)　公司(Nc)　的(DE)　競爭力(Na)　就(Cbb)　是(SHI)　在(P)　他們(Nh)　飛機(Na)　硬體(Na)　服務(VC)　上(Ng),[]
如果星宇員工真的要罷工對星宇這家公司的競爭力影響真的小,如果(Cbb)　星宇(Nb)　員工(Na)　真的(D)　要(D)　罷工(VA)　對(P)　星宇(Nb)　這(Nep)　家(Nf)　公司(Nc)　的(DE)　競爭力(Na)　影響(Na)　真的(D)　小(VH),"[{'word': '星宇', 'ner': 'ORG'}, {'word': '星宇', 'ner': 'ORG'}]"
真的沒有機師也可以叫你董仔出來開啦,真的(D)　沒有(VJ)　機師(Na)　也(D)　可以(D)　叫(VF)　你(Nh)　董仔(Nb)　出來(VA)　開(VC)　啦(T),[]
公司的還沒開始真的獲利年終獎金有個月已經算佛心公司了,公司(Nc)　的(DE)　還(D)　沒(D)　開始(VH)　真的(D)　獲利(VH)　年終(Nd)　獎金(Na)　有(V_2)　個(Nf)　月(Na)　已經(D)　算(VG)　佛心(Na)　公司(Nc)　了(T),"[{'word': '有個月', 'ner': 'DATE'}]"
有的公司會發年終,有的(Neqa)　公司(Nc)　會(D)　發(VD)　年終(Nd),[]
表示有公司是年終年終平均數是個月,表示(VE)　有(V_2)　公司(Nc)　是(SHI)　年終(Nd)　年終(Nd)　平均數(Na)　是(SHI)　個(Nf)　月(Na),"[{'word': '個月', 'ner': 'DATE'}]"
如果要再加發個月的話,如果(Cbb)　要(D)　再(D)　加發(VD)　個(Nf)　月(Na)　的話(Cba),"[{'word': '個月', 'ner': 'DATE'}]"
成本支出等於又要提高左右的營業成本股東真的只會更可憐,成本(Na)　支出(Na)　等於(VG)　又(D)　要(D)　提高(VC)　左右(Ng)　的(DE)　營業(VA)　成本(Na)　股東(Na)　真的(D)　只(Da)　會(D)　更(Dfa)　可憐(VHC),[]
其他航空公司年終好其實就乾脆跳槽就好很多空服員就是進不了華航才去長榮,其他(Neqa)　航空(Na)　公司(Nc)　年終(Nd)　好(VH)　其實(D)　就(D)　乾脆(VH)　跳槽(VA)　就(D)　好(VH)　很多(Neqa)　空服員(Na)　就是(Cbb)　進不了(VC)　華航(Nc)　才(Da)　去(VCL)　長榮(Nb),"[{'word': '華航', 'ner': 'ORG'}, {'word': '長榮', 'ner': 'ORG'}]"
待不下長榮才去星宇星宇目前的狀況走勞資調解也不定會輸就是了,待(VC)　不下(D)　長榮(Nb)　才(Da)　去(VCL)　星宇(Na)　星宇(Na)　目前(Nd)　的(DE)　狀況(Na)　走(VA)　勞資(Na)　調解(Nv)　也(D)　不定(D)　會(D)　輸(VD)　就是了(VH),"[{'word': '長榮', 'ner': 'PRODUCT'}]"
因為星宇確實沒賺錢有發個月算是不錯了,因為(Cbb)　星宇(Nb)　確實(D)　沒(D)　賺錢(VA)　有(V_2)　發(VD)　個(Nf)　月(Na)　算是(VG)　不錯(VH)　了(T),"[{'word': '星宇', 'ner': 'ORG'}]"
你要被攻擊資方腦惹,你(Nh)　要(D)　被(P)　攻擊(VC)　資方(Na)　腦(Na)　惹(VC),[]
機票價格甜蜜期都發這麼少了,機票(Na)　價格(Na)　甜蜜期(Na)　都(D)　發(VD)　這麼少(VH)　了(T),[]
以後價格差更難賺錢了,以後(Nd)　價格(Na)　差(VH)　更(D)　難(VH)　賺錢(VA)　了(Di),[]
攤提至少要十年啦,攤提(VC)　至少(Da)　要(D)　十(Neu)　年(Nf)　啦(T),"[{'word': '十年', 'ner': 'DATE'}]"
看有沒有機會現在這批,看(VE)　有(V_2)　沒(D)　有(V_2)　機會(Na)　現在(Nd)　這(Nep)　批(Nf),[]
十年後不知道剩多少人,十(Neu)　年(Nf)　後(Ng)　不(D)　知道(VK)　剩(VJ)　多少(Neqa)　人(Na),"[{'word': '十年後', 'ner': 'DATE'}]"
星宇吸引人的就新飛機其他隨便,星宇(Nc)　吸引人(VH)　的(DE)　就(P)　新(VH)　飛機(Na)　其他(Neqa)　隨便(VH),"[{'word': '星宇', 'ner': 'ORG'}]"
也不是要幫他說話,也(D)　不(D)　是(SHI)　要(D)　幫(P)　他(Nh)　說話(VA),[]
就看就真的不賺錢,就(D)　看(VE)　就(D)　真的(D)　不(D)　賺錢(VA),[]
想領年終,想(VE)　領(VC)　年終(Nd),[]
跑進這種企業幹什麼,跑進(VCL)　這(Nep)　種(Nf)　企業(Na)　幹什麼(VA),[]
這裡大部分都是資方腦吧不賺錢股票怎漲,這裡(Ncd)　大部分(Neqa)　都(D)　是(SHI)　資方(Na)　腦(Na)　吧(T)　不(D)　賺錢(VA)　股票(Na)　怎(D)　漲(VH),[]
重資本產業又沒富爸爸扛,重(VH)　資本(Na)　產業(Na)　又(D)　沒(D)　富(VH)　爸爸(Na)　扛(VC),[]
偏偏星宇的新飛機剛好打中另外兩家的弱點尤其華航還會被臨時改長榮雖然有但是座位真的太擠椅距又小,偏偏(D)　星宇(Nb)　的(DE)　新(VH)　飛機(Na)　剛好(Da)　打中(VC)　另外(Da)　兩(Neu)　家(Nf)　的(DE)　弱點(Na)　尤其(D)　華航(Nc)　還(D)　會(D)　被(P)　臨時(Nd)　改(VC)　長榮(Nb)　雖然(Cbb)　有(V_2)　但是(Cbb)　座位(Na)　真的(D)　太(Dfa)　擠(VH)　椅距(Na)　又(D)　小(VH),"[{'word': '兩', 'ner': 'CARDINAL'}, {'word': '華航', 'ner': 'ORG'}, {'word': '長榮', 'ner': 'PRODUCT'}]"
今年如果議題是改成季度調薪我覺得沒毛病,今年(Nd)　如果(Cbb)　議題(Na)　是(SHI)　改成(VG)　季度(Nd)　調薪(VH)　我(Nh)　覺得(VK)　沒(VJ)　毛病(Na),"[{'word': '今年', 'ner': 'DATE'}]"
但唉年終沒人多就很白癡,但(Cbb)　唉(I)　年終(Nd)　沒(VJ)　人(Na)　多(VH)　就(D)　很(Dfa)　白癡(Na),[]
低端喜歡老飛機喔,低端(VH)　喜歡(VK)　老(VH)　飛機(Na)　喔(T),[]
直接開除了吧以為星宇航空是台電,直接(VH)　開除(VC)　了(Di)　吧(T)　以為(VE)　星宇(Nb)　航空(Na)　是(SHI)　台電(Nc),"[{'word': '台電', 'ner': 'ORG'}]"
賠錢樣發年終,賠錢(VH)　樣(Na)　發(VD)　年終(Nd),[]
雖然很殘忍,雖然(Cbb)　很(Dfa)　殘忍(VH),[]
但其實職場就是這樣,但(Cbb)　其實(D)　職場(Nc)　就(D)　是(SHI)　這樣(VH),[]
會投資股票,會(D)　投資(VC)　股票(Na),[]
就是想當資方,就是(Cbb)　想(VE)　當(VG)　資方(Na),[]
思維就要轉成資方,思維(Na)　就(D)　要(D)　轉成(VG)　資方(Na),[]
星宇就沒貨機賺不了,星宇(Nb)　就(D)　沒(VJ)　貨機(Na)　賺不了(VC),"[{'word': '星宇', 'ner': 'ORG'}]"
獲利可以用財務工程消去要獲利才能分錢那爽的是老闆,獲利(VH)　可以(D)　用(P)　財務(Na)　工程(Na)　消去(VC)　要(D)　獲利(VH)　才(Da)　能(D)　分錢(VD)　那(Nep)　爽(VH)　的(DE)　是(SHI)　老闆(Na),[]
現實就是其他家有賺錢,現實(Na)　就(Cbb)　是(SHI)　其他(Neqa)　家(Nc)　有(V_2)　賺錢(VA),[]
他沒有,他(Nh)　沒有(D),[]
真的是建議不爽就離職本來就該獲利才分錢吧般來說,真的(D)　是(SHI)　建議(VE)　不(D)　爽(VH)　就(D)　離職(VH)　本來(D)　就(D)　該(D)　獲利(VH)　才(Da)　分錢(VD)　吧(T)　般(Ng)　來(D)　說(VE),[]
獲利股價才會漲,獲利(VH)　股價(Na)　才(Da)　會(D)　漲(VH),[]
上市公司老闆才好賺好嗎,上市(VH)　公司(Nc)　老闆(Na)　才(Da)　好(VH)　賺(VC)　好(VH)　嗎(T),[]
老闆跟股東要承擔創業失敗的風險不滿意獎金應該是過年後投履歷找新工作吧,老闆(Na)　跟(Caa)　股東(Na)　要(D)　承擔(VC)　創業(VA)　失敗(VH)　的(DE)　風險(Na)　不(D)　滿意(VK)　獎金(Na)　應該(D)　是(SHI)　過年(VA)　後(Ng)　投(VC)　履歷(Na)　找(VC)　新(VH)　工作(Na)　吧(T),"[{'word': '過年後', 'ner': 'DATE'}]"
難道各位身邊的同事,難道(D)　各位(Nh)　身邊(Nc)　的(DE)　同事(Na),[]
也會因為覺得今年年終不滿意,也(D)　會(D)　因為(Cbb)　覺得(VK)　今年(Nd)　年終(Nd)　不(D)　滿意(VK),"[{'word': '今年', 'ner': 'DATE'}]"
坐過星宇,坐(VA)　過(Di)　星宇(Na),[]
她們的空姐空少真的比較年輕有朝氣,她們(Nh)　的(DE)　空姐(Na)　空少(Na)　真的(D)　比較(Dfa)　年輕(VH)　有(V_2)　朝氣(Na),[]
服務態度感覺沒你講得那麼差,服務(Nv)　態度(Na)　感覺(VK)　沒(D)　你(Nh)　講(VE)　得(DE)　那麼(D)　差(VH),[]
雖然稚嫩,雖然(Cbb)　稚嫩(VH),[]
但感覺比較積極活潑,但(Cbb)　感覺(VK)　比較(Dfa)　積極(VH)　活潑(VH),[]
就說他不想努力工作了,就(D)　說(VE)　他(Nh)　不(D)　想(VE)　努力(VH)　工作(Na)　了(Di),[]
事情都丟給你做,事情(Na)　都(D)　丟給(VD)　你(Nh)　做(VC),[]
你硬體當賣點那就要直買新機才有優勢那員工大概也不會指望年終了混個資歷趕快跳上去還有希望,你(Nh)　硬體(Na)　當(VG)　賣點(Na)　那(Nep)　就(D)　要(D)　直(D)　買(VC)　新機(Na)　才(Da)　有(V_2)　優勢(Na)　那(Dk)　員工(Na)　大概(D)　也(D)　不會(D)　指望(VK)　年終(Nd)　了(Di)　混(VC)　個(Nf)　資歷(Na)　趕快(D)　跳上去(VA)　還(D)　有(V_2)　希望(Na),[]
剛開始被業配騙進去而已可憐年輕人,剛(D)　開始(VH)　被(P)　業配(Na)　騙進去(VB)　而已(T)　可憐(VHC)　年輕人(Na),[]
願意買塊星宇的死忠股東用不著你們擔心,願意(VK)　買(VC)　塊(Nf)　星宇(Nb)　的(DE)　死忠(VH)　股東(Na)　用不著(D)　你們(Nh)　擔心(VK),"[{'word': '星宇', 'ner': 'ORG'}]"
不爽可以離職去傳產,不(D)　爽(VH)　可以(D)　離職(VH)　去(D)　傳產(VD),[]
光載客要賺錢很難啦,光(Da)　載客(VA)　要(D)　賺錢(VA)　很(Dfa)　難(VH)　啦(T),[]
我覺得星宇的敗點反而是硬體的空間設計,我(Nh)　覺得(VK)　星宇(Nb)　的(DE)　敗點(VH)　反而(Cbb)　是(SHI)　硬體(Na)　的(DE)　空間(Na)　設計(VC),[]
他的空間是比華航還擠,他(Nh)　的(DE)　空間(Na)　是(SHI)　比(P)　華航(Nc)　還(D)　擠(VH),"[{'word': '華航', 'ner': 'ORG'}]"
營運前幾年連載客獲利都沒有啊,營運(VA)　前(Nes)　幾(Neu)　年(Nf)　連(Cbb)　載客(VA)　獲利(VH)　都(D)　沒有(VJ)　啊(T),"[{'word': '前幾年', 'ner': 'DATE'}]"
這倒是真的華航長榮還有年飛機搭到真的吐血,這(Nep)　倒是(D)　真的(D)　華航(Nc)　長榮(Nb)　還(D)　有(V_2)　年(Na)　飛機(Na)　搭到(VC)　真的(D)　吐(VC)　血(Na),"[{'word': '華航', 'ner': 'ORG'}]"
主要是要換未來的些保障吧年終只是借題發揮而已講真的股價爛股東幹嘛不走樣的概念啊,主要(D)　是(SHI)　要(D)　換(VC)　未來(Nd)　的(DE)　些(Nf)　保障(Na)　吧(T)　年終(Nd)　只是(D)　借題發揮(VA)　而已(T)　講(VE)　真(D)　的(DE)　股價(Na)　爛(VH)　股東(Na)　幹嘛(D)　不(D)　走樣(VH)　的(DE)　概念(Na)　啊(T),[]
多發個月對公司真的還好成本分攤認就好,多(VH)　發(VD)　個(Nf)　月(Na)　對(P)　公司(Nc)　真的(D)　還好(D)　成本(Na)　分攤(VC)　認(VC)　就(D)　好(VH),"[{'word': '個月', 'ner': 'DATE'}]"
看股版不資方腦是要,看(VC)　股版(Na)　不(D)　資(VH)　方(Na)　腦(Na)　是(SHI)　要(D),[]
前幾年遇到疫情耶,前(Nes)　幾(Neu)　年(Nf)　遇到(VC)　疫情(Na)　耶(T),"[{'word': '前幾年', 'ner': 'DATE'}]"
就算靠載貨當時飛機也沒幾檯不是,就算(Cbb)　靠(P)　載貨(VA)　當時(Nd)　飛機(Na)　也(D)　沒(VJ)　幾(Neu)　檯(Nf)　不(D)　是(SHI),[]
聽樓上這樣說,聽(VE)　樓上(Nc)　這樣(VH)　說(VE),[]
除非家裡有錢或真的想做功德,除非(Cbb)　家(Nc)　裡(Ncd)　有錢(VH)　或(Caa)　真的(D)　想(VE)　做(VC)　功德(Na),[]
不然趕快找其他工作比較好,不然(Cbb)　趕快(D)　找(VC)　其他(Neqa)　工作(Na)　比較(Dfa)　好(VH),[]
不知道要共體時艱多久,不(D)　知道(VK)　要(D)　共體時艱(VA)　多久(Nd),[]
空服員在服務業就輸另外兩家而已,空服員(Na)　在(P)　服務業(Na)　就(D)　輸(VD)　另外(Da)　兩(Neu)　家(Nc)　而已(T),"[{'word': '兩', 'ner': 'CARDINAL'}]"
你要跑去哪,你(Nh)　要(D)　跑去(VCL)　哪(Ncd),[]
說難聽點就是沒地方跑比上不足,說(VE)　難聽(VH)　點(Dfb)　就是(Cbb)　沒(VJ)　地方(Na)　跑(VA)　比(P)　上(Ncd)　不足(VH),[]
比下超級有餘,比(P)　下(Nes)　超級(A)　有餘(VH),[]
看來套在高點的人很多,看來(D)　套(VC)　在(P)　高點(Na)　的(DE)　人(Na)　很多(VH),[]
攤提完硬體設備也舊了蹺蹺板很難平衡的,攤提完(VC)　硬體(Na)　設備(Na)　也(D)　舊(VH)　了(Di)　蹺蹺板(Na)　很(Dfa)　難(VH)　平衡(VHC)　的(DE),[]
你把虎航放哪了,你(Nh)　把(P)　虎航(Nb)　放(VC)　哪(Ncd)　了(Di),"[{'word': '虎航', 'ner': 'PERSON'}]"
虎航可時發了快年的年終喔,虎航(Nb)　可(D)　時(VH)　發(VC)　了(Di)　快(VH)　年(Nf)　的(DE)　年終(Nd)　喔(T),[]
那虎航員工為什麼不發起罷工呢因為虎航的員工對薪資較容易滿足嗎,那(Dk)　虎航(Nb)　員工(Na)　為什麼(D)　不(D)　發起(VC)　罷工(Nv)　呢(T)　因為(Cbb)　虎航(Nb)　的(DE)　員工(Na)　對(P)　薪資(Na)　較(Dfa)　容易(VH)　滿足(VHC)　嗎(T),"[{'word': '虎航', 'ner': 'ORG'}, {'word': '虎航', 'ner': 'ORG'}]"
那就是的問題了,那(Nep)　就(D)　是(SHI)　的(DE)　問題(Na)　了(T),[]
為什麼招聘到容易對薪資不滿意的勞工呢,為什麼(D)　招聘到(VC)　容易(VH)　對(P)　薪資(Na)　不(D)　滿意(VK)　的(DE)　勞工(Na)　呢(T),[]
上市櫃公司,上市櫃(VH)　公司(Nc),[]
有沒有賺錢看不就好,有沒有(D)　賺錢(VA)　看(VE)　不(D)　就(D)　好(VH),[]
都負的還有發個月算可以了吧,都(D)　負(VJ)　的(DE)　還(D)　有(V_2)　發(VD)　個(Nf)　月(Na)　算(VG)　可以(VH)　了(T)　吧(T),[]
真的不滿意公司制度就跳槽吧,真的(D)　不(D)　滿意(VK)　公司(Nc)　制度(Na)　就(D)　跳槽(VA)　吧(T),[]
員工無論做多好都無法增加年終除了罷工,員工(Na)　無論(Cbb)　做(VC)　多(Dfa)　好(VH)　都(D)　無法(D)　增加(VHC)　年終(Nd)　除了(P)　罷工(VA),[]
這就是為什麼有些勞工的年終永遠這麼低,這(Nep)　就(Cbb)　是(SHI)　為什麼(D)　有(Neqa)　些(Nf)　勞工(Na)　的(DE)　年終(Nd)　永遠(D)　這麼(Dfa)　低(VH),[]
完蛋董仔真的可以自己出來開飛機,完蛋(Na)　董仔(Nb)　真的(D)　可以(D)　自己(Nh)　出來(VA)　開(VC)　飛機(Na),[]
個人認為星宇也算生不逢時其他航空業大賺也就這幾年的事情早點成立大家起爛對比就不明顯了尤其這幾年大家對分紅越來越敏感了,個人(Nh)　認為(VE)　星宇(Nb)　也(D)　算(VG)　生(VH)　不(D)　逢(VJ)　時(Ng)　其他(Neqa)　航空業(Na)　大(VH)　賺(VC)　也(D)　就(P)　這(Nep)　幾(Neu)　年(Nf)　的(DE)　事情(Na)　早點(D)　成立(VC)　大家(Nh)　起(VC)　爛(VH)　對比(Na)　就(D)　不(D)　明顯(VH)　了(T)　尤其(D)　這(Nep)　幾(Neu)　年(Nf)　大家(Nh)　對(P)　分紅(VB)　越來越(Dfa)　敏感(VH)　了(T),"[{'word': '星宇', 'ner': 'ORG'}, {'word': '這幾年', 'ner': 'DATE'}, {'word': '這幾年', 'ner': 'DATE'}]"
這群人就當覺得自己很屌才能進這麼新老闆這麼好的公司啊,這(Nep)　群(Nf)　人(Na)　就(D)　當(VG)　覺得(VK)　自己(Nh)　很(Dfa)　屌(FW)　才(Da)　能(D)　進(VCL)　這麼(Dfa)　新(VH)　老闆(Na)　這麼(Dfa)　好(VH)　的(DE)　公司(Nc)　啊(T),[]
殊不知自己的價值都還沒真正展現出來,殊不知(VK)　自己(Nh)　的(DE)　價值(Na)　都(D)　還(D)　沒(D)　真正(D)　展現出來(VB),[]
航空業在台灣又是群覺得有優越感的空中服務生,航空業(Na)　在(P)　台灣(Nc)　又(D)　是(SHI)　群(Nf)　覺得(VK)　有(V_2)　優越感(Na)　的(DE)　空中(Nc)　服務生(Na),"[{'word': '台灣', 'ner': 'GPE'}]"
嫌錢少就跳槽,嫌(VK)　錢(Na)　少(VH)　就(D)　跳槽(VA),[]
該該叫的人才是弱者,該(D)　該(D)　叫(VG)　的(DE)　人才(Na)　是(SHI)　弱者(Na),[]
買張萬,買(VC)　張(Nf)　萬(Neu),"[{'word': '張萬', 'ner': 'PERSON'}]"
等每年發千的跟買中鋼張概念差不多,等(Cab)　每(Nes)　年(Nf)　發(VD)　千(Neu)　的(DE)　跟(P)　買(VC)　中鋼張(Na)　概念(Na)　差不多(VH),"[{'word': '中鋼', 'ner': 'ORG'}]"
還有堆勞工是星宇散戶,還(D)　有(V_2)　堆(Nf)　勞工(Na)　是(SHI)　星宇(Na)　散戶(Na),[]
窩沒有年終辣老闆賺到翻過去連加個元都不可能,窩(Na)　沒有(VJ)　年終(Nd)　辣(VH)　老闆(Na)　賺到(VC)　翻過去(VB)　連(Cbb)　加(VC)　個(Di)　元(Nf)　都(D)　不可能(D),[]
沒有富爸爸大企業撐腰真的辛苦,沒有(VJ)　富(VH)　爸爸(Na)　大(VH)　企業(Na)　撐腰(VB)　真的(D)　辛苦(VHC),[]
不爽就跳巢,不(D)　爽(VH)　就(D)　跳巢(VA),[]
切符合規矩,切(D)　符合(VJ)　規矩(Na),[]
罷工抗議,罷工(VA)　抗議(VE),[]
現在鬧星宇是腦子不清楚,現在(Nd)　鬧(VC)　星宇(Na)　是(SHI)　腦子(Na)　不(D)　清楚(VH),[]
即使已掛牌,即使(Cbb)　已(D)　掛牌(VA),[]
張本人持股也還將近六成,張(Nb)　本人(Nh)　持股(Na)　也(D)　還(D)　將近(Da)　六成(Neqa),"[{'word': '六成', 'ner': 'PERCENT'}]"
未來展望直到,未來(Nd)　展望(VJ)　直到(P),[]
即使沒什麼額外利空,即使(Cbb)　沒(VJ)　什麼(Nep)　額外(A)　利空(VH),[]
光固定攤提擺在那,光(Da)　固定(VHC)　攤提(Na)　擺(VC)　在(P)　那(Nep),[]
恐怕都沒有多大利益可以期望,恐怕(D)　都(D)　沒有(VJ)　多(Dfa)　大(VH)　利益(Na)　可以(D)　期望(VK),[]
啥意思,啥(Nep)　意思(Na),[]
現在這場子,現在(Nd)　這(Nep)　場子(Na),[]
就是張國煒家裡拿錢撐的,就是(Cbb)　張國煒(Nb)　家(Nc)　裡(Ncd)　拿(VC)　錢(Na)　撐(VC)　的(T),"[{'word': '張國煒', 'ner': 'PERSON'}]"
其他都不用多說什麼,其他(Neqa)　都(D)　不用(D)　多(D)　說(VE)　什麼(Nep),[]
不爽不要做,不(D)　爽(VH)　不要(D)　做(VC),[]
說白了,說白(VE)　了(Di),[]
這就富二代拿錢撐,這(Nep)　就(D)　富二代(VH)　拿(VC)　錢(Na)　撐(VC),[]
搞起來的盤子,搞起來(VA)　的(DE)　盤子(Na),[]
他對這企業,他(Nh)　對(P)　這(Nep)　企業(Na),[]
是不可能有他老爸那代使命感的,是(SHI)　不可能(D)　有(V_2)　他(Nh)　老爸(Na)　那(Nep)　代(Na)　使命感(Na)　的(DE),[]
最多不要玩扔出去而已,最多(Da)　不要(D)　玩(VC)　扔出去(VB)　而已(T),[]
錢放回口袋,錢(Na)　放回(VC)　口袋(Na),[]
他樣是那個張國煒啊,他(Nh)　樣(Na)　是(SHI)　那(Nep)　個(Nf)　張國煒(Nb)　啊(T),"[{'word': '張國煒', 'ner': 'PERSON'}]"
樣是身家百億富豪,樣(Na)　是(SHI)　身家(Na)　百億(Neu)　富豪(Na),"[{'word': '百億富豪', 'ner': 'CARDINAL'}]"
引述母體之銘言,引述(VC)　母體(Nc)　之(DE)　銘言(Na),[]
引述大哥沒有輸之銘言,引述(VC)　大哥(Na)　沒有(D)　輸(VD)　之(DE)　銘言(Na),[]
原文標題,原文(Na)　標題(Na),[]
維複合材的概念,維(Na)　複合材(Na)　的(DE)　概念(Na),[]
最遠可直飛,最(Dfa)　遠(VH)　可(D)　直飛(VCL),[]
公里,公里(Nf),[]
共設置四艙等配置,共(Da)　設置(VC)　四(Neu)　艙等(Na)　配置(VC),"[{'word': '四', 'ner': 'CARDINAL'}]"
包含席頭等艙席,包含(VJ)　席(Nc)　頭等艙席(Na),[]
務艙席豪華經濟艙席經濟艙,務艙席(Nc)　豪華(VH)　經濟艙席(Na)　經濟艙(Na),[]
共個座位,共(Da)　個(Nf)　座位(Na),[]
心得評論,心得(Na)　評論(VC),[]
星宇餐點服務都是最頂的,星宇(Na)　餐點(Na)　服務(VC)　都(D)　是(SHI)　最(Dfa)　頂(Ncd)　的(DE),"[{'word': '星宇', 'ner': 'ORG'}]"
如果員工福利無法提升,如果(Cbb)　員工(Na)　福利(Na)　無法(D)　提升(VC),[]
那怎麼保證服務品質不下降,那(Nep)　怎麼(D)　保證(VE)　服務(Nv)　品質(Na)　不(D)　下降(VA),[]
希望董不要只會共體時艱,希望(VK)　董(Nb)　不要(D)　只(Da)　會(D)　共體時艱(VA),[]
買新飛機,買(VC)　新(VH)　飛機(Na),[]
員工才是最重要的,員工(Na)　才(Da)　是(SHI)　最(Dfa)　重要(VH)　的(DE),[]
必需填寫滿正體中文字,必需(D)　填寫(VC)　滿(Neqa)　正體(Na)　中文字(Na),"[{'word': '中文字', 'ner': 'LANGUAGE'}]"
無意義者板規處分,無意義(VH)　者(Na)　板規(Na)　處分(Na),[]
剛剛八卦版傳出,剛剛(D)　八卦版(Na)　傳出(VC),[]
星宇因為年終問題跟勞工進行協商,星宇(Nb)　因為(Cbb)　年終(Nd)　問題(Na)　跟(P)　勞工(Na)　進行(VC)　協商(VE),"[{'word': '星宇', 'ner': 'ORG'}]"
結果勞資協調年終破局資方嗆想罷工就罷,結果(Dk)　勞資(Na)　協調(VC)　年終(Nd)　破局(VH)　資方(Na)　嗆(VE)　想(VE)　罷工(VA)　就(D)　罷(VA),[]
工會訴求加發年終個月,工會(Nc)　訴求(Na)　加發(VD)　年終(Nd)　個(Nf)　月(Na),[]
本週二第二次協調會破局,本(Nes)　週二(Nd)　第二(Neu)　次(Nf)　協調會(Na)　破局(VH),"[{'word': '本週二', 'ner': 'DATE'}, {'word': '第二', 'ner': 'ORDINAL'}]"
資方根本沒有針對工會的訴求準備任何方案,資方(Na)　根本(D)　沒有(D)　針對(P)　工會(Nc)　的(DE)　訴求(Na)　準備(VC)　任何(Neqa)　方案(Na),[]
擺出副死豬不怕熱水燙的態度,擺出(VC)　副死豬(A)　不(D)　怕(VK)　熱水(Na)　燙(VH)　的(DE)　態度(Na),[]
董最後定會會妥協的,董(Nb)　最後(Nd)　定(VC)　會(D)　會(D)　妥協(VA)　的(DE),[]
才多發個月,才(Da)　多(VH)　發(VD)　個(Nf)　月(Na),[]
過完年賣些股票,過完(VJ)　年(Nd)　賣(VD)　些(Nf)　股票(Na),"[{'word': '過完年', 'ner': 'DATE'}]"
或是跟股東借點錢就能撐過去吧,或是(Caa)　跟(P)　股東(Na)　借(VD)　點(Nf)　錢(Na)　就(D)　能(D)　撐過去(VC)　吧(T),[]
先別說春節罷工這個有點太趕了,先(D)　別(D)　說(VE)　春節(Nd)　罷工(VA)　這(Nep)　個(Nf)　有點(Dfa)　太(Dfa)　趕(VH)　了(Di),"[{'word': '春節', 'ner': 'DATE'}]"
要是下個月日本櫻花季,要是(Cbb)　下(Nes)　個(Nf)　月(Na)　日本(Nc)　櫻花季(Nd),"[{'word': '下個月', 'ner': 'DATE'}, {'word': '日本', 'ner': 'GPE'}]"
星宇的員工來個突發大罷工不就賠更多,星宇(Nb)　的(DE)　員工(Na)　來(VA)　個(Nf)　突發(VH)　大(VH)　罷工(VA)　不(D)　就(D)　賠(VD)　更多(Neqa),"[{'word': '星宇', 'ner': 'ORG'}]"
還是長榮航跟華航虎航各出三分之給星宇湊個月,還是(D)　長榮航(Nb)　跟(P)　華航(Nc)　虎航(Nb)　各(D)　出(VC)　三(Neqa)　分(Nf)　之(DE)　給(VD)　星宇(Nc)　湊(VC)　個(Nf)　月(Na),"[{'word': '長榮航', 'ner': 'ORG'}, {'word': '華航虎航', 'ner': 'ORG'}, {'word': '三分之', 'ner': 'CARDINAL'}, {'word': '星宇', 'ner': 'ORG'}, {'word': '個月', 'ner': 'DATE'}]"
當作做善事好了,當作(VG)　做(VC)　善事(Na)　好了(T),[]
畢竟多領人家太多了笑,畢竟(D)　多(D)　領(VC)　人家(Nh)　太多(VH)　了(Di)　笑(VA),[]
我要是工會,我(Nh)　要是(Cbb)　工會(Nc),[]
定不會選春節罷工,定(D)　不會(D)　選(VC)　春節(Nd)　罷工(Nv),"[{'word': '春節', 'ner': 'DATE'}]"
會先醞釀準備要在日本櫻花季罷工,會(D)　先(D)　醞釀(VF)　準備(VF)　要(D)　在(P)　日本(Nc)　櫻花季(Nd)　罷工(VA),"[{'word': '日本', 'ner': 'GPE'}, {'word': '櫻花季', 'ner': 'DATE'}]"
這時候就開始堆人害怕要退票轉單了,這(Nep)　時候(Na)　就(D)　開始(VL)　堆(Nf)　人(Na)　害怕(VK)　要(D)　退票(VA)　轉(VA)　單(Na)　了(Di),[]
這才有效果,這(Nep)　才(Da)　有(V_2)　效果(Na),[]
尤其日本線又是星宇的重中之重,尤其(D)　日本線(Na)　又(D)　是(SHI)　星宇(Na)　的(DE)　重中(VH)　之重(DE),"[{'word': '日本線', 'ner': 'FAC'}]"
要是真罷工了,要是(Cbb)　真(D)　罷工(VA)　了(Di),[]
當月營收肯定比這個月年終掉的更多,當(Nes)　月(Na)　營收(Na)　肯定(VK)　比(P)　這(Nep)　個(Nf)　月(Na)　年終(Nd)　掉(VH)　的(DE)　更多(Neqa),"[{'word': '當月', 'ner': 'DATE'}, {'word': '這個月', 'ner': 'DATE'}]"
太粗暴,太(Dfa)　粗暴(VH),[]
欸別這樣,欸(I)　別(D)　這樣(VH),[]
我月底還要飛星宇別鬧票買好了別搞事,我(Nh)　月底(Na)　還(Dfa)　要(D)　飛(VA)　星宇(Na)　別(D)　鬧票(VA)　買好(VC)　了(Di)　別(D)　搞事(VA),"[{'word': '月底', 'ner': 'DATE'}, {'word': '星宇', 'ner': 'PERSON'}]"
白痴這麼有錢不拿來發,白痴(Na)　這麼(D)　有錢(VH)　不(D)　拿來(VC)　發(VD),[]
低端不管啦老闆身家幾百億耶,低端(VH)　不管(D)　啦(T)　老闆(Na)　身家(Na)　幾百億(Neu)　耶(T),"[{'word': '幾百億', 'ner': 'CARDINAL'}]"
明明就,明明(D)　就(D),[]
香蕉哥哥還在嗎,香蕉(Na)　哥哥(Na)　還(D)　在(VCL)　嗎(T),[]
事實就是這樣沒錯啊不爽不要做,事實(Na)　就(Cbb)　是(SHI)　這樣(VH)　沒(D)　錯(VH)　啊(T)　不(D)　爽(VH)　不要(D)　做(VC),[]
是阿但小王子想證明自己,是(SHI)　阿但(T)　小王子(Nb)　想(VE)　證明(VE)　自己(Nh),"[{'word': '阿但', 'ner': 'PERSON'}]"
而且他原本長榮航股票變成下蛋的雞二家航空真穩穩要變成寡占竟然賣光光搞全新的星宇增加供給說自己不缺錢對乘客當然樂見就是買飛機某種程度也是給美國交代何必呢目前前二大還好是想要先賺抓利潤沒有再降價空間是客氣,而且(Cbb)　他(Nh)　原本(D)　長榮航(Nb)　股票(Na)　變成(VG)　下蛋(VA)　的(DE)　雞(Na)　二(Neu)　家(Nf)　航空(Na)　真(D)　穩穩(VH)　要(D)　變成(VG)　寡占(VC)　竟然(D)　賣(VD)　光光(VH)　搞(VC)　全新(VH)　的(DE)　星宇(Na)　增加(VHC)　供給(VD)　說(VE)　自己(Nh)　不(D)　缺(VJ)　錢(Na)　對(P)　乘客(Na)　當然(D)　樂見(VE)　就是(D)　買(VC)　飛機(Na)　某(Nes)　種(Nf)　程度(Na)　也(D)　是(SHI)　給(P)　美國(Nc)　交代(VE)　何必(D)　呢(T)　目前(Nd)　前(Nes)　二(Neu)　大(VH)　還好(D)　是(SHI)　想要(VE)　先(D)　賺(VC)　抓(VC)　利潤(Na)　沒有(D)　再(D)　降價(VH)　空間(Na)　是(SHI)　客氣(VH),"[{'word': '長榮航', 'ner': 'ORG'}, {'word': '二', 'ner': 'CARDINAL'}, {'word': '星宇', 'ner': 'ORG'}, {'word': '美國', 'ner': 'GPE'}, {'word': '二', 'ner': 'CARDINAL'}]"
不就中小企業正常發揮,不(D)　就(P)　中小企業(Na)　正常(VH)　發揮(VJ),[]
這也是中小企業二代面臨的問題,這(Nep)　也(D)　是(SHI)　中小企業(Na)　二(Neu)　代(Na)　面臨(VK)　的(DE)　問題(Na),[]
拿私有資產買房買車,拿(P)　私有(A)　資產(Na)　買(VC)　房(Na)　買(VC)　車(Na),[]
員工以爲你是拿公司的錢買,員工(Na)　以(VE)　爲(Nc)　你(Nh)　是(SHI)　拿(VC)　公司(Nc)　的(DE)　錢(Na)　買(VC),[]
還不如全部收收,還不如(Cbb)　全部(Neqa)　收收(VC),[]
你們行你們合資來開啊,你們(Nh)　行(VH)　你們(Nh)　合資(VA)　來(D)　開(VC)　啊(T),[]
這種航空還有人坐也很敢賭命,這(Nep)　種(Nf)　航空(Na)　還(D)　有(V_2)　人(Na)　坐(VA)　也(D)　很(Dfa)　敢(VL)　賭命(VE),[]
對員工差會對旅客多好,對(P)　員工(Na)　差會(VH)　對(P)　旅客(Na)　多(Dfa)　好(VH),[]
航空業是年輕人嚮往的工作,航空業(Na)　是(SHI)　年輕人(Na)　嚮往(VK)　的(DE)　工作(Na),[]
其實不怕招不到沒人,其實(D)　不(D)　怕(VK)　招(VC)　不(D)　到(VC)　沒(VJ)　人(Na),[]
年終少叫賭命單發失效硬飛幾小時叫啥,年終(Nd)　少(D)　叫(VE)　賭(VE)　命(Na)　單發(Da)　失效(VH)　硬(D)　飛(VA)　幾(Neu)　小時(Na)　叫(VG)　啥(Nep),[]
喔對了還有機師互歐,喔(I)　對了(I)　還(D)　有(V_2)　機師(Na)　互(VF)　歐(Nc),[]
企業形象軟硬體方面也不錯,企業(Na)　形象(Na)　軟硬體(Na)　方面(Na)　也(D)　不錯(VH),[]
其實真的算不錯的了,其實(D)　真的(D)　算(VG)　不錯(VH)　的(DE)　了(T),[]
星宇和星威投資都它的所以沒錯啊,星宇(Nb)　和(Caa)　星威(Nb)　投資(VC)　都(D)　它(Nh)　的(DE)　所以(Cbb)　沒(D)　錯(VH)　啊(T),"[{'word': '星宇', 'ner': 'ORG'}, {'word': '星威', 'ner': 'ORG'}]"
我只能多做星宇幫忙了,我(Nh)　只(Da)　能(D)　多(D)　做(VC)　星宇(Na)　幫忙(VC)　了(Di),[]
他不可能收起來啦,他(Nh)　不可能(D)　收(VC)　起來(Di)　啦(T),[]
他能忍住不受大家崇拜,他(Nh)　能(D)　忍住(VJ)　不(D)　受(VJ)　大家(Nh)　崇拜(VJ),[]
玩開心的玩不到他損失太大啦所以這群人罷工以為資方會怕問題是他自己就大股東而且說白點也不是靠這間公司吃穿罷工能逼到他,玩(VC)　開心(VH)　的(DE)　玩(VC)　不(D)　到(VC)　他(Nh)　損失(Na)　太(Dfa)　大(VH)　啦(T)　所以(Cbb)　這(Nep)　群(Nf)　人(Na)　罷工(VA)　以為(VE)　資方(Na)　會(D)　怕(VK)　問題(Na)　是(SHI)　他(Nh)　自己(Nh)　就(D)　大(VH)　股東(Na)　而且(Cbb)　說白點(VE)　也(D)　不(D)　是(SHI)　靠(P)　這(Nep)　間(Nf)　公司(Nc)　吃穿(VC)　罷工(VA)　能(D)　逼到(VF)　他(Nh),[]
想啥呢還有人在那嘴老闆買車要員工共體時艱這邊是股版你資產丟大盤風險你扛然後賺了你要不要分給其他人,想(VE)　啥(Nep)　呢(T)　還(D)　有(V_2)　人(Na)　在(P)　那(Nep)　嘴(Na)　老闆(Na)　買(VC)　車(Na)　要(VE)　員工(Na)　共體時艱(VA)　這邊(Ncd)　是(SHI)　股版(Na)　你(Nh)　資產(Na)　丟(VC)　大盤(Na)　風險(Na)　你(Nh)　扛(VC)　然後(D)　賺(VC)　了(Di)　你(Nh)　要不要(D)　分給(VD)　其他(Neqa)　人(Na),[]
笑死收起來阿說幹話,笑死(VHC)　收(VC)　起來(Di)　阿(T)　說(VA)　幹話(VB),[]
我也不看好後續但不是看他沒有是我覺得他很難找到和他樣的接班人家族底蘊不是說假的,我(Nh)　也(D)　不(D)　看好(VJ)　後續(A)　但(Cbb)　不(D)　是(SHI)　看(VC)　他(Nh)　沒有(D)　是(SHI)　我(Nh)　覺得(VK)　他(Nh)　很(Dfa)　難(VH)　找到(VC)　和(P)　他(Nh)　樣(Na)　的(DE)　接班人(Na)　家族(Na)　底蘊(Na)　不(D)　是(SHI)　說(VE)　假(VH)　的(DE),[]
真的不玩最後應該還是長榮會撿,真的(D)　不(D)　玩(VC)　最後(Nd)　應該(D)　還是(D)　長榮(Nb)　會(D)　撿(VC),"[{'word': '長榮', 'ner': 'PERSON'}]"
那麼多新飛機,那麼多(Neqa)　新(VH)　飛機(Na),[]
阿人開開榮再找而已四阿哥這幾年跟長榮關係好點惹,阿人(Na)　開開榮(VC)　再(D)　找(VC)　而已(T)　四(Neu)　阿哥(Na)　這(Nep)　幾(Neu)　年(Nf)　跟(P)　長榮(Nb)　關係(Na)　好(VH)　點(Dfb)　惹(VC),"[{'word': '開開榮', 'ner': 'PERSON'}, {'word': '四', 'ner': 'CARDINAL'}, {'word': '幾年', 'ner': 'DATE'}, {'word': '長榮', 'ner': 'PERSON'}]"
但那個天字第號員工,但(Cbb)　那(Nep)　個(Nf)　天字(Na)　第(Neu)　號(Nf)　員工(Na),"[{'word': '第號', 'ner': 'ORDINAL'}]"
科科,科科(Neqa),[]
星宇不玩就跟長榮談回收就好了當然核心人物會收至於其他周邊耗材就不用多說了,星宇(Nb)　不(D)　玩(VC)　就(D)　跟(P)　長榮(Nb)　談(VE)　回收(VC)　就(D)　好(T)　了(T)　當然(D)　核心(Na)　人物(Na)　會(D)　收(VC)　至於(P)　其他(Neqa)　周邊(Nc)　耗材(Na)　就(D)　不用(D)　多(D)　說(VE)　了(Di),"[{'word': '星宇', 'ner': 'ORG'}, {'word': '長榮', 'ner': 'ORG'}]"
看不下去可以離開,看(VA)　不(D)　下去(Di)　可以(D)　離開(VC),[]
乾脆公司收掉,乾脆(VH)　公司(Nc)　收掉(VC),[]
拿那些資本去買台積電,拿(VC)　那些(Neqa)　資本(Na)　去(D)　買(VC)　台積電(Nb),"[{'word': '台積電', 'ner': 'ORG'}]"
搞不好更賺,搞不好(D)　更(D)　賺(VC),[]
傻傻地對員工苛責的才是好公司看看台達看看鴻海對員工越好股價越爛服務越糟,傻傻(VH)　地(DE)　對(P)　員工(Na)　苛責(VC)　的(DE)　才(Da)　是(SHI)　好(VH)　公司(Nc)　看看(VE)　台達(Nb)　看看(VE)　鴻海(Nb)　對(P)　員工(Na)　越(D)　好(VH)　股價(Na)　越(D)　爛(VH)　服務(VC)　越(D)　糟(VH),"[{'word': '台達', 'ner': 'ORG'}, {'word': '鴻海', 'ner': 'ORG'}]"
不太可能收攤啦飛機都買了頂多每年的折舊攤提影響獲利或是直接血虧這些炒罷工的不如直接跳槽,不(D)　太(Dfa)　可能(VH)　收攤(VA)　啦(T)　飛機(Na)　都(D)　買(VC)　了(Di)　頂多(Da)　每(Nes)　年(Nf)　的(DE)　折舊(VH)　攤提(Na)　影響(VC)　獲利(Na)　或是(Caa)　直接(VH)　血虧(Na)　這些(Neqa)　炒(VC)　罷工(VA)　的(DE)　不如(VJ)　直接(VH)　跳槽(VA),[]
飛機可以走租賃反而不是什麼問題星宇買了堆,飛機(Na)　可以(D)　走(VA)　租賃(VC)　反而(Cbb)　不(D)　是(SHI)　什麼(Nep)　問題(Na)　星宇(Nb)　買(VC)　了(Di)　堆(Nf),"[{'word': '星宇', 'ner': 'ORG'}]"
市場上蠻缺的,市場(Nc)　上(Ncd)　蠻(Dfa)　缺(VJ)　的(DE),[]
定是因為台股封關,定(D)　是(SHI)　因為(Cbb)　台股(Na)　封關(VA),"[{'word': '台股', 'ner': 'NORP'}]"
這種文,這(Nep)　種(Nf)　文(Na),[]
才能篇接篇回還以為來到八卦版,才能篇(Da)　接(VC)　篇(Na)　回(VD)　還(D)　以為(VE)　來到(VCL)　八卦版(Na),[]
多篇文章半點股點都沒有,多(Neqa)　篇(Nf)　文章(Na)　半點(Neqa)　股點(Na)　都(D)　沒有(VJ),[]
以後就會增資了,以後(Nd)　就(D)　會(D)　增資(VC)　了(Di),[]
不然上市幹嘛,不然(Cbb)　上市(VH)　幹嘛(D),[]
所以機組員罷工,所以(Cbb)　機組員(Na)　罷工(VA),[]
可以直接把飛機租人減少虧損,可以(D)　直接(VH)　把(P)　飛機(Na)　租(VD)　人(Na)　減少(VHC)　虧損(Na),[]
又不是賺太多不發錢員工你們該做的不是罷工而是直接辭職跳槽因為未來幾年都是這個樣子,又(D)　不(D)　是(SHI)　賺(VC)　太多(Neqa)　不(D)　發(VD)　錢(Na)　員工(Na)　你們(Nh)　該(D)　做(VC)　的(DE)　不(D)　是(SHI)　罷工(VA)　而是(Cbb)　直接(VH)　辭職(VA)　跳槽(VA)　因為(Cbb)　未來(Nd)　幾(Neu)　年(Nf)　都(D)　是(SHI)　這(Nep)　個(Nf)　樣子(Na),"[{'word': '未來幾年', 'ner': 'DATE'}]"
這真的是事實,這(Nep)　真的(D)　是(SHI)　事實(Na),[]
除非他想打價格戰,除非(Cbb)　他(Nh)　想(VE)　打(VC)　價格戰(Na),[]
不然是不可能快速成長獲利的,不然(Cbb)　是(SHI)　不可能(D)　快速(VH)　成長(VH)　獲利(VH)　的(DE),[]
虎航賺成這樣,虎航(Nb)　賺成(VG)　這樣(VH),"[{'word': '虎航', 'ner': 'ORG'}]"
雖然壓榨員工,雖然(Cbb)　壓榨(VC)　員工(Na),[]
但還是發不少,但(Cbb)　還是(D)　發(VD)　不少(VH),[]
說不想搞廉航,說(VE)　不(D)　想(VE)　搞(VC)　廉航(VA),[]
賺的比廉航少真的是笑死人了,賺(VC)　的(DE)　比(P)　廉航(Nb)　少(VH)　真的(D)　是(SHI)　笑死(VHC)　人(Na)　了(T),[]
你怎麼講出來了,你(Nh)　怎麼(D)　講出來(VB)　了(Di),[]
而且當時看他就是賭氣出來開的這種情形,而且(Cbb)　當時(Nd)　看(VC)　他(Nh)　就是(D)　賭氣(VH)　出來(VA)　開(VC)　的(DE)　這(Nep)　種(Nf)　情形(Na),[]
確實也很有可能像你想的,確實(D)　也(D)　很(Dfa)　有(V_2)　可能(Na)　像(P)　你(Nh)　想(VE)　的(DE),[]
不玩就走,不(D)　玩(VC)　就(D)　走(VA),[]
年終發太少就要罷工,年終(Nd)　發(VC)　太少(Dfa)　就(D)　要(D)　罷工(VA),[]
到底什麼意思,到底(D)　什麼(Nep)　意思(Na),[]
所以賣同樣產品的科技業有人發個月年終,所以(Cbb)　賣(VD)　同樣(VH)　產品(Na)　的(DE)　科技業(Na)　有(V_2)　人(Na)　發(VD)　個(Di)　月(Na)　年終(Nd),[]
我沒有,我(Nh)　沒有(VJ),[]
我就發起罷工,我(Nh)　就(D)　發起(VC)　罷工(VA),[]
在意年終不是入職就該談好寫在薪資條件裡面,在意(VK)　年終(Nd)　不(D)　是(SHI)　入職(VH)　就(D)　該(D)　談好(VE)　寫(VC)　在(P)　薪資(Na)　條件(Na)　裡面(Ncd),[]
像我入職白紙黑字就是寫年終個月分三節發,像(P)　我(Nh)　入職(VH)　白紙(Na)　黑字(Na)　就(D)　是(SHI)　寫(VC)　年終(Nd)　個(Nf)　月分(Na)　三(Neu)　節(Nf)　發(VD),"[{'word': '三', 'ner': 'CARDINAL'}]"
他沒發出這兩個月就是違約,他(Nh)　沒(D)　發出(VC)　這(Nep)　兩(Neu)　個(Nf)　月(Na)　就(D)　是(SHI)　違約(VA),"[{'word': '這兩個月', 'ner': 'DATE'}]"
公司多賺錢多發的就是我賺到,公司(Nc)　多(D)　賺錢(VA)　多(VH)　發(VH)　的(DE)　就(D)　是(SHI)　我(Nh)　賺到(VC),[]
怎麼到航空業就不樣,怎麼(D)　到(P)　航空業(Na)　就(D)　不樣(D),[]
華航發那麼多你就跳到華航阿,華航(Nc)　發(VD)　那麼多(Neqa)　你(Nh)　就(D)　跳到(VCL)　華航(Nc)　阿(Nb),"[{'word': '華航', 'ner': 'ORG'}, {'word': '華航', 'ner': 'ORG'}]"
台積電股票這麼賺你就跳去台積電阿,台積電(Nb)　股票(Na)　這麼(D)　賺(VC)　你(Nh)　就(D)　跳去(VA)　台積電(Nb)　阿(Nb),"[{'word': '台積電', 'ner': 'ORG'}, {'word': '台積電', 'ner': 'ORG'}]"
到底哪裡有問題,到底(D)　哪裡(Ncd)　有(V_2)　問題(Na),[]
罷工不是不行,罷工(VA)　不(D)　是(SHI)　不行(VH),[]
但理由也找好點的吧,但(Cbb)　理由(Na)　也(D)　找好(VC)　點(Dfb)　的(T)　吧(T),[]
不要笑掉別人大牙,不要(D)　笑掉(VA)　別人(Nh)　大牙(Na),[]
拿其他家比差那麼多,拿(VC)　其他(Neqa)　家(Nc)　比(P)　差(VH)　那麼多(Neqa),[]
又不是賺樣多少發給你欸,又(D)　不(D)　是(SHI)　賺(VC)　樣(Nf)　多少(Neqa)　發給(VD)　你(Nh)　欸(I),[]
對薪資不滿不是跳槽就是罷工,對(P)　薪資(Na)　不滿(VK)　不(D)　是(SHI)　跳槽(VA)　就(D)　是(SHI)　罷工(VA),[]
罷工還要管什麼理由喔,罷工(VA)　還要(Dfa)　管(VE)　什麼(Nep)　理由(Na)　喔(T),[]
按你這樣說,按(P)　你(Nh)　這樣(VH)　說(VE),[]
國外都不用罷工巴黎之前清潔隊罷工,國外(Nc)　都(D)　不用(D)　罷工(VA)　巴黎(Nc)　之前(Ng)　清潔隊(Nc)　罷工(VA),"[{'word': '巴黎', 'ner': 'GPE'}]"
整個街頭都是垃圾勞工不滿福利,整(Neqa)　個(Nf)　街頭(Nc)　都(D)　是(SHI)　垃圾(Na)　勞工(Na)　不滿(VK)　福利(Na),[]
合法的罷工有什麼不行,合法(VH)　的(DE)　罷工(VA)　有(V_2)　什麼(Nep)　不行(VH),[]
你自己不罷工的別人罷工也不行,你(Nh)　自己(Nh)　不(D)　罷工(VA)　的(DE)　別人(Nh)　罷工(VA)　也(D)　不行(VH),[]
罷工有需要什麼說服你的理由嗎,罷工(VA)　有(V_2)　需要(VK)　什麼(Nep)　說服(VF)　你(Nh)　的(DE)　理由(Na)　嗎(T),[]
看到學姐革命成功也想效法,看到(VE)　學姐(Na)　革命(VA)　成功(VH)　也(D)　想(VE)　效法(VC),[]
殊不知最操的地勤卻沒什麼話語權,殊不知(VK)　最(Dfa)　操(VC)　的(DE)　地勤(Na)　卻(D)　沒(VJ)　什麼(Nep)　話語權(Na),[]
罷工通常是雙輸,罷工(VA)　通常(D)　是(SHI)　雙輸(VD),[]
跳槽是最好選項如果今天賺很大,跳槽(VA)　是(SHI)　最(Dfa)　好(VH)　選項(Na)　如果(Cbb)　今天(Nd)　賺(VC)　很(Dfa)　大(VH),"[{'word': '今天', 'ner': 'DATE'}]"
然後很壓榨那的確話語權有如果今天公司沒賺錢,然後(D)　很(Dfa)　壓榨(VC)　那(Nep)　的確(D)　話語權(Na)　有(V_2)　如果(Cbb)　今天(Nd)　公司(Nc)　沒(D)　賺錢(VA),"[{'word': '今天', 'ner': 'DATE'}]"
還有虧錢發年終,還(D)　有(V_2)　虧錢(VH)　發(VD)　年終(Nd),[]
就算只有個月,就算(Cbb)　只(Da)　有(V_2)　個(Nf)　月(Na),[]
老闆都很佛了,老闆(Na)　都(D)　很(Dfa)　佛(Na)　了(Di),[]
就濫用罷工仔,就(D)　濫用(VC)　罷工仔(Na),[]
過年罷工才兩個禮拜舒服過完年馬上辭職有什麼好雙輸的,過年(VA)　罷工(VA)　才(Da)　兩(Neu)　個(Nf)　禮拜(Na)　舒服(VH)　過完(VJ)　年(Na)　馬上(D)　辭職(VA)　有(V_2)　什麼(Nep)　好(VH)　雙(A)　輸(VD)　的(DE),"[{'word': '過年', 'ner': 'DATE'}, {'word': '兩個禮拜', 'ner': 'DATE'}, {'word': '過完年', 'ner': 'DATE'}]"
開始不講沒發就翻桌,開始(VL)　不(D)　講(VE)　沒(D)　發(VC)　就(D)　翻(VC)　桌(Na),[]
如果有面試過相關產業或是任職過都知道他們毛利很低特別還看淡旺季真的是很像國營事業單位,如果(Cbb)　有(D)　面試(VC)　過(Di)　相關(VH)　產業(Na)　或是(Caa)　任職(VG)　過(Di)　都(D)　知道(VK)　他們(Nh)　毛利(Na)　很(Dfa)　低(VH)　特別(VH)　還(D)　看淡(VJ)　旺季(Nd)　真的(D)　是(SHI)　很(Dfa)　像(VG)　國營(VH)　事業(Na)　單位(Na),[]
但福利沒有到國營高單位等級,但(Cbb)　福利(Na)　沒有(D)　到(P)　國營(VH)　高(Na)　單位(Na)　等級(Na),[]
年終又不是定要發,年終(Nd)　又(D)　不(D)　是(SHI)　定(D)　要(D)　發(VD),[]
虧損的時候怎麼辦,虧損(VJ)　的(DE)　時候(Na)　怎麼辦(VH),[]
工會本來就可以爭取權益阿他爭取他的你要不要買單社會認不認同就另回事,工會(Nc)　本來(D)　就(D)　可以(D)　爭取(VC)　權益(Na)　阿(Nb)　他(Nh)　爭取(VC)　他(Nh)　的(DE)　你(Nh)　要不要(D)　買單(VA)　社會(Na)　認不認同(VK)　就(D)　另(Nes)　回(Nf)　事(Na),[]
啊有雙輸啦股東跟資方雙輸笑死,啊(I)　有(V_2)　雙(VD)　輸(VD)　啦(T)　股東(Na)　跟(P)　資方(Na)　雙(VH)　輸(VD)　笑死(VHC),[]
賺沒幾個錢發個月沒有不合理,賺(VC)　沒(VJ)　幾(Neu)　個(Nf)　錢(Na)　發(VD)　個(Di)　月(Na)　沒有(D)　不(D)　合理(VH),[]
兩個禮拜如果影響到正常營運,兩(Neu)　個(Nf)　禮拜(Na)　如果(Cbb)　影響到(VJ)　正常(VH)　營運(Nv),"[{'word': '兩個禮拜', 'ner': 'DATE'}]"
誰要付錢,誰(Nh)　要(D)　付錢(VA),[]
原本虧損的錢如果影響到之後的運作要找誰負責,原本(D)　虧損(VJ)　的(DE)　錢(Na)　如果(Cbb)　影響到(VJ)　之後(Ng)　的(DE)　運作(Nv)　要(D)　找(VC)　誰(Nh)　負責(VL),[]
可以罷工,可以(D)　罷工(VA),[]
但容易雙輸開辦費什麼都是消耗,但(Cbb)　容易(VH)　雙輸(A)　開辦費(Na)　什麼(Nep)　都(D)　是(SHI)　消耗(VC),[]
看不下去可以離開,看(VA)　不(D)　下去(Di)　可以(D)　離開(VC),[]
公司賠錢誰負責笑死難道是員工負責,公司(Nc)　賠錢(VH)　誰(Nh)　負責(VL)　笑死(VHC)　難道(D)　是(SHI)　員工(Na)　負責(VL),[]
對啊你也可以罷工阿,對(VH)　啊(T)　你(Nh)　也(D)　可以(D)　罷工(VA)　阿(T),[]
怕罷工可以多招些男性空服,怕(VK)　罷工(VA)　可以(D)　多(D)　招(VC)　些(Nf)　男性(Na)　空服(Na),[]
如果工會訴求是季度調薪還是勞動環境還站的住,如果(Cbb)　工會(Nc)　訴求(Na)　是(SHI)　季度(Nd)　調薪(VH)　還是(Caa)　勞動(VC)　環境(Na)　還(D)　站的住(VA),"[{'word': '工會', 'ner': 'ORG'}]"
但這次吵的是年終就很白癡,但(Cbb)　這(Nep)　次(Nf)　吵(VC)　的(DE)　是(SHI)　年終(Nd)　就(D)　很(Dfa)　白癡(Na),[]
多學學種花店好不,多(D)　學學(VC)　種花店(Na)　好(VH)　不(D),[]
人家抗議理由多好,人家(Nh)　抗議(VE)　理由(Na)　多(Dfa)　好(VH),[]
年終為什麼不能吵,年終(Nd)　為什麼(D)　不能(D)　吵(VA),[]
印象中之前長榮華航高鐵的罷工不管最後有沒有,印象(Na)　中(Ng)　之前(Ng)　長榮(Nb)　華航(Nc)　高鐵(Na)　的(DE)　罷工(VA)　不管(Cbb)　最後(Nd)　有(V_2)　沒有(D),"[{'word': '長榮華航高鐵', 'ner': 'ORG'}]"
社會的運作可見斑,社會(Na)　的(DE)　運作(Nv)　可見斑(D),[]
成功罷成,成功(VH)　罷成(VG),[]
其原因都是公司真的有賺錢賺爛但卻沒反應給員工才罷工,其(Nep)　原因(Na)　都(D)　是(SHI)　公司(Nc)　真的(D)　有(V_2)　賺錢(VA)　賺爛(VC)　但(Cbb)　卻(D)　沒(VJ)　反應給(Na)　員工(Na)　才(Da)　罷工(VA),[]
啊星宇就沒賺錢呀,啊(I)　星宇(Nb)　就(D)　沒(D)　賺錢(VA)　呀(T),"[{'word': '星宇', 'ner': 'ORG'}]"
年終獎金比同業低那麼多,年終(Nd)　獎金(Na)　比(P)　同業(Na)　低(VH)　那麼多(Neqa),[]
誰都會不平衡吧,誰(Nh)　都(D)　會(D)　不(D)　平衡(VHC)　吧(T),[]
不平衡跟資方開勞雇會議破局了,不(D)　平衡(VHC)　跟(P)　資方(Na)　開(VC)　勞雇(Na)　會議(Na)　破局(VH)　了(Di),[]
只剩下罷工了啊,只(Da)　剩下(VJ)　罷工(VA)　了(Di)　啊(T),[]
對薪資不滿就罷工啊這有什麼問題,對(P)　薪資(Na)　不滿(VK)　就(D)　罷工(VA)　啊(T)　這(Nep)　有(V_2)　什麼(Nep)　問題(Na),[]
如果其他員工也支持就會響應,如果(Cbb)　其他(Neqa)　員工(Na)　也(D)　支持(VC)　就(D)　會(D)　響應(VC),[]
其他員工不支持到不了定的人數另當別論,其他(Neqa)　員工(Na)　不(D)　支持(VC)　到(P)　不了定(D)　的(DE)　人數(Na)　另當別論(VH),[]
這樣要罷,這樣(VH)　要(D)　罷(VC),[]
那就去吧,那(Dk)　就(D)　去(VCL)　吧(T),[]
但別像巨嬰還奢望社會定得同情支持,但(Cbb)　別(D)　像(VG)　巨嬰(Na)　還(D)　奢望(VK)　社會(Na)　定(D)　得(D)　同情(VJ)　支持(VC),[]
年終不定要發好嗎,年終(Nd)　不定(VH)　要(D)　發(VD)　好(VH)　嗎(T),[]
請搞清楚這點,請(VF)　搞清楚(VE)　這(Nep)　點(Nf),[]
這陣子有個美國航空公司資深空服員年收約萬美金只能說人往高處爬啦,這陣子(Nd)　有(V_2)　個(Nf)　美國(Nc)　航空(Na)　公司(Nc)　資深(VH)　空服員(Na)　年收(Na)　約(Da)　萬(Neu)　美金(Na)　只(Da)　能(D)　說(VE)　人(Na)　往(P)　高處(Nc)　爬(VA)　啦(T),"[{'word': '美國航空公司', 'ner': 'ORG'}, {'word': '約萬美金', 'ner': 'MONEY'}]"
股東可以罷工嗎,股東(Na)　可以(D)　罷工(VA)　嗎(T),[]
他都公開了網路訪談都有,他(Nh)　都(D)　公開(VHC)　了(Di)　網路(Na)　訪談(Na)　都(D)　有(V_2),[]
笑死堆人幫資方說話難怪台灣薪資環境這樣,笑死(VHC)　堆(Nf)　人(Na)　幫(P)　資方(Na)　說話(VA)　難怪(D)　台灣(Nc)　薪資(Na)　環境(Na)　這樣(VH),"[{'word': '台灣', 'ner': 'GPE'}]"
賺錢發年終那虧損是不是可以從薪水扣,賺錢(VA)　發(VD)　年終(Nd)　那(Nep)　虧損(Na)　是(SHI)　不(D)　是(SHI)　可以(D)　從(P)　薪水(Na)　扣(VC),[]
就事論事而已誰在幫資方講話,就事論事(VA)　而已(T)　誰(Nh)　在(P)　幫(P)　資方(Na)　講話(VA),[]
航空業好像沒有跳跳虎這種事,航空業(Na)　好像(D)　沒有(VJ)　跳跳虎(Na)　這(Nep)　種(Nf)　事(Na),[]
來股版幫勞方說話是腦袋有洞嗎,來(VA)　股版(Na)　幫(P)　勞方(Na)　說話(VA)　是(SHI)　腦袋(Na)　有(V_2)　洞(Na)　嗎(T),[]
資方違法在先當然噴資方,資方(Na)　違法(VA)　在先(VH)　當然(D)　噴(VC)　資方(Na),[]
但年終這東西你有寫在勞動契約裡,但(Cbb)　年終(Nd)　這(Nep)　東西(Na)　你(Nh)　有(V_2)　寫(VC)　在(P)　勞動(VC)　契約(Na)　裡(Ng),[]
不就有公司虧損直接烙跑倒閉連薪水都不發講得好像沒有樣,不(D)　就(D)　有(V_2)　公司(Nc)　虧損(Na)　直接(VH)　烙(VC)　跑(VA)　倒閉(VH)　連(Cbb)　薪水(Na)　都(D)　不(D)　發(VD)　講(VE)　得(DE)　好像(D)　沒有(VJ)　樣(Na),[]
我買員工就該給我爆肝上班怎麼了嗎,我(Nh)　買(VC)　員工(Na)　就(D)　該(D)　給(VD)　我(Nh)　爆肝(Na)　上班(VA)　怎麼(VH)　了(T)　嗎(T),[]
老實說啦,老實說(Dk)　啦(T),[]
會罷工的人都是低層級被取代性高的工作,會(D)　罷工(VA)　的(DE)　人(Na)　都(D)　是(SHI)　低層級(VH)　被(P)　取代性(Na)　高(VH)　的(DE)　工作(Na),[]
貪婪的端盤仔,貪婪(VH)　的(DE)　端盤仔(Na),[]
所以很好取代啊不用怕啊對薪水不滿就快跑有能力的人根本沒在怕,所以(Cbb)　很(Dfa)　好(VH)　取代(VC)　啊(T)　不用(D)　怕(VK)　啊(T)　對(P)　薪水(Na)　不滿(VK)　就(D)　快(D)　跑(VA)　有(V_2)　能力(Na)　的(DE)　人(Na)　根本(D)　沒(D)　在(P)　怕(VK),[]
不爽可以離職,不(D)　爽(VH)　可以(D)　離職(VH),[]
罷工是他們的權利,罷工(VA)　是(SHI)　他們(Nh)　的(DE)　權利(Na),[]
不爽可以不要開公司,不(D)　爽(VH)　可以(D)　不要(D)　開(VC)　公司(Nc),[]
笑死,笑死(VHC),[]
你是不是公司會計,你(Nh)　是(SHI)　不(D)　是(SHI)　公司(Nc)　會計(Na),[]
進公司前不久知道是剛起步沒多久的公司怎麼會跟其他家比,進(VCL)　公司(Nc)　前(Nes)　不久(Nd)　知道(VK)　是(SHI)　剛(D)　起步(VA)　沒(VJ)　多久(Nd)　的(DE)　公司(Nc)　怎麼(D)　會(D)　跟(P)　其他(Neqa)　家(Nc)　比(VC),[]
可惜人都是雙標的見不得人好,可惜(Na)　人(Na)　都(D)　是(SHI)　雙標(A)　的(DE)　見不得人(VH)　好(VH),[]
自私自利,自私(VH)　自利(VA),[]
不爽本來就可以罷工啊,不(D)　爽(VH)　本來(D)　就(D)　可以(D)　罷工(VA)　啊(T),[]
他要罷工你能怎樣,他(Nh)　要(D)　罷工(VA)　你(Nh)　能(D)　怎樣(D),[]
公司賠錢公司負責,公司(Nc)　賠錢(VH)　公司(Nc)　負責(VL),[]
那沒錢賠裁員可以嘍,那(Dk)　沒(VJ)　錢(Na)　賠(VD)　裁員(VC)　可以(VH)　嘍(T),[]
先抓賠錢大頭還不是雙輸公會應該要做的是雙贏雙方互相,先(D)　抓(VC)　賠錢(VH)　大頭(Na)　還不是(D)　雙輸(A)　公會(Nc)　應該(D)　要(D)　做(VC)　的(DE)　是(SHI)　雙贏(VH)　雙方(Nh)　互相(D),[]
以前福特公司就有這種方式但人家之前那個時代賺爛了,以前(Nd)　福特(Nb)　公司(Nc)　就(D)　有(V_2)　這(Nep)　種(Nf)　方式(Na)　但(Cbb)　人家(Nh)　之前(Ng)　那(Nep)　個(Nf)　時代(Na)　賺爛(VC)　了(Di),"[{'word': '福特公司', 'ner': 'ORG'}]"
想罷就罷有些人不要那麼奴,想罷(VA)　就(D)　罷(VC)　有(V_2)　些(Nf)　人(Na)　不要(D)　那麼(D)　奴(Na),[]
爽啊怎樣,爽(VH)　啊(T)　怎樣(D),[]
罷工不是不行拿年終當理由非常天兵星宇現在就擴張期現金要拿來買飛機新飛機要認列折舊也不會太好看請問在這種背景下要怎麼發年終,罷工(VA)　不(D)　是(SHI)　不行(D)　拿(VC)　年終(Nd)　當(VG)　理由(Na)　非常(Dfa)　天兵(Na)　星宇(Nb)　現在(Nd)　就(D)　擴張期(Na)　現金(Na)　要(D)　拿來(VC)　買(VC)　飛機(Na)　新(VH)　飛機(Na)　要(D)　認列(VC)　折舊(VH)　也(D)　不會(D)　太(Dfa)　好看(VH)　請問(VE)　在(P)　這(Nep)　種(Nf)　背景(Na)　下(Ng)　要(D)　怎麼(D)　發(VD)　年終(Nd),[]
罷工還要扯那麼多,罷工(VA)　還要(Dfa)　扯(VC)　那麼多(Neqa),[]
難怪有能力都出國了,難怪(D)　有(V_2)　能力(Na)　都(D)　出國(VA)　了(Di),[]
請神容易送神難更何況請到鬼,請(VF)　神(Na)　容易(VH)　送神(VA)　難(VH)　更何況(Cbb)　請到(VC)　鬼(Na),[]
不爽就是可以罷工趕快罷,不(D)　爽(VH)　就(D)　是(SHI)　可以(D)　罷工(VA)　趕快(D)　罷(VA),[]
笑死你不敢罷工是你不行別人行還要唱衰可憐,笑死(VHC)　你(Nh)　不(D)　敢(VL)　罷工(VA)　是(SHI)　你(Nh)　不行(VH)　別人(Nh)　行(VA)　還要(D)　唱衰(VHC)　可憐(VHC),[]
其實錢嫌少罷工很正常耶,其實(D)　錢(Na)　嫌(VK)　少(VH)　罷工(VA)　很(Dfa)　正常(VH)　耶(T),[]
錢哪裡有少,錢(Na)　哪裡(Ncd)　有(V_2)　少(VH),[]
薪水有少給嗎,薪水(Na)　有(V_2)　少(VH)　給(VD)　嗎(T),[]
年終本來就是多的沒有就要哭,年終(Nd)　本來(D)　就(Cbb)　是(SHI)　多(VH)　的(DE)　沒有(VJ)　就(D)　要(D)　哭(VA),[]
這句話送給這邊原,這(Nep)　句(Nf)　話(Na)　送給(VD)　這邊(Ncd)　原(A),[]
覆巢之下無完卵,覆(Na)　巢(Na)　之下(DE)　無(VJ)　完卵(Na),[]
沒有賺錢是資方責任,沒有(D)　賺錢(VA)　是(SHI)　資方(Na)　責任(Na),[]
勞工不滿想罷工施壓在國外也很正常,勞工(Na)　不滿(VK)　想(VE)　罷工(VA)　施壓(VB)　在(P)　國外(Nc)　也(D)　很(Dfa)　正常(VH),[]
南韓都敢罷工了,南韓(Nc)　都(D)　敢(VL)　罷工(VA)　了(Di),"[{'word': '南韓', 'ner': 'GPE'}]"
台灣勞工真的被瞧不起,台灣(Nc)　勞工(Na)　真的(D)　被(P)　瞧不起(VJ),"[{'word': '台灣', 'ner': 'NORP'}]"
人家罷工是吵季度調薪,人家(Nh)　罷工(VA)　是(SHI)　吵(VC)　季度(Nd)　調薪(VH),[]
島內罷工吵年終沒比同業多,島(Na)　內(Ncd)　罷工(VA)　吵(VC)　年終(Nd)　沒(D)　比(P)　同業(Na)　多(D),[]
這格局會不會太可悲,這(Nep)　格局(Na)　會不會(D)　太(Dfa)　可悲(VH),[]
要吵就吵大點的目標種花店年年抗議都吵季度調薪,要(D)　吵(VC)　就(D)　吵(VC)　大點(VH)　的(DE)　目標(Na)　種花店(VC)　年年(D)　抗議(VE)　都(D)　吵(VC)　季度(Nd)　調薪(VH),[]
考古題放這還不會抄,考古題(Na)　放(VC)　這(Nep)　還(D)　不會(D)　抄(VC),[]
有能力直接跳槽沒能力只能吵鬧職場上很常見,有(V_2)　能力(Na)　直接(VH)　跳槽(VA)　沒(VJ)　能力(Na)　只(Da)　能(D)　吵鬧(VA)　職場(Nc)　上(Ncd)　很(Dfa)　常見(VH),[]
可能分開吵這次年終先練習,可能(D)　分開(VHC)　吵(VC)　這(Nep)　次(Nf)　年終(Nd)　先(D)　練習(VC),[]
發廢文是你吧,發(VD)　廢文(Na)　是(SHI)　你(Nh)　吧(T),[]
員工也就是要罷工了啊,員工(Na)　也(D)　就(D)　是(SHI)　要(D)　罷工(VA)　了(T)　啊(T),[]
巴黎是有什麼好學的嗎,巴黎(Nc)　是(SHI)　有(V_2)　什麼(Nep)　好學(VH)　的(T)　嗎(T),"[{'word': '巴黎', 'ner': 'GPE'}]"
經濟成長有贏台灣還是公務員效率比較好,經濟(Na)　成長(VH)　有(V_2)　贏(VD)　台灣(Nc)　還是(D)　公務員(Na)　效率(Na)　比較(Dfa)　好(VH),"[{'word': '台灣', 'ner': 'GPE'}]"
不覺得台灣有什麼必要學巴黎,不(D)　覺得(VK)　台灣(Nc)　有(V_2)　什麼(Nep)　必要(Na)　學(VC)　巴黎(Nc),"[{'word': '台灣', 'ner': 'GPE'}, {'word': '巴黎', 'ner': 'GPE'}]"
不就沒能力離職不了的才會罷工說那麼多,不(D)　就(D)　沒(VJ)　能力(Na)　離職(VH)　不了(VH)　的(DE)　才(Da)　會(D)　罷工(VA)　說(VE)　那麼多(Neqa),[]
過年罷工完順勢離職就好了,過年(VA)　罷工(VA)　完(VH)　順勢(D)　離職(VH)　就(D)　好(T)　了(T),"[{'word': '過年', 'ner': 'DATE'}]"
不給糖,不(D)　給(VD)　糖(Na),[]
就搗蛋,就(D)　搗蛋(VA),[]
關你屁事,關(VJ)　你(Nh)　屁事(Na),[]
我是在想啦除非你是星宇高層,我(Nh)　是(SHI)　在(P)　想(VE)　啦(T)　除非(Cbb)　你(Nh)　是(SHI)　星宇(Na)　高層(Na),"[{'word': '星宇', 'ner': 'ORG'}]"
人家罷工關你什麼事啦,人家(Nh)　罷工(VA)　關(VJ)　你(Nh)　什麼(Nep)　事(Na)　啦(T),[]
好奇為啥不是爭取加薪正職薪水,好奇(VH)　為啥(D)　不(D)　是(SHI)　爭取(VC)　加薪(VB)　正職(VH)　薪水(Na),[]
而是執著於年終獎金,而是(Cbb)　執著(VH)　於(P)　年終(Nd)　獎金(Na),[]
虧損要發獎金,虧損(Na)　要(D)　發(VD)　獎金(Na),[]
那虧錢要不要減薪,那(Dk)　虧錢(VH)　要不要(D)　減薪(VB),[]
賞罰分明啊,賞罰(Na)　分明(VH)　啊(T),[]
不爽不要做,不(D)　爽(VH)　不要(D)　做(VC),[]
樓主啥行業,樓主(Na)　啥(Nep)　行業(Na),[]
有工會嗎,有(V_2)　工會(Nc)　嗎(T),[]
是不是想發起罷工都沒辦法,是(SHI)　不(D)　是(SHI)　想(VE)　發起(VC)　罷工(VA)　都(D)　沒辦法(VI),[]
其實就相對其他航空少太多才會吵,其實(D)　就(D)　相對(VH)　其他(Neqa)　航空(Na)　少(VH)　太多(VH)　才(Da)　會(D)　吵(VC),[]
這就是空姐跟工程師的差別,這(Nep)　就(Cbb)　是(SHI)　空姐(Na)　跟(P)　工程師(Na)　的(DE)　差別(Na),[]
有能力跳槽追求高薪的人,有(V_2)　能力(Na)　跳槽(VA)　追求(VC)　高薪(Na)　的(DE)　人(Na),[]
根本不在乎自己的行業有沒有工會能不能罷工,根本(D)　不(D)　在乎(VK)　自己(Nh)　的(DE)　行業(Na)　有(V_2)　沒(D)　有(V_2)　工會(Nc)　能不能(D)　罷工(VA),[]
不服來辯,不服(VK)　來(D)　辯(VE),[]
財報不就做出來的,財報(Na)　不(D)　就(D)　做出來(VB)　的(DE),[]
產值,產值(Na),[]
資本支出,資本(Na)　支出(Na),[]
間公司是真虧損還是假虧損,間(Ncd)　公司(Nc)　是(SHI)　真(VH)　虧損(VJ)　還是(Caa)　假(VH)　虧損(Na),[]
都是資方把戲而已,都(D)　是(SHI)　資方(Na)　把戲(Na)　而已(T),[]
引述之銘言,引述(VC)　之(DE)　銘言(Na),[]
看完留言大概有兩派,看完(VC)　留言(Na)　大概(D)　有(V_2)　兩(Neu)　派(Nf),"[{'word': '兩', 'ner': 'CARDINAL'}]"
派不發錢可以跟新創樣發股票或選擇權,派(VF)　不(D)　發(VD)　錢(Na)　可以(D)　跟(P)　新創(Na)　樣(Na)　發(VD)　股票(Na)　或(Caa)　選擇權(Na),[]
另派年終本來就是資方的決定,另(Nes)　派(VF)　年終(Nd)　本來(D)　就(D)　是(SHI)　資方(Na)　的(DE)　決定(Na),[]
本來就可以不發,本來(D)　就(D)　可以(D)　不(D)　發(VD),[]
兩派立場講的都有道理,兩(Neu)　派(Nf)　立場(Na)　講(VE)　的(DE)　都(D)　有(V_2)　道理(Na),"[{'word': '兩', 'ner': 'CARDINAL'}]"
句話年終公司可以不發勞工也可以罷工,句(Nf)　話(Na)　年終(Nd)　公司(Nc)　可以(D)　不(D)　發(VD)　勞工(Na)　也(D)　可以(D)　罷工(VA),[]
講難聽點還不是替代性太高公司才不理你,講(VE)　難聽(VH)　點(Dfb)　還不是(D)　替代性(Na)　太(Dfa)　高(VH)　公司(Nc)　才(Da)　不理(VJ)　你(Nh),[]
反正每年堆新人也想進,反正(D)　每(Nes)　年(Nf)　堆(Nf)　新人(Na)　也(D)　想(VE)　進(VCL),[]
你不爽幹堆人,你(Nh)　不(D)　爽(VH)　幹(VC)　堆(Nf)　人(Na),[]
想幹,想(VE)　幹(VC),[]
能進華航的也不會來星宇,能(D)　進(VCL)　華航(Nc)　的(DE)　也(D)　不會(D)　來(VA)　星宇(Na),"[{'word': '華航', 'ner': 'ORG'}]"
沒有選擇的人很難談條件,沒有(D)　選擇(Na)　的(DE)　人(Na)　很(Dfa)　難(VH)　談(VE)　條件(Na),[]
反正我建議投資別碰這類公司,反正(D)　我(Nh)　建議(VE)　投資(Na)　別(D)　碰(VC)　這(Nep)　類(Nf)　公司(Nc),[]
風險沒辦法掌控,風險(Na)　沒辦法(VI)　掌控(VC),[]
哪天旺季勞工罷工股價會崩,哪(Nep)　天(Nf)　旺季(Nd)　勞工(Na)　罷工(VA)　股價(Na)　會(D)　崩(VH),[]
華航長榮飛機攤提壓力怎有星宇大,華航(Nc)　長榮(Nb)　飛機(Na)　攤提(VC)　壓力(Na)　怎(D)　有(V_2)　星宇(Nb)　大(VH),"[{'word': '華航', 'ner': 'ORG'}, {'word': '長榮', 'ner': 'PRODUCT'}]"
虎航前三季年終個月帶種就跳去虎航啊沒種,虎航(Nb)　前(Nes)　三(Neu)　季(Nd)　年終(Nd)　個(Nf)　月(Na)　帶(VC)　種(Na)　就(D)　跳去(VA)　虎航(Nb)　啊(T)　沒(VH)　種(Na),[]
股東都沒賺錢了怎麼可能輪到員工分紅超難理解,股東(Na)　都(D)　沒(D)　賺錢(VA)　了(Di)　怎麼(D)　可能(D)　輪到(VL)　員工(Na)　分紅(VB)　超(VH)　難(VH)　理解(VK),[]
長榮海運,長榮(Nb)　海運(Na),[]
榮前幾年賺爆獎金給的可是很大方,榮(Nb)　前(Nes)　幾(Neu)　年(Nf)　賺爆(VC)　獎金(Na)　給(VD)　的(DE)　可是(D)　很(Dfa)　大方(VH),"[{'word': '榮', 'ner': 'PERSON'}, {'word': '前幾年', 'ner': 'DATE'}]"
老闆公司沒賺錢,老闆(Na)　公司(Nc)　沒(D)　賺錢(VA),[]
所以不發年終,所以(Cbb)　不(D)　發(VD)　年終(Nd),[]
請共體時艱,請(VF)　共體時艱(VA),[]
也是老闆這台賓士是我拿薪水買的,也(D)　是(SHI)　老闆(Na)　這(Nep)　台(Nf)　賓士(Nb)　是(SHI)　我(Nh)　拿(VC)　薪水(Na)　買(VC)　的(DE),[]
不要混為談,不要(D)　混為談(VB),[]
你這麼會營運航空公司怎麼不開家,你(Nh)　這麼(D)　會(D)　營運(VA)　航空(Na)　公司(Nc)　怎麼(D)　不(D)　開(VA)　家(Nc),[]
還是你是哪家的決策嗎,還是(D)　你(Nh)　是(SHI)　哪(Nep)　家(Nf)　的(DE)　決策(Na)　嗎(T),[]
剛剛急著出門,剛剛(D)　急(VH)　著(Di)　出門(VA),[]
拍謝沒注意看這張才是,拍(VC)　謝(Nb)　沒(D)　注意(VK)　看(VC)　這(Nep)　張(Nf)　才(Da)　是(SHI),[]
引述英九之銘言,引述(VC)　英九(Nb)　之(DE)　銘言(Na),[]
其實新公司還沒盈利在擴張期不發錢是合理的,其實(D)　新(VH)　公司(Nc)　還(D)　沒(VJ)　盈利(Na)　在(P)　擴張期(Na)　不(D)　發錢(VD)　是(SHI)　合理(VH)　的(DE),[]
對股東也負責任,對(P)　股東(Na)　也(D)　負責任(VH),[]
董應該要想畫大餅,董(Nb)　應該(D)　要(D)　想(VE)　畫(VC)　大(Na)　餅(Na),[]
員工分股票計畫,員工(Na)　分(VD)　股票(Na)　計畫(VF),[]
印股票比發年終獎金便宜的多很多,印(VC)　股票(Na)　比(P)　發(VD)　年終(Nd)　獎金(Na)　便宜(VH)　的(DE)　多(VH)　很多(Neqa),[]
別家公司現金個月,別(Nes)　家(Nf)　公司(Nc)　現金(Na)　個(Nf)　月(Na),"[{'word': '個月', 'ner': 'DATE'}]"
你家公司可以發現金個月,你(Nh)　家(Nf)　公司(Nc)　可以(D)　發現(VE)　金(Na)　個(Nf)　月(Na),[]
股票兩個月啊,股票(Na)　兩(Neu)　個(Nf)　月(Na)　啊(T),"[{'word': '兩個月', 'ner': 'DATE'}]"
再鎖買賣三年,再(D)　鎖(VC)　買賣(Na)　三(Neu)　年(Nf),"[{'word': '三年', 'ner': 'DATE'}]"
有家因需求要換現金董事長簽核可以提前回購之類的,有(V_2)　家(Nf)　因(P)　需求(Na)　要(D)　換(VC)　現金(Na)　董事長(Na)　簽核(VC)　可以(D)　提前(VB)　回購(VC)　之類(Cab)　的(DE),[]
股價或營收持續成長擴張,股價(Na)　或(Caa)　營收(Na)　持續(VL)　成長(VH)　擴張(VHC),[]
股票就會越來越值錢,股票(Na)　就(D)　會(D)　越來越(Dfa)　值錢(VH),[]
走傳統航空公司路線,走(VA)　傳統(VH)　航空(Na)　公司(Nc)　路線(Na),[]
新公司很難跟老牌公司競爭,新(VH)　公司(Nc)　很(Dfa)　難(VH)　跟(P)　老牌(VH)　公司(Nc)　競爭(Na),[]
發點小甜頭,發(VC)　點(Nf)　小(VH)　甜頭(Na),[]
激勵員工士氣,激勵(VC)　員工(Na)　士氣(Na),[]
考慮下吧,考慮(VE)　下(Ng)　吧(T),[]
如果你手下的員工,如果(Cbb)　你(Nh)　手下(Na)　的(DE)　員工(Na),[]
水準只有分,水準(Na)　只有(D)　分(VC),[]
你為啥要花分,你(Nh)　為啥(D)　要(D)　花(VC)　分(Nf),[]
甚至分的待遇留住他們,甚至(D)　分(VC)　的(DE)　待遇(Na)　留住(VC)　他們(Nh),[]
反正他們也沒其他地方去,反正(D)　他們(Nh)　也(D)　沒(VJ)　其他(Neqa)　地方(Na)　去(D),[]
當然是開分待遇就好,當然(D)　是(SHI)　開分(VC)　待遇(Na)　就(D)　好(VH),[]
等公司以後成長,等(P)　公司(Nc)　以後(Nd)　成長(VH),[]
需要更高分的人才,需要(VK)　更(D)　高分(Na)　的(DE)　人才(Na),[]
或者說,或者(Caa)　說(VE),[]
比較能吸引高分人才的時候,比較(Dfa)　能(D)　吸引(VJ)　高分(Na)　人才(Na)　的(DE)　時候(Na),[]
那時候再把待遇提高,那(Nep)　時候(Na)　再(D)　把(P)　待遇(Na)　提高(VC),[]
不是比較合理嗎,不(D)　是(SHI)　比較(Dfa)　合理(VH)　嗎(T),[]
真正的人才,真正(A)　的(DE)　人才(Na),[]
不會被市場永遠虧待啦,不會(D)　被(P)　市場(Nc)　永遠(D)　虧待(VC)　啦(T),[]
所以反過來看,所以(Cbb)　反過來(Dk)　看(VE),[]
老闆如果敢開那個薪水,老闆(Na)　如果(Cbb)　敢(VL)　開(VC)　那(Nep)　個(Nf)　薪水(Na),[]
而且堅持不讓步,而且(Cbb)　堅持(VK)　不(D)　讓步(VA),[]
那與其怪老闆黑心,那(Dk)　與其(Cbb)　怪(VK)　老闆(Na)　黑心(VH),[]
不如先檢討下自己,不如(Cbb)　先(D)　檢討下(VC)　自己(Nh),[]
否則華航待遇好,否則(Cbb)　華航(Nc)　待遇(Na)　好(VH),"[{'word': '華航', 'ner': 'ORG'}]"
大家都知道啊,大家(Nh)　都(D)　知道(VK)　啊(T),[]
你怎麼不去,你(Nh)　怎麼(D)　不(D)　去(D),[]
就因為沒那個實力進去啊,就(D)　因為(Cbb)　沒(VJ)　那(Nep)　個(Nf)　實力(Na)　進去(VA)　啊(T),[]
像我有學弟,像(P)　我(Nh)　有(V_2)　學弟(Na),[]
念書念到休學,念書(VA)　念到(VC)　休學(VA),[]
然後在家無業幾年,然後(D)　在(P)　家(Nc)　無業(VH)　幾(Neu)　年(Nf),"[{'word': '幾年', 'ner': 'DATE'}]"
快歲了還養不活自己,快(VH)　歲(Nf)　了(Di)　還(D)　養(VC)　不(D)　活(VH)　自己(Nh),"[{'word': '快歲', 'ner': 'DATE'}]"
長這麼大了,長(VH)　這麼(Dfa)　大(VH)　了(T),[]
吃飯都要跟父母拿錢,吃飯(VA)　都(D)　要(D)　跟(P)　父母(Na)　拿(VC)　錢(Na),[]
問他在幹嘛,問(VE)　他(Nh)　在(P)　幹嘛(VA),[]
說什麼在自我療癒對抗焦慮,說(VE)　什麼(Nep)　在(P)　自我(Nh)　療癒(VC)　對抗(VC)　焦慮(VH),[]
順便研究最愛的數學,順便(D)　研究(VE)　最(Dfa)　愛(VL)　的(DE)　數學(Na),[]
啊結果大學念理工的,啊(I)　結果(Dk)　大學(Nc)　念(VC)　理工(Na)　的(DE),[]
連高中的數學都不會算,連(Cbb)　高中(Nc)　的(DE)　數學(Na)　都(D)　不會(D)　算(VE),[]
只能用解題,只(Da)　能(D)　用(P)　解題(VA),[]
重點是解題過程錯了也沒發現,重點(Na)　是(SHI)　解題(Na)　過程(Na)　錯(VH)　了(T)　也(D)　沒(D)　發現(VE),[]
拿去網路現結果被電爆,拿去(VC)　網路(Na)　現(D)　結果(Dk)　被(P)　電爆(Na),[]
這種人是什麼狀況,這(Nep)　種(Nf)　人(Na)　是(SHI)　什麼(Nep)　狀況(Na),[]
大家雖然不說,大家(Nh)　雖然(Cbb)　不(D)　說(VE),[]
但都各自有內心評價了,但(Cbb)　都(D)　各自(Nh)　有(V_2)　內心(Na)　評價(VC)　了(T),[]
其實跳槽反人性,其實(D)　跳槽(VA)　反(VC)　人性(Na),[]
是不是最近要搭別家比較安全,是(SHI)　不(D)　是(SHI)　最近(Nd)　要(D)　搭(VC)　別(Nes)　家(Nc)　比較(Dfa)　安全(VH),[]
如果你是老闆員工會很慘,如果(Cbb)　你(Nh)　是(SHI)　老闆(Na)　員工(Na)　會(D)　很(Dfa)　慘(VH),[]
啊曝光機也需要螺絲啊,啊(I)　曝光機(Na)　也(D)　需要(VK)　螺絲(Na)　啊(T),[]
不定是高階人才,不定(VH)　是(SHI)　高階(A)　人才(Na),[]
以前這樣做沒錯,以前(Nd)　這樣(VH)　做(VC)　沒(D)　錯(VH),[]
邁入大缺工時代就不知道了,邁入(VCL)　大(VH)　缺工(VH)　時代(Na)　就(D)　不(D)　知道(VK)　了(T),[]
這算是博休待十的變種嗎,這(Nep)　算是(VG)　博休(VH)　待(VCL)　十(Neu)　的(DE)　變種(Na)　嗎(T),[]
既然你都覺得公司只能用競爭對手挑剩的爛咖當員工那你哪來的信心覺得公司未來能夠打贏競爭對手成長而不是直接被做掉,既然(Cbb)　你(Nh)　都(D)　覺得(VK)　公司(Nc)　只(Da)　能(D)　用(P)　競爭(Na)　對手(Na)　挑(VC)　剩(VJ)　的(DE)　爛咖(Na)　當(VG)　員工(Na)　那(Dk)　你(Nh)　哪來(D)　的(DE)　信心(Na)　覺得(VK)　公司(Nc)　未來(Nd)　能夠(D)　打贏(VC)　競爭(Na)　對手(Na)　成長(VH)　而(Cbb)　不(D)　是(SHI)　直接(VH)　被(P)　做掉(VC),[]
照你的邏輯還需要勞動部嗎還需要最低工資嗎,照(P)　你(Nh)　的(DE)　邏輯(Na)　還(D)　需要(VK)　勞動部(Nc)　嗎(T)　還(D)　需要(VK)　最(Dfa)　低(VH)　工資(Na)　嗎(T),"[{'word': '勞動部', 'ner': 'ORG'}]"
錯了是分人沒啥地方去所以開最低薪資至多中位數就好了這才是利益為導向的世界,錯(VH)　了(Di)　是(SHI)　分(VC)　人(Na)　沒(VJ)　啥(Nep)　地方(Na)　去(D)　所以(Cbb)　開(VC)　最(Dfa)　低(VH)　薪資(Na)　至多(Da)　中位數(Na)　就(D)　好(VH)　了(T)　這(Nep)　才(Da)　是(SHI)　利益(Na)　為(VG)　導向(Na)　的(DE)　世界(Nc),[]
應該多鼓勵博休待十來股板學習,應該(D)　多(D)　鼓勵(VF)　博休(VH)　待(P)　十來(Neu)　股板(Na)　學習(VC),"[{'word': '十來', 'ner': 'CARDINAL'}]"
如果他會投資買股票就不用靠爸媽養了精算師什麼的超爛的,如果(Cbb)　他(Nh)　會(D)　投資(VC)　買(VC)　股票(Na)　就(D)　不用(D)　靠(P)　爸媽(Na)　養(VC)　了(Di)　精算師(Na)　什麼(Nep)　的(DE)　超(VH)　爛(VH)　的(DE),[]
現在還來得及當中年股神,現在(Nd)　還(D)　來得及(D)　當(VG)　中年(Na)　股神(Na),[]
水準只有分,水準(Na)　只有(D)　分(VC),[]
你有想過在職訓練嗎,你(Nh)　有(V_2)　想(VE)　過(Di)　在職(VH)　訓練(Na)　嗎(T),[]
我認識的台灣都很努力願意學,我(Nh)　認識(VJ)　的(DE)　台灣(Nc)　都(D)　很(Dfa)　努力(VH)　願意(VK)　學(VC),"[{'word': '台灣', 'ner': 'GPE'}]"
在職教育也是企業責任,在職(VH)　教育(Na)　也(D)　是(SHI)　企業(Na)　責任(Na),[]
瞧不起員工,瞧不起(VJ)　員工(Na),[]
難怪員工要罷工嘛,難怪(D)　員工(Na)　要(D)　罷工(VA)　嘛(T),[]
樓上也不想想分的工作內容有需要花分的錢請人,樓上(Nc)　也(D)　不(D)　想想(VE)　分(VC)　的(DE)　工作(Na)　內容(Na)　有(V_2)　需要(VK)　花(VC)　分(Nf)　的(DE)　錢(Na)　請(VF)　人(Na),[]
講話難聽但是事實,講話(VA)　難聽(VH)　但是(Cbb)　事實(Na),[]
你是不是很忌妒別人年不用工作,你(Nh)　是(SHI)　不(D)　是(SHI)　很(Dfa)　忌妒(VJ)　別人(Nh)　年(Na)　不用(D)　工作(VA),[]
講得很好啊,講(VE)　得(DE)　很(Dfa)　好(VH)　啊(T),[]
你覺得石二鍋招聘空姐來當服務生,你(Nh)　覺得(VK)　石二鍋(Nb)　招聘(VC)　空姐(Na)　來(D)　當(VG)　服務生(Na),[]
然後鍋賣你,然後(D)　鍋(Na)　賣(VD)　你(Nh),[]
企業要永續經營,企業(Na)　要(D)　永續(VH)　經營(VC),[]
本來就要控制好成本,本來(D)　就(D)　要(D)　控制好(VC)　成本(Na),[]
追求利潤最大化,追求(VC)　利潤(Na)　最大化(VHC),[]
看完留言大概有兩派,看完(VC)　留言(Na)　大概(D)　有(V_2)　兩(Neu)　派(Nf),"[{'word': '兩', 'ner': 'CARDINAL'}]"
派不發錢可以跟新創樣發股票或選擇權,派(VF)　不(D)　發(VD)　錢(Na)　可以(D)　跟(P)　新創(Na)　樣(Na)　發(VD)　股票(Na)　或(Caa)　選擇權(Na),[]
另派年終本來就是資方的決定,另(Nes)　派(VF)　年終(Nd)　本來(D)　就(D)　是(SHI)　資方(Na)　的(DE)　決定(Na),[]
本來就可以不發,本來(D)　就(D)　可以(D)　不(D)　發(VD),[]
兩派立場講的都有道理,兩(Neu)　派(Nf)　立場(Na)　講(VE)　的(DE)　都(D)　有(V_2)　道理(Na),"[{'word': '兩', 'ner': 'CARDINAL'}]"
句話年終公司可以不發勞工也可以罷工,句(Nf)　話(Na)　年終(Nd)　公司(Nc)　可以(D)　不(D)　發(VD)　勞工(Na)　也(D)　可以(D)　罷工(VA),[]
講難聽點還不是替代性太高公司才不理你,講(VE)　難聽(VH)　點(Dfb)　還不是(D)　替代性(Na)　太(Dfa)　高(VH)　公司(Nc)　才(Da)　不理(VJ)　你(Nh),[]
反正每年堆新人也想進,反正(D)　每(Nes)　年(Nf)　堆(Nf)　新人(Na)　也(D)　想(VE)　進(VCL),[]
你不爽幹堆人想幹,你(Nh)　不(D)　爽(VH)　幹(VC)　堆(Nf)　人(Na)　想(VE)　幹(VC),[]
能進華航的也不會來星宇,能(D)　進(VCL)　華航(Nc)　的(DE)　也(D)　不會(D)　來(VA)　星宇(Na),"[{'word': '華航', 'ner': 'ORG'}]"
沒有選擇的人很難談條件,沒有(D)　選擇(Na)　的(DE)　人(Na)　很(Dfa)　難(VH)　談(VE)　條件(Na),[]
反正我建議投資別碰這類公司,反正(D)　我(Nh)　建議(VE)　投資(Na)　別(D)　碰(VC)　這(Nep)　類(Nf)　公司(Nc),[]
風險沒辦法掌控,風險(Na)　沒辦法(VI)　掌控(VC),[]
哪天旺季勞工罷工股價會崩,哪(Nep)　天(Nf)　旺季(Nd)　勞工(Na)　罷工(VA)　股價(Na)　會(D)　崩(VH),[]
巴菲特都說別碰航空了,巴菲特(Nb)　都(D)　說(VE)　別(D)　碰(VC)　航空(Na)　了(T),"[{'word': '巴菲特', 'ner': 'PERSON'}]"
我還是無腦就好,我(Nh)　還是(D)　無(VJ)　腦(Na)　就(D)　好(VH),[]
無腦就好沒錯,無(VJ)　腦(Na)　就(D)　好(VH)　沒(VJ)　錯(Na),[]
選擇權股票是什麼高技術工作嗎,選擇權(Na)　股票(Na)　是(SHI)　什麼(Nep)　高(Na)　技術(Na)　工作(Na)　嗎(T),[]
看股價,看(VC)　股價(Na),[]
航空業本來就很屎營收很難什麼暴發成長,航空業(Na)　本來(D)　就(D)　很(Dfa)　屎(VH)　營收(Na)　很(Dfa)　難(VH)　什麼(Nep)　暴發(VJ)　成長(Nv),[]
員工要罷工要先經過投票喔不是說想罷就罷,員工(Na)　要(D)　罷工(VA)　要(D)　先(D)　經過(P)　投票(VA)　喔(T)　不(D)　是(SHI)　說(VE)　想(VE)　罷(VC)　就(D)　罷(VC),[]
你看為什麼大家都敢買,你(Nh)　看(VE)　為什麼(D)　大家(Nh)　都(D)　敢(VL)　買(VC),[]
你看過敢報加班或罷工的嗎,你(Nh)　看過(VC)　敢(VL)　報(VC)　加班(VA)　或(Caa)　罷工(VA)　的(T)　嗎(T),[]
董都說去買台積電了,董(Nb)　都(D)　說(VE)　去(D)　買(VC)　台積電(Nb)　了(T),"[{'word': '台積電', 'ner': 'ORG'}]"
推論正確,推論(VE)　正確(VH),[]
引述母體之銘言,引述(VC)　母體(Nc)　之(DE)　銘言(Na),[]
剛剛八卦版傳出,剛剛(D)　八卦版(Na)　傳出(VC),[]
星宇因為年終問題跟勞工進行協商,星宇(Nb)　因為(Cbb)　年終(Nd)　問題(Na)　跟(P)　勞工(Na)　進行(VC)　協商(VE),"[{'word': '星宇', 'ner': 'ORG'}]"
結果勞資協調年終破局資方嗆想罷工就罷,結果(Dk)　勞資(Na)　協調(VC)　年終(Nd)　破局(VH)　資方(Na)　嗆(VE)　想(VE)　罷工(VA)　就(D)　罷(VA),[]
工會訴求加發年終個月,工會(Nc)　訴求(Na)　加發(VD)　年終(Nd)　個(Nf)　月(Na),[]
本週二第二次協調會破局,本(Nes)　週二(Nd)　第二(Neu)　次(Nf)　協調會(Na)　破局(VH),"[{'word': '本週二', 'ner': 'DATE'}, {'word': '第二', 'ner': 'ORDINAL'}]"
資方根本沒有針對工會的訴求準備任何方案,資方(Na)　根本(D)　沒有(D)　針對(P)　工會(Nc)　的(DE)　訴求(Na)　準備(VC)　任何(Neqa)　方案(Na),[]
擺出副死豬不怕熱水燙的態度,擺出(VC)　副死豬(A)　不(D)　怕(VK)　熱水(Na)　燙(VH)　的(DE)　態度(Na),[]
董最後定會會妥協的,董(Nb)　最後(Nd)　定(VC)　會(D)　會(D)　妥協(VA)　的(DE),[]
才多發個月,才(Da)　多(VH)　發(VD)　個(Nf)　月(Na),[]
過完年賣些股票,過完(VJ)　年(Nd)　賣(VD)　些(Nf)　股票(Na),"[{'word': '過完年', 'ner': 'DATE'}]"
或是跟股東借點錢就能撐過去吧,或是(Caa)　跟(P)　股東(Na)　借(VD)　點(Nf)　錢(Na)　就(D)　能(D)　撐過去(VC)　吧(T),[]
先別說春節罷工這個有點太趕了,先(D)　別(D)　說(VE)　春節(Nd)　罷工(VA)　這(Nep)　個(Nf)　有點(Dfa)　太(Dfa)　趕(VH)　了(Di),"[{'word': '春節', 'ner': 'DATE'}]"
要是下個月日本櫻花季,要是(Cbb)　下(Nes)　個(Nf)　月(Na)　日本(Nc)　櫻花季(Nd),"[{'word': '下個月', 'ner': 'DATE'}, {'word': '日本', 'ner': 'GPE'}]"
星宇的員工來個突發大罷工不就賠更多,星宇(Nb)　的(DE)　員工(Na)　來(VA)　個(Nf)　突發(VH)　大(VH)　罷工(VA)　不(D)　就(D)　賠(VD)　更多(Neqa),"[{'word': '星宇', 'ner': 'ORG'}]"
還是長榮航跟華航虎航各出三分之給星宇湊個月,還是(D)　長榮航(Nb)　跟(P)　華航(Nc)　虎航(Nb)　各(D)　出(VC)　三(Neqa)　分(Nf)　之(DE)　給(VD)　星宇(Nc)　湊(VC)　個(Nf)　月(Na),"[{'word': '長榮航', 'ner': 'ORG'}, {'word': '華航虎航', 'ner': 'ORG'}, {'word': '三分之', 'ner': 'CARDINAL'}, {'word': '星宇', 'ner': 'ORG'}, {'word': '個月', 'ner': 'DATE'}]"
當作做善事好了,當作(VG)　做(VC)　善事(Na)　好了(T),[]
畢竟多領人家太多了笑,畢竟(D)　多(D)　領(VC)　人家(Nh)　太多(VH)　了(Di)　笑(VA),[]
我要是工會,我(Nh)　要是(Cbb)　工會(Nc),[]
定不會選春節罷工,定(D)　不會(D)　選(VC)　春節(Nd)　罷工(Nv),"[{'word': '春節', 'ner': 'DATE'}]"
會先醞釀準備要在日本櫻花季罷工,會(D)　先(D)　醞釀(VF)　準備(VF)　要(D)　在(P)　日本(Nc)　櫻花季(Nd)　罷工(VA),"[{'word': '日本', 'ner': 'GPE'}, {'word': '櫻花季', 'ner': 'DATE'}]"
這時候就開始堆人害怕要退票轉單了,這(Nep)　時候(Na)　就(D)　開始(VL)　堆(Nf)　人(Na)　害怕(VK)　要(D)　退票(VA)　轉(VA)　單(Na)　了(Di),[]
這才有效果,這(Nep)　才(Da)　有(V_2)　效果(Na),[]
尤其日本線又是星宇的重中之重,尤其(D)　日本線(Na)　又(D)　是(SHI)　星宇(Na)　的(DE)　重中(VH)　之重(DE),"[{'word': '日本線', 'ner': 'FAC'}]"
要是真罷工了,要是(Cbb)　真(D)　罷工(VA)　了(Di),[]
當月營收肯定比這個月年終掉的更多,當(Nes)　月(Na)　營收(Na)　肯定(VK)　比(P)　這(Nep)　個(Nf)　月(Na)　年終(Nd)　掉(VH)　的(DE)　更多(Neqa),"[{'word': '當月', 'ner': 'DATE'}, {'word': '這個月', 'ner': 'DATE'}]"
其實新公司還沒盈利在擴張期不發錢是合理的,其實(D)　新(VH)　公司(Nc)　還(D)　沒(VJ)　盈利(Na)　在(P)　擴張期(Na)　不(D)　發錢(VD)　是(SHI)　合理(VH)　的(DE),[]
對股東也負責任,對(P)　股東(Na)　也(D)　負責任(VH),[]
董應該要想畫大餅,董(Nb)　應該(D)　要(D)　想(VE)　畫(VC)　大(Na)　餅(Na),[]
員工分股票計畫,員工(Na)　分(VD)　股票(Na)　計畫(VF),[]
印股票比發年終獎金便宜的多很多,印(VC)　股票(Na)　比(P)　發(VD)　年終(Nd)　獎金(Na)　便宜(VH)　的(DE)　多(VH)　很多(Neqa),[]
別家公司現金個月,別(Nes)　家(Nf)　公司(Nc)　現金(Na)　個(Nf)　月(Na),"[{'word': '個月', 'ner': 'DATE'}]"
你家公司可以發現金個月,你(Nh)　家(Nf)　公司(Nc)　可以(D)　發現(VE)　金(Na)　個(Nf)　月(Na),[]
股票兩個月啊,股票(Na)　兩(Neu)　個(Nf)　月(Na)　啊(T),"[{'word': '兩個月', 'ner': 'DATE'}]"
再鎖買賣三年,再(D)　鎖(VC)　買賣(Na)　三(Neu)　年(Nf),"[{'word': '三年', 'ner': 'DATE'}]"
有家因需求要換現金董事長簽核可以提前回購之類的,有(V_2)　家(Nf)　因(P)　需求(Na)　要(D)　換(VC)　現金(Na)　董事長(Na)　簽核(VC)　可以(D)　提前(VB)　回購(VC)　之類(Cab)　的(DE),[]
股價或營收持續成長擴張,股價(Na)　或(Caa)　營收(Na)　持續(VL)　成長(VH)　擴張(VHC),[]
股票就會越來越值錢,股票(Na)　就(D)　會(D)　越來越(Dfa)　值錢(VH),[]
走傳統航空公司路線,走(VA)　傳統(VH)　航空(Na)　公司(Nc)　路線(Na),[]
新公司很難跟老牌公司競爭,新(VH)　公司(Nc)　很(Dfa)　難(VH)　跟(P)　老牌(VH)　公司(Nc)　競爭(Na),[]
發點小甜頭,發(VC)　點(Nf)　小(VH)　甜頭(Na),[]
激勵員工士氣,激勵(VC)　員工(Na)　士氣(Na),[]
考慮下吧,考慮(VE)　下(Ng)　吧(T),[]
正解,正解(Na),[]
真有心留任員工就會發股票,真(D)　有心(VL)　留任(VG)　員工(Na)　就(D)　會(D)　發(VD)　股票(Na),[]
不然至少選擇權這樣還可以激勵員工起努力提升公司獲利,不然(Cbb)　至少(Da)　選擇權(Na)　這樣(VH)　還可以(D)　激勵(VC)　員工(Na)　起(Ng)　努力(VH)　提升(VC)　公司(Nc)　獲利(Na),[]
否則如果公司獲利只有主管跟股東享受得到,否則(Cbb)　如果(Cbb)　公司(Nc)　獲利(Na)　只有(Cbb)　主管(Na)　跟(Caa)　股東(Na)　享受(VJ)　得(VJ)　到(VJ),[]
那員工為什麼要努力,那(Dk)　員工(Na)　為什麼(D)　要(D)　努力(VH),[]
他們就會轉成想辦法讓自己不被資遣就好,他們(Nh)　就(D)　會(D)　轉成(VG)　想(VE)　辦法(Na)　讓(VL)　自己(Nh)　不(D)　被(P)　資遣(VC)　就(D)　好(Cbb),[]
在台灣當老闆不如錢拿來炒股,在(P)　台灣(Nc)　當(VG)　老闆(Na)　不如(VJ)　錢(Na)　拿來(VC)　炒(VC)　股(Na),"[{'word': '台灣', 'ner': 'GPE'}]"
真的,真的(D),[]
之前星宇剛上市員工持股爽了下就是,之前(Nd)　星宇(Nb)　剛(D)　上市(VH)　員工(Na)　持股(Na)　爽(VH)　了(Di)　下(Nf)　就(D)　是(SHI),"[{'word': '星宇', 'ner': 'ORG'}]"
雀食,雀(Na)　食(VC),[]
不過分紅費用化後好像被掉惹,不過(Cbb)　分紅(VB)　費用(VHC)　化(VHC)　後(Ng)　好像(D)　被(P)　掉(VH)　惹(VC),[]
正解發股票還可以以市值來算,正(Na)　解(VC)　發(VD)　股票(Na)　還可以(D)　以(P)　市值(Na)　來(D)　算(VE),[]
那發了沒,那(Nep)　發(VD)　了(Di)　沒(VJ),[]
這沒辦法你發的就是輸人,這(Nep)　沒辦法(VI)　你(Nh)　發(VH)　的(DE)　就(Cbb)　是(SHI)　輸(VD)　人(Na),[]
公司你開的嗎笑死,公司(Nc)　你(Nh)　開(VC)　的(T)　嗎(T)　笑死(VHC),[]
認同,認同(VJ),[]
夢想都很美好,夢想(Na)　都(D)　很(Dfa)　美好(VH),[]
共體時艱,共體時艱(VA),[]
隨便都馬找得到人公司根本沒差,隨便(VH)　都(D)　馬(I)　找(VC)　得(DE)　到(VC)　人(Na)　公司(Nc)　根本(D)　沒(D)　差(VH),[]
現實點很多位置就是免洗的和餐廳服務生樣外勞慢慢取代了只有部分的才是人才,現實點(Na)　很多(Neqa)　位置(Na)　就(Cbb)　是(SHI)　免洗(A)　的(DE)　和(Caa)　餐廳(Nc)　服務生(Na)　樣(Na)　外勞(Na)　慢慢(VH)　取代(VC)　了(Di)　只有(D)　部分(Neqa)　的(DE)　才(Da)　是(SHI)　人才(Na),[]
發股票吧,發(VD)　股票(Na)　吧(T),[]
推股版思維八卦那個員工思維就懶得看了,推(VC)　股版(Na)　思維(Na)　八卦(Na)　那(Nep)　個(Nf)　員工(Na)　思維(Na)　就(D)　懶得(VL)　看(VC)　了(Di),[]
發就只是人事成本還可以延後認列,發(VC)　就(D)　只(Da)　是(SHI)　人事(Na)　成本(Na)　還可以(D)　延後(VC)　認列(VC),[]
跟獲利無關,跟(P)　獲利(VH)　無關(VH),[]
根據愛台灣的人對關稅的反應,根據(P)　愛(VL)　台灣(Nc)　的(DE)　人(Na)　對(P)　關稅(Na)　的(DE)　反應(Na),"[{'word': '台灣', 'ner': 'GPE'}]"
應該是星宇勞工要不支薪,應該(D)　是(SHI)　星宇(Nb)　勞工(Na)　要(D)　不(D)　支(VC)　薪(Na),[]
然後還要加班並且付錢給張董,然後(D)　還要(Dfa)　加班(VA)　並且(Cbb)　付錢(VA)　給(P)　張董(Nb),"[{'word': '張董', 'ner': 'PERSON'}]"
跪下來謝謝張董讓他們這些勞工有工作才對,跪下來(VA)　謝謝(VJ)　張董(Nb)　讓(VL)　他們(Nh)　這些(Neqa)　勞工(Na)　有(V_2)　工作(Na)　才(Da)　對(P),"[{'word': '張董', 'ner': 'PERSON'}]"
要用像特斯拉這樣股票選擇權去留員工,要(D)　用(P)　像(P)　特斯拉(Nb)　這樣(VH)　股票(Na)　選擇權(Na)　去(Na)　留(VC)　員工(Na),"[{'word': '特斯拉', 'ner': 'ORG'}]"
不滿可以滾啊有多少本事領多少,不滿(VK)　可以(D)　滾(VA)　啊(T)　有(V_2)　多少(Neqa)　本事(Na)　領(VC)　多少(Neqa),[]
員工成為股東,員工(Na)　成為(VG)　股東(Na),[]
就只有盡力把公司工作做好,就(D)　只有(D)　盡力(VH)　把(P)　公司(Nc)　工作(VA)　做好(VC),[]
把股票做大,把(P)　股票(Na)　做大(VC),[]
只會喊共體時艱的老闆我還以為在傳慘,只(Da)　會(D)　喊(VE)　共體時艱(VA)　的(DE)　老闆(Na)　我(Nh)　還(D)　以為(VE)　在(P)　傳(VD)　慘(VH),[]
很多公司都在搞員工持股這沒問題有錢買飛機沒錢發年終,很多(Neqa)　公司(Nc)　都(D)　在(P)　搞(VC)　員工(Na)　持股(Na)　這(Nep)　沒(VJ)　問題(Na)　有錢(VH)　買(VC)　飛機(Na)　沒(VJ)　錢(Na)　發(VD)　年終(Nd),[]
堆人護航新創事業人家新創科技業靠前的工號哪個不是滿手股票等夢想事實就是人家不在乎空中服務生怎麼想,堆(Nf)　人(Na)　護航(VB)　新創(VC)　事業(Na)　人家(Nh)　新創(VC)　科技業(Na)　靠(P)　前(Ncd)　的(DE)　工號(Na)　哪(Nep)　個(Nf)　不(D)　是(SHI)　滿(Neqa)　手(Na)　股票(Na)　等(Cab)　夢想(Na)　事實(Na)　就(Cbb)　是(SHI)　人家(Nh)　不(D)　在乎(VK)　空中(Nc)　服務生(Na)　怎麼(D)　想(VE),[]
沒發股票畫大餅誰都都會,沒(D)　發(VD)　股票(Na)　畫(VC)　大(VH)　餅(Na)　誰(Nh)　都(D)　都(D)　會(D),[]
來股版結果勞方思想笑死,來(VA)　股版(Na)　結果(Dk)　勞方思(Na)　想(VE)　笑死(VHC),[]
這種就這樣新創啊,這(Nep)　種(Nf)　就(D)　這樣(VH)　新創(VC)　啊(T),[]
沒錢就只能畫大餅,沒(VJ)　錢(Na)　就(D)　只(Da)　能(D)　畫(VC)　大(Na)　餅(Na),[]
不然錢哪裡來發小額的股票也可以呀不給錢大餅也不給,不然(Cbb)　錢(Na)　哪裡(Ncd)　來(D)　發(VD)　小額(Na)　的(DE)　股票(Na)　也(D)　可以(VH)　呀(T)　不(D)　給(VD)　錢(Na)　大餅(VH)　也(D)　不(D)　給(VD),[]
當然會抱怨,當然(D)　會(D)　抱怨(VE),[]
如果跑得掉的早就跑了,如果(Cbb)　跑(VA)　得(DE)　掉(VA)　的(DE)　早(D)　就(D)　跑(VA)　了(Di),[]
雖然空姐地勤這種也沒什麼護城河,雖然(Cbb)　空姐(Na)　地勤(Na)　這(Nep)　種(Nf)　也(D)　沒(VJ)　什麼(Nep)　護城河(Na),[]
給股票他們直接在次級市場倒爛還不是樣股版為什麼不能勞方思想,給(VD)　股票(Na)　他們(Nh)　直接(VH)　在(P)　次級(A)　市場(Nc)　倒(VC)　爛(VH)　還不是(D)　樣(Na)　股版(Na)　為什麼(D)　不能(D)　勞方(Na)　思想(Na),[]
難不成每個版友都是資方,難不成(Dk)　每(Nes)　個(Nf)　版友(Na)　都(D)　是(SHI)　資方(Na),[]
別騙了啦,別(D)　騙(VC)　了(Di)　啦(T),[]
大部分都還是勞方,大部分(Neqa)　都(D)　還(D)　是(SHI)　勞方(Na),[]
條件那麼爛有差嗎我還是會罷工,條件(Na)　那麼(D)　爛(VH)　有(V_2)　差(VH)　嗎(T)　我(Nh)　還是(D)　會(D)　罷工(VA),[]
找不到滿腔熱血的,找(VC)　不(D)　到(VC)　滿腔熱血(VH)　的(DE),[]
就用股票跟畫大餅留人,就(D)　用(P)　股票(Na)　跟(P)　畫(VC)　大(Na)　餅(Na)　留(VC)　人(Na),[]
當你持有股票時,當(P)　你(Nh)　持有(VJ)　股票(Na)　時(Ng),[]
你就是資方的共犯了,你(Nh)　就(D)　是(SHI)　資方(Na)　的(DE)　共犯(Na)　了(T),[]
腦袋記得換,腦袋(Na)　記得(VK)　換(VC),[]
其實企業初期發股票的確是正確的操作大家都在同條船起奮鬥所以開公司找股東大家都要拿出錢,其實(D)　企業(Na)　初期(Nd)　發(VD)　股票(Na)　的確(D)　是(SHI)　正確(VH)　的(DE)　操作(VC)　大家(Nh)　都(D)　在(P)　同(Nes)　條(Nf)　船(Na)　起(VC)　奮鬥(VA)　所以(Cbb)　開(VC)　公司(Nc)　找(VC)　股東(Na)　大家(Nh)　都(D)　要(D)　拿(VC)　出錢(VA),[]
別想了航空業發股票還是已經上市櫃的公司先不說發股後股本膨脹造成的估值下調銀行貸款難度上升傳統航空給員工認購股票發放股票吸引力在哪裡,別(D)　想(VE)　了(Di)　航空業(Na)　發(VD)　股票(Na)　還是(D)　已經(D)　上市櫃(VH)　的(DE)　公司(Nc)　先(D)　不(D)　說(VE)　發(VD)　股(Na)　後(Ng)　股本(Na)　膨脹(VHC)　造成(VK)　的(DE)　估值(VB)　下調(Ng)　銀行(Nc)　貸款(Na)　難度(Na)　上升(VA)　傳統(VH)　航空(Na)　給(VD)　員工(Na)　認購(VC)　股票(Na)　發放(VD)　股票(Na)　吸引力(Na)　在(P)　哪裡(Ncd),[]
有成長空間嗎綁三年說真的打工仔誰跟你綁三年以為股票激勵新創公司,有(V_2)　成長(VH)　空間(Na)　嗎(T)　綁(VC)　三(Neu)　年(Nf)　說真的(Dk)　打工仔(VA)　誰(Nh)　跟(P)　你(Nh)　綁(VC)　三(Neu)　年(Nf)　以(VE)　為(P)　股票(Na)　激勵(VC)　新創(VC)　公司(Nc),"[{'word': '三年', 'ner': 'DATE'}, {'word': '三年', 'ner': 'DATE'}]"
結論餿主意,結論(Na)　餿(DASHCATEGORY)　主意(Na),[]
每個都在說發股票,每(Nes)　個(Nf)　都(D)　在(P)　說(VE)　發(VD)　股票(Na),[]
發多少才算夠,發(VD)　多少(Neqa)　才(Da)　算(VG)　夠(VH),[]
人在當員工時是貪婪的,人(Na)　在(P)　當(VG)　員工(Na)　時(Ng)　是(SHI)　貪婪(VH)　的(DE),[]
給十張不會感謝的大有人站,給(VD)　十(Neu)　張(Nf)　不會(D)　感謝(VK)　的(DE)　大有(VH)　人(Na)　站(VA),"[{'word': '十', 'ner': 'CARDINAL'}]"
給張還唾棄你呢,給(P)　張(Nb)　還(D)　唾棄(VC)　你(Nh)　呢(T),"[{'word': '張', 'ner': 'PERSON'}]"
在分紅費用化之前,在(P)　分紅(VB)　費用(VHC)　化(VHC)　之前(Ng),[]
台灣電子業都是發股票的台積電也不會因為發大量股票給員工造成貸款難度上升要不是分紅費用化,台灣(Nc)　電子業(Na)　都(D)　是(SHI)　發(VD)　股票(Na)　的(DE)　台積電(Nb)　也(D)　不會(D)　因為(Cbb)　發(VD)　大量(Neqa)　股票(Na)　給(VD)　員工(Na)　造成(VK)　貸款(Na)　難度(Na)　上升(VA)　要不是(Cbb)　分紅(VB)　費用(VHC)　化(VHC),"[{'word': '台灣', 'ner': 'GPE'}, {'word': '台積電', 'ner': 'ORG'}]"
正常企業都寧願發股票取代現金,正常(VH)　企業(Na)　都(D)　寧願(VK)　發(VD)　股票(Na)　取代(VC)　現金(Na),[]
發個月,發(VD)　個(Nf)　月(Na),"[{'word': '發個月', 'ner': 'DATE'}]"
超讚,超讚(Dfa),[]
每天發股,每(Nes)　天(Nf)　發股(VD),[]
發滿個月,發(VC)　滿(Neqa)　個(Nf)　月(Na),[]
才花股,才(Da)　花股(VA),[]
年終發個月也可以比照,年終(Nd)　發(VD)　個(Di)　月(Na)　也(D)　可以(D)　比照(P),[]
天發元,天發(Nb)　元(Nf),[]
個月才,個(Nf)　月(Na)　才(Da),"[{'word': '個月', 'ner': 'DATE'}]"
只想當員工怎麼不當股東呢,只(Da)　想(VE)　當(VG)　員工(Na)　怎麼(D)　不(D)　當(VG)　股東(Na)　呢(T),[]
引述大哥沒有輸之銘言,引述(VC)　大哥(Na)　沒有(D)　輸(VD)　之(DE)　銘言(Na),[]
原文標題,原文(Na)　標題(Na),[]
維複合材的概念,維(Na)　複合材(Na)　的(DE)　概念(Na),[]
最遠可直飛,最(Dfa)　遠(VH)　可(D)　直飛(VCL),[]
公里,公里(Nf),[]
共設置四艙等配置,共(Da)　設置(VC)　四(Neu)　艙等(Na)　配置(VC),"[{'word': '四', 'ner': 'CARDINAL'}]"
包含席頭等艙席商,包含(VJ)　席(Nc)　頭等艙(Na)　席(Na)　商(Na),[]
務艙席豪華經濟艙席經濟艙,務艙席(Nc)　豪華(VH)　經濟艙席(Na)　經濟艙(Na),[]
共個座位,共(Da)　個(Nf)　座位(Na),[]
心得評論,心得(Na)　評論(VC),[]
星宇餐點服務都是最頂的,星宇(Na)　餐點(Na)　服務(VC)　都(D)　是(SHI)　最(Dfa)　頂(Ncd)　的(DE),"[{'word': '星宇', 'ner': 'ORG'}]"
如果員工福利無法提升,如果(Cbb)　員工(Na)　福利(Na)　無法(D)　提升(VC),[]
那怎麼保證服務品質不下降,那(Nep)　怎麼(D)　保證(VE)　服務(Nv)　品質(Na)　不(D)　下降(VA),[]
希望董不要只會共體時艱,希望(VK)　董(Nb)　不要(D)　只(Da)　會(D)　共體時艱(VA),[]
買新飛機,買(VC)　新(VH)　飛機(Na),[]
員工才是最重要的,員工(Na)　才(Da)　是(SHI)　最(Dfa)　重要(VH)　的(DE),[]
必需填寫滿正體中文字,必需(D)　填寫(VC)　滿(Neqa)　正體(Na)　中文字(Na),"[{'word': '中文字', 'ner': 'LANGUAGE'}]"
無意義者板規處分,無意義(VH)　者(Na)　板規(Na)　處分(Na),[]
資方嗆想罷工就罷,資方(Na)　嗆(VE)　想(VE)　罷工(VA)　就(D)　罷(VA),[]
工會訴求加發年終個月,工會(Nc)　訴求(Na)　加發(VD)　年終(Nd)　個(Nf)　月(Na),[]
本週二第二次協調會破局,本(Nes)　週二(Nd)　第二(Neu)　次(Nf)　協調會(Na)　破局(VH),"[{'word': '本週二', 'ner': 'DATE'}, {'word': '第二', 'ner': 'ORDINAL'}]"
資方根本沒有針對工會的訴求準備任何方案,資方(Na)　根本(D)　沒有(D)　針對(P)　工會(Nc)　的(DE)　訴求(Na)　準備(VC)　任何(Neqa)　方案(Na),[]
擺出副死豬不怕熱水燙的態度,擺出(VC)　副死豬(A)　不(D)　怕(VK)　熱水(Na)　燙(VH)　的(DE)　態度(Na),[]
董最後定會會妥協的,董(Nb)　最後(Nd)　定(VC)　會(D)　會(D)　妥協(VA)　的(DE),[]
才多發個月,才(Da)　多(VH)　發(VD)　個(Nf)　月(Na),[]
過完年賣些股票,過完(VJ)　年(Nd)　賣(VD)　些(Nf)　股票(Na),"[{'word': '過完年', 'ner': 'DATE'}]"
或是跟股東借點錢就能撐過去吧,或是(Caa)　跟(P)　股東(Na)　借(VD)　點(Nf)　錢(Na)　就(D)　能(D)　撐過去(VC)　吧(T),[]
先別說春節罷工這個有點太趕了,先(D)　別(D)　說(VE)　春節(Nd)　罷工(VA)　這(Nep)　個(Nf)　有點(Dfa)　太(Dfa)　趕(VH)　了(Di),"[{'word': '春節', 'ner': 'DATE'}]"
要是下個月日本櫻花季,要是(Cbb)　下(Nes)　個(Nf)　月(Na)　日本(Nc)　櫻花季(Nd),"[{'word': '下個月', 'ner': 'DATE'}, {'word': '日本', 'ner': 'GPE'}]"
星宇的員工來個突發大罷工不就賠更多,星宇(Nb)　的(DE)　員工(Na)　來(VA)　個(Nf)　突發(VH)　大(VH)　罷工(VA)　不(D)　就(D)　賠(VD)　更多(Neqa),"[{'word': '星宇', 'ner': 'ORG'}]"
還是長榮航跟華航虎航各出三分之給星宇湊個月,還是(D)　長榮航(Nb)　跟(P)　華航(Nc)　虎航(Nb)　各(D)　出(VC)　三(Neqa)　分(Nf)　之(DE)　給(VD)　星宇(Nc)　湊(VC)　個(Nf)　月(Na),"[{'word': '長榮航', 'ner': 'ORG'}, {'word': '華航虎航', 'ner': 'ORG'}, {'word': '三分之', 'ner': 'CARDINAL'}, {'word': '星宇', 'ner': 'ORG'}, {'word': '個月', 'ner': 'DATE'}]"
當作做善事好了,當作(VG)　做(VC)　善事(Na)　好了(T),[]
畢竟多領人家太多了笑,畢竟(D)　多(D)　領(VC)　人家(Nh)　太多(VH)　了(Di)　笑(VA),[]
我要是工會,我(Nh)　要是(Cbb)　工會(Nc),[]
定不會選春節罷工,定(D)　不會(D)　選(VC)　春節(Nd)　罷工(Nv),"[{'word': '春節', 'ner': 'DATE'}]"
會先醞釀準備要在日本櫻花季罷工,會(D)　先(D)　醞釀(VF)　準備(VF)　要(D)　在(P)　日本(Nc)　櫻花季(Nd)　罷工(VA),"[{'word': '日本', 'ner': 'GPE'}, {'word': '櫻花季', 'ner': 'DATE'}]"
這時候就開始堆人害怕要退票轉單了,這(Nep)　時候(Na)　就(D)　開始(VL)　堆(Nf)　人(Na)　害怕(VK)　要(D)　退票(VA)　轉(VA)　單(Na)　了(Di),[]
這才有效果,這(Nep)　才(Da)　有(V_2)　效果(Na),[]
尤其日本線又是星宇的重中之重,尤其(D)　日本線(Na)　又(D)　是(SHI)　星宇(Na)　的(DE)　重中(VH)　之重(DE),"[{'word': '日本線', 'ner': 'FAC'}]"
要是真罷工了,要是(Cbb)　真(D)　罷工(VA)　了(Di),[]
當月營收肯定比這個月年終掉的更多,當(Nes)　月(Na)　營收(Na)　肯定(VK)　比(P)　這(Nep)　個(Nf)　月(Na)　年終(Nd)　掉(VH)　的(DE)　更多(Neqa),"[{'word': '當月', 'ner': 'DATE'}, {'word': '這個月', 'ner': 'DATE'}]"
有夠摳,有夠(Dfa)　摳(VC),[]
聽到了不爽就滾,聽到(VE)　了(Di)　不(D)　爽(VH)　就(D)　滾(VA),[]
跪了以後就是每年都要加發個月,跪(VA)　了(Di)　以後(Nd)　就(D)　是(SHI)　每(Nes)　年(Nf)　都(D)　要(D)　加發(VD)　個(Nf)　月(Na),[]
支撐罷工支持,支撐(VC)　罷工(VA)　支持(VC),[]
只是幸運的精子媒體造神出來的,只是(Cbb)　幸運(VH)　的(DE)　精子(Na)　媒體(Na)　造(VC)　神(Na)　出來(VA)　的(T),[]
老實說給個月真的少,老實說(Dk)　給(VD)　個(Nf)　月(Na)　真的(D)　少(VH),[]
而且都有比較心態尤其看到隔壁長榮航發這樣,而且(Cbb)　都(D)　有(V_2)　比較(Nv)　心態(Na)　尤其(D)　看到(VE)　隔壁(Nc)　長榮(Nb)　航發(Na)　這樣(VH),"[{'word': '長榮航發', 'ner': 'ORG'}]"
董仔會開飛機就值年終發十個月了,董仔(Nb)　會(D)　開(VC)　飛機(Na)　就(D)　值(P)　年終(Nd)　發(VD)　十(Neu)　個(Nf)　月(Na)　了(T),"[{'word': '十個月', 'ner': 'DATE'}]"
有錢買飛機沒錢養員工,有錢(VH)　買(VC)　飛機(Na)　沒(VJ)　錢(Na)　養(VC)　員工(Na),[]
不爽跳去華榮對啊,不(D)　爽(VH)　跳去(VA)　華榮(Nb)　對(VH)　啊(T),"[{'word': '華榮', 'ner': 'PERSON'}]"
期待星宇從春節到櫻花季大罷工,期待(VK)　星宇(Nb)　從(P)　春節(Nd)　到(P)　櫻花季(Nd)　大(VH)　罷工(VA),"[{'word': '星宇', 'ner': 'ORG'}, {'word': '春節', 'ner': 'DATE'}, {'word': '櫻花季', 'ner': 'DATE'}]"
過完年就是淡季資方哪有在怕,過完(VJ)　年(Nd)　就(D)　是(SHI)　淡季(Nd)　資方(Na)　哪(Nep)　有(V_2)　在(D)　怕(VK),"[{'word': '過完年', 'ner': 'DATE'}]"
去跟大公司比有點好笑,去(D)　跟(P)　大(VH)　公司(Nc)　比(VC)　有點(Dfa)　好笑(VH),[]
長榮航前三季星宇想要年終就多賺點錢啊,長榮航(Nb)　前(Nes)　三(Neu)　季(Nd)　星宇(Nb)　想要(VE)　年終(Nd)　就(D)　多(D)　賺(VC)　點(Nf)　錢(Na)　啊(T),"[{'word': '長榮航', 'ner': 'ORG'}, {'word': '星宇', 'ner': 'PERSON'}]"
星宇現在不是連第批飛機都還沒交完嗎,星宇(Nb)　現在(Nd)　不(D)　是(SHI)　連(Cbb)　第(Neu)　批(Nf)　飛機(Na)　都(D)　還(D)　沒(D)　交完(VD)　嗎(T),"[{'word': '星宇', 'ner': 'ORG'}]"
加發個月算合理吧也不算太過分的要求,加發(VD)　個(Nf)　月(Na)　算(VG)　合理(VH)　吧(T)　也(D)　不(D)　算(VG)　太(Dfa)　過分(VH)　的(DE)　要求(Na),[]
兩個月不是基本嗎,兩(Neu)　個(Nf)　月(Na)　不(D)　是(SHI)　基本(A)　嗎(T),"[{'word': '兩個月', 'ner': 'DATE'}]"
賣掉股票,賣掉(VC)　股票(Na),[]
先看星宇要跌多少,先(D)　看(VC)　星宇(Na)　要(D)　跌(VH)　多少(Neqa),"[{'word': '星宇', 'ner': 'ORG'}]"
上市公司,上市(VH)　公司(Nc),[]
老闆又常常在那邊現,老闆(Na)　又(D)　常常(D)　在(P)　那邊(Ncd)　現(VH),[]
結果年終這麼可悲,結果(Dk)　年終(Nd)　這麼(Dfa)　可悲(VH),[]
公司花錢打廣告不手軟對員工卻很摳,公司(Nc)　花錢(VA)　打廣告(VA)　不(D)　手軟(VH)　對(P)　員工(Na)　卻(D)　很(Dfa)　摳(VC),[]
很多員工根本不會管公司賺多少只會覺得跟隔壁比怎麼發那麼爛,很多(Neqa)　員工(Na)　根本(D)　不會(D)　管(VE)　公司(Nc)　賺(VC)　多少(Neqa)　只(Da)　會(D)　覺得(VK)　跟(P)　隔壁(Nc)　比(VC)　怎麼(D)　發(VC)　那麼(D)　爛(VH),[]
個月都發不出來也太摳,個(Nf)　月(Na)　都(D)　發(VC)　不(D)　出來(VC)　也(D)　太(Dfa)　摳(VC),"[{'word': '個月', 'ner': 'DATE'}]"
跟樣,跟樣(VH),[]
錢寧可給藝人打廣告,錢(Nb)　寧可(VK)　給(P)　藝人(Na)　打廣告(VA),[]
不給員工,不(D)　給(VD)　員工(Na),[]
年終領太少罷工,年終(Nd)　領(VC)　太少(Dfa)　罷工(VA),[]
不是因為飛安罷工先確定旅客會支持,不(D)　是(SHI)　因為(Cbb)　飛安(Na)　罷工(VA)　先(D)　確定(VK)　旅客(Na)　會(D)　支持(VC),[]
之前長榮空姐都演過輪了,之前(Nd)　長榮(Nb)　空姐(Na)　都(D)　演(VC)　過(Di)　輪(Na)　了(T),[]
又要穿過層層宅男找到你了嗎,又(D)　要(D)　穿過(VCL)　層層(Neqa)　宅男(Na)　找到(VC)　你(Nh)　了(T)　嗎(T),[]
我搭星宇耶不要啊,我(Nh)　搭(VC)　星宇(Na)　耶(T)　不要(D)　啊(T),"[{'word': '星宇', 'ner': 'PERSON'}]"
同業賺翻結果公司直花錢買飛機沒錢給員工不爽正常,同業(Na)　賺翻(VC)　結果(Na)　公司(Nc)　直(D)　花錢(VA)　買(VC)　飛機(Na)　沒(VJ)　錢(Na)　給(VD)　員工(Na)　不(D)　爽(VH)　正常(VH),[]
賺多少是員工要擔心的事情嗎,賺(VC)　多少(Neqa)　是(SHI)　員工(Na)　要(D)　擔心(VK)　的(DE)　事情(Na)　嗎(T),[]
香蕉概念股,香蕉(Na)　概念股(Na),[]
有賺不發合理,有(V_2)　賺(VC)　不(D)　發(VC)　合理(VH),[]
沒賺也要發,沒(D)　賺(VC)　也(D)　要(D)　發(VD),[]
所以到底有沒有賺,所以(Cbb)　到底(D)　有沒有(D)　賺(VC),[]
員工不爽跳槽啊,員工(Na)　不(D)　爽(VH)　跳槽(VA)　啊(T),[]
結果依舊堆人搶著進去不是嗎,結果(Dk)　依舊(D)　堆(Nf)　人(Na)　搶(VD)　著(Di)　進去(VA)　不(D)　是(SHI)　嗎(T),[]
這種都是比較出來的其他家這樣我這樣,這(Nep)　種(Nf)　都(D)　是(SHI)　比較出來(VC)　的(DE)　其他(Neqa)　家(Nc)　這樣(VH)　我(Nh)　這樣(VH),[]
個月是真的很少沒錯,個(Nf)　月(Na)　是(SHI)　真的(D)　很少(D)　沒(VJ)　錯(Na),"[{'word': '個月', 'ner': 'DATE'}]"
但公司財報就是沒賺啥錢,但(Cbb)　公司(Nc)　財報(Na)　就是(Cbb)　沒(D)　賺(VC)　啥(Nep)　錢(Na),[]
發那麼少不然能怎辦,發(VD)　那麼少(D)　不然(Cbb)　能(D)　怎(D)　辦(VC),[]
又不是賺很多不發,又(D)　不(D)　是(SHI)　賺(VC)　很多(Neqa)　不(D)　發(VD),[]
星星不像綠地球的管理層那麼扛罷工定更慘,星星(Na)　不(D)　像(VG)　綠地球(VH)　的(DE)　管理層(Na)　那麼(D)　扛(VC)　罷工(VA)　定(VC)　更(D)　慘(VH),[]
裡面的員工素質超低落,裡面(Ncd)　的(DE)　員工(Na)　素質(Na)　超低落(Dfa),[]
沒地方跑,沒(VJ)　地方(Na)　跑(VA),[]
你放心,你(Nh)　放心(VK),[]
賴著不走就好,賴(VA)　著(Di)　不(D)　走(VA)　就(D)　好(VH),[]
年終又不是強制本來就可以嗆離職,年終(Nd)　又(D)　不(D)　是(SHI)　強制(VF)　本來(D)　就(D)　可以(D)　嗆(VH)　離職(VH),[]
說不定沒開業還不用付那麼多錢,說不定(D)　沒(D)　開業(VA)　還(D)　不用(D)　付(VD)　那麼多(Neqa)　錢(Na),[]
支持罷工啊,支持(VC)　罷工(VA)　啊(T),[]
要不台灣超奴的,要不(Cbb)　台灣(Nc)　超奴(Na)　的(DE),"[{'word': '台灣', 'ner': 'GPE'}]"
資方說了算,資方(Na)　說(VE)　了(Di)　算(VE),[]
長榮航經營多久星宇跟這比,長榮航(Nb)　經營(VC)　多久(Nd)　星宇(Nb)　跟(P)　這(Nep)　比(P),"[{'word': '長榮航', 'ner': 'ORG'}, {'word': '星宇', 'ner': 'ORG'}]"
太狠了吧,太(Dfa)　狠(VH)　了(T)　吧(T),[]
台灣勞工之間都不相挺,台灣(Nc)　勞工(Na)　之間(Ng)　都(D)　不(D)　相挺(D),"[{'word': '台灣', 'ner': 'NORP'}]"
真的很悲哀,真的(D)　很(Dfa)　悲哀(VH),[]
笑死罷工好啊等風頭過了看你往哪跑,笑死(VHC)　罷工(VA)　好(VH)　啊(T)　等(Cab)　風頭(Na)　過(VCL)　了(Di)　看(VC)　你(Nh)　往(P)　哪(Ncd)　跑(VA),[]
還堆人幫慣老闆講話,還(D)　堆(Nf)　人(Na)　幫慣(P)　老闆(Na)　講話(VA),[]
比爛台灣會進步,比(P)　爛(VH)　台灣(Nc)　會(D)　進步(VH),"[{'word': '台灣', 'ner': 'GPE'}]"
簡單講除了當初從長榮跟著跳出來的還有嘴的權力其他新加入的沒啥牌面講什麼啦,簡單(VH)　講(VE)　除了(P)　當初(Nd)　從(P)　長榮(Nb)　跟著(VC)　跳出來(VA)　的(DE)　還(D)　有(V_2)　嘴(Na)　的(DE)　權力(Na)　其他(Neqa)　新(D)　加入(VC)　的(DE)　沒(VJ)　啥(Nep)　牌面(Na)　講(VE)　什麼(Nep)　啦(T),"[{'word': '長榮', 'ner': 'PERSON'}]"
買再多飛機服務品質沒顧好大概也是白搭,買(VC)　再(D)　多(VH)　飛機(Na)　服務(VC)　品質(Na)　沒(D)　顧好(VC)　大概(D)　也(D)　是(SHI)　白(D)　搭(VC),[]
支持罷工個月太扯,支持(VC)　罷工(VA)　個(Nf)　月(Na)　太(Dfa)　扯(VC),"[{'word': '個月', 'ner': 'DATE'}]"
阿直買飛機想賺更多錢但不想給員工錢,阿直(Nb)　買(VC)　飛機(Na)　想(VE)　賺(VC)　更多(Neqa)　錢(Na)　但(Cbb)　不(D)　想(VE)　給(VD)　員工(Na)　錢(Na),[]
星宇對其他兩家的優勢就是服務和飛機新吧,星宇(Nb)　對(P)　其他(Neqa)　兩(Neu)　家(Nc)　的(DE)　優勢(Na)　就(D)　是(SHI)　服務(VC)　和(Caa)　飛機(Na)　新(VH)　吧(T),"[{'word': '星宇', 'ner': 'ORG'}, {'word': '兩', 'ner': 'CARDINAL'}]"
如果我是員工定整天臭臉誰跟你他媽的共體時艱,如果(Cbb)　我(Nh)　是(SHI)　員工(Na)　定(VC)　整(Nd)　天(Nf)　臭(VH)　臉(Na)　誰(Nh)　跟(P)　你(Nh)　他媽的(I)　共體時艱(VA),[]
不然你航線據點定輸,不然(Cbb)　你(Nh)　航線(Na)　據點(Na)　定輸(D),[]
不是幫資方說話是看實際說話薪資低成長在大通膨是最大民怨來源尤台灣又更慢但這不代表所有資方都必須讓利更別說有沒有利能讓還兩說在這情況不支持罷工逼發年終就叫退步,不(D)　是(SHI)　幫(P)　資方(Na)　說話(VA)　是(SHI)　看(VC)　實際(VH)　說話(VA)　薪資(Na)　低成長(Na)　在(P)　大(VH)　通膨(Na)　是(SHI)　最(Dfa)　大(VH)　民怨(Na)　來源(Na)　尤(D)　台灣(Nc)　又(D)　更(Dfa)　慢(VH)　但(Cbb)　這(Nep)　不(D)　代表(VK)　所有(Neqa)　資方(Na)　都(D)　必須(D)　讓利(VL)　更(Dfa)　別(D)　說(VE)　有(V_2)　沒(D)　有(V_2)　利(Na)　能(D)　讓(VL)　還(D)　兩(Neu)　說(VE)　在(P)　這(Nep)　情況(Na)　不(D)　支持(VC)　罷工(VA)　逼(VC)　發(VD)　年終(Nd)　就(D)　叫(VG)　退步(VH),"[{'word': '台灣', 'ner': 'GPE'}, {'word': '兩', 'ner': 'CARDINAL'}]"
認真建議如果你是真這樣想共產主義比較適合你的想法,認真(VH)　建議(VE)　如果(Cbb)　你(Nh)　是(SHI)　真(D)　這樣(VH)　想(VE)　共產主義(Na)　比較(Dfa)　適合(VH)　你(Nh)　的(DE)　想法(Na),[]
這老闆可以燒錢買飛機但是沒辦法燒錢給員工顧品質,這(Nep)　老闆(Na)　可以(D)　燒錢(VA)　買(VC)　飛機(Na)　但是(Cbb)　沒辦法(VI)　燒錢(VA)　給(P)　員工(Na)　顧(VK)　品質(Na),[]
公司沒賺錢要怎麼發錢,公司(Nc)　沒(D)　賺錢(VA)　要(D)　怎麼(D)　發錢(VD),[]
去借錢發給員工,去(D)　借(VD)　錢(Na)　發給(VD)　員工(Na),[]
而且年終有規定在薪資包裡面嗎,而且(Cbb)　年終(Nd)　有(V_2)　規定(Na)　在(P)　薪資包(Na)　裡面(Ncd)　嗎(T),[]
如果只要求多發個月就該發阿大家各退步你沒這些人你公司也不用開了,如果(Cbb)　只(Da)　要求(VF)　多(VH)　發(VD)　個(Nf)　月(Na)　就(D)　該(D)　發(VD)　阿(T)　大家(Nh)　各(D)　退步(VH)　你(Nh)　沒(VJ)　這些(Neqa)　人(Na)　你(Nh)　公司(Nc)　也(D)　不用(D)　開(VC)　了(Di),[]
交給市場和後續是否罷工判定吧現在說都太早,交給(VD)　市場(Nc)　和(Caa)　後續(A)　是否(D)　罷工(VA)　判定(VE)　吧(T)　現在(Nd)　說(VE)　都(D)　太早(D),[]
笑難怪股價直直落,笑(VA)　難怪(D)　股價(Na)　直直(VH)　落(VA),[]
戰略布局就看這老闆的智慧了,戰略(Na)　布局(Na)　就(D)　看(VC)　這(Nep)　老闆(Na)　的(DE)　智慧(Na)　了(T),[]
其實很單純員工就是看薪水你給的比其他兩家低員工會難過就是正常的而已但現在空勤罷工可能已經沒有當年讓多數民眾支持了公司應該也這樣覺得,其實(D)　很(Dfa)　單純(VH)　員工(Na)　就是(Cbb)　看(VC)　薪水(Na)　你(Nh)　給(VD)　的(DE)　比(P)　其他(Neqa)　兩(Neu)　家(Nf)　低(VH)　員工(Na)　會(D)　難過(VK)　就(Cbb)　是(SHI)　正常(VH)　的(T)　而已(T)　但(Cbb)　現在(Nd)　空勤(Na)　罷工(VA)　可能(D)　已經(D)　沒有(VJ)　當年(Nd)　讓(VL)　多數(Neqa)　民眾(Na)　支持(VC)　了(Di)　公司(Nc)　應該(D)　也(D)　這樣(VH)　覺得(VK),"[{'word': '兩', 'ner': 'CARDINAL'}]"
公司經營就是要多買飛機不然怎麼賺錢跟其他國航比起來星宇真的是少得可憐,公司(Nc)　經營(VC)　就(D)　是(SHI)　要(D)　多(D)　買(VC)　飛機(Na)　不然(Cbb)　怎麼(D)　賺錢(VA)　跟(P)　其他(Neqa)　國航(Nc)　比起來(VC)　星宇(Nb)　真的(D)　是(SHI)　少(VH)　得(DE)　可憐(VHC),"[{'word': '星宇', 'ner': 'ORG'}]"
你這家航空公司據點比別人少然後要如何說服別人來搭你的班機,你(Nh)　這(Nep)　家(Nf)　航空(Na)　公司(Nc)　據點(Na)　比(P)　別人(Nh)　少(VH)　然後(D)　要(D)　如何(D)　說服(VF)　別人(Nh)　來(D)　搭(VC)　你(Nh)　的(DE)　班機(Na),[]
不會承銷申購,不會(D)　承銷(VC)　申購(VC),[]
股塊申購補足給員工年終啊,股塊(Na)　申購(VC)　補足(VC)　給(VD)　員工(Na)　年終(Nd)　啊(T),[]
低端不看營收只會無理取鬧笑死,低端(Na)　不(D)　看(VC)　營收(Na)　只(Da)　會(D)　無理取鬧(VA)　笑死(VHC),[]
連年終也可以這樣的嗎,連(Cbb)　年終(Nd)　也(D)　可以(D)　這樣(VH)　的(T)　嗎(T),[]
財報爛賺不多是要多發啥,財報(Na)　爛(VH)　賺(VC)　不(D)　多(VH)　是(SHI)　要(D)　多(D)　發(VD)　啥(Nep),[]
疫情虧的都還沒補回來吧,疫情(Na)　虧(VC)　的(DE)　都(D)　還(D)　沒(D)　補回來(VC)　吧(T),[]
虎航前三季年終個月有人逼你不能跳糟是嗎,虎航(Nb)　前(Nes)　三(Neu)　季(Nd)　年終(Nd)　個(Nf)　月(Na)　有(V_2)　人(Na)　逼(VF)　你(Nh)　不能(D)　跳(VA)　糟(VH)　是(SHI)　嗎(T),"[{'word': '虎航', 'ner': 'ORG'}]"
要吵公司規則拿長榮海運來舉例好了記得他們寫好了每年純益分的樣子假設星宇比照好了然後分重要性高低拿得多到少以這角度看這公會參與者能多分到多少,要(D)　吵(VC)　公司(Nc)　規則(Na)　拿(VC)　長榮(Nb)　海運(Na)　來(D)　舉例(VA)　好了(T)　記得(VK)　他們(Nh)　寫好(VC)　了(Di)　每(Nes)　年(Nf)　純益(Na)　分(VC)　的(DE)　樣子(Na)　假設(VE)　星宇(Na)　比照(VJ)　好(T)　了(T)　然後(D)　分(VC)　重要性(Na)　高低(Na)　拿(VC)　得(DE)　多(VH)　到(P)　少(VH)　以(P)　這(Nep)　角度(Na)　看(VC)　這(Nep)　公會(Nc)　參與(VC)　者(Na)　能(D)　多(D)　分到(VC)　多少(Neqa),"[{'word': '長榮海運', 'ner': 'EVENT'}]"
跪了以後年終就不是公司決定囉,跪(VA)　了(Di)　以後(Nd)　年終(Nd)　就(D)　不(D)　是(SHI)　公司(Nc)　決定(VE)　囉(T),[]
員工哪會管你財報,員工(Na)　哪(Ncd)　會(D)　管(VE)　你(Nh)　財報(Na),[]
你增加資本支出買飛機,你(Nh)　增加(VHC)　資本(Na)　支出(Na)　買(VC)　飛機(Na),[]
結果年終差同業那麼多,結果(Dk)　年終(Nd)　差(VH)　同業(Na)　那麼多(Neqa),[]
笑死我剛開業,笑死(VHC)　我(Nh)　剛(D)　開業(VA),[]
設備貸款還在繳的時候,設備(Na)　貸款(Na)　還(D)　在(P)　繳(VD)　的(DE)　時候(Na),[]
也是跟其他牙醫診所發樣多的年終,也(D)　是(SHI)　跟(P)　其他(Neqa)　牙醫(Na)　診所(Nc)　發(VH)　樣(Na)　多(VH)　的(DE)　年終(Nd),[]
要不然員工就不幹了,要不然(Cbb)　員工(Na)　就(D)　不(D)　幹(VC)　了(Di),[]
有人說不會跳槽嗎我看還真的再來就跳槽惹,有(V_2)　人(Na)　說(VE)　不會(D)　跳槽(VA)　嗎(T)　我(Nh)　看(VE)　還(D)　真的(D)　再(D)　來(D)　就(D)　跳槽(VA)　惹(VC),[]
差同業那麼多,差(VH)　同業(Na)　那麼多(Neqa),[]
還要員工不靠背我真的快笑死,還要(D)　員工(Na)　不(D)　靠背(VJ)　我(Nh)　真的(D)　快(D)　笑死(VHC),[]
跳不動的才去搞罷工,跳不動(VH)　的(DE)　才(Da)　去(D)　搞(VC)　罷工(Nv),[]
年終不是必給,年終(Nd)　不(D)　是(SHI)　必(D)　給(VD),[]
看公司盈利的,看(VE)　公司(Nc)　盈利(Na)　的(DE),[]
工會其實站不住腳,工會(Nc)　其實(D)　站不住腳(VH),[]
薪水都沒少給你吧,薪水(Na)　都(D)　沒(D)　少(D)　給(VD)　你(Nh)　吧(T),[]
說白了公司就才剛開始拓荒然後堆人直想要提高人事成本不要說換立場想這情況就算站員工立場當然是去錢多的用腳投票在那爭霸工拚多發個月,說白(VE)　了(Di)　公司(Nc)　就(D)　才(Da)　剛(D)　開始(VL)　拓荒(VA)　然後(D)　堆(Nf)　人(Na)　直(D)　想要(VE)　提高(VC)　人事(Na)　成本(Na)　不要(D)　說(VE)　換(VC)　立場(Na)　想(VE)　這(Nep)　情況(Na)　就算(Cbb)　站(VA)　員工(Na)　立場(Na)　當然(D)　是(SHI)　去(VCL)　錢(Na)　多(VH)　的(DE)　用(P)　腳(Na)　投票(VA)　在(P)　那(Nep)　爭霸工(Na)　拚(VC)　多(D)　發(VD)　個(Nf)　月(Na),[]
不覺得這路線更難嗎,不(D)　覺得(VK)　這(Nep)　路線(Na)　更(D)　難(VH)　嗎(T),[]
還是說太廢了沒同業更賺的能去,還是(Caa)　說(VE)　太(Dfa)　廢(VC)　了(Di)　沒(VJ)　同業(Na)　更(Dfa)　賺(VC)　的(DE)　能(D)　去(D),[]
如果是這立場那賭罷工還真合理了,如果(Cbb)　是(SHI)　這(Nep)　立場(Na)　那(Nep)　賭(VE)　罷工(VA)　還(D)　真(D)　合理(VH)　了(T),[]
看公司盈利沒錯啊,看(VE)　公司(Nc)　盈利(Na)　沒(D)　錯(VH)　啊(T),[]
但是罷工就是勞工權益,但是(Cbb)　罷工(VA)　就(Cbb)　是(SHI)　勞工(Na)　權益(Na),[]
學美國新創公司,學(VC)　美國(Nc)　新創(VC)　公司(Nc),"[{'word': '美國', 'ner': 'GPE'}]"
現金流不足改配發股票並鎖定變賣期間,現金流(Na)　不足(VH)　改(VC)　配發(VJ)　股票(Na)　並(Cbb)　鎖定(VC)　變賣(VC)　期間(Na),[]
我第年第二年買了那麼多設備在還貸款,我(Nh)　第(Neu)　年(Nf)　第二(Neu)　年(Nf)　買(VC)　了(Di)　那麼多(Neqa)　設備(Na)　在(P)　還(VD)　貸款(Na),"[{'word': '第年', 'ner': 'DATE'}, {'word': '第二年', 'ner': 'DATE'}]"
年終還不是比照其他診所發,年終(Nd)　還不是(D)　比照(P)　其他(Neqa)　診所(Nc)　發(VD),[]
還是那句啦競爭力說話任何玩成大鍋飯的玩法最後都是把整個母體帶往滅亡之路這波罷工拚均發年終個月亦同啊,還是(D)　那(Nep)　句(Nf)　啦(T)　競爭力(Na)　說話(VA)　任何(Neqa)　玩成(VG)　大鍋飯(Na)　的(DE)　玩法(Na)　最後(Nd)　都(D)　是(SHI)　把(P)　整(Neqa)　個(Nf)　母體(Nc)　帶(VC)　往(P)　滅亡(VHC)　之(DE)　路(Na)　這(Nep)　波(Nf)　罷工(VA)　拚(VC)　均(D)　發(VD)　年終(Nd)　個(Nf)　月(Na)　亦(D)　同(VH)　啊(T),[]
那快罷工快點,那(Nep)　快(D)　罷工(VA)　快點(D),[]
罷下去賺越少連明年年終都沒有,罷(VC)　下去(Di)　賺(VC)　越(D)　少(VH)　連(Cbb)　明年(Nd)　年終(Nd)　都(D)　沒有(VJ),"[{'word': '明年', 'ner': 'DATE'}]"
資本支出沒錢發就老實說偏偏說是關稅和日本地震害,資本(Na)　支出(Na)　沒(VJ)　錢(Na)　發(VD)　就(D)　老實說(Dk)　偏偏(D)　說(VE)　是(SHI)　關稅(Na)　和(Caa)　日本(Nc)　地震害(Na),"[{'word': '日本地', 'ner': 'GPE'}]"
跑不了的員工才會搞罷工,跑不了(VH)　的(DE)　員工(Na)　才(Da)　會(D)　搞(VC)　罷工(VA),[]
的老闆這樣講幹話員工當然火,的(DE)　老闆(Na)　這樣(VH)　講(VE)　幹話(VA)　員工(Na)　當然(D)　火(VH),[]
實際上員工哪管資本支出,實際(VH)　上(Ng)　員工(Na)　哪(Nep)　管(VE)　資本(Na)　支出(Na),[]
難不成診所年終到年底的時候,難不成(Dk)　診所(Nc)　年終(Nd)　到(P)　年底(Nd)　的(DE)　時候(Na),"[{'word': '年底', 'ner': 'DATE'}]"
講光機換新的不發年終,講光機(Na)　換(VC)　新(VH)　的(DE)　不(D)　發(VD)　年終(Nd),[]
還是講買高消鍋不發年終,還是(D)　講(VE)　買(VC)　高消鍋(Na)　不(D)　發(VD)　年終(Nd),[]
不怕逃,不(D)　怕(VK)　逃(VA),[]
反正堆人要來,反正(D)　堆(Nf)　人(Na)　要(D)　來(D),[]
你公司沒盈利就是老闆廢物,你(Nh)　公司(Nc)　沒(VJ)　盈利(Na)　就(D)　是(SHI)　老闆(Na)　廢物(Na),[]
我有年買了口掃機電競筆電花了萬,我(Nh)　有(V_2)　年(Nf)　買(VC)　了(Di)　口(Na)　掃機(Na)　電競(A)　筆電(Na)　花(VC)　了(Di)　萬(Neu),"[{'word': '萬', 'ner': 'CARDINAL'}]"
難不成那年就不發年終,難不成(Dk)　那(Nep)　年(Nf)　就(D)　不(D)　發(VD)　年終(Nd),[]
資方看的不是個月而是給了這次有沒有下次,資方(Na)　看(VC)　的(DE)　不(D)　是(SHI)　個(Nf)　月(Na)　而是(Cbb)　給(VD)　了(Di)　這(Nep)　次(Nf)　有(V_2)　沒有(D)　下(Nes)　次(Nf),"[{'word': '個月', 'ner': 'DATE'}]"
另外你不爽就走吧我又不會找不到人,另外(Cbb)　你(Nh)　不(D)　爽(VH)　就(D)　走(VA)　吧(T)　我(Nh)　又(D)　不會(D)　找(VC)　不(D)　到(VC)　人(Na),[]
了不起老鳥幹部累點撐下獎金多給點其他人真的就是免洗不重要,了不起(VH)　老鳥(Na)　幹部(Na)　累(VHC)　點(Dfb)　撐下(VC)　獎金(Na)　多(D)　給(VD)　點(Nf)　其他(Neqa)　人(Na)　真的(D)　就(Cbb)　是(SHI)　免洗(D)　不(D)　重要(VH),[]
星宇的長榮不用華航內部培養為主張董妥協啥,星宇(Nb)　的(DE)　長榮(Nb)　不用(D)　華航(Nc)　內部(Ncd)　培養(VC)　為(P)　主張(VE)　董(Nb)　妥協(VA)　啥(Nep),"[{'word': '星宇', 'ner': 'ORG'}, {'word': '長榮', 'ner': 'ORG'}, {'word': '華航', 'ner': 'ORG'}, {'word': '董妥協', 'ner': 'PERSON'}]"
華航光貨機就賺的比整個星宇多了,華航(Nc)　光(Na)　貨機(Na)　就(D)　賺(VC)　的(DE)　比(P)　整(Neqa)　個(Nf)　星宇(Na)　多(VH)　了(Di),"[{'word': '華航', 'ner': 'ORG'}, {'word': '星宇', 'ner': 'ORG'}]"
口掃機只能搭那種電競筆電,口掃機(Na)　只(Da)　能(D)　搭(VC)　那(Nep)　種(Nf)　電競(Na)　筆電(Na),[]
不然直接當掉,不然(Cbb)　直接(VH)　當掉(VC),[]
新創公司搞罷工都開除就好,新創(VC)　公司(Nc)　搞(VC)　罷工(VA)　都(D)　開除(VC)　就(D)　好(VH),"[{'word': '新創公司', 'ner': 'ORG'}]"
會待在星宇的哪個不是在賭公司的未來怎可能罷工跳槽,會(D)　待在(VCL)　星宇(Nb)　的(DE)　哪(Nep)　個(Nf)　不(D)　是(SHI)　在(P)　賭(VE)　公司(Nc)　的(DE)　未來(Nd)　怎(D)　可能(D)　罷工(VA)　跳槽(VA),"[{'word': '星宇', 'ner': 'ORG'}]"
支持張國煒硬起來開除,支持(VC)　張國煒(Nb)　硬起來(D)　開除(VC),"[{'word': '張國煒', 'ner': 'PERSON'}]"
要多的薪水年終回去長榮不就好,要(D)　多(VH)　的(DE)　薪水(Na)　年終(Nd)　回去(VA)　長榮(Nb)　不(D)　就(D)　好(VH),[]
是不好說哪些人才挺罷工啦年薪均值不利是事實但真不滿意就該用腳投票這就跟洪水淹來是帶自家逃高地還是在哪跟大家講起努力建堤擋洪水樣的問題我是不懂爲何在利益至上的情況能選後者啦除非你的利益是更遠的東西這就不是每個人拿得起的了呵呵,是(SHI)　不(D)　好(VH)　說(VE)　哪些(Neqa)　人(Na)　才(Da)　挺(Dfa)　罷工(VA)　啦(T)　年薪(Na)　均值(Na)　不利(VK)　是(SHI)　事實(Na)　但(Cbb)　真(D)　不(D)　滿意(VK)　就(D)　該(D)　用(P)　腳(Na)　投票(VA)　這(Nep)　就(D)　跟(P)　洪水(Na)　淹(VC)　來(D)　是(SHI)　帶(VC)　自家(Nc)　逃(VA)　高地(Na)　還是(D)　在(P)　哪(Ncd)　跟(P)　大家(Nh)　講起(VC)　努力(VH)　建(VC)　堤(Na)　擋(VC)　洪水(Na)　樣(Na)　的(DE)　問題(Na)　我(Nh)　是(SHI)　不(D)　懂(VK)　爲何(D)　在(P)　利益(Na)　至上(VH)　的(DE)　情況(Na)　能(D)　選(VC)　後者(Nh)　啦(T)　除非(Cbb)　你(Nh)　的(DE)　利益(Na)　是(SHI)　更(D)　遠(VH)　的(DE)　東西(Na)　這(Nep)　就(D)　不(D)　是(SHI)　每(Nes)　個(Nf)　人(Na)　拿(VC)　得(DE)　起(VC)　的(DE)　了(T)　呵呵(D),[]
用腳投票今年還是只有個月啊,用(P)　腳(Na)　投票(VA)　今年(Nd)　還是(D)　只(Da)　有(V_2)　個(Nf)　月(Na)　啊(T),"[{'word': '今年', 'ner': 'DATE'}, {'word': '個月', 'ner': 'DATE'}]"
長榮是有賺錢不發才罷工,長榮(Nb)　是(SHI)　有(V_2)　賺錢(VA)　不(D)　發(VD)　才(Da)　罷工(VA),"[{'word': '長榮', 'ner': 'PERSON'}]"
星宇沒賺錢是發懶覺嗎,星宇(Nb)　沒(D)　賺錢(VA)　是(SHI)　發懶覺(VA)　嗎(T),"[{'word': '星宇', 'ner': 'ORG'}]"
重點不是年是每年這點資勞方反而是觀點致,重點(Na)　不(D)　是(SHI)　年(Na)　是(SHI)　每(Nes)　年(Nf)　這(Nep)　點(Nf)　資(Na)　勞方(Na)　反而(Cbb)　是(SHI)　觀點(Na)　致(VL),[]
站在員工的立場,站(VA)　在(P)　員工(Na)　的(DE)　立場(Na),[]
每個人都定很幹,每(Nes)　個(Nf)　人(Na)　都(D)　定(VC)　很(Dfa)　幹(VC),[]
但是我國的勞工不團結這個大家都知道,但是(Cbb)　我國(Nc)　的(DE)　勞工(Na)　不(D)　團結(VHC)　這(Nep)　個(Nf)　大家(Nh)　都(D)　知道(VK),[]
快罷工吧結果今年賺更少明年年終領更少,快(D)　罷工(VA)　吧(T)　結果(Dk)　今年(Nd)　賺(VC)　更少(VH)　明年(Nd)　年終(Nd)　領(VC)　更少(VH),"[{'word': '今年', 'ner': 'DATE'}, {'word': '明年', 'ner': 'DATE'}]"
其他航空賺越多領越多,其他(Neqa)　航空(Na)　賺(VC)　越(D)　多(D)　領(VC)　越(D)　多(VH),[]
這種還在剛起步的航空公司,這(Nep)　種(Nf)　還(D)　在(P)　剛(D)　起步(VA)　的(DE)　航空(Na)　公司(Nc),[]
員工搞罷工,員工(Na)　搞(VC)　罷工(VA),[]
慘的是自己吧,慘(VH)　的(DE)　是(SHI)　自己(Nh)　吧(T),[]
罷工造成營業損失,罷工(VA)　造成(VK)　營業(VA)　損失(Na),[]
你明年還能想發多好,你(Nh)　明年(Nd)　還(D)　能(D)　想(VE)　發(VD)　多(Dfa)　好(VH),"[{'word': '明年', 'ner': 'DATE'}]"
又不是像長榮這樣規模的公司,又(D)　不(D)　是(SHI)　像(P)　長榮(Nb)　這樣(VH)　規模(Na)　的(DE)　公司(Nc),"[{'word': '長榮', 'ner': 'ORG'}]"
所以正常人就是用腳來表態這才叫牌面沒選擇的人就沒籌碼能用啊,所以(Cbb)　正常人(Na)　就(D)　是(SHI)　用(P)　腳(Na)　來(D)　表態(VA)　這(Nep)　才(Da)　叫(VG)　牌面(Na)　沒(D)　選擇(VC)　的(DE)　人(Na)　就(D)　沒(VJ)　籌碼(Na)　能(D)　用(VC)　啊(T),[]
沒賺錢但是增加資本支出買飛機,沒(D)　賺錢(VA)　但是(Cbb)　增加(VHC)　資本(Na)　支出(Na)　買(VC)　飛機(Na),[]
口掃機比飛機雖不算懶叫比雞腿,口掃機(Na)　比(P)　飛機(Na)　雖(Cbb)　不(D)　算(VG)　懶(VH)　叫(VE)　比(P)　雞腿(Na),[]
你可以買飛機是為了未來佈局,你(Nh)　可以(D)　買(VC)　飛機(Na)　是(SHI)　為(P)　了(Di)　未來(Nd)　佈局(VA),[]
同理,同理(Dk),[]
留下這些員工也是在替未來佈局,留下(VC)　這些(Neqa)　員工(Na)　也(D)　是(SHI)　在(P)　替(P)　未來(Nd)　佈局(VA),[]
而且就算多發個月,而且(Cbb)　就算(Cbb)　多(VH)　發(VD)　個(Nf)　月(Na),[]
還是比同業低很多,還是(D)　比(P)　同業(Na)　低(VH)　很多(Neqa),[]
對阿都用腳投票沒有不景氣只有不爭氣你們要自立自強阿,對(P)　阿都(Nb)　用(P)　腳(Na)　投票(VA)　沒有(D)　不景氣(VH)　只有(Da)　不(D)　爭氣(VH)　你們(Nh)　要(D)　自立自強(VH)　阿(T),[]
拜託,拜託(VC),[]
你說懶覺比雞腿,你(Nh)　說(VE)　懶覺(VH)　比(P)　雞腿(Na),[]
意思是我的資本額跟星宇樣大嗎,意思(Na)　是(SHI)　我(Nh)　的(DE)　資本額(Na)　跟(P)　星宇(Na)　樣(Ng)　大(VH)　嗎(T),[]
我的資本額跟星宇樣,我(Nh)　的(DE)　資本額(Na)　跟(P)　星宇(Na)　樣(Ng),[]
那確實懶覺比雞腿,那(Nep)　確實(D)　懶覺(VK)　比(P)　雞腿(Na),[]
有樣嗎,有樣(VH)　嗎(T),[]
不止買飛機吧,不止(Da)　買(VC)　飛機(Na)　吧(T),[]
還要請機長及其他人力,還要(Dfa)　請(VF)　機長(Na)　及(Caa)　其他(Neqa)　人力(Na),[]
簡單說,簡單說(VE),[]
你的獎金變少,你(Nh)　的(DE)　獎金(Na)　變(VG)　少(VH),[]
有部份也是被新進的人分掉,有(V_2)　部份(Neqa)　也(D)　是(SHI)　被(P)　新進(A)　的(DE)　人(Na)　分掉(VC),[]
除了年終,除了(P)　年終(Nd),[]
順便建議尾牙比照鴻海抽萬,順便(D)　建議(VE)　尾牙(Nd)　比照(P)　鴻海(Nb)　抽(VC)　萬(Neu),"[{'word': '鴻海', 'ner': 'ORG'}]"
笑死,笑死(VHC),[]
董是被斗過的人,董(Nb)　是(SHI)　被(P)　斗過(VC)　的(DE)　人(Na),[]
有在怕的嗎,有(V_2)　在(D)　怕(VK)　的(T)　嗎(T),[]
星宇的服務搭過次就不想搭了,星宇(Nb)　的(DE)　服務(VC)　搭(VC)　過(Di)　次(Nf)　就(D)　不(D)　想(VE)　搭(VC)　了(Di),"[{'word': '星宇', 'ner': 'ORG'}]"
雷暴,雷暴(A),[]
以後可能有能力的就會先去長榮華航了,以後(Nd)　可能(D)　有(V_2)　能力(Na)　的(DE)　就(D)　會(D)　先(D)　去(VCL)　長榮(Nb)　華航(Nc)　了(T),"[{'word': '長榮華航', 'ner': 'ORG'}]"
星宇大概只能撿剩的了,星宇(Nb)　大概(D)　只(Da)　能(D)　撿(VC)　剩(VJ)　的(T)　了(T),"[{'word': '星宇', 'ner': 'ORG'}]"
留下這些員工是爲未來,留下(VC)　這些(Neqa)　員工(Na)　是(SHI)　爲(Nh)　未來(Nd),[]
這波發難的是空姐工會吧,這(Nep)　波(Nf)　發難(VA)　的(DE)　是(SHI)　空姐(Na)　工會(Nc)　吧(T),[]
以未來來說這工會的人在公司內比例越低越好資方角度,以(P)　未來(Nd)　來(D)　說(VE)　這(Nep)　工會(Nc)　的(DE)　人(Na)　在(P)　公司(Nc)　內(Ncd)　比例(Na)　越(D)　低(VH)　越(D)　好(VH)　資方(Na)　角度(Na),[]
現在星宇的確就是華航不要或是長榮逃出來的,現在(Nd)　星宇(Nb)　的確(D)　就(D)　是(SHI)　華航(Nc)　不(D)　要(VC)　或是(Caa)　長榮(Nb)　逃出來(VA)　的(T),"[{'word': '華航', 'ner': 'ORG'}]"
罷工罷工,罷工(VA)　罷工(VA),[]
而且去年兩個月,而且(Cbb)　去年(Nd)　兩(Neu)　個(Nf)　月(Na),"[{'word': '去年兩個月', 'ner': 'DATE'}]"
今年個月就不爽了,今年(Nd)　個(Nf)　月(Na)　就(D)　不(D)　爽(VH)　了(T),"[{'word': '今年個月', 'ner': 'DATE'}]"
不用等以後,不用(D)　等(P)　以後(Nd),[]
這是目前的事實,這(Nep)　是(SHI)　目前(Nd)　的(DE)　事實(Na),[]
有個月就不錯了啦其他公司都沒這麼多,有(V_2)　個(Nf)　月(Na)　就(D)　不錯(VH)　了(T)　啦(T)　其他(Neqa)　公司(Nc)　都(D)　沒(VJ)　這麼多(Neqa),"[{'word': '有個月', 'ner': 'DATE'}]"
不過我看最近要出國我不敢搭這間,不過(Cbb)　我(Nh)　看(VE)　最近(Nd)　要(D)　出國(VA)　我(Nh)　不(D)　敢(VL)　搭(VC)　這(Nep)　間(Nf),[]
員工臉定超臭,員工(Na)　臉(Na)　定(VC)　超臭(Dfa),[]
新創的企業本來除核心單位和人以外其他周邊都是撿剩的開始就強調所有員工都體然後高速往大鍋飯靠攏這經營策略應該會死很快,新創(VC)　的(DE)　企業(Na)　本來(D)　除(P)　核心(Na)　單位(Na)　和(Caa)　人(Na)　以外(Ng)　其他(Neqa)　周邊(Nc)　都(D)　是(SHI)　撿(VC)　剩(VJ)　的(DE)　開始(VH)　就(D)　強調(VE)　所有(Neqa)　員工(Na)　都(D)　體(VK)　然後(D)　高速(VH)　往(P)　大鍋飯(Na)　靠攏(VC)　這(Nep)　經營(VC)　策略(Na)　應該(D)　會(D)　死(VH)　很(Dfa)　快(VH),[]
可以借錢買飛機,可以(D)　借(VD)　錢(Na)　買(VC)　飛機(Na),[]
不能借錢賞員工,不能(D)　借(VD)　錢(Na)　賞(VC)　員工(Na),[]
情緒價值要顧下,情緒(Na)　價值(Na)　要(D)　顧下(VK),[]
不然員工都會反應在旅客身上,不然(Cbb)　員工(Na)　都(D)　會(D)　反應(VE)　在(P)　旅客(Na)　身(Na)　上(Ncd),[]
員工會跑尢其非核心的但飛機是資產耶,員工(Na)　會(D)　跑(VA)　尢(DASHCATEGORY)　其(Nep)　非核心(A)　的(DE)　但(Cbb)　飛機(Na)　是(SHI)　資產(Na)　耶(T),[]
航空業最重要的就是飛安,航空業(Na)　最(Dfa)　重要(VH)　的(DE)　就(Cbb)　是(SHI)　飛安(Na),[]
次要就是服務態度優良員工也是資產,次要(A)　就(D)　是(SHI)　服務(Nv)　態度(Na)　優良(VH)　員工(Na)　也(D)　是(SHI)　資產(Na),[]
找堆長榮跳槽過來的,找(VC)　堆(Nf)　長榮(Nb)　跳槽(VA)　過來(VA)　的(DE),"[{'word': '長榮', 'ner': 'PERSON'}]"
人家相信你,人家(Nh)　相信(VK)　你(Nh),[]
結果現在只發個月,結果(Dk)　現在(Nd)　只(Da)　發(VD)　個(Nf)　月(Na),"[{'word': '個月', 'ner': 'DATE'}]"
堆國企也是賠錢,堆(VC)　國企(Na)　也(D)　是(SHI)　賠錢(VH),[]
年終照給高薪啊,年終(Nd)　照(D)　給(VD)　高薪(Na)　啊(T),[]
這是老闆心態問題,這(Nep)　是(SHI)　老闆(Na)　心態(Na)　問題(Na),[]
個月真的太少,個(Nf)　月(Na)　真的(D)　太少(VH),[]
再繼續造神啊繼續吹,再(D)　繼續(VF)　造(VA)　神(Na)　啊(T)　繼續(VF)　吹(VC),[]
國企有政府撐腰能比嗎,國企(Na)　有(V_2)　政府(Na)　撐腰(VB)　能(D)　比(VC)　嗎(T),[]
我如果從我前東家挖助理過來,我(Nh)　如果(Cbb)　從(P)　我(Nh)　前東家(Nes)　挖(VC)　助理(Na)　過來(VA),[]
畫了堆餅,畫(VC)　了(Di)　堆(Nf)　餅(Na),[]
最後待遇比前東家爛,最後(Nd)　待遇(Na)　比(P)　前(Nes)　東家(Na)　爛(VH),[]
再說設備是資產,再說(Dk)　設備(Na)　是(SHI)　資產(Na),[]
員工不是,員工(Na)　不(D)　是(SHI),[]
看她們會不會爆氣,看(VC)　她們(Nh)　會不會(D)　爆氣(VH),[]
非核心員工面向就是棍子跟蘿蔔搭配啊說白了臉臭是吧,非(Na)　核心(Na)　員工(Na)　面向(Na)　就(D)　是(SHI)　棍子(Na)　跟(P)　蘿蔔(Na)　搭配(VC)　啊(T)　說白(VE)　了(Di)　臉(Na)　臭(VH)　是(SHI)　吧(T),[]
那就洗免洗的啊只要薪水線別低到沒選擇多的是能洗的空姐洗不上的搞不還是其他企業香噴噴的優秀人員呢在這情況棍子比蘿蔔有用多了,那(Nep)　就(D)　洗(VC)　免洗(A)　的(DE)　啊(T)　只要(Cbb)　薪水線(Na)　別(D)　低(VH)　到(P)　沒(D)　選擇(VC)　多(VH)　的(DE)　是(SHI)　能(D)　洗(VC)　的(DE)　空姐(Na)　洗(VC)　不(D)　上(VC)　的(DE)　搞不(VC)　還是(D)　其他(Neqa)　企業(Na)　香噴噴(VH)　的(DE)　優秀(VH)　人員(Na)　呢(T)　在(P)　這(Nep)　情況(Na)　棍子(Na)　比(P)　蘿蔔(Na)　有用(VH)　多(Dfb)　了(Di),[]
當初堆人離開兩家龍頭為了前途過去拼結果這什麼鳥,當初(Nd)　堆(Nf)　人(Na)　離開(VC)　兩(Neu)　家(Nf)　龍頭(Na)　為了(P)　前途(Na)　過去(Nd)　拼(VC)　結果(Na)　這(Nep)　什麼(Nep)　鳥(Na),"[{'word': '兩', 'ner': 'CARDINAL'}]"
收費最貴結果給的最摳,收費(VD)　最(Dfa)　貴(VH)　結果(Na)　給(VD)　的(DE)　最(Dfa)　摳(VC),[]
華航跳星宇,華航(Nc)　跳(VA)　星宇(Na),"[{'word': '華航', 'ner': 'ORG'}]"
還真沒聽過幾個,還(D)　真(D)　沒(D)　聽(VE)　過(Di)　幾(Neu)　個(Nf),[]
倒是長榮跳星宇倒是看到堆哪來堆人離開華航的事情,倒是(D)　長榮(Nb)　跳星宇(VA)　倒是(D)　看到(VE)　堆(VC)　哪來(Nep)　堆(Nf)　人(Na)　離開(VC)　華航(Nc)　的(DE)　事情(Na),"[{'word': '長榮', 'ner': 'ORG'}, {'word': '華航', 'ner': 'ORG'}]"
拿國企來舉例不要笑死人,拿(VC)　國企(Na)　來(D)　舉例(VA)　不要(D)　笑死(VHC)　人(Na),[]
說白了張董照顧從長榮起跳來的這沒問題千金買骨但是不是這群的周邊耗材就別想了更別說還想用工會路線鬥利,說白(VE)　了(Di)　張董(Nb)　照顧(VC)　從(P)　長榮(Nb)　起跳(VA)　來(VA)　的(DE)　這(Nep)　沒(VJ)　問題(Na)　千金買骨(Na)　但是(Cbb)　不(D)　是(SHI)　這(Nep)　群(Nf)　的(DE)　周邊(Nc)　耗材(Na)　就(D)　別(D)　想(VE)　了(Di)　更(Dfa)　別(D)　說(VE)　還(D)　想(VE)　用(P)　工會(Nc)　路線(Na)　鬥利(VA),"[{'word': '張董', 'ner': 'PERSON'}, {'word': '長榮', 'ner': 'PERSON'}]"
國企的老闆發錢又不是發自己的而且酬庸腳色而已,國企(Na)　的(DE)　老闆(Na)　發(VD)　錢(Na)　又(D)　不(D)　是(SHI)　發(VD)　自己(Nh)　的(DE)　而且(Cbb)　酬庸(VC)　腳色(Na)　而已(T),[]
問題是現在開國功臣也是只有個月啊,問題(Na)　是(SHI)　現在(Nd)　開國(Nv)　功臣(Na)　也(D)　是(SHI)　只(Da)　有(V_2)　個(Nf)　月(Na)　啊(T),"[{'word': '個月', 'ner': 'DATE'}]"
國企的特色就是掏國家的錢買單與論這你動用工會當然有機會,國企(Na)　的(DE)　特色(Na)　就(D)　是(SHI)　掏(VC)　國家(Na)　的(DE)　錢(Na)　買單(VA)　與(Caa)　論(VC)　這(Nep)　你(Nh)　動用(VC)　工會(Nc)　當然(D)　有(V_2)　機會(Na),[]
對老闆來說開國功臣也沒有比較爽,對(P)　老闆(Na)　來說(D)　開國(VA)　功臣(Na)　也(D)　沒有(D)　比較(Dfa)　爽(VH),[]
畫了堆餅,畫(VC)　了(Di)　堆(Nf)　餅(Na),[]
結果年終就是差同業那麼多,結果(Dk)　年終(Nd)　就是(Cbb)　差(VH)　同業(Na)　那麼多(Neqa),[]
還不如老東家,還不如(Cbb)　老東家(Na),[]
華航是台灣空姐第志願,華航(Nc)　是(SHI)　台灣(Nc)　空姐(Na)　第(Neu)　志願(Na),"[{'word': '華航', 'ner': 'ORG'}, {'word': '台灣', 'ner': 'NORP'}]"
永遠別相信網紅的嘴作秀第,永遠(D)　別(D)　相信(VK)　網紅(Na)　的(DE)　嘴(Na)　作秀(VA)　第(Neu),[]
但私企資方和工會爭利幾乎是對立的這就是看牌面了,但(Cbb)　私企(Na)　資方(Na)　和(Caa)　工會(Nc)　爭利(VA)　幾乎(Da)　是(SHI)　對立(VH)　的(DE)　這(Nep)　就(D)　是(SHI)　看(VC)　牌面(Na)　了(T),[]
華航跳過去比長榮少很多沒錯但當初還是堆人過去拼草創喔他們覺得跟著他拼可以出頭比較快,華航(Nc)　跳過去(VA)　比(P)　長榮(Nb)　少(VH)　很多(Neqa)　沒(D)　錯(VH)　但(Cbb)　當初(Nd)　還是(D)　堆(Nf)　人(Na)　過去(VA)　拼(VC)　草創(VC)　喔(T)　他們(Nh)　覺得(VK)　跟(P)　著(Di)　他(Nh)　拼(VC)　可以(D)　出頭(VH)　比較(Dfa)　快(VH),"[{'word': '華航', 'ner': 'ORG'}]"
疫情就算了,疫情(Na)　就(Cbb)　算(VE)　了(Di),[]
現在講買飛機沒錢了,現在(Nd)　講(VE)　買(VC)　飛機(Na)　沒(VJ)　錢(Na)　了(T),[]
離開華航跳台灣新公司開什麼玩笑,離開(VC)　華航(Nc)　跳(VA)　台灣(Nc)　新(VH)　公司(Nc)　開(VC)　什麼(Nep)　玩笑(Na),"[{'word': '華航', 'ner': 'ORG'}, {'word': '台灣', 'ner': 'GPE'}]"
媒體粉絲造神就當真人生賭錯了只能哭哭,媒體(Na)　粉絲(Na)　造(VA)　神(Na)　就(D)　當(VH)　真(VH)　人生(Na)　賭錯(VC)　了(Di)　只(Da)　能(D)　哭哭(VA),[]
非常同意樓網紅業配的絕對別聽最近買床墊深深有感,非常(Dfa)　同意(VK)　樓(Nc)　網紅業(Na)　配(VC)　的(DE)　絕對(D)　別(D)　聽(VE)　最近(Nd)　買(VC)　床墊(Na)　深深(VH)　有(VK)　感(VK),[]
會跳的只是幻想卡位而已,會(D)　跳(VA)　的(DE)　只(Da)　是(SHI)　幻想(VE)　卡位(VA)　而已(T),[]
歷史都演爛了只有能從頭堅持到尾然後退休爽日子的才叫開國功臣,歷史(Na)　都(D)　演爛(VC)　了(Di)　只有(D)　能(D)　從頭(D)　堅持(VK)　到(P)　尾(Ncd)　然後(D)　退休(VH)　爽(VH)　日子(Na)　的(DE)　才(Da)　叫(VG)　開國(VA)　功臣(Na),[]
罷下去,罷(VC)　下去(Di),[]
讓星宇虧損知道痛阿這樣虧損會不會連明年的年終都沒了,讓(VL)　星宇(Nb)　虧損(Na)　知道(VK)　痛(VH)　阿(T)　這樣(VH)　虧損(Na)　會不會(D)　連(Cbb)　明年(Nd)　的(DE)　年終(Nd)　都(D)　沒(VJ)　了(Di),"[{'word': '星宇', 'ner': 'ORG'}, {'word': '明年', 'ner': 'DATE'}]"
離開華航跳星宇,離開(VC)　華航(Nc)　跳星(VA)　宇(Nc),"[{'word': '華航', 'ner': 'ORG'}]"
我比較相信是考不上華航去星宇,我(Nh)　比較(Dfa)　相信(VK)　是(SHI)　考(VC)　不(D)　上(VC)　華航(Nc)　去(VCL)　星宇(Nb),"[{'word': '華航', 'ner': 'ORG'}]"
個月真的太瞎了啦,個(Nf)　月(Na)　真的(D)　太(Dfa)　瞎(VH)　了(T)　啦(T),"[{'word': '個月', 'ner': 'DATE'}]"
要打工仔共體時艱說不過去,要(D)　打工仔(Na)　共體時艱(VA)　說不過去(VH),[]
就是幻想卡位啊,就是(Cbb)　幻想(VE)　卡位(VA)　啊(T),[]
今天星宇對這種沒道理的罷工讓次,今天(Nd)　星宇(Nb)　對(P)　這(Nep)　種(Nf)　沒道理(VH)　的(DE)　罷工(VA)　讓(VL)　次(Nes),"[{'word': '今天', 'ner': 'DATE'}, {'word': '星宇', 'ner': 'ORG'}]"
以後年年來罷不無可能,以後(Nd)　年年(D)　來(VA)　罷(T)　不無(VJ)　可能(Na),[]
阿就真的有不信是你的事,阿(Nb)　就(D)　真的(D)　有(V_2)　不(D)　信(VK)　是(SHI)　你(Nh)　的(DE)　事(Na),[]
阿榮都演過惹,阿榮(Nb)　都(D)　演(VC)　過(Di)　惹(VC),"[{'word': '阿榮', 'ner': 'PERSON'}]"
抄就好罷工的砍,抄(VC)　就(D)　好(Dfa)　罷工(VA)　的(DE)　砍(VC),[]
加班的給雙倍,加班(VA)　的(DE)　給(VD)　雙倍(Na),[]
傻了才妥協,傻(VH)　了(T)　才(Da)　妥協(VA),[]
笑死網軍有夠多新創沒錢發年終沒關係,笑死(VHC)　網軍(Na)　有(V_2)　夠多(VH)　新創(VC)　沒(VJ)　錢(Na)　發(VD)　年終(Nd)　沒關係(VH),[]
是不會發股票認權憑證,是(SHI)　不會(D)　發(VD)　股票(Na)　認權(VA)　憑證(Na),[]
問問董自己領多少,問問(VE)　董(Nb)　自己(Nh)　領(VC)　多少(Neqa),[]
他們機組人員待遇好得很罷工就地勤免洗筷全換掉阿,他們(Nh)　機組(Na)　人員(Na)　待遇(Na)　好(VH)　得很(DE)　罷工(VA)　就(P)　地勤(Na)　免洗筷(Na)　全(Neqa)　換掉(VC)　阿(Nb),[]
不可能罷的,不可能(D)　罷(VC)　的(T),[]
沒意義,沒(VJ)　意義(Na),[]
只是因為年終發得少這理由也太牽強,只是(Cbb)　因為(Cbb)　年終(Nd)　發(VD)　得(DE)　少(VH)　這(Nep)　理由(Na)　也(D)　太(Dfa)　牽強(VH),[]
再說罷了萬離職你還能去哪笑死,再說(Dk)　罷了(T)　萬(Neu)　離職(VH)　你(Nh)　還(D)　能(D)　去(VCL)　哪(Ncd)　笑死(VHC),[]
個月是真的有點少不過自己選擇的,個(Nf)　月(Na)　是(SHI)　真的(D)　有點(Dfa)　少不過(VJ)　自己(Nh)　選擇(VC)　的(DE),"[{'word': '個月', 'ner': 'DATE'}]"
公司才剛起步就這樣搞,公司(Nc)　才(Da)　剛(D)　起步(VA)　就(D)　這樣(VH)　搞(VC),[]
接下來幾年如果都只有個月再來該吧,接下來(D)　幾(Neu)　年(Nf)　如果(Cbb)　都(D)　只有(Da)　個(Nf)　月(Na)　再(D)　來(D)　該(VL)　吧(T),"[{'word': '幾年', 'ner': 'DATE'}, {'word': '個月', 'ner': 'DATE'}]"
會吵的孩子有糖吃,會(D)　吵(VC)　的(DE)　孩子(Na)　有(V_2)　糖(Na)　吃(VC),[]
星宇員工加油要罷就罷,星宇(Nb)　員工(Na)　加油(VB)　要(D)　罷(VC)　就(D)　罷(VC),"[{'word': '星宇', 'ner': 'ORG'}]"
能去華航會去星宇,能(D)　去(VCL)　華航(Nc)　會(D)　去(VCL)　星宇(Nc),"[{'word': '華航', 'ner': 'ORG'}]"
想要長榮的年終又靠杯長榮管理,想要(VE)　長榮(Nb)　的(DE)　年終(Nd)　又(D)　靠(VJ)　杯(Na)　長榮(Nb)　管理(VC),[]
越摳的公司股票越能買看看被動元件,越(D)　摳(VC)　的(DE)　公司(Nc)　股票(Na)　越(D)　能(D)　買(VC)　看看(Di)　被動(VH)　元件(Na),[]
那麼少不就是老闆自己決定要多買飛機,那麼少(Dk)　不(D)　就(D)　是(SHI)　老闆(Na)　自己(Nh)　決定(VE)　要(D)　多(D)　買(VC)　飛機(Na),[]
朕不給的你不能搶,朕(Nh)　不(D)　給(VD)　的(DE)　你(Nh)　不能(D)　搶(VD),[]
年終不滿意就要罷工,年終(Nd)　不(D)　滿意(VK)　就(D)　要(D)　罷工(VA),[]
真羨慕,真(D)　羨慕(VJ),[]
還問問高層領多少最上面那個投多少錢扛多少風險,還(D)　問問(VE)　高層(Na)　領(VC)　多少(Neqa)　最上面(Dfa)　那(Nep)　個(Nf)　投(VC)　多少(Neqa)　錢(Na)　扛(VC)　多少(Neqa)　風險(Na),[]
你資產台股然後漲了要分,你(Nh)　資產(Na)　台股(Na)　然後(D)　漲(VH)　了(Di)　要(D)　分(VC),"[{'word': '台股', 'ner': 'GPE'}]"
更別說假設這公司還你經營下去線做事,更(Dfa)　別(D)　說(VE)　假設(VE)　這(Nep)　公司(Nc)　還(VD)　你(Nh)　經營(VC)　下去(Di)　線(Na)　做(VC)　事(Na),[]
可是傳產堆年終也很少怎麼辦,可是(Cbb)　傳產(Na)　堆(VC)　年終(Nd)　也(D)　很少(D)　怎麼辦(VH),[]
別說大公司啦就拿小店面來看就好有多少頭家願意自己賺的平分給員工,別(D)　說(VE)　大(VH)　公司(Nc)　啦(T)　就(D)　拿(VC)　小(VH)　店面(Na)　來(D)　看(VE)　就(D)　好(Cbb)　有(V_2)　多少(Neqa)　頭家(Na)　願意(VK)　自己(Nh)　賺(VC)　的(DE)　平分給(VD)　員工(Na),[]
真支持這套的共產主義比較適合你的想法啦,真(D)　支持(VC)　這(Nep)　套(Nf)　的(DE)　共產主義(Na)　比較(Dfa)　適合(VH)　你(Nh)　的(DE)　想法(Na)　啦(T),[]
不然呢,不然(Cbb)　呢(T),[]
就沒違法吼資方說我就沒錢發要罷你就罷合情合理啊,就(D)　沒(D)　違法(VA)　吼(VA)　資方(Na)　說(VE)　我(Nh)　就(D)　沒(VJ)　錢(Na)　發(VD)　要(D)　罷(T)　你(Nh)　就(D)　罷(VC)　合情合理(VH)　啊(T),[]
嘻嘻嘻,嘻(VA)　嘻(VA)　嘻(VA),[]
罷工是員工的權利,罷工(VA)　是(SHI)　員工(Na)　的(DE)　權利(Na),[]
不然老闆要說什麼,不然(Cbb)　老闆(Na)　要(D)　說(VE)　什麼(Nep),[]
共體時艱聽了比較爽嗎,共體時艱(VA)　聽(VE)　了(Di)　比較(Dfa)　爽(VH)　嗎(T),[]
旁人看戲就好,旁人(Na)　看戲(VA)　就(D)　好(VH),[]
幹嘛替他們操心煩惱,幹嘛(D)　替(P)　他們(Nh)　操心(VK)　煩惱(VH),[]
聽到了不爽就滾,聽到(VE)　了(Di)　不(D)　爽(VH)　就(D)　滾(VA),[]
公司起步就留不住人,公司(Nc)　起步(VA)　就(D)　留(VC)　不(D)　住(VC)　人(Na),[]
人才沒有,人才(Na)　沒有(VJ),[]
只剩下沒走的就擺爛,只(Da)　剩下(VJ)　沒(D)　走(VA)　的(DE)　就(D)　擺爛(VC),[]
公司未來很難有競爭力阿,公司(Nc)　未來(Nd)　很(Dfa)　難(VH)　有(V_2)　競爭力(Na)　阿(T),[]
股東都還沒分到阿,股東(Na)　都(D)　還(D)　沒(D)　分到(VC)　阿(Nb),[]
賺錢要多點年終啊賠錢員工要給公司錢嗎,賺錢(VA)　要(D)　多點(Neqa)　年終(Nd)　啊(T)　賠錢(VH)　員工(Na)　要(D)　給(VD)　公司(Nc)　錢(Na)　嗎(T),[]
有錢做堆公關沒錢發年終,有錢(VH)　做(VC)　堆(Nf)　公關(Na)　沒(VJ)　錢(Na)　發(VD)　年終(Nd),[]
跳槽比較快,跳槽(VA)　比較(Dfa)　快(VH),[]
共體時艱啦,共體時艱(VA)　啦(T),[]
先讓股價回到啦拜託,先(D)　讓(VL)　股價(Na)　回到(VCL)　啦(T)　拜託(VC),[]
發個月也沒很差,發(VC)　個(Nf)　月(Na)　也(D)　沒(D)　很(Dfa)　差(VH),"[{'word': '發個月', 'ner': 'DATE'}]"
同業比是輸但跟其它行業也是差不多,同業(Na)　比(VC)　是(SHI)　輸(VD)　但(Cbb)　跟(P)　其它(Neqa)　行業(Na)　也(D)　是(SHI)　差不多(D),[]
長榮航開放招募啦不想領個月就去投,長榮航(Nb)　開放(VC)　招募(VC)　啦(T)　不(D)　想(VE)　領(VC)　個(Nf)　月(Na)　就(D)　去(D)　投(VC),"[{'word': '長榮航', 'ner': 'ORG'}, {'word': '個月', 'ner': 'DATE'}]"
存在負能量的公司,存在(VA)　負能量(VJ)　的(DE)　公司(Nc),[]
又是航空業抖,又(D)　是(SHI)　航空業(Na)　抖(VAC),[]
笑星宇員工不敢罷工,笑(Nb)　星宇(Nb)　員工(Na)　不(D)　敢(VL)　罷工(VA),[]
航空業是規模產業,航空業(Na)　是(SHI)　規模(Na)　產業(Na),[]
不買飛機沒前途,不(D)　買(VC)　飛機(Na)　沒(VJ)　前途(Na),[]
買了就沒錢,買(VC)　了(Di)　就(D)　沒(VJ)　錢(Na),[]
要罷就罷,要(D)　罷(VC)　就(D)　罷(VC),[]
明年就更沒年終,明年(Nd)　就(D)　更(D)　沒(VJ)　年終(Nd),"[{'word': '明年', 'ner': 'DATE'}]"
這種的律建議不爽不要做,這(Nep)　種(Nf)　的(DE)　律(Na)　建議(VE)　不(D)　爽(VH)　不要(D)　做(VC),[]
去高成本低毛利的新興公司,去(D)　高成本(Na)　低毛利(Na)　的(DE)　新興(A)　公司(Nc),[]
不就應該知道剛開始不賺錢的嗎,不(D)　就(D)　應該(D)　知道(VK)　剛(D)　開始(VL)　不(D)　賺錢(VA)　的(T)　嗎(T),[]
有能力就跳去長榮華航啊,有(V_2)　能力(Na)　就(D)　跳去(VA)　長榮(Nb)　華航(Nc)　啊(T),"[{'word': '長榮華航', 'ner': 'ORG'}]"
進不去就閉嘴賣靠杯,進(VA)　不(D)　去(VCL)　就(D)　閉嘴(VA)　賣(VD)　靠(VJ)　杯(Na),[]
怎麼有人拿國企來比太好笑了吧,怎麼(D)　有(V_2)　人(Na)　拿(VC)　國企(Na)　來(D)　比(VC)　太(Dfa)　好笑(VH)　了(T)　吧(T),[]
可是公司沒賺錢到底要怎麼發,可是(Cbb)　公司(Nc)　沒(D)　賺錢(VA)　到底(D)　要(D)　怎麼(D)　發(VD),[]
華航比較好欺負,華航(Nc)　比較(Dfa)　好(VH)　欺負(VC),"[{'word': '華航', 'ner': 'ORG'}]"
這次應該不需要穿越層層的宅男了,這(Nep)　次(Nf)　應該(D)　不(D)　需要(VK)　穿越(VCL)　層層(Neqa)　的(DE)　宅男(Na)　了(T),[]
借問有人拿槍逼迫在星宇上班,借問(VE)　有(V_2)　人(Na)　拿(VC)　槍(Na)　逼迫(VF)　在(P)　星宇(Na)　上班(VA),"[{'word': '星宇', 'ner': 'FAC'}]"
沒有是在叫屁,沒有(D)　是(SHI)　在(P)　叫(VA)　屁(Na),[]
富二代這麼摳不意外,富二代(Na)　這麼(D)　摳(VC)　不(D)　意外(VK),[]
又不是拿槍逼役男生服役是在靠腰啥,又(D)　不(D)　是(SHI)　拿(VC)　槍(Na)　逼(VF)　役(Na)　男生(Na)　服役(VA)　是(SHI)　在(P)　靠(VJ)　腰(Na)　啥(Nep),[]
真的罷工再說吧,真的(D)　罷工(VA)　再(D)　說(VE)　吧(T),[]
是說公司真的沒錢,是(SHI)　說(VE)　公司(Nc)　真的(D)　沒(VJ)　錢(Na),[]
也不是拿去亂花,也(D)　不(D)　是(SHI)　拿去(VC)　亂花(VC),[]
在那邊炒罷工,在(P)　那邊(Ncd)　炒(VC)　罷工(VA),[]
殺雞取軟而已,殺雞取軟(VC)　而已(T),[]
覺得待遇差為什麼不直接跳槽另外兩家就好,覺得(VK)　待遇(Na)　差(VH)　為什麼(D)　不(D)　直接(VH)　跳槽(VA)　另外(Cbb)　兩(Neu)　家(Nf)　就(D)　好(VH),"[{'word': '兩', 'ner': 'CARDINAL'}]"
股東的錢要還了沒,股東(Na)　的(DE)　錢(Na)　要(D)　還(VD)　了(Di)　沒(VJ),[]
還好我沒有,還好(D)　我(Nh)　沒有(D),[]
呵呵,呵呵(D),[]
資方都同意你罷工了就四月罷工吧支持,資方(Na)　都(D)　同意(VK)　你(Nh)　罷工(VA)　了(Di)　就(D)　四月(Nd)　罷工(VA)　吧(T)　支持(VC),"[{'word': '四月', 'ner': 'DATE'}]"
新公司,新(VH)　公司(Nc),[]
罷工個禮拜看誰先受不了,罷工(VA)　個(Nf)　禮拜(Na)　看(VE)　誰(Nh)　先(D)　受不了(VK),"[{'word': '個禮拜', 'ner': 'DATE'}]"
還真當張國煒沒錢啊,還(D)　真(D)　當(P)　張國煒(Nb)　沒(VJ)　錢(Na)　啊(T),"[{'word': '張國煒', 'ner': 'PERSON'}]"
幫公司大賺特賺也沒等比例分錢,幫(P)　公司(Nc)　大賺(VH)　特賺(D)　也(D)　沒(D)　等(Cab)　比例(Na)　分(VD)　錢(Na),[]
有高能兒說不用看營收無腦發年終笑死,有(V_2)　高能兒(Na)　說(VE)　不用(D)　看(VC)　營收(Na)　無(VJ)　腦(Na)　發(VC)　年終(Nd)　笑死(VHC),[]
吵年終其實很白癡,吵(VA)　年終(Nd)　其實(D)　很(Dfa)　白癡(Na),[]
這東西當初沒寫在上,這(Nep)　東西(Na)　當初(Nd)　沒(D)　寫(VC)　在(P)　上(Ncd),[]
對比其他航空公司來看,對比(Na)　其他(Neqa)　航空(Na)　公司(Nc)　來(D)　看(VC),[]
要求加發個月其實也還算合理,要求(VF)　加發(VD)　個(Nf)　月(Na)　其實(D)　也(D)　還(D)　算(VG)　合理(VH),"[{'word': '個月', 'ner': 'DATE'}]"
罷了風向不對的,罷了(T)　風向(Na)　不(D)　對(VH)　的(DE),[]
這跟華航不樣,這(Nep)　跟(P)　華航(Nc)　不樣(D),"[{'word': '華航', 'ner': 'ORG'}]"
華航是薪水低於同業,華航(Nc)　是(SHI)　薪水(Na)　低於(VJ)　同業(Na),"[{'word': '華航', 'ner': 'ORG'}]"
這是年終獎金,這(Nep)　是(SHI)　年終(Nd)　獎金(Na),[]
公司不賺錢但大股東就自己摳這個月年終沒意思,公司(Nc)　不(D)　賺錢(VA)　但(Cbb)　大(VH)　股東(Na)　就(D)　自己(Nh)　摳(VC)　這(Nep)　個(Nf)　月(Na)　年終(Nd)　沒意思(VH),"[{'word': '這個月', 'ner': 'DATE'}]"
對比三小啊星宇賺錢就屌輸別人,對比(Na)　三(Neu)　小(VH)　啊(T)　星宇(Nb)　賺錢(VA)　就(D)　屌(FW)　輸(VD)　別人(Nh),"[{'word': '三', 'ner': 'CARDINAL'}, {'word': '星宇', 'ner': 'ORG'}]"
學學種花店,學學(VC)　種花店(Nc),[]
要談就是談薪水,要(D)　談(VE)　就(D)　是(SHI)　談(VE)　薪水(Na),[]
吵年終太下等惹,吵(VC)　年終(Nd)　太(Dfa)　下等(VH)　惹(VC),[]
股東有錢跟公司有錢能在起看,股東(Na)　有錢(VH)　跟(P)　公司(Nc)　有錢(VH)　能(D)　在(P)　起(VC)　看(VC),[]
公子到底要不要讓聶公退休啊直擦屁股辛苦他老人家了,公子(Na)　到底(D)　要不要(D)　讓(VL)　聶公(Nb)　退休(VH)　啊(T)　直(D)　擦(VC)　屁股(Na)　辛苦(VHC)　他(Nh)　老人家(Na)　了(T),"[{'word': '聶公', 'ner': 'PERSON'}]"
不過近年種花店老人沒出來露營阿,不過(Cbb)　近年(Nd)　種花店(Nc)　老人(Na)　沒(D)　出來(VA)　露營(VA)　阿(T),[]
有調,有(V_2)　調(VC),[]
為了年終搞罷工只是互相傷害而已,為了(P)　年終(Nd)　搞(VC)　罷工(VA)　只是(D)　互相(D)　傷害(VC)　而已(T),[]
合理是合的誰的理呢,合理(VH)　是(SHI)　合(VH)　的(DE)　誰(Nh)　的(DE)　理(Na)　呢(T),[]
長榮會發多少呢,長榮(Nb)　會(D)　發(VD)　多少(Neqa)　呢(T),[]
個月也沒很過份啊,個(Nf)　月(Na)　也(D)　沒(D)　很(Dfa)　過份(VH)　啊(T),"[{'word': '個月', 'ner': 'DATE'}]"
支持罷工快點唷嘻嘻,支持(VC)　罷工(VA)　快點(D)　唷(I)　嘻嘻(D),[]
拔妳台女空服的乞丐票,拔(VC)　妳(Nh)　台女(Nc)　空服(Na)　的(DE)　乞丐票(Na),[]
年終發多點好不好,年終(Nd)　發(VD)　多點(Neqa)　好(VH)　不(D)　好(VH),[]
其實社會很現實,其實(D)　社會(Na)　很(Dfa)　現實(VH),[]
錢給得多的企業就可以挑員工壓榨員工,錢(Na)　給(VD)　得(DE)　多(VH)　的(DE)　企業(Na)　就(D)　可以(D)　挑(VC)　員工(Na)　壓榨(VC)　員工(Na),[]
半夜發生地震,半夜(Nd)　發生(VJ)　地震(Na),"[{'word': '半夜', 'ner': 'TIME'}]"
人資都不用發通資,人資(Na)　都(D)　不用(D)　發(VD)　通資(Na),[]
員工自主趕回公司無償加班,員工(Na)　自主(VH)　趕回(VCL)　公司(Nc)　無償(D)　加班(VA),[]
相對的,相對的(Dk),[]
能力強的員工,能力(Na)　強(VH)　的(DE)　員工(Na),[]
才懶得向公司抗議年終太少,才(Da)　懶得(VL)　向(P)　公司(Nc)　抗議(VE)　年終(Nd)　太少(VH),[]
直接辭呈發出去天後新公司報到,直接(VH)　辭呈(Na)　發出去(VB)　天(Nf)　後(Ng)　新(VH)　公司(Nc)　報到(VA),"[{'word': '去天後', 'ner': 'DATE'}]"
自己要跳槽去星宇的,自己(Nh)　要(D)　跳槽(VA)　去(VCL)　星宇(Nc)　的(DE),[]
怪得了別人,怪得了(D)　別人(Nh),[]
欸我賞櫻耶,欸(I)　我(Nh)　賞(VA)　櫻(Na)　耶(T),[]
毋湯喔,毋(VJ)　湯(Na)　喔(T),"[{'word': '毋湯', 'ner': 'PERSON'}]"
要不要全台灣都比照台積電分紅啊,要不要(D)　全(Neqa)　台灣(Nc)　都(D)　比照(P)　台積電(Nb)　分紅(VB)　啊(T),"[{'word': '台灣', 'ner': 'GPE'}, {'word': '台積電', 'ner': 'ORG'}]"
不用替華航機組擔心他們比誰都還爽,不用(D)　替(P)　華航(Nc)　機組(Na)　擔心(VK)　他們(Nh)　比(P)　誰(Nh)　都(D)　還(Dfa)　爽(VH),"[{'word': '華航', 'ner': 'ORG'}]"
話說罷工被裁的人,話說(Dk)　罷工(VA)　被(P)　裁(VC)　的(DE)　人(Na),[]
同業會用嗎,同業(Na)　會(D)　用(VC)　嗎(T),[]
不爽去別家,不(D)　爽(VH)　去(VCL)　別(Nes)　家(Nf),[]
罷工的原因是年終太少這沒辦法取得社會共鳴吧勞基法本來就沒有強迫資方發年終阿這根本不是幫資方講話你嫌你薪水少那就跳槽去更看得起你的地方啊社會上的各行各業不都是這樣子嗎,罷工(VA)　的(DE)　原因(Na)　是(SHI)　年終(Nd)　太少(VH)　這(Nep)　沒辦法(VI)　取得(VC)　社會(Na)　共鳴(Na)　吧(T)　勞基法(Na)　本來(D)　就(D)　沒有(D)　強迫(VF)　資方(Na)　發(VD)　年終(Nd)　阿(T)　這(Nep)　根本(D)　不(D)　是(SHI)　幫(P)　資方(Na)　講話(VA)　你(Nh)　嫌(VK)　你(Nh)　薪水(Na)　少(VH)　那(Nep)　就(D)　跳槽(VA)　去(D)　更(D)　看得起(VJ)　你(Nh)　的(DE)　地方(Na)　啊(T)　社會(Na)　上(Ncd)　的(DE)　各行各業(Na)　不(D)　都(D)　是(SHI)　這樣子(VH)　嗎(T),"[{'word': '勞基法', 'ner': 'LAW'}]"
同業幹兩年等於自己幹三年自己可以選擇吧,同業(Na)　幹(VC)　兩(Neu)　年(Nf)　等於(VG)　自己(Nh)　幹(VC)　三(Neu)　年(Nf)　自己(Nh)　可以(D)　選擇(VC)　吧(T),"[{'word': '兩年', 'ner': 'DATE'}, {'word': '三年', 'ner': 'DATE'}]"
用阿但是價格嘛殺頭生意有人做賠錢生意沒人做,用(VC)　阿(T)　但是(Cbb)　價格(Na)　嘛(T)　殺頭(Nv)　生意(Na)　有(V_2)　人(Na)　做(VC)　賠錢(VH)　生意(Na)　沒(VJ)　人(Na)　做(VC),[]
商務客慘輸吧,商務客(Na)　慘(VH)　輸(VD)　吧(T),[]
畢竟華航跟長榮都有聯盟,畢竟(D)　華航(Nc)　跟(Caa)　長榮(Nb)　都(D)　有(V_2)　聯盟(Na),"[{'word': '華航', 'ner': 'ORG'}, {'word': '長榮', 'ner': 'ORG'}]"
累積哩程方便,累積(VC)　哩程(Na)　方便(VH),[]
結果變成董下來開飛機,結果(Dk)　變成(VG)　董下來(Nb)　開(VC)　飛機(Na),[]
連董事長都還要來開飛機了,連(Cbb)　董事長(Na)　都(D)　還要(D)　來(D)　開(VC)　飛機(Na)　了(T),[]
起共體時艱吧,起(VJ)　共體時艱(VA)　吧(T),[]
公司經營不善要共體時艱賺錢了會分給員工嗎反正員工又不是努力薪酬不如人員工會自尋出路,公司(Nc)　經營(VC)　不善(VH)　要(D)　共體時艱(VA)　賺錢(VA)　了(Di)　會(D)　分給(VD)　員工(Na)　嗎(T)　反正(D)　員工(Na)　又(D)　不(D)　是(SHI)　努力(VH)　薪酬(Na)　不如(VJ)　人員(Na)　工會(Nc)　自尋(VC)　出路(Na),[]
今年我看星宇連股利都快發不出來,今年(Nd)　我(Nh)　看(VE)　星宇(Nb)　連(Cbb)　股利(Na)　都(D)　快(D)　發(VD)　不(D)　出來(VA),"[{'word': '今年', 'ner': 'DATE'}, {'word': '星宇', 'ner': 'ORG'}]"
股東都要沒錢領了,股東(Na)　都(D)　要(D)　沒(VJ)　錢(Na)　領(VC)　了(Di),[]
還加發年終勒,還(D)　加發(VD)　年終(Nd)　勒(VC),[]
愛罷就罷阿多招點東南亞空服來頂,愛(VL)　罷(VC)　就(D)　罷(VC)　阿多(Nb)　招(VC)　點(Nf)　東南亞(Nc)　空服(Na)　來(D)　頂(VC),"[{'word': '東南亞', 'ner': 'LOC'}]"
不拼經濟規模怎麼賺錢不賺錢哪來年終,不(D)　拼(VC)　經濟(Na)　規模(Na)　怎麼(D)　賺錢(VA)　不(D)　賺錢(VA)　哪來(D)　年終(Nd),[]
談判技巧都不會當然看沒有想拿個月開頭就要先喊兩到三個月,談判(Nv)　技巧(Na)　都(D)　不會(D)　當然(D)　看(VC)　沒有(D)　想(VE)　拿(VC)　個(Nf)　月(Na)　開頭(VA)　就(D)　要(D)　先(D)　喊(VE)　兩(Neu)　到(Caa)　三(Neu)　個(Nf)　月(Na),"[{'word': '個月', 'ner': 'DATE'}, {'word': '兩到三個月', 'ner': 'DATE'}]"
這家公司最厲害的是公關洗型象網路堆張董好老闆,這(Nep)　家(Nf)　公司(Nc)　最(Dfa)　厲害(VH)　的(DE)　是(SHI)　公關(Na)　洗(VC)　型象(Na)　網路(Na)　堆(VC)　張董(Nb)　好(VH)　老闆(Na),[]
潮牌沒啊差管你員工不滿可以滾,潮牌(Na)　沒(VJ)　啊(T)　差(VH)　管(VE)　你(Nh)　員工(Na)　不滿(VK)　可以(D)　滾(VA),[]
堆人想進,堆(Nf)　人(Na)　想(VE)　進(VCL),[]
招人沒太困難的話何必妥協,招人(VC)　沒(D)　太(Dfa)　困難(VH)　的話(Cba)　何必(D)　妥協(VA),[]
堆人想進去啦,堆(Nf)　人(Na)　想(VE)　進去(VA)　啦(T),[]
有本事就去國籍航空,有(V_2)　本事(Na)　就(D)　去(VCL)　國籍(Na)　航空(Na),[]
進得去再說,進(VA)　得(DE)　去(VCL)　再(D)　說(VE),[]
老實說,老實說(Dk),[]
阿就沒賺錢啊,阿(Nb)　就(D)　沒(D)　賺錢(VA)　啊(T),[]
總不能張國煒自己掏錢發吧,總(D)　不能(D)　張國煒(Nb)　自己(Nh)　掏錢(VA)　發(VH)　吧(T),"[{'word': '張國煒', 'ner': 'PERSON'}]"
這邊大多當股東不幫老闆說話難道幫員工,這邊(Ncd)　大多(Neqa)　當(VG)　股東(Na)　不(D)　幫(P)　老闆(Na)　說話(VA)　難道(D)　幫(P)　員工(Na),[]
台灣罷工先被自己人罵死爛草莓,台灣(Nc)　罷工(VA)　先(D)　被(P)　自己人(Na)　罵死(VC)　爛(VH)　草莓(Na),"[{'word': '台灣', 'ner': 'GPE'}]"
要罷就罷吧公司少了你也不會倒真當自己很重要,要(D)　罷(VC)　就(D)　罷(VC)　吧(T)　公司(Nc)　少(VH)　了(Di)　你(Nh)　也(D)　不會(D)　倒(D)　真(D)　當(VG)　自己(Nh)　很(Dfa)　重要(VH),[]
導入機器空服員可裁不滿的,導入(VC)　機器(Na)　空服員(Na)　可(D)　裁(VC)　不滿(VK)　的(DE),[]
你不做堆人搶著做還要公司提供什麼情緒價值,你(Nh)　不(D)　做(VC)　堆(Nf)　人(Na)　搶(VD)　著(Di)　做(VC)　還(D)　要(VE)　公司(Nc)　提供(VD)　什麼(Nep)　情緒(Na)　價值(Na),[]
主要是罷工理由太瞎那個講國企的就不要亂了拿你的錢在發他人年終阿,主要(A)　是(SHI)　罷工(Nv)　理由(Na)　太(Dfa)　瞎(VH)　那(Nep)　個(Nf)　講(VE)　國企(Nc)　的(DE)　就(D)　不要(D)　亂(VH)　了(Di)　拿(VC)　你(Nh)　的(DE)　錢(Na)　在(P)　發(VD)　他人(Nh)　年終(Nd)　阿(T),[]
公司就只是老闆的玩具買新飛機老闆可以自己開,公司(Nc)　就(D)　只是(Da)　老闆(Na)　的(DE)　玩具(Na)　買(VC)　新(VH)　飛機(Na)　老闆(Na)　可以(D)　自己(Nh)　開(VC),[]
不爽隔壁應徵去,不(D)　爽(VH)　隔壁(Nc)　應徵(VC)　去(D),[]
在長榮時期就常常這樣搞了,在(P)　長榮(Nb)　時期(Na)　就(D)　常常(D)　這樣(VH)　搞(VC)　了(Di),"[{'word': '長榮時期', 'ner': 'DATE'}]"
公司的營盈餘繼續投入機隊擴張,公司(Nc)　的(DE)　營(Nv)　盈餘(Na)　繼續(VF)　投入(VC)　機隊(Na)　擴張(VHC),[]
堆公司都沒有,堆(Nf)　公司(Nc)　都(D)　沒有(VJ),[]
賺的錢直變成新飛機,賺(VC)　的(DE)　錢(Na)　直(D)　變成(VG)　新(VH)　飛機(Na),[]
股東員工都涼涼的,股東(Na)　員工(Na)　都(D)　涼涼(VH)　的(DE),[]
接下來如果繼續要買飛機,接下來(D)　如果(Cbb)　繼續(VF)　要(D)　買(VC)　飛機(Na),[]
年終還是樣少,年終(Nd)　還是(D)　樣(Na)　少(VH),[]
能跳別家的就快點走吧,能(D)　跳(VA)　別(Nes)　家(Nc)　的(DE)　就(D)　快點(D)　走(VA)　吧(T),[]
現在空服再出來罷工不會有肥宅在網路幫忙噴資方了呦,現在(Nd)　空服(Na)　再(D)　出來(VA)　罷工(VA)　不會(D)　有(V_2)　肥宅(Na)　在(P)　網路(Na)　幫忙(VC)　噴(VC)　資方(Na)　了(T)　呦(P),[]
公司沒多的錢,公司(Nc)　沒(D)　多(VH)　的(DE)　錢(Na),[]
是要發什麼,是(SHI)　要(D)　發(VD)　什麼(Nep),[]
有去面試過航空或是任職過相關產業應該都知道他們毛利很低,有(V_2)　去(D)　面試(VC)　過(Di)　航空(Na)　或是(Caa)　任職(VG)　過(Di)　相關(VH)　產業(Na)　應該(D)　都(D)　知道(VK)　他們(Nh)　毛利(Na)　很(Dfa)　低(VH),[]
錢這種東西是入袋為安,錢(Na)　這(Nep)　種(Nf)　東西(Na)　是(SHI)　入袋為安(VCL),[]
我們公司工會都跟我們說要殺公司不是不行,我們(Nh)　公司(Nc)　工會(Nc)　都(D)　跟(P)　我們(Nh)　說(VE)　要(D)　殺(VC)　公司(Nc)　不(D)　是(SHI)　不行(VH),[]
但是你也先看盈餘剩多少,但是(Cbb)　你(Nh)　也(D)　先(D)　看(VC)　盈餘(Na)　剩(VJ)　多少(Neqa),[]
反正台灣又不敢罷工,反正(D)　台灣(Nc)　又(D)　不(D)　敢(VL)　罷工(VA),"[{'word': '台灣', 'ner': 'GPE'}]"
你砍公司砍的太兇到時候股價爛掉配息鳥掉哭的也是你要就發點股票把員工跟公司綁在起就好,你(Nh)　砍(VC)　公司(Nc)　砍(VC)　的(DE)　太(Dfa)　兇(VH)　到時候(D)　股價(Na)　爛掉(VH)　配息(Na)　鳥(Na)　掉(VH)　哭(VA)　的(DE)　也(D)　是(SHI)　你(Nh)　要(D)　就(D)　發(VD)　點(Nf)　股票(Na)　把(P)　員工(Na)　跟(P)　公司(Nc)　綁(VC)　在(VH)　起(VC)　就(D)　好(VH),[]
讚讚窩明天要坐星宇惹,讚讚窩(VE)　明天(Nd)　要(D)　坐(VA)　星宇(Na)　惹(VC),"[{'word': '明天', 'ner': 'DATE'}]"
會不會萬人響應人到場,會不會(D)　萬(Neu)　人(Na)　響應(Na)　人(Na)　到場(VA),"[{'word': '萬', 'ner': 'CARDINAL'}]"
還好星宇之亂賣給追高的人了,還好(D)　星宇(Na)　之(DE)　亂(Nv)　賣給(VD)　追高(VH)　的(DE)　人(Na)　了(T),[]
年終就薪水部分本來就固定支出成本,年終(Nd)　就(P)　薪水(Na)　部分(Neqa)　本來(D)　就(D)　固定(VH)　支出(VC)　成本(Na),[]
現金給不出來就發股票給員工啊,現金(Na)　給(VD)　不(D)　出來(VA)　就(D)　發(VD)　股票(Na)　給(VD)　員工(Na)　啊(T),[]
請問空姐要拼什麼,請問(VE)　空姐(Na)　要(D)　拼(VC)　什麼(Nep),[]
全年無休狂飛嗎,全(Neqa)　年(Nf)　無休(VH)　狂飛(VH)　嗎(T),[]
空姐空少服務態度超差華航好多了,空姐(Na)　空少(Na)　服務(VC)　態度(Na)　超(Dfa)　差(VH)　華航(Nc)　好(VH)　多(Neqb)　了(T),"[{'word': '華航', 'ner': 'ORG'}]"
要我跟某黨關係好,要(D)　我(Nh)　跟(P)　某(Nes)　黨(Na)　關係(Na)　好(VH),[]
我也不怕,我(Nh)　也(D)　不(D)　怕(VK),[]
罷工完隔年碰上疫情,罷工完(VA)　隔年(Nd)　碰上(VC)　疫情(Na),[]
結果懲罰到誰,結果(Dk)　懲罰(VC)　到(P)　誰(Nh),[]
當年嘴長榮航捧星宇,當年嘴(Nd)　長榮航(Nb)　捧(VC)　星宇(Nb),"[{'word': '長榮航', 'ner': 'ORG'}, {'word': '星宇', 'ner': 'PERSON'}]"
鼓勵人家跳槽過去的,鼓勵(VF)　人家(Nh)　跳槽(VA)　過去(Nd)　的(DE),[]
該不會如今又是同批人了吧,該(D)　不會(D)　如今(Nd)　又(D)　是(SHI)　同(Nes)　批(Nf)　人(Na)　了(T)　吧(T),[]
獲利差那麼多跟長榮航比,獲利(Na)　差(VH)　那麼多(Neqa)　跟(P)　長榮航(Nb)　比(VC),"[{'word': '長榮航', 'ner': 'ORG'}]"
支持公司決定,支持(VC)　公司(Nc)　決定(VE),[]
霸工的過太爽,霸工(Na)　的(DE)　過(Na)　太(Dfa)　爽(VH),[]
支持付費上班,支持(VC)　付費(VA)　上班(VA),[]
管理層根本就是長榮吧,管理層(Na)　根本(D)　就(D)　是(SHI)　長榮(Nb)　吧(T),[]
疫情當然是懲罰到航空公司啊罷工跟疫情不是獨立事件嗎,疫情(Na)　當然(D)　是(SHI)　懲罰(VC)　到(P)　航空(Na)　公司(Nc)　啊(T)　罷工(VA)　跟(P)　疫情(Na)　不(D)　是(SHI)　獨立(VH)　事件(Na)　嗎(T),[]
有夠摳罷工看他怎麼賺,有夠(Dfa)　摳(VC)　罷工(VA)　看(VC)　他(Nh)　怎麼(D)　賺(VC),[]
乾要飛不便險趕快保,乾(VH)　要(D)　飛(VA)　不便險(D)　趕快(D)　保(VC),[]
不爽就罷工就你們航空業會幹這種破事,不(D)　爽(VH)　就(D)　罷工(VA)　就(P)　你們(Nh)　航空業(Na)　會(D)　幹(VC)　這(Nep)　種(Nf)　破事(VHC),[]
台灣刁民不意外搞爛切也不吃虧,台灣(Nc)　刁民(Na)　不(D)　意外(VK)　搞爛(VC)　切(VC)　也(D)　不(D)　吃虧(VH),"[{'word': '台灣', 'ner': 'NORP'}]"
他本來就是廢二代啊堆人洗他多強啊不就敗老爸的祖產強的直都是他老媽好嗎三房上位還能打倒大房二房,他(Nh)　本來(D)　就(Cbb)　是(SHI)　廢(VC)　二(Neu)　代(Na)　啊(I)　堆(Nf)　人(Na)　洗(VC)　他(Nh)　多(Dfa)　強(VH)　啊(T)　不(D)　就(D)　敗(VH)　老爸(Na)　的(DE)　祖產(Na)　強(VH)　的(DE)　直(D)　都(D)　是(SHI)　他(Nh)　老媽(Na)　好(VH)　嗎(T)　三(Neu)　房(Nf)　上位(Na)　還(D)　能(D)　打倒(VC)　大(Na)　房(Na)　二(Na)　房(Nf),"[{'word': '二', 'ner': 'CARDINAL'}, {'word': '三', 'ner': 'CARDINAL'}, {'word': '二', 'ner': 'CARDINAL'}]"
錢都去贊助了,錢(Na)　都(D)　去(D)　贊助(VD)　了(Di),[]
別忘記祖傳是啥起家的再吵餵鯊魚,別(D)　忘記(VK)　祖傳(A)　是(SHI)　啥(Nep)　起家(VA)　的(DE)　再(D)　吵(VC)　餵(VC)　鯊魚(Na),[]
邏輯在哪裡罷工根本沒理由會成啦,邏輯(Na)　在(P)　哪裡(Ncd)　罷工(VA)　根本(D)　沒(VJ)　理由(Na)　會(D)　成(VH)　啦(T),[]
看不下去可以離開啊,看(VA)　不(D)　下去(Di)　可以(D)　離開(VC)　啊(T),[]
以前的時候就有企業老闆嗆說,以前(Nd)　的(DE)　時候(Na)　就(D)　有(V_2)　企業(Na)　老闆(Na)　嗆(VE)　說(VE),[]
再吵就讓你,再(D)　吵(VC)　就(D)　讓(VL)　你(Nh),[]
不爽就跳又沒什麼,不(D)　爽(VH)　就(D)　跳(VA)　又(D)　沒(VJ)　什麼(Nep),[]
發年終給員工,發(VD)　年終(Nd)　給(VD)　員工(Na),[]
旺季罷工,旺季(Nd)　罷工(VA),"[{'word': '旺季', 'ner': 'DATE'}]"
利空,利空(VH),[]
自己吹牛是精品航空,自己(Nh)　吹牛(VA)　是(SHI)　精品(Na)　航空(Na),[]
結果年終開出來笑死人,結果(Dk)　年終(Nd)　開出來(VC)　笑死(VHC)　人(Na),[]
直接從過年罷工到清明吧,直接(VH)　從(P)　過年(VA)　罷工(VA)　到(P)　清明(Nd)　吧(T),"[{'word': '過年', 'ner': 'DATE'}, {'word': '清明', 'ner': 'DATE'}]"
這也能當罷工的理由哦,這(Nep)　也(D)　能(D)　當(VG)　罷工(VA)　的(DE)　理由(Na)　哦(T),[]
至少承諾隔年賺錢或是之後賺錢會補之類的比較好吧,至少(Da)　承諾(VE)　隔年(Nd)　賺錢(VA)　或是(Caa)　之後(Nd)　賺錢(VA)　會(D)　補(VC)　之類(Cab)　的(DE)　比較(Dfa)　好(VH)　吧(T),"[{'word': '隔年', 'ner': 'DATE'}]"
就人兩張股票發下去當樂透就好了反正你星宇現在兩張還不到個月,就(P)　人(Na)　兩(Neu)　張(Nf)　股票(Na)　發下去(VB)　當(VG)　樂透(Na)　就(D)　好(VH)　了(T)　反正(D)　你(Nh)　星宇(Nb)　現在(Nd)　兩(Neu)　張(Nf)　還(D)　不到(VJ)　個(Nf)　月(Na),"[{'word': '兩', 'ner': 'CARDINAL'}, {'word': '星宇', 'ner': 'ORG'}, {'word': '兩', 'ner': 'CARDINAL'}, {'word': '個月', 'ner': 'DATE'}]"
如果入職有保障就要給沒有的話就沒什麼好吵的,如果(Cbb)　入職(VH)　有(V_2)　保障(Na)　就(D)　要(D)　給(VD)　沒有(VJ)　的話(Cba)　就(D)　沒(VJ)　什麼(Nep)　好(VH)　吵(VC)　的(T),[]
沒能力跳又直不走想要站著把飯給要了,沒(VJ)　能力(Na)　跳(VA)　又(D)　直(D)　不(D)　走(VA)　想要(VE)　站(VA)　著(Di)　把(P)　飯(Na)　給(P)　要(VC)　了(Di),[]
嘻嘻,嘻嘻(D),[]
有錢不差間公司,有錢(VH)　不(D)　差(VH)　間(Ng)　公司(Nc),[]
羨慕,羨慕(VJ),[]
你知道精品航空前幾年都沒有乘客載嗎,你(Nh)　知道(VK)　精品(Na)　航空(Na)　前(Nes)　幾(Neu)　年(Nf)　都(D)　沒有(VJ)　乘客(Na)　載(VC)　嗎(T),"[{'word': '前幾年', 'ner': 'DATE'}]"
堆新鮮妹子等著進航空業不爽就滾,堆(VC)　新鮮(VH)　妹子(Na)　等(VC)　著(Di)　進(VC)　航空業(Na)　不(D)　爽(VH)　就(D)　滾(VA),[]
櫻花季罷工真的會搞死明年星宇,櫻花季(Nd)　罷工(VA)　真的(D)　會(D)　搞死(VC)　明年(Nd)　星宇(Nb),"[{'word': '櫻花季', 'ner': 'DATE'}, {'word': '明年', 'ner': 'DATE'}, {'word': '星宇', 'ner': 'PERSON'}]"
好像新飛機都不用錢樣,好像(D)　新(VH)　飛機(Na)　都(D)　不(D)　用(VC)　錢(Na)　樣(Na),[]
工會硬起來,工會(Nc)　硬(D)　起來(Di),[]
罷給資方看看,罷(VD)　給(P)　資方(Na)　看看(VE),[]
要是真的罷工了,要是(Cbb)　真的(D)　罷工(VA)　了(Di),[]
以後拒搭,以後(Nd)　拒(VF)　搭(VC),[]
沒賺錢當然沒得發不買新飛機永遠賺不了更多員工只顧自己就好不爽可以走人經營公司不行餒,沒(D)　賺錢(VA)　當然(D)　沒(D)　得(D)　發(VD)　不(D)　買(VC)　新(VH)　飛機(Na)　永遠(D)　賺不了(VC)　更多(Neqa)　員工(Na)　只(Da)　顧(VK)　自己(Nh)　就(D)　好不(VH)　爽(VH)　可以(D)　走人(VA)　經營(VC)　公司(Nc)　不行(D)　餒(VH),[]
最軟的那塊摳連,最(Dfa)　軟(VH)　的(DE)　那(Nep)　塊(Nf)　摳(VH)　連(Cbb),[]
只加個月找銀行融資發發了吧薪獎差別人太多也別期望能發展得多好,只(Da)　加(VC)　個(Di)　月(Na)　找(VC)　銀行(Nc)　融資(Na)　發發(VD)　了(Di)　吧(T)　薪獎(Na)　差別(Na)　人(Na)　太多(VH)　也(D)　別(D)　期望(VK)　能(D)　發展(VC)　得(DE)　多(VH)　好(Neqa),"[{'word': '個月', 'ner': 'DATE'}]"
才多個月也破局喔,才(Da)　多(Neqa)　個(Nf)　月(Na)　也(D)　破局(VH)　喔(T),"[{'word': '多個月', 'ner': 'DATE'}]"
何必呢,何必(D)　呢(T),[]
聰明的話比起年終可以改發,聰明(VH)　的話(Cba)　比起(P)　年終(Nd)　可以(D)　改發(VC),[]
是說怎麼感覺航空業的工會都比較厲害,是(SHI)　說(VE)　怎麼(D)　感覺(VK)　航空業(Na)　的(DE)　工會(Nc)　都(D)　比較(Dfa)　厲害(VH),[]
以後科技業要不要都來罷工下抗議公司不比照發分紅,以後(Nd)　科技業(Na)　要不要(D)　都(D)　來(D)　罷工(VA)　下(Ng)　抗議(VE)　公司(Nc)　不(D)　比照(P)　發(VD)　分紅(VB),[]
不然這樣吧,不然(Cbb)　這樣(VH)　吧(T),[]
以後星宇只在頭等跟商務艙配置空姐,以後(Nd)　星宇(Nb)　只(Da)　在(P)　頭等(A)　跟(P)　商務艙(Na)　配置(VC)　空姐(Na),"[{'word': '星宇', 'ner': 'ORG'}]"
會在這不就代表其他去不了,會(D)　在(P)　這(Nep)　不(D)　就(D)　代表(VK)　其他(Neqa)　去不了(VA),[]
經濟艙完全採自助服務,經濟艙(Na)　完全(D)　採(VC)　自助(Nv)　服務(VC),[]
也不提供飛機餐,也(D)　不(D)　提供(VD)　飛機餐(Na),[]
這樣就,這樣(VH)　就(D),[]
支持罷工然後鬧事的全部資遣,支持(VC)　罷工(VA)　然後(D)　鬧事(VA)　的(DE)　全部(Neqa)　資遣(VC),[]
可以節省空姐的成本,可以(D)　節省(VJ)　空姐(Na)　的(DE)　成本(Na),[]
省下來的錢幫留下來的空姐調高年終獎金,省下來(VI)　的(DE)　錢(Na)　幫(P)　留下來(VA)　的(DE)　空姐(Na)　調高(VC)　年終(Nd)　獎金(Na),[]
這樣當軟體業都在流行裁員的時候,這樣(VH)　當(P)　軟體業(Na)　都(D)　在(P)　流行(VH)　裁員(VC)　的(DE)　時候(Na),[]
沒理由服務業不跟著想辦法節省成本阿,沒(VJ)　理由(Na)　服務業(Na)　不(D)　跟(P)　著(Di)　想(VE)　辦法(Na)　節省(VJ)　成本(Na)　阿(T),[]
最愛看這些人沒本事跳又愛狗叫的樣子,最(Dfa)　愛(VL)　看(VC)　這些(Neqa)　人(Na)　沒(VJ)　本事(Na)　跳(VA)　又(Caa)　愛(VL)　狗(Na)　叫(VE)　的(DE)　樣子(Na),[]
董事長跟以前長榮態度樣吧,董事長(Na)　跟(P)　以前(Nd)　長榮(Nb)　態度(Na)　樣(Na)　吧(T),"[{'word': '榮', 'ner': 'PERSON'}]"
不滿可以自己開間,不滿(VK)　可以(D)　自己(Nh)　開(VC)　間(Nf),[]
高招,高招(Na),[]
只要求年終獎金多加個月已經很卑微了,只(Da)　要求(VF)　年終(Nd)　獎金(Na)　多(D)　加(VC)　個(Nf)　月(Na)　已經(D)　很(Dfa)　卑微(VH)　了(T),"[{'word': '個月', 'ner': 'DATE'}]"
罷工的開除,罷工(VA)　的(DE)　開除(VC),[]
留下來的加發個月,留下來(VA)　的(DE)　加發(VD)　個(Nf)　月(Na),"[{'word': '個月', 'ner': 'DATE'}]"
長榮是星宇的倍以長榮發月為準,長榮(Nb)　是(SHI)　星宇(Nb)　的(DE)　倍(Na)　以(P)　長榮(Nb)　發(VD)　月(Na)　為準(VI),[]
星宇只能發月,星宇(Na)　只(Da)　能(D)　發(VC)　月(Na),[]
我以為是員工,我(Nh)　以為(VE)　是(SHI)　員工(Na),[]
原來是恐嚇要保護費的,原來(D)　是(SHI)　恐嚇(VF)　要(VC)　保護費(Na)　的(DE),[]
星宇強硬不意外,星宇(Na)　強硬(VH)　不(D)　意外(VK),"[{'word': '星宇', 'ner': 'ORG'}]"
根本沒有以人為本,根本(D)　沒有(D)　以(P)　人(Na)　為本(VI),[]
不管是對客戶還是員工,不管(Cbb)　是(SHI)　對(P)　客戶(Na)　還是(Caa)　員工(Na),[]
就看工會要不要罷工,就(D)　看(VC)　工會(Nc)　要不要(D)　罷工(VA),[]
絕對支持工會,絕對(D)　支持(VC)　工會(Nc),"[{'word': '工會', 'ner': 'ORG'}]"
台灣勞工真的被慣老闆吃爽爽,台灣(Nc)　勞工(Na)　真的(D)　被(P)　慣(VH)　老闆(Na)　吃(VC)　爽爽(VH),"[{'word': '台灣', 'ner': 'NORP'}]"
罷工久點,罷工(VA)　久(VH)　點(Dfb),[]
剛好省薪水,剛好(Da)　省薪水(VJ),[]
聽到了,聽到(VE)　了(Di),[]
你可以滾了星宇把堆笨蛋從長榮挖來,你(Nh)　可以(D)　滾(VA)　了(Di)　星宇(Nb)　把(P)　堆(Nf)　笨蛋(Na)　從(P)　長榮(Nb)　挖來(VC),"[{'word': '星宇', 'ner': 'PERSON'}, {'word': '長榮', 'ner': 'PERSON'}]"
先給你甜頭,先(D)　給(VD)　你(Nh)　甜頭(Na),[]
後面再苦毒你,後面(Ncd)　再(D)　苦(VH)　毒(VH)　你(Nh),[]
反正你也回不去,反正(D)　你(Nh)　也(D)　回(VA)　不(D)　去(VA),[]
跟當時紫光挖美光的人樣笑死,跟(P)　當時(Nd)　紫光(Nb)　挖(VC)　美光(Nb)　的(DE)　人(Na)　樣(Na)　笑死(VHC),[]
這些被挖的,這些(Neqa)　被(P)　挖(VC)　的(DE),[]
要自己知道啦,要(VE)　自己(Nh)　知道(VK)　啦(T),[]
過去年內拿拿要趕快找更好的,過去(Nd)　年(Nf)　內(Ng)　拿拿(VC)　要(D)　趕快(D)　找(VC)　更(D)　好(VH)　的(DE),[]
再跳才是你真正的出路,再(D)　跳(VA)　才(Da)　是(SHI)　你(Nh)　真正(A)　的(DE)　出路(Na),[]
機務不爽可以不要做,機務(Na)　不(D)　爽(VH)　可以(D)　不要(D)　做(VC),[]
反正南科設備廠機會多的是,反正(D)　南科(Nc)　設備廠(Nc)　機會(Na)　多(VH)　的(DE)　是(SHI),"[{'word': '南科', 'ner': 'ORG'}]"
其他部門,其他(Neqa)　部門(Na),[]
哈哈,哈(D)　哈(D),[]
年終個月笑死人不會改配股嗎,年終(Nd)　個(Nf)　月(Na)　笑死(VHC)　人(Na)　不會(D)　改(VC)　配股(Nv)　嗎(T),[]
只有個月,只(Da)　有(V_2)　個(Nf)　月(Na),[]
真的賺這麼少嗎,真的(D)　賺(VC)　這麼少(Neqa)　嗎(T),[]
有空姐說的後艙堆的問題人物沒地方跑,有(V_2)　空姐(Na)　說(VE)　的(DE)　後艙(Na)　堆(VC)　的(DE)　問題(Na)　人物(Na)　沒(VJ)　地方(Na)　跑(VA),[]
沒賺多少還硬要人家發神經病,沒(D)　賺(VC)　多少(Neqa)　還(D)　硬(D)　要(VE)　人家(Nh)　發(VH)　神經病(Na),[]
員工只想殺雞取卵公司有賺錢吵就算了沒賺怎發年,員工(Na)　只(Da)　想(VE)　殺雞取卵(VA)　公司(Nc)　有(V_2)　賺錢(VA)　吵(VC)　就(D)　算(VH)　了(T)　沒(D)　賺(VC)　怎(D)　發(VC)　年(Nd),[]
員工如果沒有持有公司股票哪有殺雞取卵,員工(Na)　如果(Cbb)　沒有(D)　持有(VJ)　公司(Nc)　股票(Na)　哪(Ncd)　有(D)　殺雞取卵(VA),[]
公司擴張的的好處員工完全吃不到反而被犧牲獎金大輸給同業拿去造福股東用選擇權或把員工綁上車才是正解,公司(Nc)　擴張(VHC)　的(DE)　的(DE)　好處(Na)　員工(Na)　完全(D)　吃(VC)　不(D)　到(VC)　反而(Cbb)　被(P)　犧牲(Nv)　獎金(Na)　大(VH)　輸給(VD)　同業(Na)　拿去(VC)　造福(VC)　股東(Na)　用(P)　選擇權(Na)　或(Caa)　把(P)　員工(Na)　綁上(VC)　車(Na)　才(Da)　是(SHI)　正解(Na),[]
等他賺錢沒發再來抗議啊如果今天賺錢還不發那靠北合理人家就虧錢了還靠北獎金不夠多不就想趁現在先撈錢反正未來公司成敗又不關自己的事更不用說他今天還是有發個月耶靠北年終不就是認為反正現在錢我先賺公司未來營運都不關我的事倒了我就去別家的心態嗎如果員工都這種心態那難怪公司不會賺錢啦反正都你家的事情覺得擴張沒好處那訴求的肯定不是年終個月不如去談未來如果獲利了要多少比例配給員工,等(P)　他(Nh)　賺錢(VA)　沒(D)　發(VD)　再(D)　來(D)　抗議(VE)　啊(T)　如果(Cbb)　今天(Nd)　賺錢(VA)　還(D)　不(D)　發(VD)　那(Nep)　靠(VJ)　北(Ncd)　合理(VH)　人家(Nh)　就(D)　虧錢(VH)　了(T)　還(D)　靠(VJ)　北(Ncd)　獎金(Na)　不(D)　夠(VH)　多(VH)　不(D)　就(D)　想(VE)　趁(P)　現在(Nd)　先(D)　撈錢(VC)　反正(D)　未來(Nd)　公司(Nc)　成敗(Na)　又(D)　不關(VJ)　自己(Nh)　的(DE)　事(Na)　更(D)　不用說(Dk)　他(Nh)　今天(Nd)　還是(D)　有(V_2)　發(VD)　個(Nf)　月(Na)　耶(T)　靠(P)　北(Ncd)　年終(Nd)　不(D)　就是(D)　認為(VE)　反正(D)　現在(Nd)　錢(Na)　我(Nh)　先(D)　賺(VC)　公司(Nc)　未來(Nd)　營運(VA)　都(D)　不關(VJ)　我(Nh)　的(DE)　事(Na)　倒(VC)　了(Di)　我(Nh)　就(D)　去(VCL)　別(Nes)　家(Nc)　的(DE)　心態(Na)　嗎(T)　如果(Cbb)　員工(Na)　都(D)　這(Nep)　種(Nf)　心態(Na)　那(Nep)　難怪(D)　公司(Nc)　不會(D)　賺錢(VA)　啦(T)　反正(D)　都(D)　你(Nh)　家(Nc)　的(DE)　事情(Na)　覺得(VK)　擴張(VHC)　沒(VJ)　好處(Na)　那(Nep)　訴求(Na)　的(DE)　肯定(Nv)　不(D)　是(SHI)　年終(Nd)　個(Nf)　月(Na)　不如(Cbb)　去(D)　談(VE)　未來(Nd)　如果(Cbb)　獲利(VH)　了(Di)　要(D)　多少(Neqa)　比例(Na)　配給(VD)　員工(Na),"[{'word': '今天', 'ner': 'DATE'}, {'word': '今天', 'ner': 'DATE'}]"
員工如果沒有持股不然要哪種心態,員工(Na)　如果(Cbb)　沒有(VJ)　持股(Na)　不然(Cbb)　要(D)　哪(Nep)　種(Nf)　心態(Na),[]
出來賺錢的就是利益說話,出來(VA)　賺錢(VA)　的(DE)　就(D)　是(SHI)　利益(Na)　說話(VA),[]
賺虧都領樣的公司就是潭死水,賺(Na)　虧(Na)　都(D)　領樣(VA)　的(DE)　公司(Nc)　就是(D)　潭(Na)　死水(VH),[]
更別說同業發的很好,更(D)　別(D)　說(VE)　同業(Na)　發(VH)　的(DE)　很(Dfa)　好(VH),[]
公司如果資本支出抓很大變虧損,公司(Nc)　如果(Cbb)　資本(Na)　支出(Na)　抓(VC)　很(Dfa)　大(VH)　變(VG)　虧損(Na),[]
阿到底是真的虧還是假的虧啊,阿(Nb)　到底(D)　是(SHI)　真(VH)　的(DE)　虧(Na)　還是(D)　假(VH)　的(DE)　虧(Na)　啊(T),[]
那就未來賺錢不要出來靠北公司發的少啊信不信這些人賺錢靠北少賠錢也是出來靠北少覺得我就是出來賺錢的公司好壞跟我無關那就不要賺錢了出來說發年終賠錢了也出來說發年終星宇也不是發展很久的公司創業初期誰不知道會虧講難聽不爽就真的走吧覺得同業發展的好那就趕快去其他同業吧公司財報攤開來就是這樣覺得公司發展不合你想要的那就是閃人今天老闆可不是賺錢還說我賺錢不關你事如果只想著過很賺的那段也行啊那就是先走未來再來反正只想要現在賺錢的公司在做大的資本支出的你不要你也可以賭未來如果他成長了以後還收你也可賭現在虧未來賺他會分而繼續待都是自己選擇你也可以賭這老闆就是不會成功那就是快逃進新公司不就是這樣嗎賭這間公司未來會成功怎會有初期就認為要跟同業樣猛的薪水你提的配股也是種方式啊但你要錢基本上不可能啦,那(Nep)　就(D)　未來(Nd)　賺錢(VA)　不要(D)　出來(VA)　靠(P)　北(Ncd)　公司(Nc)　發(VD)　的(DE)　少(VH)　啊(T)　信(VK)　不(D)　信(VK)　這些(Neqa)　人(Na)　賺錢(VA)　靠(P)　北少(Nb)　賠錢(VH)　也(D)　是(SHI)　出來(VA)　靠(P)　北少(Na)　覺得(VK)　我(Nh)　就是(Cbb)　出來(VA)　賺錢(VA)　的(DE)　公司(Nc)　好壞(Na)　跟(P)　我(Nh)　無關(VH)　那(Nep)　就(D)　不要(D)　賺錢(VA)　了(Di)　出來(VA)　說(VE)　發(VC)　年終(Nd)　賠錢(VH)　了(T)　也(D)　出來(VA)　說(VE)　發(VD)　年終(Nd)　星宇(Nb)　也(D)　不(D)　是(SHI)　發展(VC)　很(Dfa)　久(VH)　的(DE)　公司(Nc)　創業(VA)　初期(Nd)　誰(Nh)　不(D)　知道(VK)　會(D)　虧(VC)　講(VE)　難聽(VH)　不(D)　爽(VH)　就(D)　真的(D)　走(VA)　吧(T)　覺得(VK)　同業(Na)　發展(VC)　的(DE)　好(VH)　那(Nep)　就(D)　趕快(D)　去(D)　其他(Neqa)　同業(Na)　吧(T)　公司(Nc)　財報(Na)　攤開來(VC)　就是(Cbb)　這樣(VH)　覺得(VK)　公司(Nc)　發展(VC)　不(D)　合(VJ)　你(Nh)　想要(VE)　的(DE)　那(Nep)　就(D)　是(SHI)　閃(VA)　人(Na)　今天(Nd)　老闆(Na)　可(D)　不(D)　是(SHI)　賺錢(VA)　還(D)　說(VE)　我(Nh)　賺錢(VA)　不關(D)　你(Nh)　事(Na)　如果(Cbb)　只(Da)　想(VE)　著(Di)　過(Di)　很(Dfa)　賺(VC)　的(DE)　那(Nep)　段(Nf)　也(D)　行(VH)　啊(T)　那(Nep)　就(D)　是(SHI)　先(D)　走(VA)　未來(Nd)　再(D)　來(D)　反正(D)　只(Da)　想要(VE)　現在(Nd)　賺錢(VA)　的(DE)　公司(Nc)　在(P)　做(VC)　大(VH)　的(DE)　資本(Na)　支出(Na)　的(DE)　你(Nh)　不要(D)　你(Nh)　也(D)　可以(D)　賭(VE)　未來(Nd)　如果(Cbb)　他(Nh)　成長(VH)　了(Di)　以後(Nd)　還(D)　收(VC)　你(Nh)　也(D)　可(D)　賭(VE)　現在(Nd)　虧(VC)　未來(Nd)　賺(VA)　他(Nh)　會(D)　分(VC)　而(Cbb)　繼續(VF)　待(VC)　都(D)　是(SHI)　自己(Nh)　選擇(VC)　你(Nh)　也(D)　可以(D)　賭(VE)　這(Nep)　老闆(Na)　就是(D)　不會(D)　成功(VH)　那(Nep)　就(D)　是(SHI)　快(D)　逃進(VCL)　新(VH)　公司(Nc)　不(D)　就(D)　是(SHI)　這樣(VH)　嗎(T)　賭(VE)　這(Nep)　間(Nf)　公司(Nc)　未來(Nd)　會(D)　成功(VH)　怎會(D)　有(V_2)　初期(Nd)　就(D)　認為(VE)　要(D)　跟(P)　同業(Na)　樣(Ng)　猛(VH)　的(DE)　薪水(Na)　你(Nh)　提(VE)　的(DE)　配股(VD)　也(D)　是(SHI)　種(Nf)　方式(Na)　啊(T)　但(Cbb)　你(Nh)　要(D)　錢(Na)　基本(Na)　上(Ng)　不可能(D)　啦(T),"[{'word': '星宇', 'ner': 'ORG'}]"
沒賺錢還要老闆加發年終,沒(D)　賺錢(VA)　還(Dfa)　要(VE)　老闆(Na)　加發(VD)　年終(Nd),[]
不爽跳巢就好了,不(D)　爽(VH)　跳巢(VA)　就(D)　好(VH)　了(T),[]
沒本事才搞這攤張國煒也不是不工作花天酒地擺爛,沒(VJ)　本事(Na)　才(Da)　搞(VC)　這(Nep)　攤(Nf)　張國煒(Nb)　也(D)　不(D)　是(SHI)　不(D)　工作(VA)　花天酒地(VA)　擺爛(VC),"[{'word': '張國煒', 'ner': 'PERSON'}]"
看不出他很努力了嗎,看(VE)　不(D)　出(VE)　他(Nh)　很(Dfa)　努力(VH)　了(T)　嗎(T),[]
體量就那樣,體量(Na)　就(D)　那樣(VH),[]
真要耗,真(D)　要(D)　耗(VJ),[]
就看誰撐得住吧,就(D)　看(VE)　誰(Nh)　撐(VH)　得(DE)　住(VC)　吧(T),[]
當初長榮好幾個帶頭罷工的跳去星宇就知道遲早會發生的事情了,當初(Nd)　長榮(Nb)　好幾(Neu)　個(Nf)　帶頭(VA)　罷工(VA)　的(DE)　跳(VA)　去(VCL)　星宇(Nb)　就(D)　知道(VK)　遲早(D)　會(D)　發生(VJ)　的(DE)　事情(Na)　了(T),"[{'word': '長榮', 'ner': 'PERSON'}, {'word': '星宇', 'ner': 'ORG'}]"
不買飛機怎麼增加營收,不(D)　買(VC)　飛機(Na)　怎麼(D)　增加(VHC)　營收(Na),[]
上面堆開公司定倒閉的咖小,上面(Ncd)　堆開(VC)　公司(Nc)　定(VC)　倒閉(VH)　的(DE)　咖(Na)　小(VH),[]
講得好像在同間公司會待輩子,講(VE)　得(DE)　好像(D)　在(P)　同(Nes)　間(Nf)　公司(Nc)　會(D)　待(VC)　輩子(Na),[]
先別說春節罷工這個有點太趕了,先(D)　別(D)　說(VE)　春節(Nd)　罷工(VA)　這(Nep)　個(Nf)　有點(Dfa)　太(Dfa)　趕(VH)　了(Di),"[{'word': '春節', 'ner': 'DATE'}]"
要是下個月日本櫻,要是(Cbb)　下(Nes)　個(Nf)　月(Na)　日本(Nc)　櫻(Na),"[{'word': '下個月', 'ner': 'DATE'}, {'word': '日本', 'ner': 'GPE'}]"
原文標題星宇航空台中飛神戶重落地民航局組員停飛調查,原文(Na)　標題(Na)　星宇(Nb)　航空(Na)　台中(Nc)　飛(Nc)　神戶(Nc)　重(VH)　落地(VA)　民航局(Nc)　組員(Na)　停飛(VA)　調查(VE),"[{'word': '台中', 'ner': 'GPE'}, {'word': '神戶', 'ner': 'GPE'}, {'word': '民航局', 'ner': 'ORG'}]"
原文連結,原文(Na)　連結(VC),[]
黑粉大洗然後忽略某兩間機師互毆跟爆胎硬飛,黑粉(Na)　大洗(VH)　然後(D)　忽略(VJ)　某(Nes)　兩(Neu)　間(Nf)　機師(Na)　互毆(VA)　跟(Caa)　爆胎(VA)　硬(D)　飛(VA),"[{'word': '兩', 'ner': 'CARDINAL'}]"
唉不是說重視飛安嗎,唉(I)　不(D)　是(SHI)　說(VE)　重視(VJ)　飛安(Na)　嗎(T),[]
又双叒,又(D)　双(A)　叒(ETCCATEGORY),[]
重落地機師互毆爆胎硬飛不轉降,重(VH)　落地(VA)　機師(Na)　互毆(VA)　爆胎(VA)　硬(D)　飛(VA)　不(D)　轉(VAC)　降(VA),[]
台灣好像沒有間航空公司能搭,台灣(Nc)　好像(D)　沒有(VJ)　間(Nf)　航空(Na)　公司(Nc)　能(D)　搭(VC),"[{'word': '台灣', 'ner': 'GPE'}]"
現在不是都流行直接收押禁見避免串供然後才找證據嗎,現在(Nd)　不(D)　是(SHI)　都(D)　流行(VH)　直接(VH)　收押(VC)　禁見(VA)　避免(VE)　串供(VA)　然後(D)　才(Da)　找(VC)　證據(Na)　嗎(T),[]
台灣還有間,台灣(Nc)　還(D)　有間(V_2),"[{'word': '台灣', 'ner': 'GPE'}]"
要加過勞,要(D)　加(VC)　過(Di)　勞(Na),[]
過勞也在那三個其中間呀嘻嘻,過(Na)　勞(VF)　也(D)　在(P)　那(Nep)　三(Neu)　個(Nf)　其中(Nep)　間(Ncd)　呀(T)　嘻嘻(D),"[{'word': '三', 'ner': 'CARDINAL'}]"
早就說了便當副業不能擺爛咦,早(D)　就(D)　說(VE)　了(Di)　便當(Na)　副業(Na)　不能(D)　擺爛(VC)　咦(I),[]
又是你你最爛,又(D)　是(SHI)　你(Nh)　你(Nh)　最(Dfa)　爛(VH),[]
看來機師在選用上真的有點問題,看來(D)　機師(Na)　在(P)　選用(VC)　上(Ng)　真的(D)　有(V_2)　點(Nf)　問題(Na),[]
之前去新嘎坡來回都遇到重落地,之前(Nd)　去(VCL)　新嘎坡(Nc)　來回(VCL)　都(D)　遇到(VC)　重(VH)　落地(VA),"[{'word': '新嘎坡', 'ner': 'GPE'}]"
民航局硬起來了嗎,民航局(Nc)　硬(VA)　起來(Di)　了(Di)　嗎(T),"[{'word': '民航局', 'ner': 'ORG'}]"
星宇感覺還是搭長榮好了上次事情就很大了,星宇(Nb)　感覺(VK)　還是(D)　搭(VC)　長榮(Nb)　好了(T)　上(Nes)　次(Nf)　事情(Na)　就(D)　很(Dfa)　大(VH)　了(T),"[{'word': '星宇', 'ner': 'ORG'}]"
個月年終,個(Neqa)　月(Na)　年終(Nd),[]
垃圾公司,垃圾(Na)　公司(Nc),[]
年終差會影響飛安嗎,年終(Nd)　差(VH)　會(D)　影響(VC)　飛安(Na)　嗎(T),[]
驚品航空,驚品(Nb)　航空(Na),[]
這間的機師是不是都比較菜,這(Nep)　間(Nf)　的(DE)　機師(Na)　是(SHI)　不(D)　是(SHI)　都(D)　比較(Dfa)　菜(VH),[]
公關預備備,公關(Na)　預備(VF)　備(VC),[]
年終個月,年終(Nd)　個(Nf)　月(Na),[]
重落地可能是為了抓地力,重(VH)　落地(VA)　可能(D)　是(SHI)　為(P)　了(Di)　抓地力(Na),[]
不是無感落地才厲害,不(D)　是(SHI)　無(D)　感(VK)　落地(VA)　才(Da)　厲害(VH),[]
星宇快逃,星宇(Na)　快(D)　逃(VA),"[{'word': '星宇', 'ner': 'ORG'}]"
沒死傷不用調查吧,沒(VJ)　死傷(Na)　不用(D)　調查(VE)　吧(T),[]
跌落神壇,跌落(VA)　神壇(Nc),[]
給香蕉請到猴子造成的問題嗎,給(P)　香蕉(Na)　請到(VC)　猴子(Na)　造成(VG)　的(DE)　問題(Na)　嗎(T),[]
年終個月的公司,年終(Nd)　個(Nf)　月(Na)　的(DE)　公司(Nc),[]
香蕉的存骨,香蕉(Na)　的(DE)　存骨(Na),[]
駕駛年終多少,駕駛(VC)　年終(Nd)　多少(Neqa),[]
只有我覺得機師在駕駛室毆打副機師,只有(Cbb)　我(Nh)　覺得(VK)　機師(Na)　在(P)　駕駛室(Nc)　毆打(VC)　副機師(Na),[]
事後還繼續起執勤,事(Na)　後(Ng)　還(D)　繼續(VF)　起(Di)　執勤(VA),[]
比較恐怖嗎,比較(Dfa)　恐怖(VH)　嗎(T),[]
萬又在高空中打起來,萬(D)　又(D)　在(P)　高空(Nc)　中(Ncd)　打(VA)　起來(Di),[]
還好吧我坐飛機回澎湖常常彈兩次阿,還好(VH)　吧(T)　我(Nh)　坐(VA)　飛機(Na)　回(VCL)　澎湖(Nc)　常常(D)　彈(VC)　兩(Neu)　次(Nf)　阿(Nb),"[{'word': '澎湖', 'ner': 'GPE'}, {'word': '兩', 'ner': 'CARDINAL'}]"
重落地就定要查啊定是哪裡做錯,重(VH)　落地(VA)　就(D)　定(D)　要(D)　查(VE)　啊(T)　定(D)　是(SHI)　哪裡(Ncd)　做錯(VC),[]
星宇到底推不推阿搭乘方面,星宇(Na)　到底(D)　推(VC)　不(D)　推(VC)　阿(Nb)　搭乘(VC)　方面(Na),"[{'word': '星宇', 'ner': 'ORG'}]"
感覺常上新聞,感覺(VK)　常(D)　上(VCL)　新聞(Na),[]
星宇吧機票價錢時間配合得上也沒甚麼問題,星宇吧(Nb)　機票(Na)　價錢(Na)　時間(Na)　配合(VC)　得(DE)　上(VC)　也(D)　沒(VJ)　甚麼(Nep)　問題(Na),"[{'word': '星宇', 'ner': 'ORG'}]"
是重還是重,是(SHI)　重(VH)　還是(D)　重(VH),[]
年終太少,年終(Nd)　太少(VH),[]
民航局從沒有硬過,民航局(Nc)　從(D)　沒有(D)　硬(VH)　過(Di),"[{'word': '民航局', 'ner': 'ORG'}]"
等真的發生空難才會做做樣子,等(Cab)　真的(D)　發生(VJ)　空難(Na)　才(Da)　會(D)　做做(VC)　樣子(Na),[]
看留言原來重落地是最嚴重的呀驚呆了,看(VC)　留言(Na)　原來(D)　重(VH)　落地(VA)　是(SHI)　最(Dfa)　嚴重(VH)　的(DE)　呀(T)　驚呆(VH)　了(Di),[]
論飛安,論(P)　飛安(Na),[]
星宇還是比華航好,星宇(Nb)　還是(D)　比(P)　華航(Nc)　好(VH),"[{'word': '星宇', 'ner': 'ORG'}, {'word': '華航', 'ner': 'ORG'}]"
華航開始回到大園之前民航局能夠把機師駕駛艙互毆跟故障長途飛回台灣視而不見,華航(Nc)　開始(VL)　回到(VCL)　大園(Nc)　之前(Ng)　民航局(Nc)　能夠(D)　把(P)　機師(Na)　駕駛艙(Na)　互毆(VA)　跟(P)　故障(VH)　長途(A)　飛回(VCL)　台灣(Nc)　視而不見(VI),"[{'word': '華航', 'ner': 'ORG'}, {'word': '大園', 'ner': 'GPE'}, {'word': '民航局', 'ner': 'ORG'}, {'word': '台灣', 'ner': 'GPE'}]"
就知道不要對牠有任何期望了發生空難,就(D)　知道(VK)　不要(D)　對(P)　牠(Nh)　有(V_2)　任何(Neqa)　期望(VK)　了(T)　發生(VJ)　空難(Na),[]
也頂多是局長鞠躬下台,也(D)　頂多(Da)　是(SHI)　局長(Na)　鞠躬(VB)　下台(VA),[]
薪水退休金照領當年的大園,薪水(Na)　退休金(Na)　照領(VC)　當年(Nd)　的(DE)　大園(Nc),[]
明日的台灣,明日(Nd)　的(DE)　台灣(Nc),"[{'word': '明日', 'ner': 'DATE'}, {'word': '台灣', 'ner': 'GPE'}]"
這還好吧,這(Nep)　還好(VH)　吧(T),[]
飛行員在那間公司飛工作內容都差不多有能力當然會往高薪的公司跳,飛行員(Na)　在(P)　那(Nep)　間(Nf)　公司(Nc)　飛(VA)　工作(VA)　內容(Na)　都(D)　差不多(D)　有(V_2)　能力(Na)　當然(D)　會(D)　往(P)　高薪(Na)　的(DE)　公司(Nc)　跳(VA),[]
讓老闆知道便宜沒好貨,讓(VL)　老闆(Na)　知道(VK)　便宜(VH)　沒(VJ)　好(VH)　貨(Na),[]
星宇哪天沒出事再發新聞好嗎,星宇(Nb)　哪(Nep)　天(Nf)　沒(D)　出事(VH)　再(D)　發(VD)　新聞(Na)　好(VH)　嗎(T),"[{'word': '星宇', 'ner': 'ORG'}]"
還沒摔過啊到底在怕啥,還(D)　沒(D)　摔(VC)　過(Di)　啊(T)　到底(D)　在(P)　怕(VK)　啥(Nep),[]
這家重落地都是直接開除有啥好擔心啊,這(Nep)　家(Nc)　重(VH)　落地(VA)　都(D)　是(SHI)　直接(VH)　開除(VC)　有(V_2)　啥(Nep)　好(Dfa)　擔心(VK)　啊(T),[]
原來要出大事才算嚴重懂了,原來(D)　要(D)　出(VC)　大事(VH)　才(Da)　算(VG)　嚴重(VH)　懂(VK)　了(T),[]
遺產概念股勿嘴,遺產(Na)　概念股(Na)　勿嘴(VA),[]
年終個月就別太計較了,年終(Nd)　個(Nf)　月(Na)　就(D)　別(D)　太(Dfa)　計較(VK)　了(Di),[]
飛機新的還能重落地呵呵,飛機(Na)　新(VH)　的(DE)　還(D)　能(D)　重(VH)　落地(VA)　呵呵(D),[]
沒事兒繼續撒錢讓網紅業配,沒(VJ)　事兒(Na)　繼續(VF)　撒(VC)　錢(Na)　讓(VL)　網紅業(Na)　配(VA),[]
不是沒被發新聞稿的就沒事好嗎,不(D)　是(SHI)　沒(D)　被(P)　發(VD)　新聞稿(Na)　的(DE)　就(D)　沒(VJ)　事(Na)　好(VH)　嗎(T),[]
公關夠不夠力而已,公關(Na)　夠(VH)　不夠力(D)　而已(T),[]
互毆更可怕吧推阿搭三次了沒啥問題價錢稍貴但能換里程服務還行,互毆(VA)　更(Dfa)　可怕(VH)　吧(T)　推(VC)　阿搭(Nb)　三(Neu)　次(Nf)　了(T)　沒(VJ)　啥(Nep)　問題(Na)　價錢(Na)　稍(D)　貴(VH)　但(Cbb)　能(D)　換(VC)　里程(Na)　服務(VC)　還(D)　行(VH),[]
再繼續這樣下去總感覺飛安失事不再是機率問題而是時間問題家航空公司這樣經營合理嗎,再(D)　繼續(VF)　這樣(VH)　下去(Di)　總(D)　感覺(VK)　飛安(Na)　失事(VH)　不再(D)　是(SHI)　機率(Na)　問題(Na)　而是(Cbb)　時間(Na)　問題(Na)　家(Nf)　航空(Na)　公司(Nc)　這樣(VH)　經營(VC)　合理(VH)　嗎(T),[]
說實話如果有得選擇我並不會把星宇列在首選拜託改改好嗎,說(VE)　實話(Na)　如果(Cbb)　有(V_2)　得(D)　選擇(Na)　我(Nh)　並(D)　不會(D)　把(P)　星宇(Nb)　列(VC)　在(P)　首選(Na)　拜託(VC)　改改(VC)　好(VH)　嗎(T),"[{'word': '星宇', 'ner': 'PERSON'}]"
年終個月還想怎樣,年終(Nd)　個(Nf)　月(Na)　還(D)　想(VE)　怎樣(D),[]
年終個月,年終(Nd)　個(Nf)　月(Na),[]
服務就是個月態度,服務(VC)　就(D)　是(SHI)　個(Nf)　月(Na)　態度(Na),[]
堪憂啊,堪憂(VH)　啊(T),[]
飛安跟不上擴展,飛安(Na)　跟(VJ)　不(D)　上(VJ)　擴展(VC),[]
待遇跟不上同行,待遇(Na)　跟(VC)　不(D)　上(VC)　同行(Na),[]
民航局又雙標了,民航局(Nc)　又(D)　雙標(A)　了(Di),"[{'word': '民航局', 'ner': 'ORG'}]"
個月,個(Nf)　月(Na),"[{'word': '個月', 'ner': 'DATE'}]"
可怕,可怕(VH),[]
可是星宇飛很快捏,可是(Cbb)　星宇飛(Nb)　很(Dfa)　快(VH)　捏(VC),"[{'word': '星宇飛', 'ner': 'PERSON'}]"
去年跟同事去北海道搭不同班,去年(Nd)　跟(P)　同事(Na)　去(VCL)　北海道(Nc)　搭(VC)　不同班(D),"[{'word': '去年', 'ner': 'DATE'}, {'word': '北海道', 'ner': 'GPE'}]"
我同事搭早半小時的長榮回台灣,我(Nh)　同事(Na)　搭(VC)　早(VH)　半(Neqa)　小時(Na)　的(DE)　長榮(Nb)　回(VCL)　台灣(Nc),"[{'word': '半小時', 'ner': 'TIME'}, {'word': '台灣', 'ner': 'GPE'}]"
結果我們差不多時間回桃園,結果(Dk)　我們(Nh)　差不多(D)　時間(Na)　回(VCL)　桃園(Nc),"[{'word': '桃園', 'ner': 'GPE'}]"
星宇敲快的,星宇(Na)　敲(VC)　快(VH)　的(DE),"[{'word': '星宇', 'ner': 'ORG'}]"
讚讚,讚讚(VE),[]
五天才有新聞喔,五(Neu)　天(Nf)　才(Da)　有(V_2)　新聞(Na)　喔(T),"[{'word': '五天', 'ner': 'DATE'}]"
機師互毆硬飛不轉降注重飛安驚呆了,機師(Na)　互毆(VA)　硬(D)　飛(VA)　不(D)　轉(VA)　降(VC)　注重(VJ)　飛安(Na)　驚呆(VH)　了(Di),[]
只給個月年終,只(Da)　給(VD)　個(Nf)　月(Na)　年終(Nd),[]
寧願坐長榮華航給個月哈哈,寧願(VK)　坐(VA)　長榮(Nb)　華航(Nc)　給(VD)　個(Nf)　月(Na)　哈哈(D),"[{'word': '長榮華航', 'ner': 'ORG'}]"
寧願搭長榮,寧願(VK)　搭(VC)　長榮(Nb),[]
技術穩多了,技術(Na)　穩(VH)　多(VH)　了(Di),[]
長榮不是有酒駕嗎,長榮(Nb)　不(D)　是(SHI)　有(V_2)　酒駕(Na)　嗎(T),"[{'word': '長榮', 'ner': 'PRODUCT'}]"
呵呵,呵呵(D),[]
長榮強的是選人的時候有挑面相,長榮(Nb)　強(VH)　的(DE)　是(SHI)　選(VC)　人(Na)　的(DE)　時候(Na)　有(V_2)　挑(VC)　面(Na)　相(D),[]
之前搭去沖繩,之前(Nd)　搭(VC)　去(VCL)　沖繩(Nc),"[{'word': '沖繩', 'ner': 'GPE'}]"
真的落地時蠻驚險的,真的(D)　落地(VA)　時(Ng)　蠻(Dfa)　驚險(VH)　的(T),[]
之前搭乘華航或者長榮,之前(Nd)　搭乘(VC)　華航(Nc)　或者(Caa)　長榮(Nb),"[{'word': '華航', 'ner': 'ORG'}, {'word': '長榮', 'ner': 'ORG'}]"
及其他外國航空,及(Caa)　其他(Neqa)　外國(Nc)　航空(Na),[]
都不曾這樣降落,都(D)　不(D)　曾(D)　這樣(VH)　降落(VA),[]
這間問題超級多不知道堆人是在蝦捧什麼,這(Nep)　間(Nf)　問題(Na)　超級(D)　多(D)　不(D)　知道(VK)　堆(Nf)　人(Na)　是(SHI)　在(P)　蝦(Na)　捧(VC)　什麼(Nep),[]
每次搭星宇都覺得他們機師不太會開飛機起飛降落都可以弄的很不舒服不知道是怎樣,每(Nes)　次(Nf)　搭(VC)　星宇(Nb)　都(D)　覺得(VK)　他們(Nh)　機師(Na)　不(D)　太(Dfa)　會(D)　開(VC)　飛機(Na)　起飛(VA)　降落(VA)　都(D)　可以(D)　弄(VC)　的(DE)　很(Dfa)　不(D)　舒服(VH)　不(D)　知道(VK)　是(SHI)　怎樣(D),"[{'word': '星宇', 'ner': 'ORG'}]"
涼了,涼(VH)　了(T),[]
還是搭國泰就好嘻嘻,還是(D)　搭(VC)　國泰(Nb)　就(D)　好(VH)　嘻嘻(D),[]
台灣沒家能搭的,台灣(Nc)　沒(VJ)　家(Nc)　能(D)　搭(VC)　的(DE),"[{'word': '台灣', 'ner': 'GPE'}]"
強風真的難為啦只能說倒霉,強風(Na)　真的(D)　難為(VH)　啦(T)　只(Da)　能(D)　說(VE)　倒霉(VH),[]
推國泰,推(VC)　國泰(Nb),"[{'word': '推國泰', 'ner': 'PERSON'}]"
便宜安全服務好,便宜(VH)　安全(VH)　服務(VC)　好(VH),[]
每每看到這種文,每每(D)　看到(VE)　這(Nep)　種(Nf)　文(Na),[]
就覺得某些人的屁股比儀器還厲害,就(D)　覺得(VK)　某些(Neqa)　人(Na)　的(DE)　屁股(Na)　比(P)　儀器(Na)　還(Dfa)　厲害(VH),[]
股價也重落地,股價(Na)　也(D)　重(D)　落地(VA),[]
星粉就愛這味啊吹起來,星粉(Na)　就(D)　愛(VL)　這(Nep)　味(Na)　啊(I)　吹(VC)　起來(Di),[]
笑死好像別人家都沒強風問題怎麼每次都這家,笑死(VHC)　好像(D)　別人家(Nh)　都(D)　沒(VJ)　強風(Na)　問題(Na)　怎麼(D)　每(Nes)　次(Nf)　都(D)　這(Nep)　家(Nc),[]
笑死有狗叫,笑死(VHC)　有(V_2)　狗(Na)　叫(VE),[]
搭過體感不錯阿,搭(VC)　過(Di)　體感(Na)　不錯(VH)　阿(T),[]
怎麼評價像是廉價航空樣,怎麼(D)　評價(VC)　像(SHI)　是(SHI)　廉價(VH)　航空(Na)　樣(Na),[]
體驗很好,體驗(VC)　很(Dfa)　好(VH),[]
有人為黑而黑,有(V_2)　人(Na)　為(P)　黑(VH)　而(Caa)　黑(VH),[]
有仇嗎,有(V_2)　仇(Na)　嗎(T),[]
老闆很摳,老闆(Na)　很(Dfa)　摳(VC),[]
爆胎那個還把戳爆,爆胎(VA)　那(Nep)　個(Nf)　還(D)　把(P)　戳爆(VC),[]
這更嚴重,這(Nep)　更(Dfa)　嚴重(VH),[]
星宇股票都清掉了借卷太高,星宇(Nb)　股票(Na)　都(D)　清掉(VC)　了(Di)　借(Na)　卷(Na)　太(Dfa)　高(VH),"[{'word': '星宇', 'ner': 'ORG'}]"
原文標題,原文(Na)　標題(Na),[]
星宇員工不滿年終僅個月張國煒聽到了請大家諒解,星宇(Nb)　員工(Na)　不滿(VK)　年終(Nd)　僅(Da)　個(Nf)　月(Na)　張國煒(Nb)　聽到(VE)　了(Di)　請(VF)　大家(Nh)　諒解(VK),"[{'word': '星宇', 'ner': 'ORG'}, {'word': '張國煒', 'ner': 'PERSON'}]"
請勿刪減原文標題,請(VF)　勿(D)　刪減(VC)　原文(Na)　標題(Na),[]
原文連結,原文(Na)　連結(VC),[]
請以原文網頁報紙之發布時間為準,請(VF)　以(P)　原文(Na)　網頁(Na)　報紙(Na)　之(DE)　發布(VE)　時間(Na)　為準(VI),[]
記者署名周湘芸,記者(Na)　署名(VC)　周湘芸(Nb),"[{'word': '周湘芸', 'ner': 'PERSON'}]"
原文無記載者得留空,原文(Na)　無(VJ)　記載(VC)　者(Na)　得(D)　留空(VC),[]
原文內容,原文(Na)　內容(Na),[]
記者周湘芸台北報導,記者(Na)　周湘芸(Nb)　台北(Nc)　報導(VE),"[{'word': '周湘芸', 'ner': 'PERSON'}, {'word': '台北', 'ner': 'GPE'}]"
星宇航空日前公布,星宇(Nb)　航空(Na)　日前(Nd)　公布(VE),"[{'word': '星宇航空', 'ner': 'ORG'}]"
今年年終獎金個月,今年(Nd)　年終(Nd)　獎金(Na)　個(Nf)　月(Na),[]
引發內部員工不滿,引發(VC)　內部(Ncd)　員工(Na)　不滿(VK),[]
董事長張國煒今天駕駛全,董事長(Na)　張國煒(Nb)　今天(Nd)　駕駛(VC)　全(Neqa),"[{'word': '張國煒', 'ner': 'PERSON'}, {'word': '今天', 'ner': 'DATE'}]"
台首架廣體機飛抵台灣,台(Nc)　首(Nes)　架(Nf)　廣體機(Na)　飛抵(VCL)　台灣(Nc),"[{'word': '台', 'ner': 'GPE'}, {'word': '台灣', 'ner': 'GPE'}]"
他受訪表示,他(Nh)　受(P)　訪(VC)　表示(VE),[]
去年開始籌備架新機人力,去年(Nd)　開始(VL)　籌備(VC)　架(VC)　新機(Na)　人力(Na),"[{'word': '去年', 'ner': 'DATE'}]"
成本壓力,成本(Na)　壓力(Na),[]
非常大,非常(Dfa)　大(VH),[]
希望大家體諒,希望(VK)　大家(Nh)　體諒(VK),[]
星宇航空今年迎來交機潮,星宇(Nb)　航空(Na)　今年(Nd)　迎來(VC)　交機潮(Na),"[{'word': '星宇航空', 'ner': 'ORG'}, {'word': '今年', 'ner': 'DATE'}]"
今天率先迎來首架抵台,今天(Nd)　率先(D)　迎來(VC)　首(Nes)　架(Nf)　抵(VCL)　台(Nc),"[{'word': '今天', 'ner': 'DATE'}, {'word': '台', 'ner': 'GPE'}]"
但日前有員工對於年終獎,但(Cbb)　日前(Nd)　有(V_2)　員工(Na)　對於(P)　年終獎(Na),[]
金個月表達不滿,金個月(Nb)　表達(VC)　不滿(VK),"[{'word': '金個月', 'ner': 'PERSON'}]"
張國煒今駕新機抵達受訪坦言,張國煒(Nb)　今(Nd)　駕(VC)　新機(Na)　抵達(VCL)　受(P)　訪(VC)　坦言(VE),"[{'word': '張國煒', 'ner': 'PERSON'}]"
員工對於年終有點不滿意,員工(Na)　對於(P)　年終(Nd)　有點(Dfa)　不(D)　滿意(VK),[]
但希望大,但(Cbb)　希望(VK)　大(VH),[]
家體諒,家(Nc)　體諒(VK),[]
星宇航空去年為了籌備架新機,星宇(Nb)　航空(Na)　去年(Nd)　為了(P)　籌備(VC)　架(VC)　新機(Na),"[{'word': '星宇航空', 'ner': 'ORG'}]"
包括地勤空服,包括(VK)　地勤(Na)　空服(Na),[]
還有各部門人力都增加,還(D)　有(V_2)　各(Nes)　部門(Na)　人力(Na)　都(D)　增加(VHC),[]
以費用相對拉高,以(P)　費用(Na)　相對(VH)　拉高(VC),[]
張國煒也表示,張國煒(Nb)　也(D)　表示(VE),"[{'word': '張國煒', 'ner': 'PERSON'}]"
今年預計交付架新機,今年(Nd)　預計(VE)　交付(VD)　架(Nf)　新機(Na),"[{'word': '今年', 'ner': 'DATE'}]"
算是國內首次年之內交這麼多架飛機,算是(VG)　國內(Nc)　首(Nes)　次(Nf)　年(Nf)　之內(Ng)　交(VD)　這麼多(Neqa)　架(Nf)　飛機(Na),[]
是非常,是(SHI)　非常(Dfa),[]
大的挑戰,大(VH)　的(DE)　挑戰(Na),[]
無論是飛行員空服員訓練都從去年就開始,無論(Cbb)　是(SHI)　飛行員(Na)　空服員(Na)　訓練(Na)　都(D)　從(P)　去年(Nd)　就(D)　開始(VL),"[{'word': '去年', 'ner': 'DATE'}]"
所以去年成本壓力非常大,所以(Cbb)　去年(Nd)　成本(Na)　壓力(Na)　非常(Dfa)　大(VH),"[{'word': '去年', 'ner': 'DATE'}]"
星宇航空首架廣體客機,星宇(Nb)　航空(Na)　首(Nes)　架(Nf)　廣體(VH)　客機(Na),"[{'word': '星宇航空', 'ner': 'ORG'}]"
於法國土魯斯時間日下午由張國煒親自駕駛啟程,於(P)　法國(Nc)　土魯斯(Nb)　時間(Na)　日(Nd)　下午(Nd)　由(P)　張國煒(Nb)　親自(D)　駕駛(VC)　啟程(VA),"[{'word': '法國', 'ner': 'GPE'}, {'word': '日下午', 'ner': 'TIME'}, {'word': '張國煒', 'ner': 'PERSON'}]"
於台灣時間今天上午時分降落桃園國際機場,於(P)　台灣(Nc)　時間(Na)　今天(Nd)　上午(Nd)　時分(Na)　降落(VA)　桃園(Nc)　國際(Nc)　機場(Nc),"[{'word': '台灣', 'ner': 'GPE'}, {'word': '今天上午時分', 'ner': 'TIME'}, {'word': '桃園國際機場', 'ner': 'FAC'}]"
張國煒也說,張國煒(Nb)　也(D)　說(VE),"[{'word': '張國煒', 'ner': 'PERSON'}]"
首架預計個月,首(Nes)　架(Nf)　預計(VE)　個(Nf)　月(Na),"[{'word': '個月', 'ner': 'DATE'}]"
內完成手續,內(Ncd)　完成(VC)　手續(Na),[]
農曆過年前會投入日本線,農曆(Na)　過年(VA)　前(Ng)　會(D)　投入(VC)　日本線(Na),"[{'word': '農曆過年前', 'ner': 'DATE'}, {'word': '日本', 'ner': 'GPE'}]"
初期應該是東京航線,初期(Nd)　應該(D)　是(SHI)　東京(Nc)　航線(Na),"[{'word': '東京', 'ner': 'GPE'}]"
星宇航空表示,星宇(Nb)　航空(Na)　表示(VE),"[{'word': '星宇航空', 'ner': 'ORG'}]"
不僅是星宇航空機隊現階段最大型的廣體客機,不僅(Cbb)　是(SHI)　星宇(Nb)　航空(Na)　機隊(Na)　現階段(Nd)　最(Dfa)　大型(A)　的(DE)　廣體(VH)　客機(Na),"[{'word': '星宇航空機隊', 'ner': 'ORG'}]"
也是目前,也(D)　是(SHI)　目前(Nd),[]
機型中最大的型號,機型(Na)　中(Ng)　最(Dfa)　大(VH)　的(DE)　型號(Na),[]
不同於以往經典塗裝,不同於(VJ)　以往(Nd)　經典(Na)　塗裝(VC),[]
採用全新特殊塗裝,採用(VC)　全新(VH)　特殊(VH)　塗裝(VC),[]
融合採用碳纖,融合(VC)　採用(VC)　碳纖(Na),[]
維複合材的概念,維(Na)　複合材(Na)　的(DE)　概念(Na),[]
最遠可直飛,最(Dfa)　遠(VH)　可(D)　直飛(VCL),[]
公里,公里(Nf),[]
共設置四艙等配置,共(Da)　設置(VC)　四(Neu)　艙等(Na)　配置(VC),"[{'word': '四', 'ner': 'CARDINAL'}]"
包含席頭等艙席商,包含(VJ)　席(Nc)　頭等艙(Na)　席(Na)　商(Na),[]
務艙席豪華經濟艙席經濟艙,務艙席(Nc)　豪華(VH)　經濟艙席(Na)　經濟艙(Na),[]
共個座位,共(Da)　個(Nf)　座位(Na),[]
心得評論,心得(Na)　評論(VC),[]
星宇餐點服務都是最頂的,星宇(Na)　餐點(Na)　服務(VC)　都(D)　是(SHI)　最(Dfa)　頂(Ncd)　的(DE),"[{'word': '星宇', 'ner': 'ORG'}]"
如果員工福利無法提升,如果(Cbb)　員工(Na)　福利(Na)　無法(D)　提升(VC),[]
那怎麼保證服務品質不下降,那(Nep)　怎麼(D)　保證(VE)　服務(Nv)　品質(Na)　不(D)　下降(VA),[]
希望董不要只會共體時艱,希望(VK)　董(Nb)　不要(D)　只(Da)　會(D)　共體時艱(VA),[]
買新飛機,買(VC)　新(VH)　飛機(Na),[]
員工才是最重要的,員工(Na)　才(Da)　是(SHI)　最(Dfa)　重要(VH)　的(DE),[]
必需填寫滿正體中文字,必需(D)　填寫(VC)　滿(Neqa)　正體(Na)　中文字(Na),"[{'word': '中文字', 'ner': 'LANGUAGE'}]"
無意義者板規處分,無意義(VH)　者(Na)　板規(Na)　處分(Na),[]
準備跳槽吧,準備(VF)　跳槽(VA)　吧(T),[]
看起來股東定很慘,看起來(D)　股東(Na)　定(VC)　很(Dfa)　慘(VH),[]
聽到了也沒用慘,聽到(VE)　了(Di)　也(D)　沒用(VH)　慘(VH),[]
買飛機比買跑車好多了吧,買(VC)　飛機(Na)　比(P)　買(VC)　跑車(Na)　好(VH)　多(Neqb)　了(T)　吧(T),[]
買飛機折舊本來就很驚人,買(VC)　飛機(Na)　折舊(VH)　本來(D)　就(D)　很(Dfa)　驚人(VH),[]
香蕉站出來百萬星宇股東站出來,香蕉(Na)　站(VA)　出來(VA)　百萬(Neu)　星宇(Nb)　股東(Na)　站出來(VA),"[{'word': '百萬', 'ner': 'CARDINAL'}]"
我們連個月都沒有哭,我們(Nh)　連(Cbb)　個(Nf)　月(Na)　都(D)　沒有(D)　哭(VA),"[{'word': '個月', 'ner': 'DATE'}]"
員工哪屌你買新飛機,員工(Na)　哪(Nep)　屌(FW)　你(Nh)　買(VC)　新(VH)　飛機(Na),[]
好的,好(VH)　的(DE),[]
共體時艱,共體時艱(VA),[]
等他發四個月那年再去搭,等(P)　他(Nh)　發(VD)　四(Neu)　個(Nf)　月(Na)　那(Nep)　年(Nf)　再(D)　去(D)　搭(VC),"[{'word': '四個月', 'ner': 'DATE'}]"
不然我怕怕,不然(Cbb)　我(Nh)　怕怕(VH),[]
聽到了不介入,聽到(VE)　了(Di)　不(D)　介入(VC),[]
跳槽梅花或伊娃更血淚,跳槽(VA)　梅花(Na)　或(Caa)　伊娃(Nb)　更(Dfa)　血淚(Na),[]
還常常要搞抗爭,還(D)　常常(D)　要(D)　搞(VC)　抗爭(Na),[]
反正排隊加入的多的是,反正(D)　排隊(VA)　加入(VC)　的(DE)　多(VH)　的(DE)　是(SHI),[]
機師沒跑都沒差,機師(Na)　沒(D)　跑(VA)　都(D)　沒(D)　差(VH),[]
不爽可以去長榮唷笑你不敢,不(D)　爽(VH)　可以(D)　去(VCL)　長榮(Nb)　唷(T)　笑(VC)　你(Nh)　不(D)　敢(VL),[]
聽到了,聽到(VE)　了(Di),[]
沒有然後了,沒有(D)　然後(D)　了(T),[]
哈哈哈哈哈,哈(D)　哈(D)　哈(D)　哈(D)　哈(D),[]
剛成立的航空哪有可能開始就可以發那麼多,剛(D)　成立(VC)　的(DE)　航空(Na)　哪(Ncd)　有(V_2)　可能(D)　開始(VH)　就(D)　可以(D)　發(VC)　那麼多(Neqa),[]
幸運兒的精子,幸運兒(Na)　的(DE)　精子(Na),[]
硬體好服務差不意外,硬體(Na)　好(VH)　服務(VC)　差(VH)　不(D)　意外(VK),[]
聽到了因為我有耳朵,聽到(VE)　了(Di)　因為(Cbb)　我(Nh)　有(V_2)　耳朵(Na),[]
個月都嫌不夠惹個月咧,個(Nf)　月(Na)　都(D)　嫌(VK)　不(D)　夠(VH)　惹(VC)　個(Nf)　月(Na)　咧(T),"[{'word': '個月', 'ner': 'DATE'}]"
什麼都要好的當錢從天上掉下來,什麼(Nep)　都(D)　要好(D)　的(DE)　當(P)　錢(Na)　從(P)　天(Nc)　上(Ncd)　掉下來(VA),[]
升官發財,升官(VH)　發財(VH),[]
請走別間,請(VF)　走(VA)　別間(Nc),[]
老闆慣用台詞共體時艱然後飛機架架買,老闆(Na)　慣用(VC)　台詞(Na)　共體時艱(VA)　然後(D)　飛機(Na)　架架(Neqa)　買(VC),[]
不愧是董,不愧(D)　是(SHI)　董(Nb),[]
大家起共體時艱喔,大家(Nh)　起(Ng)　共體時艱(VA)　喔(I),[]
然後我再把省下來的錢拿去玩小三住豪宅買跑車,然後(D)　我(Nh)　再(D)　把(P)　省下來(VI)　的(DE)　錢(Na)　拿去(VC)　玩(VC)　小三(Nb)　住(VCL)　豪宅(Na)　買(VC)　跑車(Na),[]
他有缺錢,他(Nh)　有(V_2)　缺(VJ)　錢(Na),[]
問得就是共體時艱,問(VE)　得(DE)　就(D)　是(SHI)　共體時艱(VA),[]
香蕉趕快站出來噴這些員工力挺董,香蕉(Na)　趕快(D)　站出來(VA)　噴(VC)　這些(Neqa)　員工(Na)　力挺(VC)　董(Nb),[]
要跟其他家航空公司比,要(D)　跟(P)　其他(Neqa)　家(Nf)　航空(Na)　公司(Nc)　比(VC),[]
公司擴張規模跟員工有啥關西慣老闆,公司(Nc)　擴張(VHC)　規模(Na)　跟(P)　員工(Na)　有(V_2)　啥(Nep)　關西(Nc)　慣(VH)　老闆(Na),[]
笑死聽到了請大家諒解,笑死(VHC)　聽到(VE)　了(Di)　請(VF)　大家(Nh)　諒解(VK),[]
聽到了謝謝指教,聽到(VE)　了(Di)　謝謝(VJ)　指教(VA),[]
去年買,去年(Nd)　買(VC),"[{'word': '去年', 'ner': 'DATE'}]"
今年如果有賺錢應該會大發特發吧,今年(Nd)　如果(Cbb)　有(V_2)　賺錢(VA)　應該(D)　會(D)　大發特發(VH)　吧(T),"[{'word': '今年', 'ner': 'DATE'}]"
哈對股東負責,哈(Nb)　對(P)　股東(Na)　負責(VL),[]
今年本來就是公司擴張階段的深蹲,今年(Nd)　本來(D)　就(D)　是(SHI)　公司(Nc)　擴張(VHC)　階段(Na)　的(DE)　深蹲(VA),"[{'word': '今年', 'ner': 'DATE'}]"
當然沒現金發獎金更正去年,當然(D)　沒(VJ)　現金(Na)　發(VD)　獎金(Na)　更正(VC)　去年(Nd),"[{'word': '去年', 'ner': 'DATE'}]"
哈哈哈哈哈哈,哈哈(D)　哈哈(D)　哈哈(D),[]
知道了,知道(VK)　了(T),[]
是聽到了但沒有要調高,是(SHI)　聽到(VE)　了(Di)　但(Cbb)　沒有(D)　要(D)　調高(VC),[]
公司擴張不屌員工福利靠背,公司(Nc)　擴張(VHC)　不(D)　屌(FW)　員工(Na)　福利(Na)　靠(VJ)　背(Na),[]
那以後虧錢不發,那(Dk)　以後(Nd)　虧錢(VH)　不(D)　發(VD),[]
賺錢也拿去擴張也不發,賺錢(VA)　也(D)　拿去(VC)　擴張(VHC)　也(D)　不(D)　發(VH),[]
就沒錢發也不能怎樣,就(D)　沒(VJ)　錢(Na)　發(VD)　也(D)　不能(D)　怎樣(D),[]
就沒賺錢不然能怎辦,就(D)　沒(D)　賺錢(VA)　不然(Cbb)　能(D)　怎(D)　辦(VC),[]
比零簽三萬好,比(P)　零簽(Neu)　三萬(Neu)　好(VH),"[{'word': '零', 'ner': 'CARDINAL'}, {'word': '三萬', 'ner': 'CARDINAL'}]"
香蕉爽翻,香蕉(Na)　爽(VH)　翻(VC),[]
聽到了請見諒,聽到(VE)　了(Di)　請(VF)　見諒(VA),[]
共體時艱啊你各位,共體時艱(VA)　啊(T)　你(Nh)　各位(Nh),[]
不要愛買又愛哭,不要(D)　愛(VL)　買(VC)　又(D)　愛(VL)　哭(VA),[]
下篇香蕉把華邦電賣掉補貼星宇員工,下(Nes)　篇(Nf)　香蕉(Na)　把(P)　華邦電(Nb)　賣掉(VC)　補貼(Na)　星宇(Nb)　員工(Na),"[{'word': '華邦電', 'ner': 'ORG'}, {'word': '星宇', 'ner': 'ORG'}]"
寶雅也樣啦,寶雅(Nb)　也樣(D)　啦(T),"[{'word': '寶雅', 'ner': 'PERSON'}]"
關心但不介入聽到但不加錢,關心(VK)　但(Cbb)　不(D)　介入(VC)　聽到(VE)　但(Cbb)　不(D)　加錢(VC),[]
共體時艱哈哈哈,共體時艱(VA)　哈(D)　哈(D)　哈(D),[]
餐點服務並沒有最頂,餐點(Na)　服務(Nv)　並(D)　沒有(VJ)　最(Dfa)　頂(Ncd),[]
問就是共體時艱,問(VE)　就(D)　是(SHI)　共體時艱(VA),[]
開員工持股留人,開(VC)　員工(Na)　持股(Na)　留(VC)　人(Na),[]
我們家董對股東們最好了,我們(Nh)　家董(Nb)　對(P)　股東(Na)　們(Na)　最(VH)　好(VH)　了(T),[]
都這樣了還不讓股東虧到,都(D)　這樣(VH)　了(Di)　還(D)　不(D)　讓(VL)　股東(Na)　虧(VC)　到(P),[]
值得支持,值得(VH)　支持(VC),[]
花太多錢行銷了,花(VC)　太多(Neqa)　錢(Na)　行銷(VCL)　了(Di),[]
還不跳槽這麼爛還不走老闆看你沒有更不會加錢,還(D)　不(D)　跳槽(VA)　這麼(Dfa)　爛(VH)　還(D)　不(D)　走(VA)　老闆(Na)　看(VC)　你(Nh)　沒有(D)　更(Dfa)　不會(D)　加(VC)　錢(Na),[]
如果這家還能存活,如果(Cbb)　這(Nep)　家(Nc)　還(D)　能(D)　存活(VH),[]
我考慮過去面試,我(Nh)　考慮(VE)　過去(Nd)　面試(VC),[]
共體時艱,共體時艱(VA),[]
沒那屁股吃瀉藥的概念,沒(VJ)　那(Nep)　屁股(Na)　吃(VC)　瀉藥(Na)　的(DE)　概念(Na),[]
聽到了干我屁事,聽到(VE)　了(Di)　干(VC)　我(Nh)　屁事(Na),[]
不爽也回不去長榮了哈哈,不(D)　爽(VH)　也(D)　回(VA)　不(D)　去(VCL)　長榮(Nb)　了(T)　哈(D)　哈(D),[]
股東很開心,股東(Na)　很(Dfa)　開心(VH),[]
通通拿去買飛機,通通(D)　拿去(VC)　買(VC)　飛機(Na),[]
創業為艱啊,創業(VA)　為(VG)　艱(VH)　啊(T),[]
要擴編就是燒錢,要(D)　擴編(VC)　就(D)　是(SHI)　燒錢(VA),[]
而且門外還有長榮等著打頭,而且(Cbb)　門(Na)　外(Ncd)　還(D)　有(V_2)　長榮(Nb)　等(VC)　著(Di)　打頭(VA),[]
員工領個月股東也共體時艱沒股利,員工(Na)　領(VC)　個(Nf)　月(Na)　股東(Na)　也(D)　共體時艱(VA)　沒(VJ)　股利(Na),"[{'word': '個月', 'ner': 'DATE'}]"
董事長都下去飛了還真的是共體時艱,董事長(Na)　都(D)　下去(VA)　飛(VA)　了(Di)　還(D)　真的(D)　是(SHI)　共體時艱(VA),[]
聽到了請共體時艱不高興可以離開沒關係謝謝指教,聽到(VE)　了(Di)　請(VF)　共體時艱(VA)　不(D)　高興(VK)　可以(D)　離開(VC)　沒關係(VH)　謝謝(VJ)　指教(VA),[]
政聽到了,政(Na)　聽到(VE)　了(Di),[]
星宇股價可能還要陣子才有起色,星宇(Nb)　股價(Na)　可能(D)　還(D)　要(D)　陣子(Nd)　才(Da)　有起色(VH),"[{'word': '星宇', 'ner': 'ORG'}]"
買飛機比買跑車好吧,買(VC)　飛機(Na)　比(P)　買(VC)　跑車(Na)　好(VH)　吧(T),[]
星宇員工平時優越感爆棚看到年終笑不出來了,星宇(Nb)　員工(Na)　平時(Nd)　優越感(Na)　爆棚(Na)　看到(VE)　年終(Nd)　笑(VA)　不(D)　出來(VA)　了(Di),"[{'word': '星宇', 'ner': 'ORG'}]"
不喜歡可以離開星宇,不(D)　喜歡(VK)　可以(D)　離開(VC)　星宇(Na),[]
用錢買的是傭兵,用(P)　錢(Na)　買(VC)　的(DE)　是(SHI)　傭兵(Na),[]
不過去日本我還是蠻愛搭星宇的,不過(Cbb)　去(VCL)　日本(Nc)　我(Nh)　還是(D)　蠻(Dfa)　愛(VL)　搭(VC)　星宇(Nb)　的(T),"[{'word': '日本', 'ner': 'GPE'}]"
爽買新飛機員工福利乾我闢事,爽(VH)　買(VC)　新(VH)　飛機(Na)　員工(Na)　福利(Na)　乾(VH)　我(Nh)　闢事(VA),[]
營收就那樣年終是能有多少,營收(Na)　就(D)　那樣(VH)　年終(Nd)　是(SHI)　能(D)　有(V_2)　多少(Neqa),[]
不買飛機不長久經營你是想做年還是兩年,不(D)　買(VC)　飛機(Na)　不(D)　長久(VH)　經營(VC)　你(Nh)　是(SHI)　想(VE)　做(VC)　年(Nf)　還是(Caa)　兩(Neu)　年(Nf),"[{'word': '兩年', 'ner': 'DATE'}]"
無知又貪婪,無知(VH)　又(Caa)　貪婪(VH),[]
相信董年終就懂,相信(VK)　董(Nb)　年終(Nd)　就(D)　懂(VK),"[{'word': '董年終', 'ner': 'PERSON'}]"
本來就是純純的靠爸仔啊拿老爸祖產來燒的這咖堆人推才真的是莫名其妙,本來(D)　就是(Cbb)　純純(VH)　的(DE)　靠(VJ)　爸仔(Na)　啊(T)　拿(VC)　老爸(Na)　祖產(Na)　來(D)　燒(VC)　的(DE)　這(Nep)　咖(Na)　堆(Nf)　人(Na)　推(VC)　才(Da)　真的(D)　是(SHI)　莫名其妙(VH),[]
公司發展期本來就是這樣,公司(Nc)　發展期(Na)　本來(D)　就(D)　是(SHI)　這樣(VH),[]
堆元老都橫著走是為啥,堆(Nf)　元老(Na)　都(D)　橫(VA)　著(Di)　走(VA)　是(SHI)　為啥(D),[]
聽到了,聽到(VE)　了(Di),[]
但還是沒有要多給,但(Cbb)　還是(D)　沒有(D)　要(D)　多(D)　給(VD),[]
共體時艱共體時艱哪次不是,共體時艱(VA)　共體時艱(VA)　哪(Nep)　次(Nf)　不(D)　是(SHI),[]
聽到沒無知又貪婪有工作做不錯了還想什麼有的沒的,聽到(VE)　沒(VJ)　無知(VH)　又(Caa)　貪婪(VH)　有(V_2)　工作(Na)　做(VC)　不錯(VH)　了(Di)　還(D)　想(VE)　什麼(Nep)　有(V_2)　的(DE)　沒(VJ)　的(DE),[]
從資方觀點看,從(P)　資方(Na)　觀點(Na)　看(VE),[]
趁疫情後客源盤整復甦,趁(P)　疫情(Na)　後(Ng)　客源(Na)　盤整(VC)　復甦(VH),[]
搶佔佈局很合理,搶佔(VC)　佈局(VA)　很(Dfa)　合理(VH),[]
但員工還是人啊,但(Cbb)　員工(Na)　還(D)　是(SHI)　人(Na)　啊(T),[]
除非先說好明年發多少,除非(Cbb)　先(D)　說好(VE)　明年(Nd)　發(VD)　多少(Neqa),"[{'word': '明年', 'ner': 'DATE'}]"
不然,不然(Cbb),[]
大批廣體客機進來後的營運成本才是真正燒錢的開始,大(VH)　批(Nf)　廣體(VH)　客機(Na)　進來(VA)　後(Ng)　的(DE)　營運(Nv)　成本(Na)　才(Da)　是(SHI)　真正(D)　燒錢(VA)　的(DE)　開始(VH),[]
聽到了但也就聽到了,聽到(VE)　了(Di)　但(Cbb)　也(D)　就(D)　聽到(VE)　了(Di),[]
不爽不要做,不(D)　爽(VH)　不要(D)　做(VC),[]
聽到了請大家共體時艱,聽到(VE)　了(Di)　請(VF)　大家(Nh)　共體時艱(VA),[]
要員工共體時艱要發股票阿不然擴張對員工有屁用,要(D)　員工(Na)　共體時艱(VA)　要(D)　發(VD)　股票(Na)　阿不然(T)　擴張(VHC)　對(P)　員工(Na)　有(V_2)　屁(Na)　用(Na),[]
員工做功德,員工(Na)　做(VC)　功德(Na),[]
共體時艱的老闆看來股價要噴了,共體時艱(VA)　的(DE)　老闆(Na)　看來(D)　股價(Na)　要(D)　噴(VC)　了(Di),[]
這入職前不知道,這(Nep)　入職(VH)　前(Ng)　不(D)　知道(VK),[]
別家領個兩三年抵自己多幹年,別(Nes)　家(Nc)　領(VC)　個(Nf)　兩三(Neu)　年(Nf)　抵(VC)　自己(Nh)　多(D)　幹(VA)　年(Nf),"[{'word': '兩三年', 'ner': 'DATE'}]"
如果這個理由是真的的話,如果(Cbb)　這(Nep)　個(Nf)　理由(Na)　是(SHI)　真(VH)　的(T)　的話(Cba),[]
那十年內基本上都是個月,那(Nep)　十(Neu)　年(Nf)　內(Ng)　基本(Na)　上(Ng)　都(D)　是(SHI)　個(Nf)　月(Na),"[{'word': '十年', 'ner': 'DATE'}, {'word': '個月', 'ner': 'DATE'}]"
不滿就辭職啊,不滿(VK)　就(D)　辭職(VA)　啊(T),[]
別養壞了老闆,別(D)　養壞(VC)　了(Di)　老闆(Na),[]
朕聽到了,朕(Nh)　聽到(VE)　了(Di),[]
以後還徵得到人嗎,以後(Nd)　還(D)　徵(VJ)　得(DE)　到(VJ)　人(Na)　嗎(T),[]
好慘錢少還要被鄉民嘴無知又貪婪,好(Dfa)　慘(VH)　錢(Na)　少(VH)　還要(Dfa)　被(P)　鄉民(Na)　嘴(Na)　無知(VH)　又(Caa)　貪婪(VH),[]
想進航空業的人很多但不是每個人都進得了那幾間事實上進星宇的人要感激假設原本進不了其他的,想(VE)　進(VCL)　航空業(Na)　的(DE)　人(Na)　很多(VH)　但(Cbb)　不(D)　是(SHI)　每(Nes)　個(Nf)　人(Na)　都(D)　進得了(VCL)　那(Nep)　幾(Neu)　間(Nf)　事實(Na)　上(Ncd)　進(VCL)　星宇(Na)　的(DE)　人(Na)　要(D)　感激(VJ)　假設(Na)　原本(D)　進不了(VC)　其他(Neqa)　的(DE),[]
請你各位諒解喔,請(VF)　你(Nh)　各位(Nh)　諒解(VK)　喔(T),[]
聽到了在那叫什麼,聽到(VE)　了(Di)　在(P)　那(Ncd)　叫(VG)　什麼(Nep),[]
聽到了再買架,聽到(VE)　了(Di)　再(D)　買架(VC),[]
營業成本都還沒攤平怎麼給你發年終,營業(VA)　成本(Na)　都(D)　還(D)　沒(D)　攤平(VC)　怎麼(D)　給(VD)　你(Nh)　發(VD)　年終(Nd),[]
記得多研發下新的便當口味啊,記得(VK)　多(D)　研發下(VC)　新(VH)　的(DE)　便當(Na)　口味(Na)　啊(T),[]
攤平要幾年嘻嘻,攤平(VC)　要(D)　幾(Neu)　年(Nf)　嘻嘻(D),"[{'word': '幾年', 'ner': 'DATE'}]"
星宇空服的服務確實只值個月,星宇(Na)　空服(Na)　的(DE)　服務(VC)　確實(D)　只(Da)　值(VJ)　個(Nf)　月(Na),"[{'word': '星宇空服', 'ner': 'ORG'}, {'word': '個月', 'ner': 'DATE'}]"
理論上張應該有學習帝王管理之術,理論(Na)　上(Ng)　張(Nb)　應該(D)　有(V_2)　學習(VC)　帝王(Na)　管理(VC)　之(DE)　術(Na),[]
開始當然要篩選先叫不做事之後冷處理,開始(VH)　當然(D)　要(D)　篩選(VC)　先(D)　叫(VF)　不(D)　做(VC)　事(Na)　之後(Ng)　冷(VH)　處理(VC),[]
心為老闆打拼的好好培養不知道這套之後還能用否,心(Na)　為(P)　老闆(Na)　打拼(VA)　的(DE)　好好(D)　培養(VC)　不(D)　知道(VK)　這(Nep)　套(Nf)　之後(Ng)　還(D)　能(D)　用(VC)　否(T),[]
又來了員工才是最重要的嘻嘻不爽離職啊,又(D)　來(VA)　了(Di)　員工(Na)　才(Da)　是(SHI)　最(Dfa)　重要(VH)　的(DE)　嘻嘻(VH)　不(D)　爽(VH)　離職(VH)　啊(T),[]
反正員工永遠不用想著風險承擔,反正(D)　員工(Na)　永遠(D)　不用(D)　想(VE)　著(Di)　風險(Na)　承擔(VC),[]
超級有錢人的新玩具其他都小事,超級(A)　有錢人(Na)　的(DE)　新(VH)　玩具(Na)　其他(Neqa)　都(D)　小(VH)　事(Na),[]
明天來買星宇股票,明天(Nd)　來(D)　買(VC)　星宇(Nb)　股票(Na),"[{'word': '明天', 'ner': 'DATE'}, {'word': '星宇', 'ner': 'ORG'}]"
對員工摳,對(P)　員工(Na)　摳(VC),[]
就是對股東好,就是(Cbb)　對(P)　股東(Na)　好(VH),[]
股東也要賺,股東(Na)　也(D)　要(D)　賺(VC),[]
明天根,明天根(Nd),"[{'word': '明天', 'ner': 'DATE'}]"
機票是不是都比較貴,機票(Na)　是(SHI)　不(D)　是(SHI)　都(D)　比較(Dfa)　貴(VH),[]
歡迎回來長榮,歡迎(VJ)　回來(VA)　長榮(Nb),[]
我都聽到了,我(Nh)　都(D)　聽到(VE)　了(Di),[]
除了機師有本事跳端盤子的空姐敢走,除了(P)　機師(Na)　有(V_2)　本事(Na)　跳(VA)　端(VC)　盤子(Na)　的(DE)　空姐(Na)　敢(VL)　走(VA),[]
多得是想空中端的人,多得(VH)　是(SHI)　想(VE)　空中端(Nc)　的(DE)　人(Na),[]
再怎麼加也不會變有錢只會上班嗎,再(D)　怎麼(D)　加(VC)　也(D)　不會(D)　變(VG)　有錢(VH)　只(Da)　會(D)　上班(VA)　嗎(T),[]
左耳進右耳出,左(Ncd)　耳(Na)　進(VCL)　右(Ncd)　耳(Na)　出(VCL),[]
相信懂,相信(VK)　懂(VK),[]
共體時艱,共體時艱(VA),[]
聽到了但就是聽聽而已,聽到(VE)　了(Di)　但(Cbb)　就是(D)　聽聽(VE)　而已(T),[]
看賺多少錢吧,看(VE)　賺(VC)　多少(Neqa)　錢(Na)　吧(T),[]
這間就喇叭吹破的經典例子,這(Nep)　間(Nf)　就(P)　喇叭(Na)　吹破(VC)　的(DE)　經典(Na)　例子(Na),[]
聽到了就是字面上的意思聽到了,聽到(VE)　了(Di)　就(D)　是(SHI)　字面(Na)　上(Ncd)　的(DE)　意思(Na)　聽到(VE)　了(Di),[]
聽到不介入,聽到(VE)　不(D)　介入(VC),[]
不爽就不要做啊,不(D)　爽(VH)　就(D)　不要(D)　做(VC)　啊(T),[]
慣老闆,慣(VH)　老闆(Na),[]
裡面的人想出來外面的人想進去就這樣,裡面(Ncd)　的(DE)　人(Na)　想出來(VB)　外面(Ncd)　的(DE)　人(Na)　想(VE)　進去(VA)　就(D)　這樣(VH),[]
問就是共體時艱,問(VE)　就(D)　是(SHI)　共體時艱(VA),[]
買飛機成本要員工出張董好棒放心好了過兩天新聞洗洗又歌舞昇平了,買(VC)　飛機(Na)　成本(Na)　要(VE)　員工(Na)　出(VC)　張董(Nb)　好棒(VH)　放心(VK)　好了(T)　過(VCL)　兩(Neu)　天(Nf)　新聞(Na)　洗洗(VC)　又(Caa)　歌舞昇平(VH)　了(T),"[{'word': '兩天', 'ner': 'DATE'}]"
你不幹有的是帕魯幹,你(Nh)　不(D)　幹(VC)　有的(Neqa)　是(SHI)　帕魯幹(Nb),"[{'word': '帕魯', 'ner': 'PERSON'}]"
經濟日報留言區片讚揚,經濟日報(Nb)　留言區(Na)　片(Na)　讚揚(VC),"[{'word': '經濟日報', 'ner': 'ORG'}]"
聽到嚕,聽到(VE)　嚕(D),[]
這不就是共體時艱嗎,這(Nep)　不(D)　就(D)　是(SHI)　共體時艱(VA)　嗎(T),[]
台灣就是要賺快錢,台灣(Nc)　就(Cbb)　是(SHI)　要(D)　賺(VC)　快錢(Na),"[{'word': '台灣', 'ner': 'GPE'}]"
老闆最愛說的共體時艱,老闆(Na)　最(Dfa)　愛(VL)　說(VE)　的(DE)　共體時艱(VA),[]
可以大聲點,可以(D)　大聲(VH)　點(Dfb),[]
樓下小亞瑟,樓下(Nc)　小(VH)　亞瑟(Nb),"[{'word': '小亞瑟', 'ner': 'PERSON'}]"
不是有人說這間是別間面不上才會進這裡嗎,不(D)　是(SHI)　有(V_2)　人(Na)　說(VE)　這(Nep)　間(Nf)　是(SHI)　別(Nes)　間(Nf)　面(Na)　不(D)　上(VCL)　才(Da)　會(D)　進(VCL)　這裡(Ncd)　嗎(T),[]
既然跳不走就乖乖吞了吧,既然(Cbb)　跳(VA)　不(D)　走(VA)　就(D)　乖乖(VH)　吞(VC)　了(Di)　吧(T),[]
董加油趕快飛北美歐洲便宜機票就靠你了,董(Nb)　加油(VB)　趕快(D)　飛(VA)　北美(Nc)　歐洲(Nc)　便宜(VH)　機票(Na)　就(D)　靠(VJ)　你(Nh)　了(T),"[{'word': '北美', 'ner': 'LOC'}, {'word': '歐洲', 'ner': 'LOC'}]"
人才是會跳槽的,人才(Na)　是(SHI)　會(D)　跳槽(VA)　的(DE),[]
繼承這麼多財產,繼承(VC)　這麼多(Neqa)　財產(Na),[]
對員工如此小氣,對(P)　員工(Na)　如此(Dfa)　小氣(VH),[]
至少沒像其他公子哥買超跑,至少(Da)　沒(D)　像(P)　其他(Neqa)　公子哥(Na)　買(VC)　超跑(Na),[]
怎麼過年前老闆講的話都差不多,怎麼(D)　過年(VA)　前(Ng)　老闆(Na)　講(VE)　的(DE)　話(Na)　都(D)　差不多(D),"[{'word': '過年前', 'ner': 'DATE'}]"
買新飛機提高票價獲利增加員工福利提高,買(VC)　新(VH)　飛機(Na)　提高(VC)　票價(Na)　獲利(VH)　增加(VHC)　員工(Na)　福利(Na)　提高(VC),[]
股版竟然有人寧願航司多發年終而不是投資飛機我覺得頭好痛,股版(Na)　竟然(D)　有(V_2)　人(Na)　寧願(VK)　航司(Na)　多(VH)　發(VD)　年終(Nd)　而(Cbb)　不(D)　是(SHI)　投資(VC)　飛機(Na)　我(Nh)　覺得(VK)　頭(Na)　好(Dfa)　痛(VH),[]
才多少,才(Da)　多少(Neqa),[]
感覺等機隊到齊三家就起不賺錢了,感覺(VK)　等(P)　機隊(Na)　到齊(VH)　三(Neu)　家(Nc)　就(D)　起(VC)　不(D)　賺錢(VA)　了(Di),"[{'word': '三', 'ner': 'CARDINAL'}]"
新機進來前,新機(Na)　進來(VA)　前(Ng),[]
人員要提前完訓到位,人員(Na)　要(D)　提前(VB)　完訓(VH)　到位(VCL),[]
交機,交(VD)　機(Na),[]
飛機沒在賺錢,飛機(Na)　沒(D)　在(D)　賺錢(VA),[]
員工薪水是不能停發的,員工(Na)　薪水(Na)　是(SHI)　不能(D)　停發(VHC)　的(DE),[]
共體時艱之術,共體時艱(VA)　之(DE)　術(Na),[]
股價要噴了吧,股價(Na)　要(D)　噴(VC)　了(Di)　吧(T),[]
以投資立場來看這三家的未來恩,以(P)　投資(Na)　立場(Na)　來(D)　看(VC)　這(Nep)　三(Neu)　家(Nf)　的(DE)　未來(Nd)　恩(Na),"[{'word': '三', 'ner': 'CARDINAL'}]"
不擴充機隊拓展航點未來員工是要吃空氣嗎,不(D)　擴充(VC)　機隊(Na)　拓展(VC)　航點(Na)　未來(Nd)　員工(Na)　是(SHI)　要(D)　吃(VC)　空氣(Na)　嗎(T),[]
其它航空也是這樣熬過來的,其它(Neqa)　航空(Na)　也(D)　是(SHI)　這樣(VH)　熬過來(VA)　的(T),[]
蠢就蠢在堆資深的當初為了多點的薪水跳槽過去,蠢(VH)　就(D)　蠢(VH)　在(P)　堆(Nf)　資深(VH)　的(DE)　當初(Nd)　為了(P)　多點(Neqa)　的(DE)　薪水(Na)　跳槽(VA)　過去(VA),[]
又要重頭再熬次,又(D)　要(D)　重頭(D)　再(D)　熬(VC)　次(Nf),[]
員工我上班是為了賺錢養家,員工(Na)　我(Nh)　上班(VA)　是(SHI)　為(P)　了(Di)　賺錢(VA)　養家(VA),[]
不是為了共體時艱,不(D)　是(SHI)　為(P)　了(Di)　共體時艱(VA),[]
自立自強,自立自強(VH),[]
笑你們空服霸著乞丐票不敢離職,笑(VC)　你們(Nh)　空服(Na)　霸(VC)　著(Di)　乞丐票(Na)　不(D)　敢(VL)　離職(VH),[]
知道了但要對股東交代,知道(VK)　了(T)　但(Cbb)　要(D)　對(P)　股東(Na)　交代(VE),[]
慣老闆,慣(VH)　老闆(Na),[]
慣老闆,慣(VH)　老闆(Na),[]
本來以為星宇不錯所以從長榮跳槽過來表示,本來(D)　以為(VE)　星宇(Nb)　不錯(VH)　所以(Cbb)　從(P)　長榮(Nb)　跳槽(VA)　過來(VA)　表示(VE),"[{'word': '星宇', 'ner': 'ORG'}, {'word': '長榮', 'ner': 'ORG'}]"
靠爸爸的慣老闆,靠(VJ)　爸爸(Na)　的(DE)　慣(VH)　老闆(Na),[]
當初跳槽的起碼每月薪水至少比原本萬到萬只是因為這兩年另外兩家發了遠超過往標準,當初(Nd)　跳槽(VA)　的(DE)　起碼(Da)　每(Nes)　月(Nf)　薪水(Na)　至少(Da)　比(P)　原本(D)　萬(Neu)　到(Caa)　萬(Neu)　只是(Cbb)　因為(Cbb)　這(Nep)　兩(Neu)　年(Nf)　另外(Da)　兩(Neu)　家(Nf)　發(VD)　了(Di)　遠(Dfa)　超過(VJ)　往(P)　標準(Na),"[{'word': '萬到萬', 'ner': 'CARDINAL'}, {'word': '這兩年', 'ner': 'DATE'}, {'word': '兩', 'ner': 'CARDINAL'}]"
股票有分給員工嗎,股票(Na)　有(V_2)　分給(VD)　員工(Na)　嗎(T),[]
沒有就是慣老闆這說法就是馬囧年的既視感老闆要求共體時艱公子跑車還是要買,沒有(D)　就(D)　是(SHI)　慣(VH)　老闆(Na)　這(Nep)　說法(Na)　就(D)　是(SHI)　馬囧年(Nb)　的(DE)　既視感(Na)　老闆(Na)　要求(VF)　共體時艱(VA)　公子(Na)　跑車(Na)　還是(D)　要(D)　買(VC),[]
當初跳過來的又沒長班哪來多萬,當初(Nd)　跳過來(VCL)　的(DE)　又(D)　沒(VJ)　長班(VH)　哪來(D)　多萬(Neqa),"[{'word': '多萬', 'ner': 'CARDINAL'}]"
行銷多點趕快吹沒買跑車,行銷(Na)　多點(VH)　趕快(D)　吹(VC)　沒(D)　買(VC)　跑車(Na),[]
空姐真的是群每次情勒都有用的服務生,空姐(Na)　真的(D)　是(SHI)　群(Nf)　每(Nes)　次(Nf)　情勒(Na)　都(D)　有用(VH)　的(DE)　服務生(Na),[]
員工當無股份員工無腦多,員工(Na)　當(VG)　無(VJ)　股份(Na)　員工(Na)　無(VJ)　腦(Na)　多(VH),[]
不滿意薪資但叫她們離職每個都說,不(D)　滿意(VK)　薪資(Na)　但(Cbb)　叫(VF)　她們(Nh)　離職(VH)　每(Nes)　個(Nf)　都(D)　說(VE),[]
裡面堆在外面混不下去的,裡面(Ncd)　堆(VC)　在(P)　外面(Ncd)　混(VC)　不(D)　下去(Di)　的(DE),[]
不給年終也會待,不(D)　給(VD)　年終(Nd)　也(D)　會(D)　待(VC),[]
放心,放心(VK),[]
如果第次聽不見,如果(Cbb)　第(Neu)　次(Nf)　聽(VE)　不(D)　見(VE),"[{'word': '第次', 'ner': 'ORDINAL'}]"
你可以大聲點,你(Nh)　可以(D)　大聲(VH)　點(Dfb),[]
第二次再聽不見,第二(Neu)　次(Nf)　再(D)　聽(VE)　不(D)　見(VE),"[{'word': '第二', 'ner': 'ORDINAL'}]"
可以再大聲點,可以(D)　再(D)　大聲(VH)　點(Dfb),[]
第三次再聽不見,第三(Neu)　次(Nf)　再(D)　聽(VE)　不(D)　見(VE),"[{'word': '第三', 'ner': 'ORDINAL'}]"
可以拍桌子,可以(D)　拍桌子(VA),[]
去留自主,去(Na)　留(VC)　自主(VH),[]
不要後悔就好啦,不要(D)　後悔(VL)　就(D)　好(VH)　啦(T),[]
發不出年終,發(VC)　不(D)　出(VC)　年終(Nd),[]
還有人說他不缺錢,還(D)　有(V_2)　人(Na)　說(VE)　他(Nh)　不(D)　缺(VJ)　錢(Na),[]
這腦子也很厲害買飛機是為了長久經營,這(Nep)　腦子(Na)　也(D)　很(Dfa)　厲害(VH)　買(VC)　飛機(Na)　是(SHI)　為(P)　了(Di)　長久(VH)　經營(VC),[]
所以長久經營不需要員工,所以(Cbb)　長久(VH)　經營(VC)　不(D)　需要(VK)　員工(Na),[]
堆在吹他說行多有錢的不缺錢,堆(VC)　在(P)　吹(VC)　他(Nh)　說(VE)　行(VA)　多(Dfa)　有錢(VH)　的(DE)　不(D)　缺(VJ)　錢(Na),[]
結果年終發成這樣,結果(Dk)　年終(Nd)　發成(VG)　這樣(VH),[]
聽到了不滿意趕快離開群貪婪窮鬼看上他的錢而已,聽到(VE)　了(Di)　不(D)　滿意(VK)　趕快(D)　離開(VC)　群(Nf)　貪婪(VH)　窮(Na)　鬼(Na)　看上(VJ)　他(Nh)　的(DE)　錢(Na)　而已(T),[]
樓上講賺快錢的誰不想,樓上(Nc)　講(VE)　賺(VC)　快錢(Na)　的(DE)　誰(Nh)　不(D)　想(VE),[]
有比繼承巨產還快的嗎,有(V_2)　比(P)　繼承(VC)　巨產(Na)　還(Dfa)　快(VH)　的(T)　嗎(T),[]
幾個月有差嗎,幾(Neu)　個(Nf)　月(Na)　有(V_2)　差(VH)　嗎(T),[]
月薪萬跟月薪五萬,月薪(Na)　萬(Neu)　跟(P)　月薪(Na)　五萬(Neu),"[{'word': '萬', 'ner': 'CARDINAL'}, {'word': '五萬', 'ner': 'CARDINAL'}]"
年終個月差很多耶,年終(Nd)　個(Nf)　月(Na)　差(VH)　很多(Neqa)　耶(T),[]
提升月薪才是重點吧,提升(VC)　月薪(Na)　才(Da)　是(SHI)　重點(Na)　吧(T),[]
不會顧及公司利益的員工,不會(D)　顧及(VE)　公司(Nc)　利益(Na)　的(DE)　員工(Na),[]
丟掉也罷,丟掉(VC)　也罷(T),[]
也不知道是誰給予機會工作的,也(D)　不(D)　知道(VK)　是(SHI)　誰(Nh)　給予(VD)　機會(Na)　工作(Na)　的(DE),[]
愛靠北怎麼不自己創業,愛(VL)　靠(P)　北(Ncd)　怎麼(D)　不(D)　自己(Nh)　創業(VA),[]
開始選擇新創的都沒想過可能的風險嗎,開始(VL)　選擇(VC)　新創(VC)　的(DE)　都(D)　沒(D)　想(VE)　過(Di)　可能(VH)　的(DE)　風險(Na)　嗎(T),[]
他直都是自己開心就好,他(Nh)　直(D)　都(D)　是(SHI)　自己(Nh)　開心(VH)　就(D)　好(VH),[]
然後有錢去打廣告,然後(D)　有錢(VH)　去(D)　打廣告(VA),[]
嘿嘿,嘿嘿(I),[]
正好兩邊形成強烈對比,正好(Da)　兩(Neu)　邊(Ncd)　形成(VG)　強烈(VH)　對比(Na),"[{'word': '兩', 'ner': 'CARDINAL'}]"
可能也要做私人飛機業務,可能(D)　也(D)　要(D)　做(VC)　私人(Nh)　飛機(Na)　業務(Na),[]
沒錢就是沒錢啊連地下產業今年都不好看了,沒(VJ)　錢(Na)　就(Cbb)　是(SHI)　沒(VJ)　錢(Na)　啊(T)　連(Cbb)　地下(A)　產業(Na)　今年(Nd)　都(D)　不(D)　好看(VH)　了(T),"[{'word': '今年', 'ner': 'DATE'}]"
引述尼可之銘言,引述(VC)　尼可(Nb)　之(DE)　銘言(Na),"[{'word': '尼可', 'ner': 'PERSON'}]"
原文標題,原文(Na)　標題(Na),[]
星宇宣布年終個月調薪員工怨太少錢都花在眾人熱議,星宇(Nb)　宣布(VE)　年終(Nd)　個(Nf)　月(Na)　調薪(VH)　員工(Na)　怨(VK)　太少(Neqa)　錢(Na)　都(D)　花(VC)　在(P)　眾人(Na)　熱議(VHC),"[{'word': '星宇', 'ner': 'ORG'}]"
原文連結,原文(Na)　連結(VC),[]
發布時間,發布(VE)　時間(Na),[]
記者署名,記者(Na)　署名(VC),[]
陳凱俊,陳凱俊(Nb),"[{'word': '陳凱俊', 'ner': 'PERSON'}]"
原文內容,原文(Na)　內容(Na),[]
年關將近,年關(Nd)　將近(Da),"[{'word': '年關', 'ner': 'DATE'}]"
各企業陸續宣布年終獎金情況,各(Nes)　企業(Na)　陸續(D)　宣布(VE)　年終(Nd)　獎金(Na)　情況(Na),[]
星宇航空昨日向員工發出執行長的封,星宇(Nb)　航空(Na)　昨日(Nd)　向(P)　員工(Na)　發出(VC)　執行長(Na)　的(DE)　封(VC),"[{'word': '星宇航空', 'ner': 'ORG'}, {'word': '昨日', 'ner': 'DATE'}]"
宣布這次的年終獎金為個月,宣布(VE)　這(Nep)　次(Nf)　的(DE)　年終(Nd)　獎金(Na)　為(VG)　個(Nf)　月(Na),"[{'word': '個月', 'ner': 'DATE'}]"
相較長榮航空有個月,相較(VB)　長榮(Nb)　航空(Na)　有(V_2)　個(Nf)　月(Na),"[{'word': '個月', 'ner': 'DATE'}]"
讓不少員工上網發文抱怨太,讓(VL)　不少(Neqa)　員工(Na)　上網(VA)　發文(VA)　抱怨(VE)　太(Neqa),[]
甚至批評公司花了大把預算在宣傳在台北買廣告,甚至(D)　批評(VC)　公司(Nc)　花(VC)　了(Di)　大(VH)　把(Nf)　預算(Na)　在(P)　宣傳(VC)　在(P)　台北(Nc)　買(VC)　廣告(Na),"[{'word': '台北', 'ner': 'GPE'}]"
但也有網友攤開數據指出,但(Cbb)　也(D)　有(V_2)　網友(Na)　攤開(VC)　數據(Na)　指出(VE),[]
星宇航空是新創航空公司,星宇(Nb)　航空(Na)　是(SHI)　新創(VC)　航空(Na)　公司(Nc),"[{'word': '星宇航空', 'ner': 'ORG'}]"
要比獲利不敵老牌的華航或長榮,要(D)　比(P)　獲利(Na)　不敵(VJ)　老牌(VH)　的(DE)　華航(Nc)　或(Caa)　長榮(Nb),"[{'word': '華航', 'ner': 'ORG'}, {'word': '長榮', 'ner': 'ORG'}]"
甚至推算這樣的情況可能還,甚至(D)　推算(VC)　這樣(VH)　的(DE)　情況(Na)　可能(D)　還(D),[]
會持續好幾年,會(D)　持續(VL)　好幾(Neu)　年(Nf),"[{'word': '好幾年', 'ner': 'DATE'}]"
綜合媒體報導,綜合(A)　媒體(Na)　報導(VE),[]
昨晚在社群平台有網友發文表示今晚收到執行長的封信公,昨晚(Nd)　在(P)　社群(Na)　平台(Na)　有(V_2)　網友(Na)　發文(VC)　表示(VE)　今晚(Nd)　收到(VC)　執行長(Na)　的(DE)　封(Nf)　信(Na)　公(Na),"[{'word': '昨晚', 'ner': 'TIME'}, {'word': '今晚', 'ner': 'TIME'}]"
司內群都炸掉了,司(Na)　內(Ncd)　群(Na)　都(D)　炸掉(VC)　了(Di),[]
並附上張星宇航空在台北的廣告照片,並(Cbb)　附上(VC)　張(Nb)　星宇(Nb)　航空(Na)　在(P)　台北(Nc)　的(DE)　廣告(Na)　照片(Na),"[{'word': '星宇航空', 'ner': 'ORG'}, {'word': '台北', 'ner': 'GPE'}]"
引發種眾人熱議,引發(VC)　種(Nf)　眾人(Na)　熱議(VHC),[]
原來,原來(D),[]
是星宇航空宣布,是(SHI)　星宇(Nb)　航空(Na)　宣布(VE),"[{'word': '星宇航空', 'ner': 'ORG'}]"
本次的年終獎金為個月的薪資,本(Nes)　次(Nf)　的(DE)　年終(Nd)　獎金(Na)　為(VG)　個(Nf)　月(Na)　的(DE)　薪資(Na),[]
讓有些員工不滿認為公司砸錢在行銷,讓(VL)　有(V_2)　些(Nf)　員工(Na)　不滿(VK)　認為(VE)　公司(Nc)　砸錢(VB)　在(P)　行銷(Na),[]
宣傳,宣傳(Na),[]
卻只給他們個月的薪水當年終,卻(D)　只(Da)　給(VD)　他們(Nh)　個(Nf)　月(Na)　的(DE)　薪水(Na)　當(P)　年終(Nd),[]
星宇航空曝因素影響獲利明年將迎最大新機交付潮,星宇(Nb)　航空(Na)　曝(VC)　因素(Na)　影響(VC)　獲利(Na)　明年(Nd)　將(D)　迎(VC)　最(Dfa)　大(VH)　新機(Na)　交付潮(VD),"[{'word': '星宇航空', 'ner': 'ORG'}, {'word': '明年', 'ner': 'DATE'}]"
據報,據報(Dk),[]
星宇航空執行長翟健華的內部信提到,星宇(Nb)　航空(Na)　執行長(Na)　翟健華(Nb)　的(DE)　內部(Na)　信(Na)　提到(VE),"[{'word': '星宇航空', 'ner': 'ORG'}, {'word': '翟健華', 'ner': 'PERSON'}]"
今年在營運上遇到對等關稅美簽緊縮日,今年(Nd)　在(P)　營運(VA)　上(Ng)　遇到(VC)　對等(VH)　關稅(Na)　美(Na)　簽(VC)　緊縮(VC)　日(Nc),"[{'word': '今年', 'ner': 'DATE'}, {'word': '美', 'ner': 'GPE'}]"
本地震謠言等外在不利因素,本(Nc)　地震(Na)　謠言(Na)　等(Cab)　外在(Na)　不利(VK)　因素(Na),[]
影響獲利表現,影響(VC)　獲利(Na)　表現(VC),[]
但另方面今年上半年起,但(Cbb)　另方面(Cbb)　今年(Nd)　上(Nes)　半(Neqa)　年(Nf)　起(Ng),"[{'word': '今年上半年', 'ner': 'DATE'}]"
星宇逐步完成明,星宇(Na)　逐步(D)　完成(VC)　明(Nb),"[{'word': '星宇', 'ner': 'ORG'}]"
年架新機交付前的各項準備,年(VC)　架(VC)　新機(Na)　交付(VD)　前(Ng)　的(DE)　各(Nes)　項(Nf)　準備(VC),[]
展望明年將迎來公司成立以來的最大新機交付潮,展望(VJ)　明年(Nd)　將(D)　迎來(VC)　公司(Nc)　成立(VC)　以來(Ng)　的(DE)　最(Dfa)　大(VH)　新機(Na)　交付潮(Nv),"[{'word': '明年', 'ner': 'DATE'}]"
為公司,為(P)　公司(Nc),[]
帶來更大的發展,帶來(VC)　更(Dfa)　大(VH)　的(DE)　發展(VC),[]
星宇航空今日也回應證實,星宇(Nb)　航空(Na)　今日(Nd)　也(D)　回應(VC)　證實(VE),"[{'word': '星宇航空', 'ner': 'ORG'}, {'word': '今日', 'ner': 'DATE'}]"
考量今年整體營運環境變數較多,考量(VE)　今年(Nd)　整體(Na)　營運(Nv)　環境(Na)　變數(Na)　較多(VH),"[{'word': '今年', 'ner': 'DATE'}]"
客運表現與去年相比,客運(Na)　表現(Na)　與(P)　去年(Nd)　相比(VB),"[{'word': '去年', 'ner': 'DATE'}]"
有所差異公司在審慎評估整體營運與未來布局後,有所(VJ)　差異(Na)　公司(Nc)　在(P)　審慎(VH)　評估(VE)　整體(Na)　營運(Nv)　與(Caa)　未來(Nd)　布局(VA)　後(Ng),[]
發放年終獎金個月,發放(VD)　年終(Nd)　獎金(Na)　個(Nf)　月(Na),[]
整體調薪幅度約,整體(Na)　調薪(VH)　幅度(Na)　約(Da),[]
星宇期許在穩健經營與持續投資並進的前提下,星宇(Nb)　期許(VK)　在(P)　穩健(VH)　經營(VC)　與(Caa)　持續(VL)　投資(VC)　並進(VA)　的(DE)　前提(Na)　下(Ng),"[{'word': '星宇', 'ner': 'ORG'}]"
逐步提升營運成果與獲利能力,逐步(D)　提升(VC)　營運(Nv)　成果(Na)　與(Caa)　獲利(VH)　能力(Na),[]
進而,進而(Cbb),[]
與全體同仁共享經營成果,與(P)　全體(Na)　同仁(Na)　共享(VJ)　經營(Nv)　成果(Na),[]
攜手邁向下階段的成長,攜手(D)　邁向(VCL)　下(Nes)　階段(Na)　的(DE)　成長(Nv),[]
遭酸年終都在上網揭星宇獲利困境,遭(VJ)　酸(VH)　年終(Nd)　都(D)　在(P)　上網(VA)　揭(VC)　星宇(Na)　獲利(VH)　困境(Na),[]
社群上有不少網友為星宇的員工叫屈,社群(Na)　上(Ncd)　有(V_2)　不少(Neqa)　網友(Na)　為(P)　星宇(Nb)　的(DE)　員工(Na)　叫屈(VB),[]
還有人調侃年終獎金都在上了,還(D)　有(V_2)　人(Na)　調侃(VC)　年終(Nd)　獎金(Na)　都(D)　在(P)　上(VCL)　了(Di),[]
經過時記得多,經過(VCL)　時(Ng)　記(VK)　得(DE)　多(D),[]
看兩眼,看(VC)　兩(Neu)　眼(Na),[]
但也有人分析星宇的財報指出,但(Cbb)　也(D)　有(V_2)　人(Na)　分析(VC)　星宇(Nb)　的(DE)　財報(Na)　指出(VE),"[{'word': '星宇', 'ner': 'ORG'}]"
星宇上半年營收有增加,星宇(Nb)　上(Ncd)　半(Neqa)　年(Nf)　營收(Na)　有(V_2)　增加(VHC),"[{'word': '星宇', 'ner': 'ORG'}, {'word': '上半年', 'ner': 'DATE'}]"
但第三季陷入虧損,但(Cbb)　第三(Neu)　季(Nd)　陷入(VCL)　虧損(Na),"[{'word': '第三季', 'ner': 'DATE'}]"
星宇現在全是客機沒有貨機,星宇(Nb)　現在(Nd)　全(Neqa)　是(SHI)　客機(Na)　沒有(VJ)　貨機(Na),"[{'word': '星宇', 'ner': 'ORG'}]"
甚至還說今年個月明年可能個月,甚至(D)　還(D)　說(VE)　今年(Nd)　個(Nf)　月(Na)　明年(Nd)　可能(D)　個(Nf)　月(Na),"[{'word': '今年個月', 'ner': 'DATE'}, {'word': '明年', 'ner': 'DATE'}, {'word': '個月', 'ner': 'DATE'}]"
也有些人提到,也(D)　有(V_2)　些(Nf)　人(Na)　提到(VE),[]
宇草創就遇到疫情,宇草創(Nb)　就(D)　遇到(VC)　疫情(Na),[]
這幾年沒什麼賺錢還要買飛機擴充航線,這(Nep)　幾(Neu)　年(Nf)　沒(VJ)　什麼(Nep)　賺錢(VA)　還(D)　要(D)　買(VC)　飛機(Na)　擴充(VC)　航線(Na),"[{'word': '這幾年', 'ner': 'DATE'}]"
還能活著都是靠張國煒的老,還(D)　能(D)　活(VH)　著(Di)　都(D)　是(SHI)　靠(P)　張國煒(Nb)　的(DE)　老(Na),"[{'word': '張國煒', 'ner': 'PERSON'}]"
本在撐,本(D)　在(D)　撐(VC),[]
且星宇的載客數也不敵老牌的長榮華航,且(Cbb)　星宇(Nb)　的(DE)　載客數(Na)　也(D)　不敵(VJ)　老牌(VH)　的(DE)　長榮(Nb)　華航(Nc),"[{'word': '長榮華航', 'ner': 'ORG'}]"
星宇還有飛機折舊購入新機的高昂,星宇(Nb)　還(D)　有(V_2)　飛機(Na)　折舊(VH)　購入(VC)　新機(Na)　的(DE)　高昂(VH),"[{'word': '星宇', 'ner': 'ORG'}]"
成本,成本(Na),[]
可能還要咬苦撐好幾年才有可觀的獲利,可能(D)　還要(Dfa)　咬(VC)　苦(VC)　撐(VC)　好幾(Neu)　年(Nf)　才(Da)　有(V_2)　可觀(VH)　的(DE)　獲利(Na),"[{'word': '好幾年', 'ner': 'DATE'}]"
如果員工不能接受只能選擇跳槽,如果(Cbb)　員工(Na)　不能(D)　接受(VC)　只(Da)　能(D)　選擇(VC)　跳槽(VA),[]
心得評論,心得(Na)　評論(VC),[]
年終只有個月,年終(Nd)　只(Da)　有(V_2)　個(Nf)　月(Na),"[{'word': '個月', 'ner': 'DATE'}]"
加薪才,加薪(VB)　才(Da),[]
員工大抱怨大吵要離職了,員工(Na)　大(VH)　抱怨(VE)　大吵(VH)　要(D)　離職(VH)　了(T),[]
星宇從上市以來路跌直跌,星宇(Nb)　從(P)　上市(VH)　以來(Ng)　路(Na)　跌(VA)　直(D)　跌(VA),"[{'word': '星宇', 'ner': 'ORG'}]"
星宇航空是不是要不行了,星宇(Na)　航空(Na)　是(SHI)　不(D)　是(SHI)　要(D)　不行(VH)　了(T),"[{'word': '星宇航空', 'ner': 'FAC'}]"
說說我的看法,說說(VE)　我(Nh)　的(DE)　看法(Na),[]
我今年剛好坐過星宇航空兩次,我(Nh)　今年(Nd)　剛好(Da)　坐(VA)　過(Di)　星宇(Nb)　航空(Na)　兩(Neu)　次(Nf),"[{'word': '今年', 'ner': 'DATE'}, {'word': '兩', 'ner': 'CARDINAL'}]"
第次是今年三四月我媽開大刀,第次(Neu)　是(SHI)　今年(Nd)　三四月(Nd)　我(Nh)　媽(Na)　開(VC)　大(Na)　刀(Na),"[{'word': '第次', 'ner': 'ORDINAL'}, {'word': '今年三四月', 'ner': 'DATE'}]"
我臨時回台灣,我(Nh)　臨時(Nd)　回(VCL)　台灣(Nc),"[{'word': '台灣', 'ner': 'GPE'}]"
第二次就是現在年底放假時段,第二(Neu)　次(Nf)　就(D)　是(SHI)　現在(Nd)　年底(Nd)　放假(VH)　時段(Na),"[{'word': '第二', 'ner': 'ORDINAL'}, {'word': '年底', 'ner': 'DATE'}]"
我是聖誕節前個星期從舊金山飛台北,我(Nh)　是(SHI)　聖誕節(Nd)　前(Nes)　個(Nf)　星期(Na)　從(P)　舊金山(Nc)　飛(VA)　台北(Nc),"[{'word': '聖誕節', 'ner': 'DATE'}, {'word': '前個星期', 'ner': 'DATE'}, {'word': '舊金山', 'ner': 'GPE'}, {'word': '台北', 'ner': 'GPE'}]"
這段時間的票價比較便宜,這(Nep)　段(Nf)　時間(Na)　的(DE)　票價(Na)　比較(Dfa)　便宜(VH),[]
到了聖誕節那星期開始,到(VCL)　了(Di)　聖誕節(Nd)　那(Nep)　星期(Na)　開始(VL),"[{'word': '聖誕節', 'ner': 'DATE'}, {'word': '那星期', 'ner': 'DATE'}]"
票價就要多兩千美金,票價(Na)　就(D)　要(D)　多(VH)　兩千(Neu)　美金(Na),"[{'word': '兩千美金', 'ner': 'MONEY'}]"
我不考慮華航,我(Nh)　不(D)　考慮(VE)　華航(Nc),"[{'word': '華航', 'ner': 'ORG'}]"
所以只比較台美日航空公司,所以(Cbb)　只(Da)　比較(VC)　台美日(Nc)　航空(Na)　公司(Nc),"[{'word': '台美日航空公司', 'ner': 'ORG'}]"
先說票價,先(D)　說(VE)　票價(Na),[]
長榮是最便宜的,長榮(Nb)　是(SHI)　最(Dfa)　便宜(VH)　的(DE),"[{'word': '長榮', 'ner': 'ORG'}]"
星宇大概貴幾十塊到幾百塊美金,星宇(Nb)　大概(D)　貴(VH)　幾十(Neu)　塊(Nf)　到(Caa)　幾百(Neu)　塊(Nf)　美金(Na),"[{'word': '星宇', 'ner': 'ORG'}, {'word': '幾十塊', 'ner': 'MONEY'}, {'word': '幾百塊美金', 'ner': 'MONEY'}]"
只差點點,只(Da)　差點點(D),[]
日航最貴,日航(Nb)　最(Dfa)　貴(VH),"[{'word': '日航', 'ner': 'ORG'}]"
貴到靠杯,貴(VH)　到(P)　靠(P)　杯(Na),[]
幾乎是長榮跟星宇的兩倍票價以上,幾乎(Da)　是(SHI)　長榮(Nb)　跟(Caa)　星宇(Nb)　的(DE)　兩(Neu)　倍(Na)　票價(Na)　以上(Ng),"[{'word': '長榮', 'ner': 'PRODUCT'}, {'word': '星宇', 'ner': 'PRODUCT'}, {'word': '兩', 'ner': 'CARDINAL'}]"
美國的航班就是,美國(Nc)　的(DE)　航班(Na)　就(D)　是(SHI),"[{'word': '美國', 'ner': 'GPE'}]"
舊金山飛日本轉高雄的線路其實是跟日航同架飛機,舊金山(Nc)　飛(VA)　日本(Nc)　轉(VC)　高雄(Nc)　的(DE)　線路(Na)　其實(D)　是(SHI)　跟(P)　日航(Nb)　同(Nes)　架(Nf)　飛機(Na),"[{'word': '舊金山', 'ner': 'GPE'}, {'word': '日本', 'ner': 'GPE'}, {'word': '高雄', 'ner': 'GPE'}, {'word': '日航', 'ner': 'ORG'}]"
所以也是貴到靠杯,所以(Cbb)　也(D)　是(SHI)　貴(VH)　到(P)　靠(VJ)　杯(Na),[]
只比純血日航便宜點,只(Da)　比(P)　純血(VH)　日航(Na)　便宜(VH)　點(Dfb),[]
還有班舊金山飛台北,還(D)　有(V_2)　班(Nf)　舊金山(Nc)　飛(VA)　台北(Nc),"[{'word': '舊金山', 'ner': 'GPE'}, {'word': '台北', 'ner': 'GPE'}]"
票價有時候比長榮星宇便宜,票價(Na)　有時候(D)　比(P)　長榮(Nb)　星宇(Nb)　便宜(VH),"[{'word': '長榮星宇', 'ner': 'PRODUCT'}]"
有時又比較貴,有時(D)　又(D)　比較(Dfa)　貴(VH),[]
要看情況,要(D)　看(VC)　情況(Na),[]
舒適程度,舒適(VH)　程度(Na),[]
星宇絕對是排第,星宇(Na)　絕對(D)　是(SHI)　排(VG)　第(Neu),"[{'word': '星宇', 'ner': 'ORG'}]"
全新的飛機全新的機器,全新(VH)　的(DE)　飛機(Na)　全新(VH)　的(DE)　機器(Na),[]
空間也夠大,空間(Na)　也(D)　夠(Dfa)　大(VH),[]
服務也好,服務(VC)　也好(T),[]
但是食物過譽,但是(Cbb)　食物(Na)　過譽(VH),[]
網紅吹過頭,網紅(Na)　吹(VC)　過頭(VH),[]
長榮的舒適程度跟空間其實不輸星宇,長榮(Nb)　的(DE)　舒適(VH)　程度(Na)　跟(Caa)　空間(Na)　其實(D)　不(D)　輸(VD)　星宇(Nb),[]
我能感受到的差別就是飛機比較老舊,我(Nh)　能(D)　感受到(VK)　的(DE)　差別(Na)　就(D)　是(SHI)　飛機(Na)　比較(Dfa)　老舊(VH),[]
或者我把話說白了,或者(Caa)　我(Nh)　把(P)　話(Na)　說白(VE)　了(Di),[]
我不敢坐波音的飛機,我(Nh)　不(D)　敢(VL)　坐(VA)　波音(Nb)　的(DE)　飛機(Na),"[{'word': '波音', 'ner': 'ORG'}]"
我那位印度前同事在財富自由也是不敢坐波音,我(Nh)　那(Nep)　位(Nf)　印度(Nc)　前(Nes)　同事(Na)　在(P)　財富(Na)　自由(Na)　也(D)　是(SHI)　不(D)　敢(VL)　坐(VA)　波音(Nb),"[{'word': '印度', 'ner': 'GPE'}]"
自從去年印度的波音失事全滅之後,自從(P)　去年(Nd)　印度(Nc)　的(DE)　波音(Nb)　失事(VH)　全(Neqa)　滅(VC)　之後(Ng),"[{'word': '去年', 'ner': 'DATE'}, {'word': '印度', 'ner': 'GPE'}, {'word': '波音', 'ner': 'ORG'}]"
他現在回印度只敢坐最貴的阿聯猶系列飛機,他(Nh)　現在(Nd)　回(VCL)　印度(Nc)　只(Da)　敢(VL)　坐(VA)　最(Dfa)　貴(VH)　的(DE)　阿聯(Nb)　猶(D)　系列(Na)　飛機(Na),"[{'word': '印度', 'ner': 'GPE'}, {'word': '阿聯', 'ner': 'GPE'}]"
美國跟日本的航空公司最不舒服,美國(Nc)　跟(Caa)　日本(Nc)　的(DE)　航空(Na)　公司(Nc)　最(Dfa)　不(D)　舒服(VH),"[{'word': '美國', 'ner': 'GPE'}, {'word': '日本', 'ner': 'GPE'}]"
空間超小,空間(Na)　超小(Dfa),[]
而且美國的飛機特別老舊,而且(Cbb)　美國(Nc)　的(DE)　飛機(Na)　特別(VH)　老舊(VH),"[{'word': '美國', 'ner': 'GPE'}]"
還比台灣的航司貴,還(D)　比(P)　台灣(Nc)　的(DE)　航司(Na)　貴(VH),"[{'word': '台灣', 'ner': 'GPE'}]"
再說說乘客數,再(D)　說說(VE)　乘客數(Na),[]
今年三四月淡季坐星宇,今年(Nd)　三四月(Nd)　淡季(Nd)　坐(VA)　星宇(Na),"[{'word': '今年三四月', 'ner': 'DATE'}]"
機場商務艙沒有排隊,機場(Nc)　商務艙(Na)　沒有(D)　排隊(VA),[]
經濟艙排隊隊伍沒有很長,經濟艙(Na)　排隊(VA)　隊伍(Na)　沒有(D)　很(Dfa)　長(VH),[]
對面的長榮同時間點是排隊排到滿出來,對面(Ncd)　的(DE)　長榮(Nb)　同(Nes)　時間點(Na)　是(SHI)　排隊(VA)　排到(VC)　滿(VH)　出來(VA),"[{'word': '長榮', 'ner': 'ORG'}]"
上飛機沒有全滿,上(Ncd)　飛機(Na)　沒有(D)　全(Neqa)　滿(VH),[]
看來只坐七八成滿,看來(D)　只(Da)　坐(VA)　七八成(Neqa)　滿(VH),[]
今年聖誕節前星期舊金山出發,今年(Nd)　聖誕節(Nd)　前(Ng)　星期(Na)　舊金山(Nc)　出發(VA),"[{'word': '今年', 'ner': 'DATE'}, {'word': '聖誕節', 'ner': 'DATE'}, {'word': '舊金山', 'ner': 'GPE'}]"
機場不論商務艙或是經濟艙都沒有排隊,機場(Nc)　不論(Cbb)　商務艙(Na)　或是(Caa)　經濟艙(Na)　都(D)　沒有(D)　排隊(VA),[]
對面的長榮樣是大排長龍,對面(Ncd)　的(DE)　長榮(Nb)　樣(Na)　是(SHI)　大排長龍(VH),"[{'word': '長榮', 'ner': 'ORG'}]"
上飛機發現可能只有坐滿五成,上(Ncd)　飛機(Na)　發現(VE)　可能(D)　只有(D)　坐滿(VC)　五成(Neqa),"[{'word': '五成', 'ner': 'PERCENT'}]"
甚至五成不到,甚至(D)　五成(Neqa)　不(VJ)　到(P),"[{'word': '五成', 'ner': 'CARDINAL'}]"
老實說,老實說(Dk),[]
如果只差幾十塊到幾百塊美金,如果(Cbb)　只(Da)　差(VH)　幾十(Neu)　塊(Nf)　到(Caa)　幾百(Neu)　塊(Nf)　美金(Na),"[{'word': '幾十塊', 'ner': 'MONEY'}, {'word': '幾百塊美金', 'ner': 'MONEY'}]"
我會選擇全新的,我(Nh)　會(D)　選擇(VC)　全新(VH)　的(DE),[]
不懂為何乘客數會差那麼多,不(D)　懂(VK)　為何(D)　乘客數(Na)　會(D)　差(VH)　那麼多(Neqa),[]
星宇買堆飛機折舊費用那麼高要攤到多賺錢也難這就是航空業不值得投資的原因,星宇(Nb)　買(VC)　堆(Nf)　飛機(Na)　折舊(VH)　費用(Na)　那麼(D)　高(VH)　要(D)　攤(VC)　到(P)　多(D)　賺錢(VA)　也(D)　難(VH)　這(Nep)　就(D)　是(SHI)　航空業(Na)　不(D)　值得(VH)　投資(VC)　的(DE)　原因(Na),"[{'word': '星宇', 'ner': 'ORG'}]"
美西運力過剩了,美西(Nc)　運力(Na)　過剩(VH)　了(T),"[{'word': '美西', 'ner': 'NORP'}]"
但是台灣三家卡著玩消耗戰靠運貨血回得快點,但是(Cbb)　台灣(Nc)　三(Neu)　家(Nf)　卡著(D)　玩(VC)　消耗戰(Na)　靠(P)　運(VA)　貨(Na)　血(Na)　回(VCL)　得(DE)　快(D)　點(Dfb),"[{'word': '台灣', 'ner': 'NORP'}, {'word': '三', 'ner': 'CARDINAL'}]"
小花真的還要多點時間才能讓許多人想搭啊我認識的去日本都搭全日空,小花(Nb)　真的(D)　還(Dfa)　要(D)　多點(Neqa)　時間(Na)　才(Da)　能(D)　讓(VL)　許多(Neqa)　人(Na)　想(VE)　搭(VC)　啊(T)　我(Nh)　認識(VJ)　的(DE)　去(VCL)　日本(Nc)　都(D)　搭(VC)　全日空(Nb),"[{'word': '日本', 'ner': 'GPE'}]"
航運都是高資本支出的產業,航運(Na)　都(D)　是(SHI)　高(VH)　資本(Na)　支出(Na)　的(DE)　產業(Na),[]
而且動輒都是幾十在花所以過去那票價運費真的都是接近做慈善,而且(Cbb)　動輒(D)　都(D)　是(SHI)　幾十(Neu)　在(D)　花(VC)　所以(Cbb)　過去(Nd)　那(Nep)　票價(Na)　運費(Na)　真的(D)　都(D)　是(SHI)　接近(VC)　做(VC)　慈善(A),"[{'word': '幾十', 'ner': 'CARDINAL'}]"
那位科技中年阿伯他年唸大學,那(Nep)　位(Nf)　科技(Na)　中年(Na)　阿伯(Na)　他(Nh)　年(Na)　唸(VC)　大學(Nc),[]
很多商務客搭機考慮的是哩程跟會籍,很多(Neqa)　商務客(Na)　搭機(VA)　考慮(VE)　的(DE)　是(SHI)　哩程(Na)　跟(Caa)　會籍(Na),[]
里程票里程考慮網紅搭又不用錢,里程票(Na)　里程(Na)　考慮(VE)　網紅(Na)　搭(VC)　又(D)　不(D)　用(VC)　錢(Na),[]
星宇輸在里程票,星宇(Nb)　輸(VD)　在(P)　里程票(Na),"[{'word': '星宇', 'ner': 'ORG'}]"
沒加入聯盟真的很吃虧,沒(D)　加入(VC)　聯盟(Na)　真的(D)　很(Dfa)　吃虧(VH),[]
少了很多客源,少(VH)　了(Di)　很多(Neqa)　客源(Na),[]
商務客也少很多,商務客(Na)　也(D)　少(VH)　很多(Neqa),[]
累積的腳麻跑不掉要等新的客戶累積數量起來,累積(VC)　的(DE)　腳麻(Na)　跑(VA)　不(D)　掉(VA)　要(D)　等(VC)　新(VH)　的(DE)　客戶(Na)　累積(VC)　數量(Na)　起來(Di),[]
長榮很商務里程折換貴賓啥的老人也愛做,長榮(Nb)　很(Dfa)　商務(Na)　里程(Na)　折換(VC)　貴賓(Na)　啥(Nep)　的(DE)　老人(Na)　也(D)　愛(VL)　做(VC),[]
星宇有頭等艙其他沒有,星宇(Nb)　有(V_2)　頭等艙(Na)　其他(Neqa)　沒有(D),[]
星宇機票很多都便宜其他家太多不夠黑心阿,星宇(Nb)　機票(Na)　很多(Neqa)　都(D)　便宜(VH)　其他(Neqa)　家(Nc)　太多(VH)　不(D)　夠(Dfa)　黑心(VH)　阿(Nb),"[{'word': '星宇', 'ner': 'ORG'}]"
建議快點去跪,建議(VE)　快點(D)　去(D)　跪(VA),[]
加入聯盟很重要,加入(VC)　聯盟(Na)　很(Dfa)　重要(VH),[]
新飛機空巴不爽的去坐單發失效硬飛的呀嘻嘻,新(VH)　飛機(Na)　空巴(VH)　不(D)　爽(VH)　的(DE)　去(D)　坐(VA)　單發(Da)　失效(VH)　硬(D)　飛(VA)　的(T)　呀(T)　嘻嘻(D),[]
長榮接了堆轉機客,長榮(Nb)　接(VC)　了(Di)　堆(Nf)　轉機客(Na),"[{'word': '長榮', 'ner': 'ORG'}]"
接到整架飛機超滿,接到(VC)　整(Neqa)　架(Nf)　飛機(Na)　超滿(VJ),[]
有次飛美西坐起來超不舒服,有(V_2)　次(Nf)　飛(VA)　美西(Nc)　坐起來(D)　超(Dfa)　不(D)　舒服(VH),"[{'word': '美西', 'ner': 'GPE'}]"
後來都不想坐這家的,後來(Nd)　都(D)　不(D)　想(VE)　坐(VA)　這(Nep)　家(Nc)　的(DE),[]
大排長榮,大排(VH)　長榮(Nb),[]
不過老兄你是飛高雄才會覺得美國航空最貴,不過(Cbb)　老兄(Na)　你(Nh)　是(SHI)　飛(VA)　高雄(Nc)　才(Da)　會(D)　覺得(VK)　美國(Nc)　航空(Na)　最(Dfa)　貴(VH),"[{'word': '高雄', 'ner': 'GPE'}, {'word': '美國', 'ner': 'GPE'}]"
桃園就是完全反過來,桃園(Nc)　就(Cbb)　是(SHI)　完全(D)　反過來(Dk),"[{'word': '桃園', 'ner': 'GPE'}]"
美國航空是價格破壞者,美國(Nc)　航空(Na)　是(SHI)　價格(Na)　破壞(VC)　者(Na),"[{'word': '美國', 'ner': 'NORP'}]"
便宜治百病就這樣,便宜(VH)　治(VC)　百病(Neu)　就(D)　這樣(VH),[]
這幾趟北美返台搭長榮發現轉機客站六七成以上,這(Nep)　幾(Neu)　趟(Nf)　北美(Nc)　返台(VA)　搭(VC)　長榮(Nb)　發現(VE)　轉機(Na)　客站(Nc)　六七成(Neqa)　以上(Ng),"[{'word': '北美', 'ner': 'LOC'}, {'word': '台', 'ner': 'GPE'}, {'word': '六七成以上', 'ner': 'PERCENT'}]"
里程綁住了吧,里程(Na)　綁住(VC)　了(Di)　吧(T),[]
懂了,懂(VK)　了(T),[]
星宇賺的錢用來回饋乘客,星宇(Nb)　賺(VC)　的(DE)　錢(Na)　用來(VL)　回饋(VC)　乘客(Na),"[{'word': '星宇', 'ner': 'ORG'}]"
員工拿少點,員工(Na)　拿(VC)　少點(Neqa),[]
硬體好還虧錢,硬體(Na)　好(VH)　還(D)　虧錢(VH),[]
不就是軟體的問題,不(D)　就(D)　是(SHI)　軟體(Na)　的(DE)　問題(Na),[]
就信任老牌吧畢竟能經營這麼久,就(D)　信任(VJ)　老牌(VH)　吧(T)　畢竟(D)　能(D)　經營(VC)　這麼(Dfa)　久(VH),[]
我搭也是搭長榮,我(Nh)　搭(VC)　也(D)　是(SHI)　搭(VC)　長榮(Nb),[]
星宇空巴多主打個安全,星宇空巴多(Nb)　主打(VC)　個(Di)　安全(VH),[]
商務客啊,商務客(Na)　啊(T),[]
公司出錢買機票累積里程給個人,公司(Nc)　出錢(VA)　買(VC)　機票(Na)　累積(VC)　里程(Na)　給(VD)　個人(Nh),[]
你就會考慮長榮了,你(Nh)　就(D)　會(D)　考慮(VE)　長榮(Nb)　了(T),[]
波音太多飛安事件惹會怕,波音(Nb)　太多(Neqa)　飛安(Na)　事件(Na)　惹(VC)　會(D)　怕(VK),[]
長榮美國線你坐到配置的真的很痛苦,長榮(Nb)　美國線(Nc)　你(Nh)　坐到(VCL)　配置(VC)　的(DE)　真的(D)　很(Dfa)　痛苦(VH),"[{'word': '美國', 'ner': 'GPE'}]"
當星宇的客人還蠻舒服的,當(VG)　星宇(Nb)　的(DE)　客人(Na)　還(D)　蠻(Dfa)　舒服(VH)　的(DE),[]
長榮就強在班次多然後跟的轉機配的好,長榮(Nb)　就(D)　強(VH)　在(P)　班次(Na)　多(VH)　然後(D)　跟(P)　的(DE)　轉機(Na)　配(VC)　的(DE)　好(VH),[]
大排長榮,大排(VH)　長榮(Nb),[]
長榮北美都是東南亞轉機,長榮(Nb)　北美(Nc)　都(D)　是(SHI)　東南亞(Nc)　轉機(Na),"[{'word': '東南亞', 'ner': 'LOC'}]"
但如果沒要轉機星宇根本無懸念大贏,但(Cbb)　如果(Cbb)　沒(D)　要(D)　轉機(VA)　星宇(Nb)　根本(D)　無(VJ)　懸念(VJ)　大(VD)　贏(VD),"[{'word': '星宇', 'ner': 'ORG'}]"
不搭華航的原因,不(D)　搭(VC)　華航(Nc)　的(DE)　原因(Na),"[{'word': '華航', 'ner': 'ORG'}]"
長榮是經濟艙賣轉機客商務艙賣公司出錢的商務客產品定位很精準,長榮(Nb)　是(SHI)　經濟艙(Na)　賣(VD)　轉機客(Na)　商務艙(Na)　賣(VD)　公司(Nc)　出錢(VA)　的(DE)　商務客(Na)　產品(Na)　定位(Na)　很(Dfa)　精準(VH),"[{'word': '長榮', 'ner': 'PRODUCT'}]"
看了很多空難影片第選安全第二才是舒適價格,看(VC)　了(Di)　很多(Neqa)　空難(Na)　影片(Na)　第選(Neu)　安全(VH)　第二(Neu)　才(Da)　是(SHI)　舒適(VH)　價格(Na),"[{'word': '第二', 'ner': 'ORDINAL'}]"
空巴波音寬體機窄體機那個,空巴(Nb)　波音(Nb)　寬體機(Na)　窄體機(Na)　那(Nep)　個(Nf),[]
乘客股東員工視角不樣,乘客(Na)　股東(Na)　員工(Na)　視角(Na)　不樣(D),[]
飛機這種高精密複雜機器不要跟自己的命過不去,飛機(Na)　這(Nep)　種(Nf)　高(VH)　精密(VH)　複雜(VH)　機器(Na)　不要(D)　跟(P)　自己(Nh)　的(DE)　命(Na)　過不去(VI),[]
我現在也是星宇首選,我(Nh)　現在(Nd)　也(D)　是(SHI)　星宇(Na)　首選(Na),"[{'word': '星宇', 'ner': 'ORG'}]"
新飛機爽,新(VH)　飛機(Na)　爽(VH),[]
波音數據造假檢舉的人還被滅口真的恐怖,波音(Nb)　數據(Na)　造假(VA)　檢舉(VC)　的(DE)　人(Na)　還(D)　被(P)　滅口(VB)　真的(D)　恐怖(VH),"[{'word': '波音', 'ner': 'ORG'}]"
大家出國優先考慮的還是兩大航空理由太多了絕對不是你想的差幾十塊錢到幾百美金以月為例三家馬來西亞台灣航線,大家(Nh)　出國(VA)　優先(D)　考慮(VE)　的(DE)　還是(D)　兩(Neu)　大(VH)　航空(Na)　理由(Na)　太多(VH)　了(T)　絕對(D)　不(D)　是(SHI)　你(Nh)　想(VE)　的(DE)　差(VH)　幾十(Neu)　塊(Nf)　錢(Na)　到(P)　幾百(Neu)　美金(Na)　以(P)　月(Na)　為(VG)　例(Na)　三(Neu)　家(Nf)　馬來西亞(Nc)　台灣(Nc)　航線(Na),"[{'word': '兩', 'ner': 'CARDINAL'}, {'word': '幾十塊錢', 'ner': 'MONEY'}, {'word': '幾百美金', 'ner': 'MONEY'}, {'word': '三', 'ner': 'CARDINAL'}, {'word': '馬來西亞', 'ner': 'GPE'}, {'word': '台灣', 'ner': 'GPE'}]"
星宇買的飛機都還在攤提長榮靠老機貨機就可以賺錢,星宇(Nb)　買(VC)　的(DE)　飛機(Na)　都(D)　還(D)　在(P)　攤提(VC)　長榮(Nb)　靠(VJ)　老(VH)　機(Na)　貨機(Na)　就(D)　可以(D)　賺錢(VA),"[{'word': '星宇', 'ner': 'ORG'}, {'word': '長榮', 'ner': 'PERSON'}]"
全滿完全買不到票,全(Neqa)　滿(VH)　完全(D)　買(VC)　不(D)　到(VC)　票(Na),[]
星宇的服務爛到像新開的二流餐廳,星宇(Nb)　的(DE)　服務(VC)　爛(VH)　到(P)　像(P)　新(D)　開(VC)　的(DE)　二流(VH)　餐廳(Nc),"[{'word': '星宇', 'ner': 'ORG'}]"
馬來西亞亞航還有馬航都還有票,馬來西亞(Nc)　亞航(Nc)　還(Caa)　有(V_2)　馬航(Nc)　都(D)　還(D)　有(V_2)　票(Na),"[{'word': '馬來西亞亞航', 'ner': 'ORG'}, {'word': '馬航', 'ner': 'ORG'}]"
然後幾乎每次搭降落都用摔的其他家就是絲滑,然後(D)　幾乎(Da)　每(Nes)　次(Nf)　搭(VC)　降落(VA)　都(D)　用(P)　摔(VC)　的(DE)　其他(Neqa)　家(Nc)　就(D)　是(SHI)　絲滑(A),[]
就乘坐舒適度來討論,就(D)　乘坐(VC)　舒適度(Na)　來(D)　討論(VE),[]
梅花真的是最不舒服的,梅花(Na)　真的(D)　是(SHI)　最(Dfa)　不(D)　舒服(VH)　的(DE),"[{'word': '梅花', 'ner': 'PERSON'}]"
有夠小,有夠(Dfa)　小(VH),[]
超過的人做的都很痛苦,超過(VJ)　的(DE)　人(Na)　做(VC)　的(DE)　都(D)　很(Dfa)　痛苦(VH),[]
華航現在各方面真的是超車長榮從選這條路開始但可能以前的事情是真的會烙印在些人心中星宇其實真的不錯硬體很有質感但真的被網紅吹爛,華航(Nc)　現在(Nd)　各(Nes)　方面(Na)　真的(D)　是(SHI)　超車(Na)　長榮(Nb)　從(P)　選(VC)　這(Nep)　條(Nf)　路(Na)　開始(VH)　但(Cbb)　可能(D)　以前(Nd)　的(DE)　事情(Na)　是(SHI)　真的(D)　會(D)　烙印(VC)　在(P)　些(Nf)　人(Na)　心(Na)　中(Ng)　星宇(Na)　其實(D)　真的(D)　不錯(VH)　硬體(Na)　很(Dfa)　有(V_2)　質感(Na)　但(Cbb)　真的(D)　被(P)　網紅(Na)　吹爛(VC),"[{'word': '華航', 'ner': 'ORG'}]"
的乘坐體驗,的(DE)　乘坐(Nv)　體驗(Nv),[]
廉航不用要求那麼多,廉航(Nc)　不用(D)　要求(VF)　那麼多(Neqa),[]
星宇飛機餐甩華航幾條街,星宇(Nb)　飛機餐(Na)　甩(VC)　華航(Nc)　幾(Neu)　條(Nf)　街(Na),"[{'word': '星宇', 'ner': 'ORG'}, {'word': '華航', 'ner': 'ORG'}]"
有說哈月初搭花航去成田那個落地真的絲滑結果回程搭反而普普可能吧,有(V_2)　說(VE)　哈(Nb)　月初(Na)　搭(VC)　花航(Na)　去(VCL)　成田(Nc)　那(Nep)　個(Nf)　落地(VA)　真的(D)　絲滑(Na)　結果(Na)　回程(Na)　搭(VC)　反而(Cbb)　普普(Nb)　可能(VH)　吧(T),"[{'word': '哈月初', 'ner': 'DATE'}, {'word': '成田', 'ner': 'GPE'}, {'word': '普普', 'ner': 'PERSON'}]"
我自己吃飛機餐是星宇長榮華航,我(Nh)　自己(Nh)　吃(VC)　飛機餐(Na)　是(SHI)　星宇(Nb)　長榮(Nb)　華航(Nc),[]
華航飛歐美幾乎都是用新飛機,華航(Nc)　飛(VA)　歐美(Nc)　幾乎(Da)　都(D)　是(SHI)　用(P)　新(VH)　飛機(Na),"[{'word': '華航', 'ner': 'ORG'}, {'word': '歐', 'ner': 'LOC'}, {'word': '美', 'ner': 'LOC'}]"
飛美國不考慮華航,飛(VA)　美國(Nc)　不(D)　考慮(VE)　華航(Nc),"[{'word': '美國', 'ner': 'GPE'}, {'word': '華航', 'ner': 'ORG'}]"
華航給人的恐懼感是烙印在靈魂深處,華航(Nc)　給(VD)　人(Na)　的(DE)　恐懼感(Na)　是(SHI)　烙印(VC)　在(P)　靈魂(Na)　深處(Nc),"[{'word': '華航', 'ner': 'ORG'}]"
新年快樂,新年(Nd)　快樂(VH),"[{'word': '新年', 'ner': 'DATE'}]"
謝謝,謝謝(VJ),[]
是輔助主要還是看人,是(SHI)　輔助(VC)　主要(D)　還是(D)　看(VC)　人(Na),[]
華航服務態度遠勝長榮,華航(Nc)　服務(Nv)　態度(Na)　遠(VJ)　勝(VH)　長榮(Nb),"[{'word': '華航', 'ner': 'ORG'}]"
星宇飛機明明就租的,星宇(Nb)　飛機(Na)　明明(D)　就(D)　租(VD)　的(DE),"[{'word': '星宇', 'ner': 'ORG'}]"
哪有買,哪(Ncd)　有(D)　買(VC),[]
意外險受益人是重點,意外險(Na)　受益人(Na)　是(SHI)　重點(Na),[]
潛意識會覺得星宇給員工薪資不好,潛意識(Na)　會(D)　覺得(VK)　星宇(Nb)　給(VD)　員工(Na)　薪資(Na)　不(D)　好(VH),[]
機師待遇也不會太好,機師(Na)　待遇(Na)　也(D)　不會(D)　太(Dfa)　好(VH),[]
對比長榮給機師高薪,對(Na)　比(P)　長榮(Nb)　給(VD)　機師(Na)　高薪(Na),"[{'word': '長榮', 'ner': 'ORG'}]"
我會覺得長榮安全比較有保障我相信高薪人才會比較好,我(Nh)　會(D)　覺得(VK)　長榮(Nb)　安全(VH)　比較(Dfa)　有(V_2)　保障(Na)　我(Nh)　相信(VK)　高薪(Na)　人才(Na)　會(D)　比較(Dfa)　好(VH),[]
有賺錢的公司也比較有機會花錢培訓機師,有(V_2)　賺錢(VA)　的(DE)　公司(Nc)　也(D)　比較(Dfa)　有(V_2)　機會(Na)　花錢(VA)　培訓(VC)　機師(Na),[]
畢竟飛安更多是人禍,畢竟(D)　飛安(Na)　更多(Neqa)　是(SHI)　人禍(Na),[]
星宇租的全部都買的哪來全部都租的,星宇(Nb)　租(VD)　的(DE)　全部(Neqa)　都(D)　買(VC)　的(DE)　哪來(D)　全部(Neqa)　都(D)　租(VD)　的(DE),"[{'word': '星宇', 'ner': 'ORG'}]"
飛機跟飯店樣,飛機(Na)　跟(P)　飯店(Nc)　樣(VH),[]
新通常就是舒服很多食物星宇真的不怎樣但是飛機餐本來就是難吃程度差別而已,新(VH)　通常(D)　就(Cbb)　是(SHI)　舒服(VH)　很多(Neqa)　食物(Na)　星宇(Nb)　真的(D)　不(D)　怎樣(VH)　但是(Cbb)　飛機餐(Na)　本來(D)　就(Cbb)　是(SHI)　難吃(VH)　程度(Na)　差別(Na)　而已(T),"[{'word': '星宇', 'ner': 'ORG'}]"
飛機餐哪有差啦都嘛很難吃安全下飛機自己去吃米其林三星爽好嗎,飛機餐(Na)　哪(Ncd)　有(V_2)　差(VH)　啦(T)　都(D)　嘛(T)　很(Dfa)　難吃(VH)　安全(VH)　下(Ng)　飛機(Na)　自己(Nh)　去(D)　吃(VC)　米其林(Nb)　三星(Nb)　爽(VH)　好(VH)　嗎(T),[]
我沒搭過星宇,我(Nh)　沒(D)　搭(VC)　過(Di)　星宇(Nb),"[{'word': '星宇', 'ner': 'ORG'}]"
問過搭過的是認為吃得確實被誇大,問(VE)　過(Di)　搭(VC)　過(Di)　的(DE)　是(SHI)　認為(VE)　吃(VC)　得(DE)　確實(D)　被(P)　誇大(VC),[]
但屌打長榮也是事實,但(Cbb)　屌(FW)　打(VC)　長榮(Nb)　也(D)　是(SHI)　事實(Na),"[{'word': '長榮', 'ner': 'PERSON'}]"
還好我不用出國也不喜歡,還好(D)　我(Nh)　不用(D)　出國(VA)　也(D)　不(D)　喜歡(VK),[]
飛機餐不就那樣子多魯才會在意,飛機餐(Na)　不(D)　就(D)　那(Nep)　樣子(Na)　多(Nb)　魯(Nb)　才(Da)　會(D)　在意(VK),[]
華航目前是最猛的謝謝哈哈哈坐經濟艙當然不在意餐,華航(Nc)　目前(Nd)　是(SHI)　最(Dfa)　猛(VH)　的(DE)　謝謝(VJ)　哈(D)　哈(D)　哈(D)　坐(VA)　經濟艙(Na)　當然(D)　不(D)　在意(VK)　餐(Na),"[{'word': '華航', 'ner': 'ORG'}]"
他飛機餐是有比較好吃啦但我覺得飛機餐都很難吃我寧可餓下下飛機再吃好點畢竟每日基礎代謝就那樣,他(Nh)　飛機餐(Na)　是(SHI)　有(V_2)　比較(Dfa)　好吃(VH)　啦(T)　但(Cbb)　我(Nh)　覺得(VK)　飛機餐(Na)　都(D)　很(Dfa)　難吃(VH)　我(Nh)　寧可(VK)　餓(VH)　下下(Nd)　飛機(Na)　再(D)　吃(VC)　好點(VH)　畢竟(D)　每(Nes)　日(Nf)　基礎(Na)　代謝(VH)　就(D)　那樣(Dfa),[]
星宇好處就是都新飛機不用特意看機型,星宇(Na)　好處(Na)　就(Cbb)　是(SHI)　都(D)　新(VH)　飛機(Na)　不用(D)　特意(D)　看(VC)　機型(Na),"[{'word': '星宇', 'ner': 'ORG'}]"
星宇服務我覺得最爛食物也最爛搭過次就不搭了下次如果有搭樣這麼爛服務我要去申訴,星宇(Nb)　服務(VC)　我(Nh)　覺得(VK)　最(Dfa)　爛(VH)　食物(Na)　也(D)　最(Dfa)　爛(VH)　搭(VC)　過(Di)　次(Nf)　就(D)　不(D)　搭(VC)　了(Di)　下(Nes)　次(Nf)　如果(Cbb)　有(V_2)　搭(VC)　樣(Na)　這麼(Dfa)　爛(VH)　服務(VC)　我(Nh)　要(D)　去(D)　申訴(VE),"[{'word': '星宇', 'ner': 'ORG'}]"
然後星宇的降落體驗讓我很害怕,然後(D)　星宇(Na)　的(DE)　降落(VA)　體驗(VC)　讓(VL)　我(Nh)　很(Dfa)　害怕(VK),"[{'word': '星宇', 'ner': 'ORG'}]"
長榮跟華航相對安心,長榮(Nb)　跟(Caa)　華航(Nc)　相對(VH)　安心(VH),"[{'word': '長榮', 'ner': 'ORG'}, {'word': '華航', 'ner': 'ORG'}]"
飛機餐你只要不適商務艙其他艙就當攝取熱量就好都只是空廚流水線生產的真的要吃得爽下飛機找餐廳吃的不適更爽,飛機餐(Na)　你(Nh)　只要(Cbb)　不適(VH)　商務艙(Na)　其他(Neqa)　艙(Na)　就(D)　當(VG)　攝取(VC)　熱量(Na)　就(D)　好(VH)　都(D)　只是(D)　空廚(Nc)　流水線(Na)　生產(Nv)　的(DE)　真的(D)　要(D)　吃(VC)　得(DE)　爽(VH)　下(Nes)　飛機(Na)　找(VC)　餐廳(Nc)　吃(VC)　的(DE)　不適(VH)　更(Dfa)　爽(VH),[]
商務客跟累積哩程就差很多了,商務客(Na)　跟(P)　累積(VC)　哩程(Na)　就(D)　差(VH)　很多(VH)　了(T),[]
累積里程的人選啊終身有效很棒棒,累積(VC)　里程(Na)　的(DE)　人選(Na)　啊(T)　終身(Na)　有效(VH)　很(Dfa)　棒棒(VH),[]
單發失效硬飛還安心快被笑死,單發(Da)　失效(VH)　硬(D)　飛(VA)　還(D)　安心(VH)　快(D)　被(P)　笑死(VHC),[]
星宇過譽,星宇(Na)　過譽(VH),[]
長榮跟趕雲霄飛車樣泰越捷機師技術意外不錯,長榮(Nb)　跟(P)　趕(VC)　雲霄飛車(Na)　樣(Na)　泰越捷(Nb)　機師(Na)　技術(Na)　意外(Na)　不錯(VH),"[{'word': '長榮', 'ner': 'ORG'}]"
工讀生也是洗得挺用力嘻嘻,工讀生(Na)　也(D)　是(SHI)　洗(VC)　得(DE)　挺(Dfa)　用力(VH)　嘻嘻(D),[]
空巴很讚吧,空巴(Na)　很(Dfa)　讚(VH)　吧(T),[]
所以董真的是強二代不好好躺平等資產通膨倍增搞間公司處處被罵,所以(Cbb)　董(Nb)　真的(D)　是(SHI)　強(VH)　二(Neu)　代(Na)　不(D)　好好(D)　躺(VA)　平等(VH)　資產(Na)　通膨(Na)　倍增(VJ)　搞(VC)　間(Ng)　公司(Nc)　處處(D)　被(P)　罵(VC),[]
你定不知道星宇航空違規和重落地次數,你(Nh)　定(D)　不(D)　知道(VK)　星宇(Na)　航空(Na)　違規(VA)　和(Caa)　重(VH)　落地(VA)　次數(Na),[]
華航歷史是很多人心裡的疙瘩,華航(Nc)　歷史(Na)　是(SHI)　很多(Neqa)　人(Na)　心(Na)　裡(Ng)　的(DE)　疙瘩(Na),"[{'word': '華航', 'ner': 'ORG'}]"
長榮華航與星宇都搭過,長榮(Nb)　華航(Nc)　與(Caa)　星宇(Nb)　都(D)　搭(VC)　過(Di),"[{'word': '長榮華航', 'ner': 'ORG'}, {'word': '星宇', 'ner': 'ORG'}]"
椅子最舒服的是美國航空明明看起來很舊的皮椅,椅子(Na)　最(Dfa)　舒服(VH)　的(DE)　是(SHI)　美國(Nc)　航空(Na)　明明(D)　看起來(D)　很(Dfa)　舊(VH)　的(DE)　皮椅(Na),"[{'word': '美國', 'ner': 'GPE'}]"
睡醒卻不像國籍航空會痠痛,睡醒(VH)　卻(D)　不(D)　像(VG)　國籍(Na)　航空(Na)　會(D)　痠痛(VH),[]
全日空的食物比星宇好吃,全日空(Nb)　的(DE)　食物(Na)　比(P)　星宇(Nb)　好吃(VH),"[{'word': '星宇', 'ner': 'ORG'}]"
長榮美國航點最多來台轉東南亞很方便又有聯盟不意外,長榮(Nb)　美國(Nc)　航點(Na)　最多(Da)　來(VA)　台(Nc)　轉(VC)　東南亞(Nc)　很(Dfa)　方便(VH)　又(D)　有(V_2)　聯盟(Na)　不(D)　意外(VK),"[{'word': '長榮', 'ner': 'ORG'}, {'word': '美國', 'ner': 'GPE'}, {'word': '台', 'ner': 'GPE'}, {'word': '東南亞', 'ner': 'LOC'}]"
短程的應該不用在意食物,短程(Na)　的(DE)　應該(D)　不用(D)　在意(VK)　食物(Na),[]
長程的才要,長程(A)　的(DE)　才(Da)　要(D),[]
如果是去日本,如果(Cbb)　是(SHI)　去(VCL)　日本(Nc),"[{'word': '日本', 'ner': 'GPE'}]"
就當搭台北高雄高鐵的時間,就(D)　當(P)　搭(VC)　台北(Nc)　高雄(Nc)　高鐵(Na)　的(DE)　時間(Na),"[{'word': '台北', 'ner': 'GPE'}]"
半斤八兩在那邊特別吹笑死,半斤八兩(VH)　在(P)　那邊(Ncd)　特別(VH)　吹笑(VC)　死(Dfb),[]
台灣到歐美,台灣(Nc)　到(VCL)　歐美(Nc),"[{'word': '台灣', 'ner': 'GPE'}, {'word': '歐', 'ner': 'LOC'}, {'word': '美', 'ner': 'LOC'}]"
就真的要稍微講究食物,就(D)　真的(D)　要(D)　稍微(D)　講究(VK)　食物(Na),[]
你喜歡被盤就被盤吧華航目前整個就是大贏,你(Nh)　喜歡(VK)　被(P)　盤(Na)　就(D)　被(P)　盤(VC)　吧(T)　華航(Nc)　目前(Nd)　整(Neqa)　個(Nf)　就(D)　是(SHI)　大(VH)　贏(VD),"[{'word': '華航', 'ner': 'ORG'}]"
近幾年幾乎都搭華航,近(Nes)　幾(Neu)　年(Nf)　幾乎(Da)　都(D)　搭(VC)　華航(Nc),"[{'word': '近幾年', 'ner': 'DATE'}, {'word': '華航', 'ner': 'ORG'}]"
這個月坐了桃園仁川來回的長榮古董級,這(Nep)　個(Nf)　月(Na)　坐(VA)　了(Di)　桃園(Nc)　仁川(Nc)　來回(VCL)　的(DE)　長榮(Nb)　古董級(Na),"[{'word': '這個月', 'ner': 'DATE'}, {'word': '桃園仁川', 'ner': 'GPE'}, {'word': '長榮', 'ner': 'ORG'}]"
體感超級差,體感(Na)　超級(Dfa)　差(VH),[]
華航的食物也比較好吃,華航(Nc)　的(DE)　食物(Na)　也(D)　比較(Dfa)　好吃(VH),"[{'word': '華航', 'ner': 'ORG'}]"
我有去星宇跟長榮面試過還有虎航,我(Nh)　有(V_2)　去(VCL)　星宇(Nb)　跟(P)　長榮(Nb)　面試(VC)　過(Di)　還(D)　有(V_2)　虎航(Nb),"[{'word': '星宇', 'ner': 'ORG'}, {'word': '長榮', 'ner': 'ORG'}, {'word': '虎航', 'ner': 'ORG'}]"
有特別提到這行業是傳產業基本上獲利很難大增我猜是因為折舊跟各種費用,有(V_2)　特別(VH)　提到(VE)　這(Nep)　行業(Na)　是(SHI)　傳產業(Na)　基本(Na)　上(Ng)　獲利(Na)　很(Dfa)　難(VH)　大增(VH)　我(Nh)　猜(VE)　是(SHI)　因為(Cbb)　折舊(VH)　跟(P)　各(Nes)　種(Nf)　費用(Na),[]
然後我機長朋友最近也離職不幹了可以把它當國營,然後(D)　我(Nh)　機長(Na)　朋友(Na)　最近(Nd)　也(D)　離職(VH)　不(D)　幹(VC)　了(Di)　可以(D)　把(P)　它(Nh)　當(VG)　國營(VH),[]
在旅遊旺季的時候薪水不錯,在(P)　旅遊(Nv)　旺季(Nd)　的(DE)　時候(Na)　薪水(Na)　不錯(VH),[]
華航搭去日本的飛機,華航(Nc)　搭(VC)　去(VCL)　日本(Nc)　的(DE)　飛機(Na),"[{'word': '華航', 'ner': 'ORG'}, {'word': '日本', 'ner': 'GPE'}]"
有些機上遙控器還都壞掉了舊到哭,有(Neqa)　些(Nf)　機(Na)　上(Ncd)　遙控器(Na)　還(D)　都(D)　壞掉(VH)　了(Di)　舊(VH)　到(P)　哭(VA),[]
星宇搭了幾次,星宇(Nb)　搭(VC)　了(Di)　幾(Neu)　次(Nf),"[{'word': '星宇', 'ner': 'ORG'}]"
共通點是降落的第下特別大力,共通點(Na)　是(SHI)　降落(VA)　的(DE)　第下(Neu)　特別(VH)　大力(D),"[{'word': '第下', 'ner': 'ORDINAL'}]"
睡到半被嚇醒,睡(VA)　到(P)　半(Neqa)　被(P)　嚇醒(VC),[]
食物好吃,食物(Na)　好吃(VH),[]
華航之後還有堆波音機要換,華航(Nc)　之後(Ng)　還(D)　有(V_2)　堆(Nf)　波音機(Na)　要(D)　換(VC),"[{'word': '華航', 'ner': 'ORG'}]"
沒分析到黑絲空姐,沒(D)　分析到(VC)　黑絲(VH)　空姐(Na),[]
長榮也算董盯出來的,長榮(Nb)　也(D)　算(VG)　董(Nb)　盯出來(VC)　的(DE),"[{'word': '長榮', 'ner': 'ORG'}]"
希望星宇也能延續美系里程很好收,希望(VK)　星宇(Nb)　也(D)　能(D)　延續(VJ)　美系(Nc)　里程(Na)　很(Dfa)　好(VH)　收(VC),"[{'word': '星宇', 'ner': 'ORG'}, {'word': '美系', 'ner': 'ORG'}]"
換到商務艙以上只有舒服而已,換到(VC)　商務艙(Na)　以上(Ng)　只有(D)　舒服(VH)　而已(T),[]
去紐約直飛的只有華航長榮,去(VCL)　紐約(Nc)　直飛(VCL)　的(DE)　只有(Da)　華航(Nc)　長榮(Nb),"[{'word': '紐約', 'ner': 'GPE'}, {'word': '華航', 'ner': 'ORG'}, {'word': '長榮', 'ner': 'ORG'}]"
華航搭到真的很哭,華航(Nc)　搭到(VC)　真的(D)　很(Dfa)　哭(VA),"[{'word': '華航', 'ner': 'ORG'}]"
成立也沒幾年,成立(VC)　也(D)　沒(VJ)　幾(Neu)　年(Nf),[]
我覺得算蠻快上軌道,我(Nh)　覺得(VK)　算(VG)　蠻(Dfa)　快(VH)　上軌道(VH),[]
再給個些時間看看玩的怎樣,再(D)　給(VD)　個(Nf)　些(Nf)　時間(Na)　看看(VC)　玩(VC)　的(DE)　怎樣(VH),[]
星宇降落超級刺激,星宇(Na)　降落(VA)　超級(Dfa)　刺激(Na),[]
後面小朋友直接哭出來,後面(Ncd)　小朋友(Na)　直接(VH)　哭出來(VA),[]
波音哪有什麼好怕都安全飛這麼多年,波音(Nb)　哪(Ncd)　有(V_2)　什麼(Nep)　好(Dfa)　怕(VK)　都(D)　安全(VH)　飛(VA)　這麼多(Neqa)　年(Nf),[]
樓上是不關心波音新聞是吧,樓上(Nc)　是(SHI)　不(D)　關心(VK)　波音(Nb)　新聞(Na)　是(SHI)　吧(T),[]
樓上才是不關心波音新聞吧能摔的也只有阿三這種水準,樓上(Nc)　才(Da)　是(SHI)　不(D)　關心(VK)　波音(Nb)　新聞(Na)　吧(T)　能(D)　摔(VC)　的(DE)　也(D)　只有(Da)　阿三(Nb)　這(Nep)　種(Nf)　水準(Na),"[{'word': '阿三', 'ner': 'ORDINAL'}]"
搞錯了輕度中度印度,搞錯(VC)　了(Di)　輕度(A)　中度(A)　印度(Nc),"[{'word': '印度', 'ner': 'GPE'}]"
有問題的都是印度自己,有(V_2)　問題(Na)　的(DE)　都(D)　是(SHI)　印度(Nc)　自己(Nh),"[{'word': '印度', 'ner': 'GPE'}]"
空巴新飛機最重要,空巴(Nc)　新(VH)　飛機(Na)　最(Dfa)　重要(VH),"[{'word': '空巴', 'ner': 'ORG'}]"
資料都給了還有人在腦補重落地喔可悲,資料(Na)　都(D)　給(VD)　了(Di)　還(D)　有(V_2)　人(Na)　在(P)　腦(Na)　補(VC)　重(VH)　落地(VA)　喔(T)　可悲(VH),[]
最近坐了四次長榮商務艙其中次是的較年輕的座艙長迎賓時用假笑讓我有點傻眼,最近(Nd)　坐(VA)　了(Di)　四(Neu)　次(Nf)　長榮(Nb)　商務艙(Na)　其中(Nep)　次(Nes)　是(SHI)　的(DE)　較(Dfa)　年輕(VH)　的(DE)　座艙長(Na)　迎賓(VA)　時(Ng)　用(P)　假(VA)　笑(VA)　讓(VL)　我(Nh)　有點(Dfa)　傻眼(VH),"[{'word': '四', 'ner': 'CARDINAL'}, {'word': '長榮', 'ner': 'ORG'}]"
在長榮工作你要人家發自真心的笑,在(P)　長榮(Nb)　工作(VA)　你(Nh)　要(D)　人家(Nh)　發自(VJ)　真心(VH)　的(DE)　笑(VA),"[{'word': '長榮', 'ner': 'ORG'}]"
太強人所難了吧,太(Dfa)　強人所難(VA)　了(T)　吧(T),[]
怎麼看出是假笑,怎麼(D)　看出(VE)　是(SHI)　假(VA)　笑(VA),[]
不賺錢的行業還願意進來算是海外台人有富了今年用換點數搭了來回商務艙,不(D)　賺錢(VA)　的(DE)　行業(Na)　還(D)　願意(VK)　進來(VA)　算是(VG)　海外(Nc)　台人(Na)　有(V_2)　富(VJ)　了(Di)　今年(Nd)　用(P)　換(VC)　點數(Na)　搭(VC)　了(Di)　來回(VCL)　商務艙(Na),"[{'word': '台人', 'ner': 'NORP'}, {'word': '今年', 'ner': 'DATE'}]"
波音有問題的是這幾年的吧,波音(Nb)　有(V_2)　問題(Na)　的(DE)　是(SHI)　這(Nep)　幾(Neu)　年(Nf)　的(DE)　吧(T),"[{'word': '這幾年', 'ner': 'DATE'}]"
華航機師已經換血過不是以前那種開戰鬥機,華航(Nc)　機師(Na)　已經(D)　換血(VA)　過(Di)　不(D)　是(SHI)　以前(Nd)　那(Nep)　種(Nf)　開(VC)　戰鬥機(Na),"[{'word': '華航', 'ner': 'ORG'}]"
要給人發自內心笑的理由看到許光漢吧,要(D)　給(VD)　人(Na)　發自(VJ)　內心(Na)　笑(VA)　的(DE)　理由(Na)　看到(VE)　許光漢(Nb)　吧(T),"[{'word': '許光漢', 'ner': 'PERSON'}]"
波音還啊舒適度跟沒差別,波音(Nb)　還(D)　啊(I)　舒適度(Na)　跟(P)　沒(VJ)　差別(Na),[]
我會選星宇啊,我(Nh)　會(D)　選(VC)　星宇(Na)　啊(T),"[{'word': '星宇', 'ner': 'ORG'}]"
星宇沒有貨機比較吃虧,星宇(Nb)　沒有(VJ)　貨機(Na)　比較(Dfa)　吃虧(VH),"[{'word': '星宇', 'ner': 'ORG'}]"
堆工讀生推文,堆(VC)　工讀生(Na)　推文(Na),[]
台灣網路常態,台灣(Nc)　網路(Na)　常態(Na),"[{'word': '台灣', 'ner': 'GPE'}]"
帶風向,帶(VC)　風向(Na),[]
引述尼可之銘言,引述(VC)　尼可(Nb)　之(DE)　銘言(Na),"[{'word': '尼可', 'ner': 'PERSON'}]"
原文標題,原文(Na)　標題(Na),[]
陳凱俊,陳凱俊(Nb),"[{'word': '陳凱俊', 'ner': 'PERSON'}]"
原文內容,原文(Na)　內容(Na),[]
年關將近,年關(Nd)　將近(Da),"[{'word': '年關', 'ner': 'DATE'}]"
各企業陸續宣布年終獎金情況,各(Nes)　企業(Na)　陸續(D)　宣布(VE)　年終(Nd)　獎金(Na)　情況(Na),[]
星宇航空昨日向員工發出執行長的封,星宇(Nb)　航空(Na)　昨日(Nd)　向(P)　員工(Na)　發出(VC)　執行長(Na)　的(DE)　封(VC),"[{'word': '星宇航空', 'ner': 'ORG'}, {'word': '昨日', 'ner': 'DATE'}]"
宣布這次的年終獎金為個月,宣布(VE)　這(Nep)　次(Nf)　的(DE)　年終(Nd)　獎金(Na)　為(VG)　個(Nf)　月(Na),"[{'word': '個月', 'ner': 'DATE'}]"
相較長榮航空有個月,相較(VB)　長榮(Nb)　航空(Na)　有(V_2)　個(Nf)　月(Na),"[{'word': '個月', 'ner': 'DATE'}]"
讓不少員工上網發文抱怨太,讓(VL)　不少(Neqa)　員工(Na)　上網(VA)　發文(VA)　抱怨(VE)　太(Neqa),[]
甚至批評公司花了大把預算在宣傳在台北買廣告,甚至(D)　批評(VC)　公司(Nc)　花(VC)　了(Di)　大(VH)　把(Nf)　預算(Na)　在(P)　宣傳(VC)　在(P)　台北(Nc)　買(VC)　廣告(Na),"[{'word': '台北', 'ner': 'GPE'}]"
但也有網友攤開數據指出,但(Cbb)　也(D)　有(V_2)　網友(Na)　攤開(VC)　數據(Na)　指出(VE),[]
星宇航空是新創航空公司,星宇(Nb)　航空(Na)　是(SHI)　新創(VC)　航空(Na)　公司(Nc),"[{'word': '星宇航空', 'ner': 'ORG'}]"
要比獲利不敵老牌的華航或長榮,要(D)　比(P)　獲利(Na)　不敵(VJ)　老牌(VH)　的(DE)　華航(Nc)　或(Caa)　長榮(Nb),"[{'word': '華航', 'ner': 'ORG'}, {'word': '長榮', 'ner': 'ORG'}]"
甚至推算這樣的情況可能還,甚至(D)　推算(VC)　這樣(VH)　的(DE)　情況(Na)　可能(D)　還(D),[]
會持續好幾年,會(D)　持續(VL)　好幾(Neu)　年(Nf),"[{'word': '好幾年', 'ner': 'DATE'}]"
綜合媒體報導,綜合(A)　媒體(Na)　報導(VE),[]
昨晚在社群平台有網友發文表示今晚收到執行長的封信公,昨晚(Nd)　在(P)　社群(Na)　平台(Na)　有(V_2)　網友(Na)　發文(VC)　表示(VE)　今晚(Nd)　收到(VC)　執行長(Na)　的(DE)　封(Nf)　信(Na)　公(Na),"[{'word': '昨晚', 'ner': 'TIME'}, {'word': '今晚', 'ner': 'TIME'}]"
司內群都炸掉了,司(Na)　內(Ncd)　群(Na)　都(D)　炸掉(VC)　了(Di),[]
並附上張星宇航空在台北的廣告照片,並(Cbb)　附上(VC)　張(Nb)　星宇(Nb)　航空(Na)　在(P)　台北(Nc)　的(DE)　廣告(Na)　照片(Na),"[{'word': '星宇航空', 'ner': 'ORG'}, {'word': '台北', 'ner': 'GPE'}]"
引發種眾人熱議,引發(VC)　種(Nf)　眾人(Na)　熱議(VHC),[]
原來,原來(D),[]
是星宇航空宣布,是(SHI)　星宇(Nb)　航空(Na)　宣布(VE),"[{'word': '星宇航空', 'ner': 'ORG'}]"
本次的年終獎金為個月的薪資,本(Nes)　次(Nf)　的(DE)　年終(Nd)　獎金(Na)　為(VG)　個(Nf)　月(Na)　的(DE)　薪資(Na),[]
讓有些員工不滿認為公司砸錢在行銷,讓(VL)　有(V_2)　些(Nf)　員工(Na)　不滿(VK)　認為(VE)　公司(Nc)　砸錢(VB)　在(P)　行銷(Na),[]
宣傳,宣傳(Na),[]
卻只給他們個月的薪水當年終,卻(D)　只(Da)　給(VD)　他們(Nh)　個(Nf)　月(Na)　的(DE)　薪水(Na)　當(P)　年終(Nd),[]
星宇航空曝因素影響獲利明年將迎最大新機交付潮,星宇(Nb)　航空(Na)　曝(VC)　因素(Na)　影響(VC)　獲利(Na)　明年(Nd)　將(D)　迎(VC)　最(Dfa)　大(VH)　新機(Na)　交付潮(VD),"[{'word': '星宇航空', 'ner': 'ORG'}, {'word': '明年', 'ner': 'DATE'}]"
據報,據報(Dk),[]
星宇航空執行長翟健華的內部信提到,星宇(Nb)　航空(Na)　執行長(Na)　翟健華(Nb)　的(DE)　內部(Na)　信(Na)　提到(VE),"[{'word': '星宇航空', 'ner': 'ORG'}, {'word': '翟健華', 'ner': 'PERSON'}]"
今年在營運上遇到對等關稅美簽緊縮日,今年(Nd)　在(P)　營運(VA)　上(Ng)　遇到(VC)　對等(VH)　關稅(Na)　美(Na)　簽(VC)　緊縮(VC)　日(Nc),"[{'word': '今年', 'ner': 'DATE'}, {'word': '美', 'ner': 'GPE'}]"
本地震謠言等外在不利因素,本(Nc)　地震(Na)　謠言(Na)　等(Cab)　外在(Na)　不利(VK)　因素(Na),[]
影響獲利表現,影響(VC)　獲利(Na)　表現(VC),[]
但另方面今年上半年起,但(Cbb)　另方面(Cbb)　今年(Nd)　上(Nes)　半(Neqa)　年(Nf)　起(Ng),"[{'word': '今年上半年', 'ner': 'DATE'}]"
星宇逐步完成明,星宇(Na)　逐步(D)　完成(VC)　明(Nb),"[{'word': '星宇', 'ner': 'ORG'}]"
年架新機交付前的各項準備,年(VC)　架(VC)　新機(Na)　交付(VD)　前(Ng)　的(DE)　各(Nes)　項(Nf)　準備(VC),[]
展望明年將迎來公司成立以來的最大新機交付潮,展望(VJ)　明年(Nd)　將(D)　迎來(VC)　公司(Nc)　成立(VC)　以來(Ng)　的(DE)　最(Dfa)　大(VH)　新機(Na)　交付潮(Nv),"[{'word': '明年', 'ner': 'DATE'}]"
為公司,為(P)　公司(Nc),[]
帶來更大的發展,帶來(VC)　更(Dfa)　大(VH)　的(DE)　發展(VC),[]
星宇現在算是在畫大餅,星宇(Nb)　現在(Nd)　算是(VG)　在(P)　畫(VC)　大(Na)　餅(Na),"[{'word': '星宇', 'ner': 'PERSON'}]"
跟員工講說明年新機到會逐漸好轉,跟(P)　員工(Na)　講(VE)　說(VE)　明年(Nd)　新機(Na)　到(VCL)　會(D)　逐漸(D)　好轉(VH),"[{'word': '明年', 'ner': 'DATE'}]"
但是這個狀況要改善,但是(Cbb)　這(Nep)　個(Nf)　狀況(Na)　要(D)　改善(VC),[]
可能會長達三到四年以上時間,可能(D)　會(D)　長達(VJ)　三(Neu)　到(P)　四(Neu)　年(Nf)　以上(Neqb)　時間(Na),"[{'word': '三到四年以上', 'ner': 'DATE'}]"
達到完全的損益平衡,達到(VJ)　完全(VH)　的(DE)　損益(Na)　平衡(VHC),[]
但凡有點能力的會不想跳槽嗎,但(Cbb)　凡(Cbb)　有(V_2)　點(Nf)　能力(Na)　的(DE)　會(D)　不(D)　想(VE)　跳槽(VA)　嗎(T),[]
年差五個月獎金,年(Na)　差(VH)　五(Neu)　個(Nf)　月(Na)　獎金(Na),"[{'word': '五個月', 'ner': 'DATE'}]"
三年就等於別人多幹年了,三(Neu)　年(Nf)　就(D)　等於(VG)　別人(Nh)　多(D)　幹(VA)　年(Nf)　了(Di),"[{'word': '三年', 'ner': 'DATE'}]"
而且只有你星宇擴充嗎,而且(Cbb)　只有(Cbb)　你(Nh)　星宇(Na)　擴充(VC)　嗎(T),[]
其他三家前幾年都已經布局,其他(Neqa)　三(Neu)　家(Nf)　前(Nes)　幾(Neu)　年(Nf)　都(D)　已經(D)　布局(VA),"[{'word': '三', 'ner': 'CARDINAL'}, {'word': '前幾年', 'ner': 'DATE'}]"
今年持續加碼擴充機隊,今年(Nd)　持續(VL)　加碼(VA)　擴充(VC)　機隊(Na),"[{'word': '今年', 'ner': 'DATE'}]"
那自家當初老員工會更不滿,那(Nep)　自家(Nc)　當初(Nd)　老(VH)　員工(Na)　會(D)　更(D)　不滿(VK),[]
憑甚麼新來的薪水跟老人差不多,憑(P)　甚麼(Nep)　新來(VA)　的(DE)　薪水(Na)　跟(P)　老人(Na)　差不多(D),[]
當我們這些人是笨蛋嗎,當(P)　我們(Nh)　這些(Neqa)　人(Na)　是(SHI)　笨蛋(Na)　嗎(T),[]
機師空姐空少都是很敏感的,機師(Na)　空姐(Na)　空少(Na)　都(D)　是(SHI)　很(Dfa)　敏感(VH)　的(DE),[]
不爽就罷工,不(D)　爽(VH)　就(D)　罷工(VA),[]
這只會加速跳槽而已,這(Nep)　只(Da)　會(D)　加速(D)　跳槽(VA)　而已(T),[]
以目前股價,以(P)　目前(Nd)　股價(Na),[]
還算是偏高了,還(D)　算是(VG)　偏(D)　高(VH)　了(Di),[]
大概主力都還掐在手中,大概(D)　主力(Na)　都(D)　還(D)　掐(VC)　在(P)　手(Na)　中(Ncd),[]
明年御三家肯定都配息,明年(Nd)　御(Na)　三(Neu)　家(Nc)　肯定(VK)　都(D)　配息(VA),"[{'word': '明年', 'ner': 'DATE'}, {'word': '三', 'ner': 'CARDINAL'}]"
預估華航超過塊,預估(VE)　華航(Nc)　超過(VJ)　塊(Nf),"[{'word': '華航', 'ner': 'ORG'}]"
長榮航兩塊,長榮航(Nb)　兩(Neu)　塊(Nf),"[{'word': '長榮航', 'ner': 'ORG'}, {'word': '兩塊', 'ner': 'MONEY'}]"
虎航五塊,虎航(Nb)　五(Neu)　塊(Nf),"[{'word': '虎航', 'ner': 'ORG'}, {'word': '五塊', 'ner': 'MONEY'}]"
你星宇拿甚麼跟人比,你(Nh)　星宇(Na)　拿(VC)　甚麼(Nep)　跟(P)　人(Na)　比(VC),"[{'word': '星宇', 'ner': 'PERSON'}]"
飛機上吃燒肉,飛機(Na)　上(Ncd)　吃(VC)　燒肉(Na),[]
危機就是轉機,危機(Na)　就(D)　是(SHI)　轉機(Na),[]
星宇加油,星宇(Nb)　加油(VB),"[{'word': '星宇', 'ner': 'ORG'}]"
只會廣告的航空公司不意外,只(Da)　會(D)　廣告(VC)　的(DE)　航空(Na)　公司(Nc)　不(D)　意外(VK),[]
你沒想到的是想當空服員的數量遠大於全台航空公司開的缺的數量空服員算是文組薪水很高的職業之了,你(Nh)　沒想到(D)　的(DE)　是(SHI)　想(VE)　當(VG)　空服員(Na)　的(DE)　數量(Na)　遠(Dfa)　大於(VJ)　全(Neqa)　台(Nc)　航空(Na)　公司(Nc)　開(VC)　的(DE)　缺(VJ)　的(DE)　數量(Na)　空服員(Na)　算是(VG)　文組(Na)　薪水(Na)　很(Dfa)　高(VH)　的(DE)　職業(Na)　之(DE)　了(T),"[{'word': '台航空公司', 'ner': 'ORG'}]"
本來就給人網紅航空的印象如果再加上人材次等,本來(D)　就(D)　給(VD)　人(Na)　網紅(Nb)　航空(Na)　的(DE)　印象(Na)　如果(Cbb)　再(D)　加上(VC)　人材(Na)　次等(Na),[]
當初去面試定全部都面過能上小花誰要去宇宙,當初(Nd)　去(D)　面試(VC)　定(VC)　全部(Neqa)　都(D)　面(VJ)　過(Di)　能(D)　上(VCL)　小花(VH)　誰(Nh)　要(D)　去(VCL)　宇宙(Na),[]
那就會變成原說的變別人的農場阿,那(Nep)　就(D)　會(D)　變成(VG)　原說(A)　的(DE)　變(VG)　別人(Nh)　的(DE)　農場(Nc)　阿(Nc),[]
那丟堆廣告也補不回來,那(Nep)　丟(VC)　堆(Nf)　廣告(Na)　也(D)　補(VC)　不(D)　回來(VC),[]
長榮不是只要新鮮人,長榮(Nb)　不(D)　是(SHI)　只要(Cbb)　新鮮人(Na),[]
還是能撿到不錯的啦,還是(D)　能(D)　撿到(VC)　不錯(VH)　的(DE)　啦(T),[]
重點是機師吧空服員滿大街抓,重點(Na)　是(SHI)　機師(Na)　吧(T)　空服員(Na)　滿(Neqa)　大街(Na)　抓(VC),[]
好奇問總年收大概差多少,好奇(VH)　問(VE)　總年收(D)　大概(D)　差(VH)　多少(Neqa),[]
星宇台華航廈開蠻多線的,星宇(Nb)　台華(Nb)　航廈(Na)　開(VC)　蠻(Dfa)　多(VH)　線(Na)　的(T),"[{'word': '星宇', 'ner': 'ORG'}, {'word': '台華航廈', 'ner': 'FAC'}]"
我給個讚,我(Nh)　給(VD)　個(Nf)　讚(Na),[]
我聽說每家航空公司都有喜歡的類型你當初面試被刷掉就是有問題怎麼可能你先去宇宙年又能跳過去,我(Nh)　聽說(VE)　每(Nes)　家(Nf)　航空(Na)　公司(Nc)　都(D)　有(V_2)　喜歡(VK)　的(DE)　類型(Na)　你(Nh)　當初(Nd)　面試(VC)　被(P)　刷掉(VC)　就是(D)　有(V_2)　問題(Na)　怎麼(D)　可能(D)　你(Nh)　先(D)　去(VCL)　宇宙年(Na)　又(D)　能(D)　跳過去(VA),"[{'word': '宇宙年', 'ner': 'DATE'}]"
長榮華航本來招的人也不多基本上還是會往其他家去,長榮(Nb)　華航(Nc)　本來(D)　招(VC)　的(DE)　人(Na)　也(D)　不(D)　多(VH)　基本(Na)　上(Ng)　還是(D)　會(D)　往(P)　其他(Neqa)　家(Nc)　去(D),"[{'word': '長榮華航', 'ner': 'ORG'}]"
當然不是年就跳過去啊也是有簽約期的,當然(D)　不(D)　是(SHI)　年(Na)　就(D)　跳過去(VCL)　啊(T)　也(D)　是(SHI)　有(V_2)　簽約期(Na)　的(DE),[]
看到董就高,看到(VE)　董(Nb)　就(D)　高(VH),[]
都是低薪族其實不用計較這麼多,都(D)　是(SHI)　低薪族(Na)　其實(D)　不用(D)　計較(VK)　這麼多(Neqa),[]
樓上不要這樣空服員的薪水跟很多人比算不錯的了,樓上(Nc)　不要(D)　這樣(VH)　空服員(Na)　的(DE)　薪水(Na)　跟(P)　很多(Neqa)　人(Na)　比(VC)　算(VG)　不錯(VH)　的(DE)　了(T),[]
話說星宇機票也算貴,話說(Dk)　星宇(Nb)　機票(Na)　也(D)　算(VG)　貴(VH),"[{'word': '星宇', 'ner': 'ORG'}]"
真的沒賺錢麼,真的(D)　沒(D)　賺錢(VA)　麼(T),[]
然後新公司就在共體時艱,然後(D)　新(VH)　公司(Nc)　就(D)　在(P)　共體時艱(VA),[]
是有配股是不是,是(SHI)　有(D)　配股(Nv)　是(SHI)　不(D)　是(SHI),[]
擴線就是成本呀不意外除非新擴的線賠錢不然就是上升期,擴(VA)　線(Na)　就(D)　是(SHI)　成本(Na)　呀(T)　不(D)　意外(VK)　除非(Cbb)　新(VH)　擴(VC)　的(DE)　線(Na)　賠錢(VH)　不然(Cbb)　就(D)　是(SHI)　上升期(Na),[]
有賺錢但是要先扣掉前期各種成本不能只看的不看的阿,有(V_2)　賺錢(VA)　但是(Cbb)　要(D)　先(D)　扣掉(VC)　前期(Nd)　各(Nes)　種(Nf)　成本(Na)　不能(D)　只(Da)　看(VC)　的(DE)　不(D)　看(VC)　的(DE)　阿(Nb),[]
要養老的確不該待董,要(D)　養老(VH)　的確(D)　不(D)　該(D)　待(P)　董(Nb),[]
變成只能檢另外三家不要的了,變成(VG)　只(Da)　能(D)　檢(VE)　另外(Da)　三(Neu)　家(Nf)　不(D)　要(VE)　的(T)　了(T),"[{'word': '三', 'ner': 'CARDINAL'}]"
星宇的仔待遇不知道好不好有沒有人能分享下看過徵前端的缺,星宇(Nb)　的(DE)　仔(Na)　待遇(Na)　不(D)　知道(VK)　好(VH)　不(D)　好(VH)　有(V_2)　沒有(D)　人(Na)　能(D)　分享(VJ)　下(Ng)　看(VC)　過(Di)　徵(Na)　前端(Ncd)　的(DE)　缺(VJ),"[{'word': '星宇', 'ner': 'ORG'}]"
所以薪資多少,所以(Cbb)　薪資(Na)　多少(Neqa),[]
你如果講的這麼有把握應該是業內人士吧,你(Nh)　如果(Cbb)　講(VE)　的(DE)　這麼(Dfa)　有(V_2)　把握(Na)　應該(D)　是(SHI)　業(Na)　內(Ng)　人士(Na)　吧(T),[]
說說看三家薪水啊,說說(VE)　看(Di)　三(Neu)　家(Nf)　薪水(Na)　啊(T),"[{'word': '三', 'ner': 'CARDINAL'}]"
發哥新人要扛沒分紅還不是堆畢業生搶著進去,發哥(Nb)　新人(Na)　要(D)　扛(VC)　沒(D)　分紅(VB)　還不是(D)　堆(Nf)　畢業生(Na)　搶(VD)　著(Di)　進去(VA),[]
同行年差幾個月真的,同行(Nes)　年(Na)　差(VH)　幾(Neu)　個(Nf)　月(Na)　真的(D),"[{'word': '幾個月', 'ner': 'DATE'}]"
星宇記得是起薪的底薪最高的,星宇(Nb)　記得(VK)　是(SHI)　起薪(Na)　的(DE)　底薪(Na)　最(Dfa)　高(VH)　的(DE),"[{'word': '星宇', 'ner': 'ORG'}]"
星宇沒辦法在桃航,星宇(Nb)　沒辦法(VI)　在(P)　桃航(Nc),"[{'word': '星宇', 'ner': 'ORG'}, {'word': '桃航', 'ner': 'GPE'}]"
松航大開航線是因為入場太晚,松航(Nb)　大開(VC)　航線(Na)　是(SHI)　因為(Cbb)　入場(VA)　太晚(VH),[]
位置都被搶光了,位置(Na)　都(D)　被(P)　搶光(VD)　了(Di),[]
能選偏僻航廈偏遠位置,能(D)　選(VC)　偏僻(VH)　航廈(Na)　偏遠(VH)　位置(Na),[]
看開始營運能不能好點,看(VE)　開始(VL)　營運(VA)　能不能(D)　好(VH)　點(Dfb),[]
多搶些地盤,多(D)　搶(VD)　些(Nf)　地盤(Na),[]
這樣桃航也能多看航線,這樣(VH)　桃航(Nc)　也(D)　能(D)　多(D)　看(VC)　航線(Na),"[{'word': '桃航', 'ner': 'ORG'}]"
還有也可以買些舊飛機成立貨運團隊,還(D)　有(V_2)　也(D)　可以(D)　買(VC)　些(Nf)　舊(VH)　飛機(Na)　成立(VC)　貨運(Na)　團隊(Na),[]
規模不用大,規模(Na)　不用(D)　大(VH),[]
先插旗,先(D)　插(VA)　旗(Na),[]
星宇的起薪是能有多少,星宇(Na)　的(DE)　起薪(Na)　是(SHI)　能(D)　有(V_2)　多少(Neqa),"[{'word': '星宇', 'ner': 'ORG'}]"
機師根本沒差空服員直都是僧多粥少還是會乖乖吞下去,機師(Na)　根本(D)　沒(D)　差(VH)　空服員(Na)　直(D)　都(D)　是(SHI)　僧多粥少(VH)　還是(D)　會(D)　乖乖(VH)　吞下去(VB),[]
精品航空精品員工,精品(Na)　航空(Na)　精品(Na)　員工(Na),[]
新的航空公司想要搶人家的市占餅本來就要時間熬成婆,新(VH)　的(DE)　航空(Na)　公司(Nc)　想要(VE)　搶(VD)　人家(Nh)　的(DE)　市占餅(Na)　本來(D)　就(D)　要(D)　時間(Na)　熬成(VG)　婆(Na),[]
空姐搶破頭還怕你,空姐(Na)　搶破(VA)　頭(Na)　還(D)　怕(VK)　你(Nh),[]
御三家居然有虎航真假,御三家(Nb)　居然(D)　有(V_2)　虎航(Nb)　真假(Na),"[{'word': '三', 'ner': 'CARDINAL'}]"
何況長榮今年出了那麼大條新聞,何況(Cbb)　長榮(Nb)　今年(Nd)　出(VC)　了(Di)　那麼(D)　大(VH)　條(Nf)　新聞(Na),"[{'word': '長榮', 'ner': 'ORG'}, {'word': '今年', 'ner': 'DATE'}]"
星宇本來就是比較爛的堆待不下去華航長榮的轉去星宇堆回鍋的,星宇(Nb)　本來(D)　就是(Cbb)　比較(Dfa)　爛(VH)　的(DE)　堆(VC)　待(VC)　不(D)　下去(Di)　華航(Nc)　長榮(Nb)　的(DE)　轉去(VA)　星宇堆(Nb)　回鍋(VH)　的(DE),"[{'word': '星宇', 'ner': 'ORG'}, {'word': '華航', 'ner': 'ORG'}, {'word': '星宇堆', 'ner': 'FAC'}]"
要跳就跳啊公司本來就要賺錢才能分紅航運員工很多也是低薪撐十年撐到疫情大爆賺年才有百萬分紅後來也沒了你有看過科技業上市公司是虧錢還分紅的嗎,要(D)　跳(VA)　就(D)　跳(VA)　啊(T)　公司(Nc)　本來(D)　就(D)　要(D)　賺錢(VA)　才(Da)　能(D)　分紅(VB)　航運(Na)　員工(Na)　很多(Neqa)　也(D)　是(SHI)　低薪(Na)　撐(VC)　十(Neu)　年(Nf)　撐到(VC)　疫情(Na)　大爆(VH)　賺(VA)　年(Na)　才(Da)　有(V_2)　百萬(Neu)　分紅(VB)　後來(Nd)　也(D)　沒(VJ)　了(Di)　你(Nh)　有(V_2)　看(VC)　過(Di)　科技業(Na)　上市(VH)　公司(Nc)　是(SHI)　虧錢(VH)　還(D)　分紅(VB)　的(T)　嗎(T),"[{'word': '十年', 'ner': 'DATE'}, {'word': '百萬', 'ner': 'CARDINAL'}]"
又不是國營或新創還在燒錢留人,又(D)　不(D)　是(SHI)　國營(VH)　或(Caa)　新創(VC)　還(D)　在(P)　燒錢(VA)　留(VC)　人(Na),[]
長榮比較血汗工廠吧,長榮(Nb)　比較(VC)　血汗(Na)　工廠(Nc)　吧(T),"[{'word': '長榮', 'ner': 'ORG'}]"
雖然會比較高,雖然(Cbb)　會(D)　比較(Dfa)　高(VH),[]
但裡面的職場文化讓人不敢恭維,但(Cbb)　裡面(Ncd)　的(DE)　職場(Nc)　文化(Na)　讓(VL)　人(Na)　不(D)　敢(VL)　恭維(VC),[]
新公司比來就難獲利,新(VH)　公司(Nc)　比來(P)　就(D)　難(VH)　獲利(VH),[]
而且航空業算窄門能進去就不錯了,而且(Cbb)　航空業(Na)　算(VG)　窄門(Na)　能(D)　進去(VA)　就(D)　不錯(VH)　了(T),[]
還在那邊嫌,還(D)　在(P)　那邊(Ncd)　嫌(VK),[]
說要取得薪水跟職場文化的平衡點當然是華航最好啊,說(VE)　要(D)　取得(VC)　薪水(Na)　跟(Caa)　職場(Nc)　文化(Na)　的(DE)　平衡點(Na)　當然(D)　是(SHI)　華航(Nc)　最(Dfa)　好(VH)　啊(T),"[{'word': '華航', 'ner': 'ORG'}]"
但不是想進去就進得去,但(Cbb)　不(D)　是(SHI)　想(VE)　進去(VA)　就(D)　進(VA)　得(DE)　去(VCL),[]
離職率很低,離職率(Na)　很(Dfa)　低(VH),[]
票價貴機師菜服務也沒比較好員工領的還少摳連,票價(Na)　貴(VH)　機師(Na)　菜(Na)　服務(VC)　也(D)　沒(D)　比較(Dfa)　好(VH)　員工(Na)　領(VC)　的(DE)　還(D)　少(D)　摳(VC)　連(Cbb),[]
勿忘長榮空服員罷工呵呵還以為能和小花樣星宇還是比長榮便宜吧,勿(D)　忘(VK)　長榮(Nb)　空服員(Na)　罷工(VA)　呵呵(D)　還(D)　以為(VE)　能(D)　和(P)　小(VH)　花樣(Na)　星宇(Na)　還是(D)　比(P)　長榮(Nb)　便宜(VH)　吧(T),"[{'word': '長榮', 'ner': 'ORG'}, {'word': '星宇', 'ner': 'ORG'}, {'word': '長榮', 'ner': 'ORG'}]"
台中直開航線真的很方便,台中(Nc)　直開(D)　航線(Na)　真的(D)　很(Dfa)　方便(VH),"[{'word': '台中', 'ner': 'GPE'}]"
台中趕快把廉航退退啦越捷去南部比較適合,台中(Nc)　趕快(D)　把(P)　廉航(Nb)　退退(VA)　啦(T)　越捷(Nb)　去(VCL)　南部(Ncd)　比較(Dfa)　適合(VH),"[{'word': '台中', 'ner': 'GPE'}, {'word': '越捷', 'ner': 'PERSON'}]"
當初不就很多空服靠杯長榮管理才去董又要錢又要爽換個職業卡實在,當初(Nd)　不(D)　就(P)　很多(Neqa)　空服(Na)　靠(VJ)　杯(Na)　長榮(Nb)　管理(VC)　才(Da)　去(VCL)　董(Nb)　又(D)　要(VC)　錢(Na)　又(D)　要(D)　爽(VH)　換(VC)　個(Di)　職業卡(Na)　實在(D),[]
員工好歹關心下吧,員工(Na)　好歹(D)　關心(VK)　下(Ng)　吧(T),[]
明年有機會啦今年開始賺了共體時艱完之後要發的時候你跑掉了不虧死嗎,明年(Nd)　有(V_2)　機會(Na)　啦(T)　今年(Nd)　開始(VL)　賺(VC)　了(Di)　共體時艱(VA)　完(VH)　之後(Ng)　要(D)　發(VH)　的(DE)　時候(Na)　你(Nh)　跑掉(VA)　了(Di)　不(D)　虧(VH)　死(VH)　嗎(T),"[{'word': '明年', 'ner': 'DATE'}, {'word': '今年', 'ner': 'DATE'}]"
不就入場太晚,不(D)　就(D)　入場(VA)　太晚(VH),[]
半導體也是樣,半導體(Na)　也(D)　是(SHI)　樣(Na),[]
想太多了跳槽沒那麼容易,想(VE)　太多(Neqa)　了(Di)　跳槽(VA)　沒(D)　那麼(D)　容易(VH),[]
先有空姐經歷,先(D)　有(V_2)　空姐(Na)　經歷(Nv),[]
再跳科技廠文職,再(D)　跳(VA)　科技廠(Nc)　文職(Na),[]
有英文能力,有(V_2)　英文(Na)　能力(Na),"[{'word': '英文', 'ner': 'LANGUAGE'}]"
有長相,有(V_2)　長相(Na),[]
不難,不(D)　難(VH),[]
畢竟誰不想有個香香的同事,畢竟(D)　誰(Nh)　不(D)　想(VE)　有(V_2)　個(Nf)　香香(VH)　的(DE)　同事(Na),"[{'word': '香香', 'ner': 'PERSON'}]"
那是科技業,那(Nep)　是(SHI)　科技業(Na),[]
科技業男女比例嚴重失調,科技業(Na)　男女(Na)　比例(Na)　嚴重(VH)　失調(VH),[]
需要鼓勵師,需要(VK)　鼓勵(VF)　師(Na),[]
新創公司前面三五年沒獲利很正常啊很多東西都還在折舊還有設備跟人事等等也可能都還要陸續到位,新創(VC)　公司(Nc)　前面(Ncd)　三五(Neu)　年(Nf)　沒(D)　獲利(Na)　很(Dfa)　正常(VH)　啊(T)　很多(Neqa)　東西(Na)　都(D)　還(D)　在(P)　折舊(VH)　還(D)　有(V_2)　設備(Na)　跟(Caa)　人事(Na)　等等(Cab)　也(D)　可能(D)　都(D)　還要(Dfa)　陸續(D)　到位(VA),"[{'word': '三五年', 'ner': 'DATE'}]"
就算是當鼓勵師,就算(Cbb)　是(SHI)　當(VG)　鼓勵(VF)　師(Na),[]
也要長得夠漂亮夠年輕英文夠好但是般女生又漂亮又年輕英文學歷都好的,也(D)　要(D)　長(VH)　得(DE)　夠(Dfa)　漂亮(VH)　夠(Dfa)　年輕(VH)　英文(Na)　夠(Dfa)　好(VH)　但是(Cbb)　般(Nes)　女生(Na)　又(Caa)　漂亮(VH)　又(Caa)　年輕(VH)　英文(Na)　學歷(Na)　都(D)　好(VH)　的(DE),"[{'word': '英文', 'ner': 'LANGUAGE'}, {'word': '英文', 'ner': 'LANGUAGE'}]"
機會堆滿手好牌,機會(Na)　堆滿(VC)　手(Na)　好(VH)　牌(Na),[]
也不會想去科技業當花瓶,也(D)　不會(D)　想(VE)　去(VCL)　科技業(Na)　當(VG)　花瓶(Na),[]
都是去當高管般女生漂亮的都早早沾上毒或是,都(D)　是(SHI)　去(D)　當(VG)　高管(Na)　般(Ng)　女生(Na)　漂亮(VH)　的(DE)　都(D)　早早(D)　沾上(VJ)　毒(Na)　或是(Caa),[]
這行業不缺人,這(Nep)　行業(Na)　不(D)　缺(VJ)　人(Na),[]
人材問題根本沒差,人材(Na)　問題(Na)　根本(D)　沒(D)　差(VH),[]
空服員低專業性空座不是想跳人家長榮華航願意收,空服員(Na)　低專業性(VH)　空座(Na)　不(D)　是(SHI)　想(VE)　跳(VA)　人家(Nh)　長榮(Nb)　華航(Nc)　願意(VK)　收(VC),"[{'word': '榮華航', 'ner': 'ORG'}]"
所以你很少看到漂亮的女生在正常的職場,所以(Cbb)　你(Nh)　很少(D)　看到(VE)　漂亮(VH)　的(DE)　女生(Na)　在(P)　正常(VH)　的(DE)　職場(Nc),[]
講白了就練功場,講白(VE)　了(Di)　就(D)　練(VC)　功場(Na),[]
笑死就公司不賺錢要共體時艱,笑死(VHC)　就(P)　公司(Nc)　不(D)　賺錢(VA)　要(D)　共體時艱(VA),[]
噓樓,噓(I)　樓(Na),[]
職場氛圍環境不是聽說比別人好些,職場(Nc)　氛圍(Na)　環境(Na)　不(D)　是(SHI)　聽說(VE)　比(P)　別人(Nh)　好(Neqa)　些(Dfb),[]
長榮華航應該是跳不回去因為這些人很多是之前這兩家來的,長榮(Nb)　華航(Nc)　應該(D)　是(SHI)　跳(VA)　不(D)　回去(VA)　因為(Cbb)　這些(Neqa)　人(Na)　很多(Neqa)　是(SHI)　之前(Nd)　這(Nep)　兩(Neu)　家(Nf)　來(VA)　的(DE),"[{'word': '長榮華航', 'ner': 'ORG'}, {'word': '兩', 'ner': 'CARDINAL'}]"
出去的時候,出去(VA)　的(DE)　時候(Na),[]
已經說明了永不錄用,已經(D)　說明(VE)　了(Di)　永(D)　不(D)　錄用(VC),[]
能進華航的應該是不會想走,能(D)　進(VCL)　華航(Nc)　的(DE)　應該(D)　是(SHI)　不會(D)　想(VE)　走(VA),"[{'word': '華航', 'ner': 'ORG'}]"
能吃肉,能(D)　吃(VC)　肉(Na),[]
誰要喝湯,誰(Nh)　要(D)　喝(VC)　湯(Na),[]
好了啦之前曾問過認識的空服能進花航進去都不會走啦除家庭規劃大宗綠地球都嘛放後面志願外面的人想進來裡面的想出去,好了(T)　啦(T)　之前(Ng)　曾(D)　問(VE)　過(Di)　認識(VJ)　的(DE)　空服(Na)　能(D)　進(VCL)　花航(Nb)　進去(VA)　都(D)　不會(D)　走(VA)　啦(T)　除(P)　家庭(Na)　規劃(VC)　大(VH)　宗(Nf)　綠地球(VH)　都(D)　嘛(T)　放(VC)　後面(Ncd)　志願(Na)　外面(Ncd)　的(DE)　人(Na)　想(VE)　進來(VA)　裡面(Ncd)　的(DE)　想(VE)　出去(VA),[]
我前面就說了你想從宇宙跳到小花為啥小花要收你當初面試定是全部公司都面過當初都被打槍了你怎麼覺得多幾年工作經驗他就要你小花幹嘛找個比較老形象又不符合幹嘛不直接找新人來培養便宜又聽話每年堆人去面試根本不缺人,我(Nh)　前面(Ncd)　就(D)　說(VE)　了(Di)　你(Nh)　想(VE)　從(P)　宇宙(Na)　跳到(VCL)　小花(VH)　為啥(D)　小花(VH)　要(D)　收(VC)　你(Nh)　當初(Nd)　面試(VC)　定(D)　是(SHI)　全部(Neqa)　公司(Nc)　都(D)　面(VC)　過(Di)　當初(Nd)　都(D)　被(P)　打槍(VB)　了(Di)　你(Nh)　怎麼(D)　覺得(VK)　多(Neqa)　幾(Neu)　年(Nf)　工作(Na)　經驗(Na)　他(Nh)　就(D)　要(D)　你(Nh)　小花(VH)　幹嘛(D)　找(VC)　個(Nf)　比較(Dfa)　老(VH)　形象(Na)　又(D)　不(D)　符合(VJ)　幹嘛(D)　不(D)　直接(VH)　找(VC)　新人(Na)　來(D)　培養(VC)　便宜(VH)　又(D)　聽話(VH)　每(Nes)　年(Nf)　堆(Nf)　人(Na)　去(D)　面試(VC)　根本(D)　不(D)　缺(VJ)　人(Na),"[{'word': '多幾年', 'ner': 'DATE'}]"
文組在台灣除了金融業總薪資可以對齊般工程師餒,文組(Na)　在(P)　台灣(Nc)　除了(P)　金融業(Na)　總薪資(Na)　可以(D)　對齊(VB)　般(Ng)　工程師(Na)　餒(VH),"[{'word': '台灣', 'ner': 'GPE'}]"
小花綠地球懂得就懂但這行業都很操啦光高空時差很傷身的,小(VH)　花(Na)　綠地球(VH)　懂得(VK)　就(D)　懂(VK)　但(Cbb)　這(Nep)　行業(Na)　都(D)　很(Dfa)　操(VC)　啦(T)　光(Na)　高空(Nc)　時差(Na)　很(Dfa)　傷身(VH)　的(DE),[]
綠地球跟小花都不好進,綠地球(VH)　跟(Caa)　小花(VH)　都(D)　不(D)　好(VH)　進(VCL),[]
要求不同,要求(VF)　不同(VH),[]
放心,放心(VK),[]
明年長榮華航也剩下個月就扯平了,明年(Nd)　長榮(Nb)　華航(Nc)　也(D)　剩下(VJ)　個(Nf)　月(Na)　就(D)　扯平(VC)　了(Di),"[{'word': '明年', 'ner': 'DATE'}, {'word': '長榮華航', 'ner': 'ORG'}, {'word': '個月', 'ner': 'DATE'}]"
綠地球最重視臉相,綠地球(VH)　最(Dfa)　重視(VJ)　臉相(Na),[]
張榮發時代就留下的規定,張榮發(Nb)　時代(Na)　就(D)　留下(VC)　的(DE)　規定(Na),"[{'word': '張榮發', 'ner': 'PERSON'}]"
只看臉相因為張榮發覺得飛機這種東西最信那套,只(Da)　看(VC)　臉相(Na)　因為(Cbb)　張榮發(Nb)　覺得(VK)　飛機(Na)　這(Nep)　種(Nf)　東西(Na)　最(Dfa)　信(VK)　那(Nep)　套(Nf),"[{'word': '張榮發', 'ner': 'PERSON'}]"
所以只看臉相小花也是只看臉,所以(Cbb)　只(Da)　看(VC)　臉相(Na)　小花(VH)　也(D)　是(SHI)　只(Da)　看(VC)　臉(Na),[]
但是小花看的是要漂亮的臉所以小花只要超漂亮女性,但是(Cbb)　小花(Na)　看(VC)　的(DE)　是(SHI)　要(D)　漂亮(VH)　的(DE)　臉(Na)　所以(Cbb)　小花(VH)　只要(Cbb)　超(Dfa)　漂亮(VH)　女性(Na),[]
綠地球要的是臉福相,綠地球(Na)　要(VC)　的(DE)　是(SHI)　臉(Na)　福相(Na),[]
沒錯小花跟綠地球都很難進啦,沒(VJ)　錯(Na)　小(VH)　花(Na)　跟(Caa)　綠地球(VH)　都(D)　很(Dfa)　難(VH)　進(VC)　啦(T),[]
老董不想幹別幹,老董(Nb)　不(D)　想(VE)　幹(VC)　別(Nes)　幹(VC),[]
只看面相是上古時期的事情了只用新人也是長榮可能還好華航近期待遇福利拉起來很少人在跳槽,只(Da)　看(VC)　面相(Na)　是(SHI)　上古(Nd)　時期(Na)　的(DE)　事情(Na)　了(T)　只(Da)　用(P)　新人(Na)　也(D)　是(SHI)　長榮(Nb)　可能(D)　還好(D)　華航(Nc)　近期(Nd)　待遇(Na)　福利(Na)　拉起來(D)　很少(Neqa)　人(Na)　在(P)　跳槽(VA),"[{'word': '長榮', 'ner': 'ORG'}, {'word': '華航', 'ner': 'ORG'}]"
台中交通不方便沒有捷運可以到機場還直開新航線,台中(Nc)　交通(Na)　不(D)　方便(VH)　沒有(VJ)　捷運(Na)　可以(D)　到(VCL)　機場(Nc)　還(D)　直(D)　開(VC)　新(VH)　航線(Na),"[{'word': '台中', 'ner': 'GPE'}]"
捷運在蓋了年後會蓋好,捷運(Na)　在(P)　蓋(VC)　了(Di)　年(Na)　後(Ng)　會(D)　蓋好(VC),"[{'word': '捷運', 'ner': 'ORG'}, {'word': '年後', 'ner': 'DATE'}]"
正常會首選國外航空,正常會(VH)　首選(D)　國外(Nc)　航空(Na),[]
台中機場就開車去還好吧停車不貴,台中(Nc)　機場(Nc)　就(D)　開車(VA)　去(D)　還好(VH)　吧(T)　停車(VA)　不(D)　貴(VH),"[{'word': '台中機場', 'ner': 'FAC'}]"
不爽去長榮啊,不(D)　爽(VH)　去(VCL)　長榮(Nb)　啊(T),"[{'word': '長榮', 'ner': 'GPE'}]"
長榮好像發個月,長榮(Nb)　好像(D)　發(VD)　個(Nf)　月(Na),[]
多到空服員捨不得請病假扣考績,多(D)　到(P)　空服員(Na)　捨不得(VL)　請(VF)　病假(Na)　扣(VC)　考績(Na),[]
原來有這麼多喔,原來(D)　有(V_2)　這麼多(D)　喔(T),[]
長榮機師朋友還說他們年終幾乎沒有,長榮(Nb)　機師(Na)　朋友(Na)　還(D)　說(VE)　他們(Nh)　年終(Nd)　幾乎(Da)　沒有(VJ),"[{'word': '長榮', 'ner': 'PERSON'}]"
原來只是不想打擊我而已我是某董仔的潛在供應商,原來(D)　只是(D)　不(D)　想(VE)　打擊(VC)　我(Nh)　而已(T)　我(Nh)　是(SHI)　某(Nes)　董仔(Na)　的(DE)　潛在(A)　供應商(Na),[]
某些東西他還是跟綠地球借用,某些(Neqa)　東西(Na)　他(Nh)　還是(D)　跟(P)　綠地球(VH)　借用(VC),[]
前幾個月吵得正兇的時候有來找我們諮詢,前(Nes)　幾(Neu)　個(Nf)　月(Na)　吵(VC)　得(DE)　正(D)　兇(VH)　的(DE)　時候(Na)　有(D)　來(D)　找(VC)　我們(Nh)　諮詢(VE),"[{'word': '前幾個月', 'ner': 'DATE'}]"
問問又沒了,問問(VE)　又(D)　沒(VJ)　了(Di),[]
看到這新聞我就懂了,看到(VE)　這(Nep)　新聞(Na)　我(Nh)　就(D)　懂(VK)　了(T),[]
長榮飛日本吃乾杯燒肉也很不錯啊,長榮(Nb)　飛(VA)　日本(Nc)　吃(VC)　乾杯(VH)　燒肉(Na)　也(D)　很(Dfa)　不錯(VH)　啊(T),"[{'word': '長榮飛', 'ner': 'PERSON'}, {'word': '日本', 'ner': 'GPE'}]"
沒錢發不然給個月鈔票個月股票也好要畫大餅至少也要發股票不然誰跟你共體時艱時代早變了,沒(VJ)　錢(Na)　發(VD)　不然(Cbb)　給(VD)　個(Di)　月(Na)　鈔票(Na)　個(Nf)　月(Na)　股票(Na)　也好(T)　要(D)　畫(VC)　大(Na)　餅(Na)　至少(Da)　也(D)　要(D)　發(VD)　股票(Na)　不然(Cbb)　誰(Nh)　跟(P)　你(Nh)　共體時艱(VA)　時代(Na)　早(D)　變(VG)　了(Di),[]
別傻了,別(D)　傻(VH)　了(Di),[]
行內人沒有看過星宇跳到華航長榮,行內人(Na)　沒有(D)　看過(VC)　星宇(Nb)　跳到(VCL)　華航(Nc)　長榮(Nb),"[{'word': '華航', 'ner': 'ORG'}]"
反過來的倒是多的是,反過來(Dk)　的(DE)　倒是(D)　多(VH)　的(DE)　是(SHI),[]
你要不要想想為什麼,你(Nh)　要不要(D)　想想(VE)　為什麼(D),[]
對外直高調宣傳品牌和曝光,對(P)　外(Ncd)　直(D)　高調(Na)　宣傳(VC)　品牌(Na)　和(Caa)　曝光(VH),[]
對內卻要求共體時艱,對(P)　內(Ncd)　卻(D)　要求(VF)　共體時艱(VA),[]
員工定會感受到落差,員工(Na)　定(D)　會(D)　感受到(VK)　落差(Na),[]
長期下來只會影響留任率,長期(Nd)　下來(Ng)　只(Da)　會(D)　影響(VC)　留任率(Na),[]
星宇的機票說真的不便宜,星宇(Nb)　的(DE)　機票(Na)　說真的(Dk)　不(D)　便宜(VH),"[{'word': '星宇', 'ner': 'ORG'}]"
最妙的是我暑假去大阪,最(Dfa)　妙(VH)　的(DE)　是(SHI)　我(Nh)　暑假(Nd)　去(VCL)　大阪(Nc),"[{'word': '暑假', 'ner': 'DATE'}, {'word': '大阪', 'ner': 'GPE'}]"
回程起飛分鐘我說請問有毯子嗎,回程(Na)　起飛(VA)　分鐘(Nf)　我(Nh)　說(VE)　請問(VE)　有(V_2)　毯子(Na)　嗎(T),"[{'word': '分鐘', 'ner': 'TIME'}]"
結果居然條都沒有了,結果(Dk)　居然(D)　條(Nf)　都(D)　沒有(VJ)　了(Di),[]
見鬼,見(VE)　鬼(Na),[]
啥時又華航跳星宇的多別在那唬爛了華航常常年退休的比離職的多,啥時(Nep)　又(D)　華航(Nc)　跳(VA)　星宇(Na)　的(DE)　多(D)　別(D)　在(P)　那(Nep)　唬爛(VA)　了(Di)　華航(Nc)　常常(D)　年(Nf)　退休(VH)　的(DE)　比(P)　離職(VH)　的(DE)　多(Dfa),"[{'word': '華航', 'ner': 'ORG'}, {'word': '華航', 'ner': 'ORG'}]"
原文標題,原文(Na)　標題(Na),[]
星宇宣布年終個月調薪員工怨太少錢都花在眾人熱議,星宇(Nb)　宣布(VE)　年終(Nd)　個(Nf)　月(Na)　調薪(VH)　員工(Na)　怨(VK)　太少(Neqa)　錢(Na)　都(D)　花(VC)　在(P)　眾人(Na)　熱議(VHC),"[{'word': '星宇', 'ner': 'ORG'}]"
原文連結,原文(Na)　連結(VC),[]
司內群都炸掉了,司(Na)　內(Ncd)　群(Na)　都(D)　炸掉(VC)　了(Di),[]
並附上張星宇航空在台北的廣告照片,並(Cbb)　附上(VC)　張(Nb)　星宇(Nb)　航空(Na)　在(P)　台北(Nc)　的(DE)　廣告(Na)　照片(Na),"[{'word': '星宇航空', 'ner': 'ORG'}, {'word': '台北', 'ner': 'GPE'}]"
引發種眾人熱議,引發(VC)　種(Nf)　眾人(Na)　熱議(VHC),[]
原來,原來(D),[]
是星宇航空宣布,是(SHI)　星宇(Nb)　航空(Na)　宣布(VE),"[{'word': '星宇航空', 'ner': 'ORG'}]"
本次的年終獎金為個月的薪資,本(Nes)　次(Nf)　的(DE)　年終(Nd)　獎金(Na)　為(VG)　個(Nf)　月(Na)　的(DE)　薪資(Na),[]
讓有些員工不滿認為公司砸錢在行銷,讓(VL)　有(V_2)　些(Nf)　員工(Na)　不滿(VK)　認為(VE)　公司(Nc)　砸錢(VB)　在(P)　行銷(Na),[]
宣傳,宣傳(Na),[]
卻只給他們個月的薪水當年終,卻(D)　只(Da)　給(VD)　他們(Nh)　個(Nf)　月(Na)　的(DE)　薪水(Na)　當(P)　年終(Nd),[]
星宇航空曝因素影響獲利明年將迎最大新機交付潮,星宇(Nb)　航空(Na)　曝(VC)　因素(Na)　影響(VC)　獲利(Na)　明年(Nd)　將(D)　迎(VC)　最(Dfa)　大(VH)　新機(Na)　交付潮(VD),"[{'word': '星宇航空', 'ner': 'ORG'}, {'word': '明年', 'ner': 'DATE'}]"
據報,據報(Dk),[]
星宇航空執行長翟健華的內部信提到,星宇(Nb)　航空(Na)　執行長(Na)　翟健華(Nb)　的(DE)　內部(Na)　信(Na)　提到(VE),"[{'word': '星宇航空', 'ner': 'ORG'}, {'word': '翟健華', 'ner': 'PERSON'}]"
今年在營運上遇到對等關稅美簽緊縮日,今年(Nd)　在(P)　營運(VA)　上(Ng)　遇到(VC)　對等(VH)　關稅(Na)　美(Na)　簽(VC)　緊縮(VC)　日(Nc),"[{'word': '今年', 'ner': 'DATE'}, {'word': '美', 'ner': 'GPE'}]"
本地震謠言等外在不利因素,本(Nc)　地震(Na)　謠言(Na)　等(Cab)　外在(Na)　不利(VK)　因素(Na),[]
影響獲利表現,影響(VC)　獲利(Na)　表現(VC),[]
但另方面今年上半年起,但(Cbb)　另方面(Cbb)　今年(Nd)　上(Nes)　半(Neqa)　年(Nf)　起(Ng),"[{'word': '今年上半年', 'ner': 'DATE'}]"
星宇逐步完成明,星宇(Na)　逐步(D)　完成(VC)　明(Nb),"[{'word': '星宇', 'ner': 'ORG'}]"
年架新機交付前的各項準備,年(VC)　架(VC)　新機(Na)　交付(VD)　前(Ng)　的(DE)　各(Nes)　項(Nf)　準備(VC),[]
展望明年將迎來公司成立以來的最大新機交付潮,展望(VJ)　明年(Nd)　將(D)　迎來(VC)　公司(Nc)　成立(VC)　以來(Ng)　的(DE)　最(Dfa)　大(VH)　新機(Na)　交付潮(Nv),"[{'word': '明年', 'ner': 'DATE'}]"
為公司,為(P)　公司(Nc),[]
帶來更大的發展,帶來(VC)　更(Dfa)　大(VH)　的(DE)　發展(VC),[]
星宇航空今日也回應證實,星宇(Nb)　航空(Na)　今日(Nd)　也(D)　回應(VC)　證實(VE),"[{'word': '星宇航空', 'ner': 'ORG'}, {'word': '今日', 'ner': 'DATE'}]"
考量今年整體營運環境變數較多,考量(VE)　今年(Nd)　整體(Na)　營運(Nv)　環境(Na)　變數(Na)　較多(VH),"[{'word': '今年', 'ner': 'DATE'}]"
客運表現與去年相比,客運(Na)　表現(Na)　與(P)　去年(Nd)　相比(VB),"[{'word': '去年', 'ner': 'DATE'}]"
有所差異公司在審慎評估整體營運與未來布局後,有所(VJ)　差異(Na)　公司(Nc)　在(P)　審慎(VH)　評估(VE)　整體(Na)　營運(Nv)　與(Caa)　未來(Nd)　布局(VA)　後(Ng),[]
發放年終獎金個月,發放(VD)　年終(Nd)　獎金(Na)　個(Nf)　月(Na),[]
整體調薪幅度約,整體(Na)　調薪(VH)　幅度(Na)　約(Da),[]
星宇期許在穩健經營與持續投資並進的前提下,星宇(Nb)　期許(VK)　在(P)　穩健(VH)　經營(VC)　與(Caa)　持續(VL)　投資(VC)　並進(VA)　的(DE)　前提(Na)　下(Ng),"[{'word': '星宇', 'ner': 'ORG'}]"
逐步提升營運成果與獲利能力,逐步(D)　提升(VC)　營運(Nv)　成果(Na)　與(Caa)　獲利(VH)　能力(Na),[]
進而,進而(Cbb),[]
與全體同仁共享經營成果,與(P)　全體(Na)　同仁(Na)　共享(VJ)　經營(Nv)　成果(Na),[]
攜手邁向下階段的成長,攜手(D)　邁向(VCL)　下(Nes)　階段(Na)　的(DE)　成長(Nv),[]
遭酸年終都在上網揭星宇獲利困境,遭(VJ)　酸(VH)　年終(Nd)　都(D)　在(P)　上網(VA)　揭(VC)　星宇(Na)　獲利(VH)　困境(Na),[]
社群上有不少網友為星宇的員工叫屈,社群(Na)　上(Ncd)　有(V_2)　不少(Neqa)　網友(Na)　為(P)　星宇(Nb)　的(DE)　員工(Na)　叫屈(VB),[]
還有人調侃年終獎金都在上了,還(D)　有(V_2)　人(Na)　調侃(VC)　年終(Nd)　獎金(Na)　都(D)　在(P)　上(VCL)　了(Di),[]
經過時記得多,經過(VCL)　時(Ng)　記(VK)　得(DE)　多(D),[]
看兩眼,看(VC)　兩(Neu)　眼(Na),[]
但也有人分析星宇的財報指出,但(Cbb)　也(D)　有(V_2)　人(Na)　分析(VC)　星宇(Nb)　的(DE)　財報(Na)　指出(VE),"[{'word': '星宇', 'ner': 'ORG'}]"
星宇上半年營收有增加,星宇(Nb)　上(Ncd)　半(Neqa)　年(Nf)　營收(Na)　有(V_2)　增加(VHC),"[{'word': '星宇', 'ner': 'ORG'}, {'word': '上半年', 'ner': 'DATE'}]"
但第三季陷入虧損,但(Cbb)　第三(Neu)　季(Nd)　陷入(VCL)　虧損(Na),"[{'word': '第三季', 'ner': 'DATE'}]"
星宇現在全是客機沒有貨機,星宇(Nb)　現在(Nd)　全(Neqa)　是(SHI)　客機(Na)　沒有(VJ)　貨機(Na),"[{'word': '星宇', 'ner': 'ORG'}]"
甚至還說今年個月明年可能個月,甚至(D)　還(D)　說(VE)　今年(Nd)　個(Nf)　月(Na)　明年(Nd)　可能(D)　個(Nf)　月(Na),"[{'word': '今年個月', 'ner': 'DATE'}, {'word': '明年', 'ner': 'DATE'}, {'word': '個月', 'ner': 'DATE'}]"
也有些人提到,也(D)　有(V_2)　些(Nf)　人(Na)　提到(VE),[]
宇草創就遇到疫情,宇草創(Nb)　就(D)　遇到(VC)　疫情(Na),[]
這幾年沒什麼賺錢還要買飛機擴充航線,這(Nep)　幾(Neu)　年(Nf)　沒(VJ)　什麼(Nep)　賺錢(VA)　還(D)　要(D)　買(VC)　飛機(Na)　擴充(VC)　航線(Na),"[{'word': '這幾年', 'ner': 'DATE'}]"
還能活著都是靠張國煒的老,還(D)　能(D)　活(VH)　著(Di)　都(D)　是(SHI)　靠(P)　張國煒(Nb)　的(DE)　老(Na),"[{'word': '張國煒', 'ner': 'PERSON'}]"
本在撐,本(D)　在(D)　撐(VC),[]
且星宇的載客數也不敵老牌的長榮華航,且(Cbb)　星宇(Nb)　的(DE)　載客數(Na)　也(D)　不敵(VJ)　老牌(VH)　的(DE)　長榮(Nb)　華航(Nc),"[{'word': '長榮華航', 'ner': 'ORG'}]"
星宇還有飛機折舊購入新機的高昂,星宇(Nb)　還(D)　有(V_2)　飛機(Na)　折舊(VH)　購入(VC)　新機(Na)　的(DE)　高昂(VH),"[{'word': '星宇', 'ner': 'ORG'}]"
成本,成本(Na),[]
可能還要咬苦撐好幾年才有可觀的獲利,可能(D)　還要(Dfa)　咬(VC)　苦(VC)　撐(VC)　好幾(Neu)　年(Nf)　才(Da)　有(V_2)　可觀(VH)　的(DE)　獲利(Na),"[{'word': '好幾年', 'ner': 'DATE'}]"
如果員工不能接受只能選擇跳槽,如果(Cbb)　員工(Na)　不能(D)　接受(VC)　只(Da)　能(D)　選擇(VC)　跳槽(VA),[]
心得評論,心得(Na)　評論(VC),[]
年終只有個月,年終(Nd)　只(Da)　有(V_2)　個(Nf)　月(Na),"[{'word': '個月', 'ner': 'DATE'}]"
加薪才,加薪(VB)　才(Da),[]
員工大抱怨大吵要離職了,員工(Na)　大(VH)　抱怨(VE)　大吵(VH)　要(D)　離職(VH)　了(T),[]
星宇從上市以來路跌直跌,星宇(Nb)　從(P)　上市(VH)　以來(Ng)　路(Na)　跌(VA)　直(D)　跌(VA),"[{'word': '星宇', 'ner': 'ORG'}]"
星宇航空是不是要不行了,星宇(Na)　航空(Na)　是(SHI)　不(D)　是(SHI)　要(D)　不行(VH)　了(T),"[{'word': '星宇航空', 'ner': 'FAC'}]"
個月比公務員還可憐呵,個(Nf)　月(Na)　比(P)　公務員(Na)　還(D)　可憐(VHC)　呵(T),"[{'word': '個月', 'ner': 'DATE'}]"
明明很貴,明明(D)　很(Dfa)　貴(VH),[]
為什麼只有個月,為什麼(D)　只(Da)　有(V_2)　個(Nf)　月(Na),"[{'word': '個月', 'ner': 'DATE'}]"
星宇真的好低薪,星宇(Nb)　真的(D)　好(Dfa)　低薪(Na),"[{'word': '星宇', 'ner': 'ORG'}]"
長榮航,長榮航(Nb),"[{'word': '長榮航', 'ner': 'ORG'}]"
買飛機吧,買(VC)　飛機(Na)　吧(T),[]
不然你要去長榮嗎嘻嘻,不然(Cbb)　你(Nh)　要(D)　去(VCL)　長榮(Nb)　嗎(T)　嘻(D)　嘻(VA),[]
薪水多少,薪水(Na)　多少(Neqa),[]
沒公佈怎麼知道低薪,沒(D)　公佈(VE)　怎麼(D)　知道(VK)　低薪(Na),[]
要命去星宇,要命(VH)　去(VCL)　星宇(Na),[]
不要命去長,不要(D)　命(Na)　去(D)　長(VC),[]
星宇又沒其他業務長榮還有靠修飛機跟送貨賺錢差多了,星宇(Nb)　又(D)　沒(VJ)　其他(Neqa)　業務(Na)　長榮(Nb)　還(D)　有(V_2)　靠(P)　修(VC)　飛機(Na)　跟(P)　送貨(VA)　賺錢(VA)　差多了(VH),"[{'word': '星宇', 'ner': 'ORG'}]"
你不端盤子多的是人想去端盤子,你(Nh)　不(D)　端(VC)　盤子(Na)　多(VH)　的(DE)　是(SHI)　人(Na)　想(VE)　去(D)　端(VC)　盤子(Na),[]
現在人沒在共體時艱的拿多少錢做多少事該跑了,現在(Nd)　人(Na)　沒(D)　在(P)　共體時艱(VA)　的(DE)　拿(VC)　多少(Neqa)　錢(Na)　做(VC)　多少(Neqa)　事(Na)　該(D)　跑(VA)　了(Di),[]
這間沒缺工危機嗎,這(Nep)　間(Nf)　沒(VJ)　缺工(VH)　危機(Na)　嗎(T),[]
少的可憐,少(VH)　的(DE)　可憐(VHC),[]
長榮華航是靠載貨賺飽飽的星宇又沒貨機,長榮(Nb)　華航(Nc)　是(SHI)　靠(P)　載貨(VA)　賺(VC)　飽飽(VH)　的(DE)　星宇(Nb)　又(D)　沒(VJ)　貨機(Na),"[{'word': '長榮華航', 'ner': 'ORG'}, {'word': '星宇', 'ner': 'ORG'}]"
草創時期,草創(VC)　時期(Na),[]
挖角直接年資對照,挖角(VA)　直接(VH)　年資(Na)　對照(VJ),[]
現在看來不勝唏噓董也有想要經營維修部門啦,現在(Nd)　看來(D)　不勝唏噓(VH)　董(Nb)　也(D)　有(V_2)　想要(VE)　經營(VC)　維修(VC)　部門(Na)　啦(T),[]
畢竟他自己懂飛機,畢竟(D)　他(Nh)　自己(Nh)　懂(VK)　飛機(Na),[]
星宇耶竟然比公務員還低,星宇耶(Nb)　竟然(D)　比(P)　公務員(Na)　還(Dfa)　低(VH),"[{'word': '星宇耶', 'ner': 'PERSON'}]"
公務員也是有個月的,公務員(Na)　也(D)　是(SHI)　有(V_2)　個(Nf)　月(Na)　的(DE),[]
被資方吃定就是這樣,被(P)　資方(Na)　吃定(VC)　就是(D)　這樣(VH),[]
壹個月難看,壹(Neu)　個(Nf)　月(Na)　難看(VH),[]
沒關係,沒關係(VH),[]
移工可以解決所有問題,移工(VA)　可以(D)　解決(VC)　所有(Neqa)　問題(Na),[]
好像新航線新飛機都不用錢樣,好像(D)　新(VH)　航線(Na)　新(VH)　飛機(Na)　都(D)　不(D)　用(VC)　錢(Na)　樣(Ng),[]
真的滿爛的就是就靠粉絲維持營收跟人氣了,真的(D)　滿(Dfa)　爛(VH)　的(DE)　就(Cbb)　是(SHI)　就(D)　靠(P)　粉絲(Na)　維持(VJ)　營收(Na)　跟(Caa)　人氣(Na)　了(T),[]
很貴但不賺錢神奇,很(Dfa)　貴(VH)　但(Cbb)　不(D)　賺錢(VA)　神奇(VH),[]
個月真的慘服務也沒多好之前都堆人靠北了,個(Nf)　月(Na)　真的(D)　慘(VH)　服務(VC)　也(D)　沒(D)　多(Dfa)　好(VH)　之前(Ng)　都(D)　堆(Nf)　人(Na)　靠(VJ)　北(Ncd)　了(T),"[{'word': '個月', 'ner': 'DATE'}]"
是多想快速回本,是(SHI)　多(D)　想(VE)　快速(VH)　回本(VA),[]
折舊很貴,折舊(VH)　很(Dfa)　貴(VH),[]
也不能怪公司,也(D)　不能(D)　怪(VK)　公司(Nc),[]
用青春賭明天但是星宇從開始就不要有點年紀的員工當星宇多年以後天下有成你也青春已老,用(P)　青春(Na)　賭(VE)　明天(Nd)　但是(Cbb)　星宇(Nb)　從(P)　開始(VH)　就(D)　不要(D)　有點(V_2)　年紀(Na)　的(DE)　員工(Na)　當(VG)　星宇(Na)　多(Neqa)　年(Nf)　以後(Ng)　天下有成(Nc)　你(Nh)　也(D)　青春(Na)　已(D)　老(VH),"[{'word': '多年以後', 'ner': 'DATE'}]"
有個月就偷笑了,有(V_2)　個(Nf)　月(Na)　就(D)　偷笑(VA)　了(Di),"[{'word': '有個月', 'ner': 'DATE'}]"
有間德商二十幾年都沒有過年終,有(V_2)　間(Nf)　德商(Na)　二十幾(Neu)　年(Nf)　都(D)　沒有(D)　過(VCL)　年終(Nd),"[{'word': '德商', 'ner': 'NORP'}, {'word': '二十幾年', 'ner': 'DATE'}]"
廣告次要多少錢啊,廣告(Na)　次(A)　要(VE)　多少(Neqa)　錢(Na)　啊(T),[]
薪酸,薪酸(Na),[]
相信董年底就懂,相信(VK)　董(Nb)　年底(Nd)　就(D)　懂(VK),"[{'word': '董年底', 'ner': 'DATE'}]"
看股價就知道沒什麼獲利了等飛機吧,看(VC)　股價(Na)　就(D)　知道(VK)　沒(VJ)　什麼(Nep)　獲利(VH)　了(Di)　等(VC)　飛機(Na)　吧(T),[]
年終差這麼多該跳長榮了,年終(Nd)　差(VH)　這麼多(Neqa)　該(D)　跳(VA)　長榮(Nb)　了(T),[]
公務員個月那個叫考績獎金年終就是個月,公務員(Na)　個(Nf)　月(Na)　那(Nep)　個(Nf)　叫(VG)　考績(Na)　獎金(Na)　年終(Nd)　就(D)　是(SHI)　個(Nf)　月(Na),"[{'word': '個月', 'ner': 'DATE'}, {'word': '個月', 'ner': 'DATE'}]"
裡面的人想出來外面的人想進去,裡面(Ncd)　的(DE)　人(Na)　想出來(VB)　外面(Ncd)　的(DE)　人(Na)　想(VE)　進去(VA),[]
靠沒賺很多嗎,靠(VJ)　沒(D)　賺(VC)　很多(Neqa)　嗎(T),[]
謝謝大解釋,謝謝(VJ)　大(VH)　解釋(VE),[]
吹航線多賺呵呵還是哥哥比較會經營,吹(VC)　航線(Na)　多(D)　賺(VC)　呵呵(D)　還是(D)　哥哥(Na)　比較(Dfa)　會(D)　經營(VC),[]
這個如果發生在長榮大概會被噴爛被說不會經營發生在有粉絲的公司就是真的很苦經濟不景氣,這(Nep)　個(Nf)　如果(Cbb)　發生(VJ)　在(P)　長榮(Nb)　大概(D)　會(D)　被(P)　噴爛(VC)　被(P)　說(VE)　不會(D)　經營(VC)　發生(VJ)　在(P)　有(V_2)　粉絲(Na)　的(DE)　公司(Nc)　就是(D)　真的(D)　很(Dfa)　苦(VH)　經濟(Na)　不景氣(VH),"[{'word': '長榮', 'ner': 'LOC'}]"
大家不要這樣傳產個月都沒有,大家(Nh)　不要(D)　這樣(VH)　傳產(Na)　個(Nf)　月(Na)　都(D)　沒有(VJ),[]
要撐到折舊攤提完吧況且多發錢給員工股東應該也不會同意台勞也沒那個種罷工,要(D)　撐(VC)　到(P)　折舊攤(Nc)　提完(VC)　吧(T)　況且(Cbb)　多(D)　發(VD)　錢(Na)　給(P)　員工(Na)　股東(Na)　應該(D)　也(D)　不會(D)　同意(VK)　台勞(Na)　也(D)　沒(VJ)　那(Nep)　個(Nf)　種(Nf)　罷工(VA),[]
端盤子的應徵的上長榮嗎,端(VC)　盤子(Na)　的(DE)　應徵(VC)　的(DE)　上(VCL)　長榮(Nb)　嗎(T),[]
對員工不好的公司,對(P)　員工(Na)　不(D)　好(VH)　的(DE)　公司(Nc),[]
你們是傭兵嗎,你們(Nh)　是(SHI)　傭兵(Na)　嗎(T),[]
有調薪就不錯了,有(V_2)　調薪(VH)　就(D)　不錯(VH)　了(T),[]
再發下去直接綠的股東不是人嗎,再(D)　發(VD)　下去(Di)　直接(VH)　綠(VH)　的(DE)　股東(Na)　不(D)　是(SHI)　人(Na)　嗎(T),[]
相信董共體時艱,相信(VK)　董(Nb)　共體時艱(VA),[]
驚品,驚品(VC),[]
公務員連都沒不錯了,公務員(Na)　連(Cbb)　都(D)　沒(D)　不錯(VH)　了(T),[]
調薪屌打堆公司了,調薪(VH)　屌打(FW)　堆(Nf)　公司(Nc)　了(T),[]
幹笑死,幹笑(VC)　死(Dfb),[]
幫資方找理由的是在,幫(P)　資方(Na)　找(VC)　理由(Na)　的(DE)　是(SHI)　在(P),[]
哈同業內最爛還有人在護航,哈(Nb)　同業(Na)　內(Ng)　最(Dfa)　爛(VH)　還(D)　有(V_2)　人(Na)　在(P)　護航(VB),[]
比上有餘比下不足,比(P)　上(Ncd)　有餘(VH)　比(P)　下(Ncd)　不足(VH),[]
比到公務員你要不要跟加油站的比啊,比到(P)　公務員(Na)　你(Nh)　要不要(D)　跟(P)　加油站(Nc)　的(DE)　比(VC)　啊(T),[]
唉有用嗎,唉(I)　有用(VH)　嗎(T),[]
有能力妳就跳啊,有(V_2)　能力(Na)　妳(Nh)　就(D)　跳(VA)　啊(T),[]
嫌少的趕快提離職啊堆人在後面排隊欸,嫌(VK)　少(VH)　的(DE)　趕快(D)　提(VE)　離職(VH)　啊(T)　堆(Nf)　人(Na)　在(P)　後面(Ncd)　排隊(VA)　欸(I),[]
不爽可以去長榮,不(D)　爽(VH)　可以(D)　去(VCL)　長榮(Nb),[]
有能力的定跳最後留下來的都是人材池最差的這情況肯定是非常不妙的,有(V_2)　能力(Na)　的(DE)　定跳(Na)　最後(Nd)　留下來(VA)　的(DE)　都(D)　是(SHI)　人材池(Na)　最(Dfa)　差(VH)　的(DE)　這(Nep)　情況(Na)　肯定(VK)　是(SHI)　非常(Dfa)　不妙(VH)　的(DE),[]
服務好廣告多的企業,服務(VC)　好(VH)　廣告(Na)　多(VH)　的(DE)　企業(Na),[]
勞工權益本來就少同塊營業費用預算,勞工(Na)　權益(Na)　本來(D)　就(D)　少(VH)　同(Nes)　塊(Nf)　營業(VA)　費用(Na)　預算(Na),[]
行銷跟人建費就零和,行銷(Na)　跟(P)　人建費(Na)　就(P)　零和(A),[]
幫資方找理由,幫(P)　資方(Na)　找(VC)　理由(Na),[]
你買股票就是資方的共犯阿,你(Nh)　買(VC)　股票(Na)　就(D)　是(SHI)　資方(Na)　的(DE)　共犯(Na)　阿(Nb),[]
講啥,講(VE)　啥(Nep),[]
不爽可以離職,不(D)　爽(VH)　可以(D)　離職(VH),[]
不知道疫情的時候從長榮跳到星宇的在想什麼,不(D)　知道(VK)　疫情(Na)　的(DE)　時候(Na)　從(P)　長榮(Nb)　跳到(VCL)　星宇(Nb)　的(DE)　在(P)　想(VE)　什麼(Nep),"[{'word': '長榮', 'ner': 'PERSON'}, {'word': '星宇', 'ner': 'FAC'}]"
公務員明年可是不調薪的,公務員(Na)　明年(Nd)　可是(D)　不(D)　調薪(VH)　的(DE),"[{'word': '明年', 'ner': 'DATE'}]"
比公務員好了,比(P)　公務員(Na)　好(T)　了(T),[]
星宇票價不便宜但客運就沒有貨運賺錢,星宇(Nb)　票價(Na)　不(D)　便宜(VH)　但(Cbb)　客運(Na)　就(D)　沒有(VJ)　貨運(Na)　賺錢(VA),"[{'word': '星宇', 'ner': 'ORG'}]"
基本薪水就比長華還要高了捏,基本(A)　薪水(Na)　就(D)　比(P)　長華(Nb)　還要(Dfa)　高(VH)　了(Di)　捏(VC),"[{'word': '長華', 'ner': 'ORG'}]"
對星宇本就沒什麼好感但拿剛成立就遇疫情的新公司,對(P)　星宇(Nb)　本(D)　就(D)　沒(VJ)　什麼(Nep)　好感(Na)　但(Cbb)　拿(P)　剛(D)　成立(VC)　就(D)　遇(VK)　疫情(Na)　的(DE)　新(VH)　公司(Nc),"[{'word': '星宇', 'ner': 'ORG'}]"
星宇的商務艙真的舒服現在年至少搭四次,星宇(Nb)　的(DE)　商務艙(Na)　真的(D)　舒服(VH)　現在(Nd)　年(Na)　至少(Da)　搭(VC)　四(Neu)　次(Nf),"[{'word': '星宇', 'ner': 'ORG'}, {'word': '四', 'ner': 'CARDINAL'}]"
跟國內獲利龍頭比也是很不公平,跟(P)　國內(Nc)　獲利(VH)　龍頭(Na)　比(VC)　也(D)　是(SHI)　很(Dfa)　不(D)　公平(VH),[]
會去星宇的不就是老闆的粉嗎會買星宇股票的也是航空業本來就不是什麼好賺頭的東西,會(D)　去(VCL)　星宇(Nb)　的(DE)　不(D)　就(D)　是(SHI)　老闆(Na)　的(DE)　粉(Na)　嗎(T)　會(D)　買(VC)　星宇(Nb)　股票(Na)　的(DE)　也(D)　是(SHI)　航空業(Na)　本來(D)　就(D)　不(D)　是(SHI)　什麼(Nep)　好(VH)　賺頭(Na)　的(DE)　東西(Na),"[{'word': '星宇', 'ner': 'ORG'}, {'word': '星宇', 'ner': 'ORG'}]"
懶叫比雞腿,懶叫(VH)　比(P)　雞腿(Na),[]
雖然,雖然(Cbb),[]
但是,但是(Cbb),[]
關我屁事,關(VJ)　我(Nh)　屁事(Na),[]
每個月營收都成長只有獎金下跌股票值得買,每(Nes)　個(Nf)　月(Na)　營收(Na)　都(D)　成長(VH)　只有(Da)　獎金(Na)　下跌(VH)　股票(Na)　值得(VH)　買(VC),[]
不爽可以離職,不(D)　爽(VH)　可以(D)　離職(VH),[]
樓上這才是股東應有的態度我是說大,樓上(Nc)　這(Nep)　才(Da)　是(SHI)　股東(Na)　應(D)　有(V_2)　的(DE)　態度(Na)　我(Nh)　是(SHI)　說(VE)　大(VH),[]
台積電年終也才個月啊,台積電(Nb)　年終(Nd)　也(D)　才(Da)　個(Nf)　月(Na)　啊(T),"[{'word': '台積電', 'ner': 'ORG'}, {'word': '個月', 'ner': 'DATE'}]"
包裝媒體遠比多,包裝(Na)　媒體(Na)　遠(Dfa)　比(P)　多(VH),[]
白癡才剛老闆共體時艱,白癡(Na)　才(Da)　剛(D)　老闆(Na)　共體時艱(VA),[]
老闆的跑車,老闆(Na)　的(DE)　跑車(Na),[]
豪宅,豪宅(Na),[]
小三是有分給你用嗎,小三(Na)　是(SHI)　有(V_2)　分給(VD)　你(Nh)　用(VC)　嗎(T),"[{'word': '小三', 'ner': 'ORDINAL'}]"
我看長榮航虎航年終發很多耶載貨比載人賺錢,我(Nh)　看(VE)　長榮航(Nb)　虎航(Nb)　年終(Nd)　發(VD)　很多(Neqa)　耶(T)　載貨(VA)　比(P)　載(VC)　人(Na)　賺錢(VA),"[{'word': '長榮航虎航', 'ner': 'ORG'}]"
笑死大環境另外兩家不也樣遇到笑死草創仔都拿新創包裝說要共體時艱卻沒學到人家有給股份,笑死(VHC)　大(VH)　環境(Na)　另外(Cbb)　兩(Neu)　家(Nf)　不(D)　也(D)　樣(Na)　遇到(VC)　笑死(VHC)　草創仔(Na)　都(D)　拿(VC)　新創(VC)　包裝(Na)　說(VE)　要(D)　共體時艱(VA)　卻(D)　沒(D)　學到(VC)　人家(Nh)　有給(V_2)　股份(Na),"[{'word': '兩', 'ner': 'CARDINAL'}]"
日月光萬年個月,日月光(Nb)　萬(Neu)　年(Nf)　個(Nf)　月(Na),[]
全部加起來兩個月,全部(Neqa)　加起來(VB)　兩(Neu)　個(Nf)　月(Na),"[{'word': '兩個月', 'ner': 'DATE'}]"
哈哈,哈(D)　哈(D),[]
真有心的新創公司,真(D)　有心(VL)　的(DE)　新創(VC)　公司(Nc),[]
會願意燒點股本在投資員工上就算是玩燒資本補貼幹掉同業的策略,會(D)　願意(VK)　燒(VC)　點(Nf)　股本(Na)　在(P)　投資(VC)　員工(Na)　上(Ng)　就算(Cbb)　是(SHI)　玩(VC)　燒(VC)　資本(Na)　補貼(Na)　幹掉(VC)　同業(Na)　的(DE)　策略(Na),[]
也需要老鳥來操盤,也(D)　需要(VK)　老鳥(Na)　來(D)　操盤(VA),[]
只靠跟新人就能成功的話,只(Da)　靠(P)　跟(P)　新人(Na)　就(D)　能(D)　成功(VH)　的話(Cba),[]
表示這個商業模式簡單到任何人都能模仿,表示(VE)　這(Nep)　個(Nf)　商業(Na)　模式(Na)　簡單(VH)　到(P)　任何(Neqa)　人(Na)　都(D)　能(D)　模仿(VC),[]
那就注定內卷到死,那(Nep)　就(D)　注定(VK)　內(Ncd)　卷(Na)　到(P)　死(VH),[]
董不是吹要超華趕榮員工對標他們福利不是正常,董(Nb)　不(D)　是(SHI)　吹(VC)　要(D)　超華(Nb)　趕(VC)　榮(Nb)　員工(Na)　對標(VA)　他們(Nh)　福利(Na)　不(D)　是(SHI)　正常(VH),[]
就董仔形象好阿大家就比較會護航換姓黃的就被噴爛,就(P)　董仔(Nb)　形象(Na)　好(VH)　阿(T)　大家(Nh)　就(D)　比較(Dfa)　會(D)　護航(VB)　換(VC)　姓(VG)　黃(Nb)　的(DE)　就(D)　被(P)　噴爛(VC),[]
不然怎麼不吹對標廉航,不然(Cbb)　怎麼(D)　不(D)　吹(VC)　對標(Na)　廉航(VA),[]
屌打票上市傳產了,屌打票(FW)　上市(VH)　傳產(Na)　了(Di),[]
有更爛的公司發不出年終的,有(V_2)　更(Dfa)　爛(VH)　的(DE)　公司(Nc)　發(VJ)　不(D)　出(VC)　年終(Nd)　的(DE),[]
蠻爛的,蠻(Dfa)　爛(VH)　的(T),[]
星宇是不是很多粉絲年終專門比爛的,星宇(Nb)　是(SHI)　不(D)　是(SHI)　很多(Neqa)　粉絲(Na)　年終(Nd)　專門(VL)　比(P)　爛(VH)　的(T),"[{'word': '星宇', 'ner': 'ORG'}]"
以產業別來說確實很少,以(P)　產業別(Na)　來(D)　說(VE)　確實(D)　很少(D),[]
意料之中吧,意料(VE)　之中(Ng)　吧(T),[]
跟傳產比空姐們會覺得掉身價,跟(P)　傳產(Na)　比(P)　空姐(Na)　們(Na)　會(D)　覺得(VK)　掉(VH)　身價(Na),[]
就虛有其表現在出國太簡單,就(D)　虛有其表(VH)　現在(Nd)　出國(VA)　太(Dfa)　簡單(VH),[]
坐飛機只是個工具,坐(VA)　飛機(Na)　只(Da)　是(SHI)　個(Nf)　工具(Na),[]
票賣那麼貴,票(Na)　賣(VD)　那麼(D)　貴(VH),[]
年終還那麼少,年終(Nd)　還(D)　那麼少(VH),[]
機隊規模小,機隊(Na)　規模(Na)　小(VH),[]
營運成本也高,營運(Nv)　成本(Na)　也(D)　高(VH),[]
加上沒貨物載搭飛機除了富二代網紅之外,加上(Cbb)　沒(VJ)　貨物(Na)　載(VC)　搭(VC)　飛機(Na)　除了(P)　富二代(VJ)　網紅(Na)　之外(Ng),[]
誰想買貴的,誰(Nh)　想(VE)　買(VC)　貴(VH)　的(DE),[]
會搭星宇出國玩但不會買他股票哈哈哈空姐講實在不就空中端盤子的有啥好優越感,會(D)　搭(VC)　星宇(Nb)　出國(VA)　玩(VC)　但(Cbb)　不會(D)　買(VC)　他(Nh)　股票(Na)　哈(D)　哈哈(D)　空姐(Na)　講(VE)　實在(D)　不(D)　就(P)　空中端(Nc)　盤子(Na)　的(DE)　有(V_2)　啥(Nep)　好(VH)　優越感(Na),"[{'word': '星宇', 'ner': 'ORG'}]"
假有多很多的話是可以啦但是,假(VH)　有(V_2)　多(VH)　很多(Neqa)　的話(Cba)　是(SHI)　可以(VH)　啦(T)　但是(Cbb),[]
有優越感是因為進去門檻高啊,有(V_2)　優越感(Na)　是(SHI)　因為(Cbb)　進去(VA)　門檻(Na)　高(VH)　啊(T),[]
不是想進就能進,不(D)　是(SHI)　想(VE)　進(VC)　就(D)　能(D)　進(VC),[]
空姐都是啦,空姐(Na)　都(D)　是(SHI)　啦(T),[]
薪水砍半還是排隊應徵,薪水(Na)　砍(VC)　半(Neqa)　還是(D)　排隊(VA)　應徵(VC),[]
公司虧錢還給年終和調薪很不錯了吧,公司(Nc)　虧錢(VH)　還給(D)　年終(Nd)　和(Caa)　調薪(VH)　很(Dfa)　不錯(VH)　了(T)　吧(T),[]
我們公司可能比星宇還少,我們(Nh)　公司(Nc)　可能(D)　比(P)　星宇(Nb)　還(D)　少(VH),[]
個月很好了阜運通股利元基層員工年終元,個(Nf)　月(Na)　很(Dfa)　好(VH)　了(T)　阜運通(Nb)　股利(Na)　元(Nf)　基層(A)　員工(Na)　年終(Nd)　元(Nd),[]
地震謠言拿出來寫也是蠻好笑的,地震(VA)　謠言(Na)　拿出來(VB)　寫(VC)　也(D)　是(SHI)　蠻(Dfa)　好笑(VH)　的(T),[]
比公務員可是公務員沒有調薪這樣有好嗎,比(P)　公務員(Na)　可是(D)　公務員(Na)　沒有(D)　調薪(VH)　這樣(VH)　有(V_2)　好(VH)　嗎(T),[]
員工不滿會不會有作業風險,員工(Na)　不滿(VK)　會不會(D)　有(V_2)　作業(Na)　風險(Na),[]
比別人貴欸,比(P)　別人(Nh)　貴(VH)　欸(I),[]
政府看來要開放印度空姐了,政府(Na)　看來(D)　要(D)　開放(VC)　印度(Nc)　空姐(Na)　了(T),"[{'word': '印度', 'ner': 'NORP'}]"
太少不然個月鈔票個月股票也好,太少(VH)　不然(Cbb)　個(Nf)　月(Na)　鈔票(Na)　個(Nf)　月(Na)　股票(Na)　也好(T),[]
財報已經連續幾季走弱,財報(Na)　已經(D)　連續(VH)　幾(Neu)　季(Nd)　走弱(VH),[]
高層卻持續擴張機隊,高層(Na)　卻(D)　持續(VL)　擴張(VHC)　機隊(Na),[]
這種策略本來就會擠壓人事成本,這(Nep)　種(Nf)　策略(Na)　本來(D)　就(D)　會(D)　擠壓(VC)　人事(Na)　成本(Na),[]
公職連調薪都沒有,公職(Na)　連(D)　調薪(VH)　都(D)　沒有(VJ),[]
